16;0.5;-1.5;14
32;0;0;5;16;0;0;5;16
33;5;0;7;16;0;0;7;16
34;12;0;7;16;0;0;7;16
35;19;0;8;16;0;0;8;16
36;27;0;7;16;0;0;7;16
37;34;0;8;16;0;0;8;16
38;42;0;7;16;0;0;7;16
39;49;0;7;16;0;0;7;16
40;56;0;6;16;0;0;6;16
41;62;0;6;16;0;0;6;16
42;68;0;8;16;0;0;8;16
43;76;0;7;16;0;0;7;16
44;83;0;7;16;0;0;7;16
45;90;0;7;16;0;0;7;16
46;97;0;4;16;0;0;4;16
47;101;0;7;16;0;0;7;16
48;108;0;7;16;0;0;7;16
49;115;0;7;16;0;0;7;16
50;122;0;7;16;0;0;7;16
51;129;0;7;16;0;0;7;16
52;136;0;7;16;0;0;7;16
53;143;0;7;16;0;0;7;16
54;150;0;7;16;0;0;7;16
55;157;0;7;16;0;0;7;16
56;164;0;7;16;0;0;7;16
57;171;0;7;16;0;0;7;16
58;178;0;5;16;0;0;5;16
59;183;0;5;16;0;0;5;16
60;188;0;6;16;0;0;6;16
61;194;0;7;16;0;0;7;16
62;201;0;6;16;0;0;6;16
63;207;0;7;16;0;0;7;16
64;214;0;7;16;0;0;7;16
65;221;0;7;16;0;0;7;16
66;228;0;7;16;0;0;7;16
67;235;0;7;16;0;0;7;16
68;242;0;7;16;0;0;7;16
69;249;0;7;16;0;0;7;16
70;256;0;7;16;0;0;7;16
71;263;0;7;16;0;0;7;16
72;270;0;7;16;0;0;7;16
73;277;0;7;16;0;0;7;16
74;284;0;7;16;0;0;7;16
75;291;0;7;16;0;0;7;16
76;298;0;7;16;0;0;7;16
77;305;0;8;16;0;0;8;16
78;313;0;7;16;0;0;7;16
79;320;0;7;16;0;0;7;16
80;327;0;7;16;0;0;7;16
81;334;0;7;16;0;0;7;16
82;341;0;7;16;0;0;7;16
83;348;0;7;16;0;0;7;16
84;355;0;7;16;0;0;7;16
85;362;0;7;16;0;0;7;16
86;369;0;7;16;0;0;7;16
87;376;0;8;16;0;0;8;16
88;384;0;7;16;0;0;7;16
89;391;0;7;16;0;0;7;16
90;398;0;7;16;0;0;7;16
91;405;0;6;16;0;0;6;16
92;411;0;7;16;0;0;7;16
93;418;0;6;16;0;0;6;16
94;424;0;7;16;0;0;7;16
95;431;0;7;16;0;0;7;16
96;438;0;7;16;0;0;7;16
97;445;0;7;16;0;0;7;16
98;452;0;7;16;0;0;7;16
99;459;0;7;16;0;0;7;16
100;466;0;7;16;0;0;7;16
101;473;0;7;16;0;0;7;16
102;480;0;7;16;0;0;7;16
103;487;0;7;16;0;0;7;16
104;494;0;7;16;0;0;7;16
105;501;0;7;16;0;0;7;16
106;508;0;7;16;0;0;7;16
107;515;0;7;16;0;0;7;16
108;522;0;7;16;0;0;7;16
109;529;0;8;16;0;0;8;16
110;537;0;7;16;0;0;7;16
111;544;0;7;16;0;0;7;16
112;551;0;7;16;0;0;7;16
113;558;0;7;16;0;0;7;16
114;565;0;7;16;0;0;7;16
115;572;0;7;16;0;0;7;16
116;579;0;7;16;0;0;7;16
117;586;0;7;16;0;0;7;16
118;593;0;7;16;0;0;7;16
119;600;0;8;16;0;0;8;16
120;608;0;7;16;0;0;7;16
121;615;0;7;16;0;0;7;16
122;622;0;7;16;0;0;7;16
123;629;0;6;16;0;0;6;16
124;635;0;6;16;0;0;6;16
125;641;0;6;16;0;0;6;16
126;647;0;7;16;0;0;7;16
161;654;0;7;16;0;0;7;16
162;661;0;7;16;0;0;7;16
163;668;0;7;16;0;0;7;16
164;675;0;7;16;0;0;7;16
165;682;0;7;16;0;0;7;16
166;689;0;7;16;0;0;7;16
167;696;0;7;16;0;0;7;16
168;703;0;7;16;0;0;7;16
169;710;0;7;16;0;0;7;16
170;717;0;7;16;0;0;7;16
171;724;0;7;16;0;0;7;16
172;731;0;7;16;0;0;7;16
174;738;0;7;16;0;0;7;16
175;745;0;7;16;0;0;7;16
176;752;0;7;16;0;0;7;16
177;759;0;7;16;0;0;7;16
178;766;0;7;16;0;0;7;16
179;773;0;7;16;0;0;7;16
180;780;0;7;16;0;0;7;16
181;787;0;7;16;0;0;7;16
182;794;0;7;16;0;0;7;16
183;801;0;13;16;0;0;13;16
184;814;0;7;16;0;0;7;16
185;821;0;7;16;0;0;7;16
186;828;0;7;16;0;0;7;16
187;835;0;7;16;0;0;7;16
188;842;0;7;16;0;0;7;16
189;849;0;7;16;0;0;7;16
190;856;0;7;16;0;0;7;16
191;863;0;7;16;0;0;7;16
192;870;0;7;16;0;0;7;16
193;877;0;7;16;0;0;7;16
194;884;0;7;16;0;0;7;16
195;891;0;7;16;0;0;7;16
196;898;0;7;16;0;0;7;16
197;905;0;7;16;0;0;7;16
198;912;0;7;16;0;0;7;16
199;919;0;7;16;0;0;7;16
200;926;0;7;16;0;0;7;16
201;933;0;7;16;0;0;7;16
202;940;0;7;16;0;0;7;16
203;947;0;7;16;0;0;7;16
204;954;0;7;16;0;0;7;16
205;961;0;7;16;0;0;7;16
206;968;0;7;16;0;0;7;16
207;975;0;7;16;0;0;7;16
208;982;0;7;16;0;0;7;16
209;989;0;7;16;0;0;7;16
210;996;0;7;16;0;0;7;16
211;1003;0;7;16;0;0;7;16
212;1010;0;7;16;0;0;7;16
213;1017;0;7;16;0;0;7;16
214;1024;0;7;16;0;0;7;16
215;1031;0;7;16;0;0;7;16
216;1038;0;7;16;0;0;7;16
217;1045;0;7;16;0;0;7;16
218;1052;0;7;16;0;0;7;16
219;1059;0;7;16;0;0;7;16
220;1066;0;7;16;0;0;7;16
221;1073;0;7;16;0;0;7;16
222;1080;0;7;16;0;0;7;16
223;1087;0;7;16;0;0;7;16
224;1094;0;7;16;0;0;7;16
225;1101;0;7;16;0;0;7;16
226;1108;0;7;16;0;0;7;16
227;1115;0;7;16;0;0;7;16
228;1122;0;7;16;0;0;7;16
229;1129;0;7;16;0;0;7;16
230;1136;0;8;16;0;0;8;16
231;1144;0;7;16;0;0;7;16
232;1151;0;7;16;0;0;7;16
233;1158;0;7;16;0;0;7;16
234;1165;0;7;16;0;0;7;16
235;1172;0;7;16;0;0;7;16
236;1179;0;7;16;0;0;7;16
237;1186;0;7;16;0;0;7;16
238;1193;0;7;16;0;0;7;16
239;1200;0;7;16;0;0;7;16
240;1207;0;7;16;0;0;7;16
241;1214;0;7;16;0;0;7;16
242;1221;0;7;16;0;0;7;16
243;1228;0;7;16;0;0;7;16
244;1235;0;7;16;0;0;7;16
245;1242;0;7;16;0;0;7;16
246;1249;0;7;16;0;0;7;16
247;1256;0;7;16;0;0;7;16
248;1263;0;7;16;0;0;7;16
249;1270;0;7;16;0;0;7;16
250;1277;0;7;16;0;0;7;16
251;1284;0;7;16;0;0;7;16
252;1291;0;7;16;0;0;7;16
253;1298;0;7;16;0;0;7;16
254;1305;0;7;16;0;0;7;16
255;1312;0;7;16;0;0;7;16
257;1319;0;7;16;0;0;7;16
268;1326;0;7;16;0;0;7;16
269;1333;0;7;16;0;0;7;16
270;1340;0;7;16;0;0;7;16
271;1347;0;7;16;0;0;7;16
282;1354;0;7;16;0;0;7;16
283;1361;0;7;16;0;0;7;16
286;1368;0;7;16;0;0;7;16
287;1375;0;7;16;0;0;7;16
299;1382;0;7;16;0;0;7;16
304;1389;0;7;16;0;0;7;16
305;1396;0;7;16;0;0;7;16
327;1403;0;7;16;0;0;7;16
328;1410;0;7;16;0;0;7;16
333;1417;0;7;16;0;0;7;16
336;1424;0;7;16;0;0;7;16
337;1431;0;7;16;0;0;7;16
344;1438;0;7;16;0;0;7;16
345;1445;0;7;16;0;0;7;16
350;1452;0;7;16;0;0;7;16
351;1459;0;7;16;0;0;7;16
352;1466;0;7;16;0;0;7;16
353;1473;0;7;16;0;0;7;16
356;1480;0;7;16;0;0;7;16
357;1487;0;7;16;0;0;7;16
363;1494;0;7;16;0;0;7;16
366;1501;0;7;16;0;0;7;16
367;1508;0;7;16;0;0;7;16
368;1515;0;7;16;0;0;7;16
369;1522;0;7;16;0;0;7;16
381;1529;0;7;16;0;0;7;16
382;1536;0;7;16;0;0;7;16
462;1543;0;7;16;0;0;7;16
466;1550;0;7;16;0;0;7;16
601;1557;0;7;16;0;0;7;16
650;1564;0;7;16;0;0;7;16
658;1571;0;7;16;0;0;7;16
916;1578;0;9;16;0;0;9;16
960;1587;0;7;16;0;0;7;16
1329;1594;0;7;16;0;0;7;16
1330;1601;0;7;16;0;0;7;16
1331;1608;0;7;16;0;0;7;16
1332;1615;0;7;16;0;0;7;16
1333;1622;0;7;16;0;0;7;16
1334;1629;0;7;16;0;0;7;16
1335;1636;0;7;16;0;0;7;16
1336;1643;0;7;16;0;0;7;16
1337;1650;0;7;16;0;0;7;16
1338;1657;0;7;16;0;0;7;16
1339;1664;0;7;16;0;0;7;16
1340;1671;0;7;16;0;0;7;16
1341;1678;0;7;16;0;0;7;16
1342;1685;0;7;16;0;0;7;16
1343;1692;0;7;16;0;0;7;16
1344;1699;0;7;16;0;0;7;16
1345;1706;0;7;16;0;0;7;16
1346;1713;0;7;16;0;0;7;16
1347;1720;0;7;16;0;0;7;16
1348;1727;0;7;16;0;0;7;16
1349;1734;0;7;16;0;0;7;16
1350;1741;0;7;16;0;0;7;16
1351;1748;0;7;16;0;0;7;16
1352;1755;0;7;16;0;0;7;16
1353;1762;0;7;16;0;0;7;16
1354;1769;0;7;16;0;0;7;16
1355;1776;0;7;16;0;0;7;16
1356;1783;0;7;16;0;0;7;16
1357;1790;0;7;16;0;0;7;16
1358;1797;0;7;16;0;0;7;16
1359;1804;0;7;16;0;0;7;16
1360;1811;0;7;16;0;0;7;16
1361;1818;0;7;16;0;0;7;16
1362;1825;0;7;16;0;0;7;16
1363;1832;0;7;16;0;0;7;16
1364;1839;0;7;16;0;0;7;16
1365;1846;0;7;16;0;0;7;16
1366;1853;0;7;16;0;0;7;16
1372;1860;0;7;16;0;0;7;16
1373;1867;0;7;16;0;0;7;16
1374;1874;0;7;16;0;0;7;16
1415;1881;0;7;16;0;0;7;16
1417;1888;0;7;16;0;0;7;16
1418;1895;0;7;16;0;0;7;16
8734;1902;0;21;16;0;0;21;16
711;0;16;14;14;0;0;14;14
714;14;16;14;14;0;0;14;14
715;28;16;14;14;0;0;14;14
729;42;16;14;14;0;0;14;14
8212;56;16;14;14;0;0;14;14
8216;70;16;8;14;0;0;8;14
8217;78;16;8;14;0;0;8;14
8220;86;16;8;14;0;0;8;14
8221;94;16;8;14;0;0;8;14
8230;102;16;14;14;0;0;14;14
8592;116;16;14;14;0;0;14;14
8593;130;16;14;14;0;0;14;14
8594;144;16;14;14;0;0;14;14
8595;158;16;14;14;0;0;14;14
8598;172;16;14;14;0;0;14;14
8599;186;16;14;14;0;0;14;14
8600;200;16;14;14;0;0;14;14
8601;214;16;14;14;0;0;14;14
9320;228;16;14;14;0;0;14;14
9734;242;16;14;14;0;0;14;14
12288;256;16;14;14;0;0;14;14
12289;270;16;14;14;0;0;14;14
12290;284;16;14;14;0;0;14;14
12293;298;16;14;14;0;0;14;14
12298;312;16;14;14;0;0;14;14
12299;326;16;14;14;0;0;14;14
12300;340;16;8;14;0;0;8;14
12301;348;16;8;14;0;0;8;14
12302;356;16;8;14;0;0;8;14
12303;364;16;8;14;0;0;8;14
12304;372;16;14;14;0;0;14;14
12305;386;16;14;14;0;0;14;14
12308;400;16;14;14;0;0;14;14
12309;414;16;14;14;0;0;14;14
12310;428;16;14;14;0;0;14;14
12311;442;16;14;14;0;0;14;14
19904;456;16;14;14;0;0;14;14
19905;470;16;14;14;0;0;14;14
19906;484;16;14;14;0;0;14;14
19908;498;16;14;14;0;0;14;14
19909;512;16;14;14;0;0;14;14
19910;526;16;23;14;0;0;23;14
19911;549;16;23;14;0;0;23;14
19912;572;16;14;14;0;0;14;14
19913;586;16;14;14;0;0;14;14
19920;600;16;42;14;0;0;42;14
19921;642;16;42;14;0;0;42;14
19922;684;16;42;14;0;0;42;14
19923;726;16;42;14;0;0;42;14
19924;768;16;42;14;0;0;42;14
19925;810;16;42;14;0;0;42;14
19926;852;16;42;14;0;0;42;14
19927;894;16;42;14;0;0;42;14
19928;936;16;42;14;0;0;42;14
19929;978;16;42;14;0;0;42;14
19930;1020;16;42;14;0;0;42;14
12353;0;30;14;14;0;0;14;14
12354;14;30;14;14;0;0;14;14
12355;28;30;14;14;0;0;14;14
12356;42;30;14;14;0;0;14;14
12357;56;30;14;14;0;0;14;14
12358;70;30;14;14;0;0;14;14
12359;84;30;14;14;0;0;14;14
12360;98;30;14;14;0;0;14;14
12361;112;30;14;14;0;0;14;14
12362;126;30;14;14;0;0;14;14
12363;140;30;14;14;0;0;14;14
12364;154;30;14;14;0;0;14;14
12365;168;30;14;14;0;0;14;14
12366;182;30;14;14;0;0;14;14
12367;196;30;14;14;0;0;14;14
12368;210;30;14;14;0;0;14;14
12369;224;30;14;14;0;0;14;14
12370;238;30;14;14;0;0;14;14
12371;252;30;14;14;0;0;14;14
12372;266;30;14;14;0;0;14;14
12373;280;30;14;14;0;0;14;14
12374;294;30;14;14;0;0;14;14
12375;308;30;14;14;0;0;14;14
12376;322;30;14;14;0;0;14;14
12377;336;30;14;14;0;0;14;14
12378;350;30;14;14;0;0;14;14
12379;364;30;14;14;0;0;14;14
12380;378;30;14;14;0;0;14;14
12381;392;30;14;14;0;0;14;14
12382;406;30;14;14;0;0;14;14
12383;420;30;14;14;0;0;14;14
12384;434;30;14;14;0;0;14;14
12385;448;30;14;14;0;0;14;14
12386;462;30;14;14;0;0;14;14
12387;476;30;14;14;0;0;14;14
12388;490;30;14;14;0;0;14;14
12389;504;30;14;14;0;0;14;14
12390;518;30;14;14;0;0;14;14
12391;532;30;14;14;0;0;14;14
12392;546;30;14;14;0;0;14;14
12393;560;30;14;14;0;0;14;14
12394;574;30;14;14;0;0;14;14
12395;588;30;14;14;0;0;14;14
12396;602;30;14;14;0;0;14;14
12397;616;30;14;14;0;0;14;14
12398;630;30;14;14;0;0;14;14
12399;644;30;14;14;0;0;14;14
12400;658;30;14;14;0;0;14;14
12401;672;30;14;14;0;0;14;14
12402;686;30;14;14;0;0;14;14
12403;700;30;14;14;0;0;14;14
12404;714;30;14;14;0;0;14;14
12405;728;30;14;14;0;0;14;14
12406;742;30;14;14;0;0;14;14
12407;756;30;14;14;0;0;14;14
12408;770;30;14;14;0;0;14;14
12409;784;30;14;14;0;0;14;14
12410;798;30;14;14;0;0;14;14
12411;812;30;14;14;0;0;14;14
12412;826;30;14;14;0;0;14;14
12413;840;30;14;14;0;0;14;14
12414;854;30;14;14;0;0;14;14
12415;868;30;14;14;0;0;14;14
12416;882;30;14;14;0;0;14;14
12417;896;30;14;14;0;0;14;14
12418;910;30;14;14;0;0;14;14
12419;924;30;14;14;0;0;14;14
12420;938;30;14;14;0;0;14;14
12421;952;30;14;14;0;0;14;14
12422;966;30;14;14;0;0;14;14
12423;980;30;14;14;0;0;14;14
12424;994;30;14;14;0;0;14;14
12425;1008;30;14;14;0;0;14;14
12426;1022;30;14;14;0;0;14;14
12427;1036;30;14;14;0;0;14;14
12428;1050;30;14;14;0;0;14;14
12429;1064;30;14;14;0;0;14;14
12430;1078;30;14;14;0;0;14;14
12431;1092;30;14;14;0;0;14;14
12432;1106;30;14;14;0;0;14;14
12433;1120;30;14;14;0;0;14;14
12434;1134;30;14;14;0;0;14;14
12435;1148;30;14;14;0;0;14;14
12443;1162;30;14;14;0;0;14;14
12444;1176;30;14;14;0;0;14;14
12445;1190;30;14;14;0;0;14;14
12446;1204;30;14;14;0;0;14;14
12449;1218;30;14;14;0;0;14;14
12450;1232;30;14;14;0;0;14;14
12451;1246;30;14;14;0;0;14;14
12452;1260;30;14;14;0;0;14;14
12453;1274;30;14;14;0;0;14;14
12454;1288;30;14;14;0;0;14;14
12455;1302;30;14;14;0;0;14;14
12456;1316;30;14;14;0;0;14;14
12457;1330;30;14;14;0;0;14;14
12458;1344;30;14;14;0;0;14;14
12459;1358;30;14;14;0;0;14;14
12460;1372;30;14;14;0;0;14;14
12461;1386;30;14;14;0;0;14;14
12462;1400;30;14;14;0;0;14;14
12463;1414;30;14;14;0;0;14;14
12464;1428;30;14;14;0;0;14;14
12465;1442;30;14;14;0;0;14;14
12466;1456;30;14;14;0;0;14;14
12467;1470;30;14;14;0;0;14;14
12468;1484;30;14;14;0;0;14;14
12469;1498;30;14;14;0;0;14;14
12470;1512;30;14;14;0;0;14;14
12471;1526;30;14;14;0;0;14;14
12472;1540;30;14;14;0;0;14;14
12473;1554;30;14;14;0;0;14;14
12474;1568;30;14;14;0;0;14;14
12475;1582;30;14;14;0;0;14;14
12476;1596;30;14;14;0;0;14;14
12477;1610;30;14;14;0;0;14;14
12478;1624;30;14;14;0;0;14;14
12479;1638;30;14;14;0;0;14;14
12480;1652;30;14;14;0;0;14;14
12481;1666;30;14;14;0;0;14;14
12482;1680;30;14;14;0;0;14;14
12483;1694;30;14;14;0;0;14;14
12484;1708;30;14;14;0;0;14;14
12485;1722;30;14;14;0;0;14;14
12486;1736;30;14;14;0;0;14;14
12487;1750;30;14;14;0;0;14;14
12488;1764;30;14;14;0;0;14;14
12489;1778;30;14;14;0;0;14;14
12490;1792;30;14;14;0;0;14;14
12491;1806;30;14;14;0;0;14;14
12492;1820;30;14;14;0;0;14;14
12493;1834;30;14;14;0;0;14;14
12494;1848;30;14;14;0;0;14;14
12495;1862;30;14;14;0;0;14;14
12496;1876;30;14;14;0;0;14;14
12497;1890;30;14;14;0;0;14;14
12498;1904;30;14;14;0;0;14;14
12499;1918;30;14;14;0;0;14;14
12500;1932;30;14;14;0;0;14;14
12501;1946;30;14;14;0;0;14;14
12502;1960;30;14;14;0;0;14;14
12503;1974;30;14;14;0;0;14;14
12504;1988;30;14;14;0;0;14;14
12505;2002;30;14;14;0;0;14;14
12506;2016;30;14;14;0;0;14;14
12507;2030;30;14;14;0;0;14;14
12508;2044;30;14;14;0;0;14;14
12509;2058;30;14;14;0;0;14;14
12510;2072;30;14;14;0;0;14;14
12511;2086;30;14;14;0;0;14;14
12512;2100;30;14;14;0;0;14;14
12513;2114;30;14;14;0;0;14;14
12514;2128;30;14;14;0;0;14;14
12515;2142;30;14;14;0;0;14;14
12516;2156;30;14;14;0;0;14;14
12517;2170;30;14;14;0;0;14;14
12518;2184;30;14;14;0;0;14;14
12519;2198;30;14;14;0;0;14;14
12520;2212;30;14;14;0;0;14;14
12521;2226;30;14;14;0;0;14;14
12522;2240;30;14;14;0;0;14;14
12523;2254;30;14;14;0;0;14;14
12524;2268;30;14;14;0;0;14;14
12525;2282;30;14;14;0;0;14;14
12526;2296;30;14;14;0;0;14;14
12527;2310;30;14;14;0;0;14;14
12528;2324;30;14;14;0;0;14;14
12529;2338;30;14;14;0;0;14;14
12530;2352;30;14;14;0;0;14;14
12531;2366;30;14;14;0;0;14;14
12532;2380;30;14;14;0;0;14;14
12533;2394;30;14;14;0;0;14;14
12534;2408;30;14;14;0;0;14;14
12540;2422;30;14;14;0;0;14;14
12541;2436;30;14;14;0;0;14;14
12542;2450;30;14;14;0;0;14;14
12549;2464;30;14;14;0;0;14;14
12550;2478;30;14;14;0;0;14;14
12551;2492;30;14;14;0;0;14;14
12552;2506;30;14;14;0;0;14;14
12553;2520;30;14;14;0;0;14;14
12554;2534;30;14;14;0;0;14;14
12555;2548;30;14;14;0;0;14;14
12556;2562;30;14;14;0;0;14;14
12557;2576;30;14;14;0;0;14;14
12558;2590;30;14;14;0;0;14;14
12559;2604;30;14;14;0;0;14;14
12560;2618;30;14;14;0;0;14;14
12561;2632;30;14;14;0;0;14;14
12562;2646;30;14;14;0;0;14;14
12563;2660;30;14;14;0;0;14;14
12564;2674;30;14;14;0;0;14;14
12565;2688;30;14;14;0;0;14;14
12566;2702;30;14;14;0;0;14;14
12567;2716;30;14;14;0;0;14;14
12568;2730;30;14;14;0;0;14;14
12569;2744;30;14;14;0;0;14;14
12570;2758;30;14;14;0;0;14;14
12571;2772;30;14;14;0;0;14;14
12572;2786;30;14;14;0;0;14;14
12573;2800;30;14;14;0;0;14;14
12574;2814;30;14;14;0;0;14;14
12575;2828;30;14;14;0;0;14;14
12576;2842;30;14;14;0;0;14;14
12577;2856;30;14;14;0;0;14;14
12578;2870;30;14;14;0;0;14;14
12579;2884;30;14;14;0;0;14;14
12580;2898;30;14;14;0;0;14;14
12581;2912;30;14;14;0;0;14;14
12582;2926;30;14;14;0;0;14;14
12583;2940;30;14;14;0;0;14;14
12584;2954;30;14;14;0;0;14;14
12585;2968;30;14;14;0;0;14;14
13685;2982;30;14;14;0;0;14;14
14038;2996;30;14;14;0;0;14;14
14444;3010;30;14;14;0;0;14;14
14445;3024;30;14;14;0;0;14;14
14600;3038;30;14;14;0;0;14;14
14615;3052;30;14;14;0;0;14;14
14657;3066;30;14;14;0;0;14;14
14705;3080;30;14;14;0;0;14;14
15056;3094;30;14;14;0;0;14;14
15439;3108;30;14;14;0;0;14;14
15875;3122;30;14;14;0;0;14;14
15902;3136;30;14;14;0;0;14;14
15941;3150;30;14;14;0;0;14;14
16058;3164;30;14;14;0;0;14;14
16139;3178;30;14;14;0;0;14;14
16870;3192;30;14;14;0;0;14;14
17020;3206;30;14;14;0;0;14;14
17857;3220;30;14;14;0;0;14;14
17868;3234;30;14;14;0;0;14;14
18264;3248;30;14;14;0;0;14;14
18891;3262;30;14;14;0;0;14;14
18938;3276;30;14;14;0;0;14;14
19968;3290;30;14;14;0;0;14;14
19969;3304;30;14;14;0;0;14;14
19971;3318;30;14;14;0;0;14;14
19975;3332;30;14;14;0;0;14;14
19976;3346;30;14;14;0;0;14;14
19977;3360;30;14;14;0;0;14;14
19978;3374;30;14;14;0;0;14;14
19979;3388;30;14;14;0;0;14;14
19981;3402;30;14;14;0;0;14;14
19982;3416;30;14;14;0;0;14;14
19983;3430;30;14;14;0;0;14;14
19984;3444;30;14;14;0;0;14;14
19985;3458;30;14;14;0;0;14;14
19987;3472;30;14;14;0;0;14;14
19988;3486;30;14;14;0;0;14;14
19989;3500;30;14;14;0;0;14;14
19990;3514;30;14;14;0;0;14;14
19992;3528;30;14;14;0;0;14;14
19993;3542;30;14;14;0;0;14;14
19994;3556;30;14;14;0;0;14;14
19995;3570;30;14;14;0;0;14;14
19996;3584;30;14;14;0;0;14;14
19997;3598;30;14;14;0;0;14;14
19998;3612;30;14;14;0;0;14;14
19999;3626;30;14;14;0;0;14;14
20001;3640;30;14;14;0;0;14;14
20002;3654;30;14;14;0;0;14;14
20004;3668;30;14;14;0;0;14;14
20005;3682;30;14;14;0;0;14;14
20006;3696;30;14;14;0;0;14;14
20007;3710;30;14;14;0;0;14;14
20010;3724;30;14;14;0;0;14;14
20011;3738;30;14;14;0;0;14;14
20013;3752;30;14;14;0;0;14;14
20016;3766;30;14;14;0;0;14;14
20018;3780;30;14;14;0;0;14;14
20020;3794;30;14;14;0;0;14;14
20021;3808;30;14;14;0;0;14;14
20024;3822;30;14;14;0;0;14;14
20025;3836;30;14;14;0;0;14;14
20026;3850;30;14;14;0;0;14;14
20027;3864;30;14;14;0;0;14;14
20028;3878;30;14;14;0;0;14;14
20029;3892;30;14;14;0;0;14;14
20030;3906;30;14;14;0;0;14;14
20034;3920;30;14;14;0;0;14;14
20035;3934;30;14;14;0;0;14;14
20037;3948;30;14;14;0;0;14;14
20040;3962;30;14;14;0;0;14;14
20041;3976;30;14;14;0;0;14;14
20043;3990;30;14;14;0;0;14;14
20044;4004;30;14;14;0;0;14;14
20045;4018;30;14;14;0;0;14;14
20046;4032;30;14;14;0;0;14;14
20047;4046;30;14;14;0;0;14;14
20048;4060;30;14;14;0;0;14;14
20050;4074;30;14;14;0;0;14;14
20051;0;44;14;14;0;0;14;14
20052;14;44;14;14;0;0;14;14
20054;28;44;14;14;0;0;14;14
20055;42;44;14;14;0;0;14;14
20056;56;44;14;14;0;0;14;14
20057;70;44;14;14;0;0;14;14
20060;84;44;14;14;0;0;14;14
20061;98;44;14;14;0;0;14;14
20062;112;44;14;14;0;0;14;14
20063;126;44;14;14;0;0;14;14
20064;140;44;14;14;0;0;14;14
20065;154;44;14;14;0;0;14;14
20070;168;44;14;14;0;0;14;14
20073;182;44;14;14;0;0;14;14
20080;196;44;14;14;0;0;14;14
20081;210;44;14;14;0;0;14;14
20083;224;44;14;14;0;0;14;14
20094;238;44;14;14;0;0;14;14
20096;252;44;14;14;0;0;14;14
20098;266;44;14;14;0;0;14;14
20102;280;44;14;14;0;0;14;14
20104;294;44;14;14;0;0;14;14
20105;308;44;14;14;0;0;14;14
20107;322;44;14;14;0;0;14;14
20108;336;44;14;14;0;0;14;14
20109;350;44;14;14;0;0;14;14
20110;364;44;14;14;0;0;14;14
20111;378;44;14;14;0;0;14;14
20113;392;44;14;14;0;0;14;14
20114;406;44;14;14;0;0;14;14
20115;420;44;14;14;0;0;14;14
20116;434;44;14;14;0;0;14;14
20117;448;44;14;14;0;0;14;14
20120;462;44;14;14;0;0;14;14
20121;476;44;14;14;0;0;14;14
20122;490;44;14;14;0;0;14;14
20123;504;44;14;14;0;0;14;14
20124;518;44;14;14;0;0;14;14
20126;532;44;14;14;0;0;14;14
20127;546;44;14;14;0;0;14;14
20129;560;44;14;14;0;0;14;14
20130;574;44;14;14;0;0;14;14
20132;588;44;14;14;0;0;14;14
20133;602;44;14;14;0;0;14;14
20134;616;44;14;14;0;0;14;14
20135;630;44;14;14;0;0;14;14
20136;644;44;14;14;0;0;14;14
20137;658;44;14;14;0;0;14;14
20139;672;44;14;14;0;0;14;14
20140;686;44;14;14;0;0;14;14
20141;700;44;14;14;0;0;14;14
20142;714;44;14;14;0;0;14;14
20146;728;44;14;14;0;0;14;14
20147;742;44;14;14;0;0;14;14
20149;756;44;14;14;0;0;14;14
20150;770;44;14;14;0;0;14;14
20154;784;44;14;14;0;0;14;14
20155;798;44;14;14;0;0;14;14
20158;812;44;14;14;0;0;14;14
20159;826;44;14;14;0;0;14;14
20160;840;44;14;14;0;0;14;14
20161;854;44;14;14;0;0;14;14
20162;868;44;14;14;0;0;14;14
20163;882;44;14;14;0;0;14;14
20164;896;44;14;14;0;0;14;14
20165;910;44;14;14;0;0;14;14
20166;924;44;14;14;0;0;14;14
20167;938;44;14;14;0;0;14;14
20169;952;44;14;14;0;0;14;14
20170;966;44;14;14;0;0;14;14
20171;980;44;14;14;0;0;14;14
20173;994;44;14;14;0;0;14;14
20174;1008;44;14;14;0;0;14;14
20175;1022;44;14;14;0;0;14;14
20177;1036;44;14;14;0;0;14;14
20179;1050;44;14;14;0;0;14;14
20180;1064;44;14;14;0;0;14;14
20181;1078;44;14;14;0;0;14;14
20182;1092;44;14;14;0;0;14;14
20183;1106;44;14;14;0;0;14;14
20184;1120;44;14;14;0;0;14;14
20185;1134;44;14;14;0;0;14;14
20189;1148;44;14;14;0;0;14;14
20190;1162;44;14;14;0;0;14;14
20191;1176;44;14;14;0;0;14;14
20193;1190;44;14;14;0;0;14;14
20195;1204;44;14;14;0;0;14;14
20196;1218;44;14;14;0;0;14;14
20197;1232;44;14;14;0;0;14;14
20200;1246;44;14;14;0;0;14;14
20202;1260;44;14;14;0;0;14;14
20203;1274;44;14;14;0;0;14;14
20204;1288;44;14;14;0;0;14;14
20206;1302;44;14;14;0;0;14;14
20208;1316;44;14;14;0;0;14;14
20210;1330;44;14;14;0;0;14;14
20211;1344;44;14;14;0;0;14;14
20213;1358;44;14;14;0;0;14;14
20214;1372;44;14;14;0;0;14;14
20215;1386;44;14;14;0;0;14;14
20219;1400;44;14;14;0;0;14;14
20221;1414;44;14;14;0;0;14;14
20223;1428;44;14;14;0;0;14;14
20225;1442;44;14;14;0;0;14;14
20233;1456;44;14;14;0;0;14;14
20234;1470;44;14;14;0;0;14;14
20237;1484;44;14;14;0;0;14;14
20238;1498;44;14;14;0;0;14;14
20239;1512;44;14;14;0;0;14;14
20240;1526;44;14;14;0;0;14;14
20241;1540;44;14;14;0;0;14;14
20245;1554;44;14;14;0;0;14;14
20247;1568;44;14;14;0;0;14;14
20248;1582;44;14;14;0;0;14;14
20249;1596;44;14;14;0;0;14;14
20250;1610;44;14;14;0;0;14;14
20251;1624;44;14;14;0;0;14;14
20253;1638;44;14;14;0;0;14;14
20254;1652;44;14;14;0;0;14;14
20255;1666;44;14;14;0;0;14;14
20256;1680;44;14;14;0;0;14;14
20258;1694;44;14;14;0;0;14;14
20260;1708;44;14;14;0;0;14;14
20261;1722;44;14;14;0;0;14;14
20262;1736;44;14;14;0;0;14;14
20263;1750;44;14;14;0;0;14;14
20266;1764;44;14;14;0;0;14;14
20267;1778;44;14;14;0;0;14;14
20271;1792;44;14;14;0;0;14;14
20272;1806;44;14;14;0;0;14;14
20274;1820;44;14;14;0;0;14;14
20276;1834;44;14;14;0;0;14;14
20278;1848;44;14;14;0;0;14;14
20280;1862;44;14;14;0;0;14;14
20282;1876;44;14;14;0;0;14;14
20284;1890;44;14;14;0;0;14;14
20285;1904;44;14;14;0;0;14;14
20291;1918;44;14;14;0;0;14;14
20294;1932;44;14;14;0;0;14;14
20295;1946;44;14;14;0;0;14;14
20296;1960;44;14;14;0;0;14;14
20297;1974;44;14;14;0;0;14;14
20301;1988;44;14;14;0;0;14;14
20302;2002;44;14;14;0;0;14;14
20303;2016;44;14;14;0;0;14;14
20304;2030;44;14;14;0;0;14;14
20305;2044;44;14;14;0;0;14;14
20307;2058;44;14;14;0;0;14;14
20308;2072;44;14;14;0;0;14;14
20309;2086;44;14;14;0;0;14;14
20311;2100;44;14;14;0;0;14;14
20312;2114;44;14;14;0;0;14;14
20313;2128;44;14;14;0;0;14;14
20314;2142;44;14;14;0;0;14;14
20315;2156;44;14;14;0;0;14;14
20316;2170;44;14;14;0;0;14;14
20317;2184;44;14;14;0;0;14;14
20318;2198;44;14;14;0;0;14;14
20319;2212;44;14;14;0;0;14;14
20320;2226;44;14;14;0;0;14;14
20323;2240;44;14;14;0;0;14;14
20324;2254;44;14;14;0;0;14;14
20325;2268;44;14;14;0;0;14;14
20329;2282;44;14;14;0;0;14;14
20332;2296;44;14;14;0;0;14;14
20335;2310;44;14;14;0;0;14;14
20336;2324;44;14;14;0;0;14;14
20339;2338;44;14;14;0;0;14;14
20341;2352;44;14;14;0;0;14;14
20342;2366;44;14;14;0;0;14;14
20347;2380;44;14;14;0;0;14;14
20348;2394;44;14;14;0;0;14;14
20350;2408;44;14;14;0;0;14;14
20351;2422;44;14;14;0;0;14;14
20355;2436;44;14;14;0;0;14;14
20356;2450;44;14;14;0;0;14;14
20358;2464;44;14;14;0;0;14;14
20360;2478;44;14;14;0;0;14;14
20361;2492;44;14;14;0;0;14;14
20363;2506;44;14;14;0;0;14;14
20365;2520;44;14;14;0;0;14;14
20367;2534;44;14;14;0;0;14;14
20369;2548;44;14;14;0;0;14;14
20372;2562;44;14;14;0;0;14;14
20374;2576;44;14;14;0;0;14;14
20375;2590;44;14;14;0;0;14;14
20379;2604;44;14;14;0;0;14;14
20381;2618;44;14;14;0;0;14;14
20384;2632;44;14;14;0;0;14;14
20385;2646;44;14;14;0;0;14;14
20387;2660;44;14;14;0;0;14;14
20389;2674;44;14;14;0;0;14;14
20390;2688;44;14;14;0;0;14;14
20391;2702;44;14;14;0;0;14;14
20392;2716;44;14;14;0;0;14;14
20393;2730;44;14;14;0;0;14;14
20394;2744;44;14;14;0;0;14;14
20396;2758;44;14;14;0;0;14;14
20398;2772;44;14;14;0;0;14;14
20399;2786;44;14;14;0;0;14;14
20402;2800;44;14;14;0;0;14;14
20405;2814;44;14;14;0;0;14;14
20406;2828;44;14;14;0;0;14;14
20407;2842;44;14;14;0;0;14;14
20415;2856;44;14;14;0;0;14;14
20417;2870;44;14;14;0;0;14;14
20418;2884;44;14;14;0;0;14;14
20419;2898;44;14;14;0;0;14;14
20420;2912;44;14;14;0;0;14;14
20421;2926;44;14;14;0;0;14;14
20426;2940;44;14;14;0;0;14;14
20430;2954;44;14;14;0;0;14;14
20431;2968;44;14;14;0;0;14;14
20432;2982;44;14;14;0;0;14;14
20433;2996;44;14;14;0;0;14;14
20439;3010;44;14;14;0;0;14;14
20440;3024;44;14;14;0;0;14;14
20442;3038;44;14;14;0;0;14;14
20443;3052;44;14;14;0;0;14;14
20445;3066;44;14;14;0;0;14;14
20446;3080;44;14;14;0;0;14;14
20447;3094;44;14;14;0;0;14;14
20448;3108;44;14;14;0;0;14;14
20449;3122;44;14;14;0;0;14;14
20451;3136;44;14;14;0;0;14;14
20454;3150;44;14;14;0;0;14;14
20456;3164;44;14;14;0;0;14;14
20457;3178;44;14;14;0;0;14;14
20458;3192;44;14;14;0;0;14;14
20461;3206;44;14;14;0;0;14;14
20462;3220;44;14;14;0;0;14;14
20463;3234;44;14;14;0;0;14;14
20465;3248;44;14;14;0;0;14;14
20467;3262;44;14;14;0;0;14;14
20469;3276;44;14;14;0;0;14;14
20470;3290;44;14;14;0;0;14;14
20472;3304;44;14;14;0;0;14;14
20474;3318;44;14;14;0;0;14;14
20478;3332;44;14;14;0;0;14;14
20480;3346;44;14;14;0;0;14;14
20486;3360;44;14;14;0;0;14;14
20489;3374;44;14;14;0;0;14;14
20491;3388;44;14;14;0;0;14;14
20492;3402;44;14;14;0;0;14;14
20493;3416;44;14;14;0;0;14;14
20495;3430;44;14;14;0;0;14;14
20497;3444;44;14;14;0;0;14;14
20498;3458;44;14;14;0;0;14;14
20500;3472;44;14;14;0;0;14;14
20502;3486;44;14;14;0;0;14;14
20504;3500;44;14;14;0;0;14;14
20505;3514;44;14;14;0;0;14;14
20506;3528;44;14;14;0;0;14;14
20508;3542;44;14;14;0;0;14;14
20511;3556;44;14;14;0;0;14;14
20513;3570;44;14;14;0;0;14;14
20515;3584;44;14;14;0;0;14;14
20516;3598;44;14;14;0;0;14;14
20517;3612;44;14;14;0;0;14;14
20518;3626;44;14;14;0;0;14;14
20520;3640;44;14;14;0;0;14;14
20521;3654;44;14;14;0;0;14;14
20522;3668;44;14;14;0;0;14;14
20523;3682;44;14;14;0;0;14;14
20524;3696;44;14;14;0;0;14;14
20525;3710;44;14;14;0;0;14;14
20537;3724;44;14;14;0;0;14;14
20538;3738;44;14;14;0;0;14;14
20540;3752;44;14;14;0;0;14;14
20542;3766;44;14;14;0;0;14;14
20544;3780;44;14;14;0;0;14;14
20545;3794;44;14;14;0;0;14;14
20547;3808;44;14;14;0;0;14;14
20551;3822;44;14;14;0;0;14;14
20552;3836;44;14;14;0;0;14;14
20553;3850;44;14;14;0;0;14;14
20556;3864;44;14;14;0;0;14;14
20558;3878;44;14;14;0;0;14;14
20559;3892;44;14;14;0;0;14;14
20565;3906;44;14;14;0;0;14;14
20570;3920;44;14;14;0;0;14;14
20572;3934;44;14;14;0;0;14;14
20581;3948;44;14;14;0;0;14;14
20588;3962;44;14;14;0;0;14;14
20594;3976;44;14;14;0;0;14;14
20596;3990;44;14;14;0;0;14;14
20597;4004;44;14;14;0;0;14;14
20598;4018;44;14;14;0;0;14;14
20599;4032;44;14;14;0;0;14;14
20603;4046;44;14;14;0;0;14;14
20605;4060;44;14;14;0;0;14;14
20606;4074;44;14;14;0;0;14;14
20607;0;58;14;14;0;0;14;14
20608;14;58;14;14;0;0;14;14
20613;28;58;14;14;0;0;14;14
20616;42;58;14;14;0;0;14;14
20621;56;58;14;14;0;0;14;14
20625;70;58;14;14;0;0;14;14
20630;84;58;14;14;0;0;14;14
20632;98;58;14;14;0;0;14;14
20633;112;58;14;14;0;0;14;14
20634;126;58;14;14;0;0;14;14
20636;140;58;14;14;0;0;14;14
20642;154;58;14;14;0;0;14;14
20643;168;58;14;14;0;0;14;14
20645;182;58;14;14;0;0;14;14
20647;196;58;14;14;0;0;14;14
20648;210;58;14;14;0;0;14;14
20649;224;58;14;14;0;0;14;14
20652;238;58;14;14;0;0;14;14
20653;252;58;14;14;0;0;14;14
20655;266;58;14;14;0;0;14;14
20658;280;58;14;14;0;0;14;14
20659;294;58;14;14;0;0;14;14
20660;308;58;14;14;0;0;14;14
20661;322;58;14;14;0;0;14;14
20663;336;58;14;14;0;0;14;14
20667;350;58;14;14;0;0;14;14
20670;364;58;14;14;0;0;14;14
20674;378;58;14;14;0;0;14;14
20677;392;58;14;14;0;0;14;14
20679;406;58;14;14;0;0;14;14
20681;420;58;14;14;0;0;14;14
20685;434;58;14;14;0;0;14;14
20687;448;58;14;14;0;0;14;14
20689;462;58;14;14;0;0;14;14
20693;476;58;14;14;0;0;14;14
20694;490;58;14;14;0;0;14;14
20698;504;58;14;14;0;0;14;14
20709;518;58;14;14;0;0;14;14
20711;532;58;14;14;0;0;14;14
20712;546;58;14;14;0;0;14;14
20717;560;58;14;14;0;0;14;14
20718;574;58;14;14;0;0;14;14
20720;588;58;14;14;0;0;14;14
20721;602;58;14;14;0;0;14;14
20723;616;58;14;14;0;0;14;14
20725;630;58;14;14;0;0;14;14
20729;644;58;14;14;0;0;14;14
20731;658;58;14;14;0;0;14;14
20736;672;58;14;14;0;0;14;14
20738;686;58;14;14;0;0;14;14
20740;700;58;14;14;0;0;14;14
20742;714;58;14;14;0;0;14;14
20744;728;58;14;14;0;0;14;14
20745;742;58;14;14;0;0;14;14
20747;756;58;14;14;0;0;14;14
20752;770;58;14;14;0;0;14;14
20754;784;58;14;14;0;0;14;14
20756;798;58;14;14;0;0;14;14
20757;812;58;14;14;0;0;14;14
20760;826;58;14;14;0;0;14;14
20767;840;58;14;14;0;0;14;14
20769;854;58;14;14;0;0;14;14
20778;868;58;14;14;0;0;14;14
20786;882;58;14;14;0;0;14;14
20791;896;58;14;14;0;0;14;14
20792;910;58;14;14;0;0;14;14
20794;924;58;14;14;0;0;14;14
20795;938;58;14;14;0;0;14;14
20796;952;58;14;14;0;0;14;14
20799;966;58;14;14;0;0;14;14
20800;980;58;14;14;0;0;14;14
20801;994;58;14;14;0;0;14;14
20803;1008;58;14;14;0;0;14;14
20804;1022;58;14;14;0;0;14;14
20805;1036;58;14;14;0;0;14;14
20806;1050;58;14;14;0;0;14;14
20807;1064;58;14;14;0;0;14;14
20808;1078;58;14;14;0;0;14;14
20809;1092;58;14;14;0;0;14;14
20811;1106;58;14;14;0;0;14;14
20812;1120;58;14;14;0;0;14;14
20813;1134;58;14;14;0;0;14;14
20816;1148;58;14;14;0;0;14;14
20817;1162;58;14;14;0;0;14;14
20818;1176;58;14;14;0;0;14;14
20820;1190;58;14;14;0;0;14;14
20821;1204;58;14;14;0;0;14;14
20822;1218;58;14;14;0;0;14;14
20823;1232;58;14;14;0;0;14;14
20826;1246;58;14;14;0;0;14;14
20828;1260;58;14;14;0;0;14;14
20834;1274;58;14;14;0;0;14;14
20837;1288;58;14;14;0;0;14;14
20839;1302;58;14;14;0;0;14;14
20840;1316;58;14;14;0;0;14;14
20841;1330;58;14;14;0;0;14;14
20843;1344;58;14;14;0;0;14;14
20844;1358;58;14;14;0;0;14;14
20845;1372;58;14;14;0;0;14;14
20846;1386;58;14;14;0;0;14;14
20848;1400;58;14;14;0;0;14;14
20849;1414;58;14;14;0;0;14;14
20851;1428;58;14;14;0;0;14;14
20852;1442;58;14;14;0;0;14;14
20853;1456;58;14;14;0;0;14;14
20854;1470;58;14;14;0;0;14;14
20855;1484;58;14;14;0;0;14;14
20856;1498;58;14;14;0;0;14;14
20857;1512;58;14;14;0;0;14;14
20859;1526;58;14;14;0;0;14;14
20860;1540;58;14;14;0;0;14;14
20861;1554;58;14;14;0;0;14;14
20864;1568;58;14;14;0;0;14;14
20869;1582;58;14;14;0;0;14;14
20870;1596;58;14;14;0;0;14;14
20871;1610;58;14;14;0;0;14;14
20872;1624;58;14;14;0;0;14;14
20873;1638;58;14;14;0;0;14;14
20874;1652;58;14;14;0;0;14;14
20876;1666;58;14;14;0;0;14;14
20877;1680;58;14;14;0;0;14;14
20881;1694;58;14;14;0;0;14;14
20882;1708;58;14;14;0;0;14;14
20885;1722;58;14;14;0;0;14;14
20887;1736;58;14;14;0;0;14;14
20889;1750;58;14;14;0;0;14;14
20891;1764;58;14;14;0;0;14;14
20892;1778;58;14;14;0;0;14;14
20896;1792;58;14;14;0;0;14;14
20898;1806;58;14;14;0;0;14;14
20900;1820;58;14;14;0;0;14;14
20901;1834;58;14;14;0;0;14;14
20906;1848;58;14;14;0;0;14;14
20908;1862;58;14;14;0;0;14;14
20911;1876;58;14;14;0;0;14;14
20912;1890;58;14;14;0;0;14;14
20914;1904;58;14;14;0;0;14;14
20915;1918;58;14;14;0;0;14;14
20917;1932;58;14;14;0;0;14;14
20918;1946;58;14;14;0;0;14;14
20919;1960;58;14;14;0;0;14;14
20923;1974;58;14;14;0;0;14;14
20924;1988;58;14;14;0;0;14;14
20925;2002;58;14;14;0;0;14;14
20928;2016;58;14;14;0;0;14;14
20932;2030;58;14;14;0;0;14;14
20934;2044;58;14;14;0;0;14;14
20935;2058;58;14;14;0;0;14;14
20936;2072;58;14;14;0;0;14;14
20937;2086;58;14;14;0;0;14;14
20939;2100;58;14;14;0;0;14;14
20940;2114;58;14;14;0;0;14;14
20941;2128;58;14;14;0;0;14;14
20943;2142;58;14;14;0;0;14;14
20945;2156;58;14;14;0;0;14;14
20955;2170;58;14;14;0;0;14;14
20956;2184;58;14;14;0;0;14;14
20957;2198;58;14;14;0;0;14;14
20960;2212;58;14;14;0;0;14;14
20961;2226;58;14;14;0;0;14;14
20964;2240;58;14;14;0;0;14;14
20966;2254;58;14;14;0;0;14;14
20971;2268;58;14;14;0;0;14;14
20973;2282;58;14;14;0;0;14;14
20975;2296;58;14;14;0;0;14;14
20976;2310;58;14;14;0;0;14;14
20977;2324;58;14;14;0;0;14;14
20979;2338;58;14;14;0;0;14;14
20982;2352;58;14;14;0;0;14;14
20984;2366;58;14;14;0;0;14;14
20985;2380;58;14;14;0;0;14;14
20986;2394;58;14;14;0;0;14;14
20987;2408;58;14;14;0;0;14;14
20988;2422;58;14;14;0;0;14;14
20989;2436;58;14;14;0;0;14;14
20991;2450;58;14;14;0;0;14;14
20992;2464;58;14;14;0;0;14;14
20993;2478;58;14;14;0;0;14;14
20995;2492;58;14;14;0;0;14;14
20998;2506;58;14;14;0;0;14;14
20999;2520;58;14;14;0;0;14;14
21000;2534;58;14;14;0;0;14;14
21002;2548;58;14;14;0;0;14;14
21005;2562;58;14;14;0;0;14;14
21006;2576;58;14;14;0;0;14;14
21009;2590;58;14;14;0;0;14;14
21010;2604;58;14;14;0;0;14;14
21014;2618;58;14;14;0;0;14;14
21015;2632;58;14;14;0;0;14;14
21016;2646;58;14;14;0;0;14;14
21017;2660;58;14;14;0;0;14;14
21018;2674;58;14;14;0;0;14;14
21019;2688;58;14;14;0;0;14;14
21021;2702;58;14;14;0;0;14;14
21024;2716;58;14;14;0;0;14;14
21028;2730;58;14;14;0;0;14;14
21029;2744;58;14;14;0;0;14;14
21032;2758;58;14;14;0;0;14;14
21033;2772;58;14;14;0;0;14;14
21034;2786;58;14;14;0;0;14;14
21035;2800;58;14;14;0;0;14;14
21037;2814;58;14;14;0;0;14;14
21038;2828;58;14;14;0;0;14;14
21040;2842;58;14;14;0;0;14;14
21042;2856;58;14;14;0;0;14;14
21043;2870;58;14;14;0;0;14;14
21046;2884;58;14;14;0;0;14;14
21047;2898;58;14;14;0;0;14;14
21048;2912;58;14;14;0;0;14;14
21049;2926;58;14;14;0;0;14;14
21050;2940;58;14;14;0;0;14;14
21051;2954;58;14;14;0;0;14;14
21053;2968;58;14;14;0;0;14;14
21055;2982;58;14;14;0;0;14;14
21056;2996;58;14;14;0;0;14;14
21057;3010;58;14;14;0;0;14;14
21058;3024;58;14;14;0;0;14;14
21059;3038;58;14;14;0;0;14;14
21060;3052;58;14;14;0;0;14;14
21063;3066;58;14;14;0;0;14;14
21065;3080;58;14;14;0;0;14;14
21066;3094;58;14;14;0;0;14;14
21067;3108;58;14;14;0;0;14;14
21068;3122;58;14;14;0;0;14;14
21069;3136;58;14;14;0;0;14;14
21070;3150;58;14;14;0;0;14;14
21072;3164;58;14;14;0;0;14;14
21073;3178;58;14;14;0;0;14;14
21074;3192;58;14;14;0;0;14;14
21076;3206;58;14;14;0;0;14;14
21078;3220;58;14;14;0;0;14;14
21083;3234;58;14;14;0;0;14;14
21084;3248;58;14;14;0;0;14;14
21085;3262;58;14;14;0;0;14;14
21086;3276;58;14;14;0;0;14;14
21089;3290;58;14;14;0;0;14;14
21091;3304;58;14;14;0;0;14;14
21092;3318;58;14;14;0;0;14;14
21093;3332;58;14;14;0;0;14;14
21095;3346;58;14;14;0;0;14;14
21097;3360;58;14;14;0;0;14;14
21098;3374;58;14;14;0;0;14;14
21102;3388;58;14;14;0;0;14;14
21103;3402;58;14;14;0;0;14;14
21104;3416;58;14;14;0;0;14;14
21106;3430;58;14;14;0;0;14;14
21108;3444;58;14;14;0;0;14;14
21109;3458;58;14;14;0;0;14;14
21111;3472;58;14;14;0;0;14;14
21117;3486;58;14;14;0;0;14;14
21119;3500;58;14;14;0;0;14;14
21120;3514;58;14;14;0;0;14;14
21121;3528;58;14;14;0;0;14;14
21123;3542;58;14;14;0;0;14;14
21124;3556;58;14;14;0;0;14;14
21127;3570;58;14;14;0;0;14;14
21128;3584;58;14;14;0;0;14;14
21129;3598;58;14;14;0;0;14;14
21130;3612;58;14;14;0;0;14;14
21132;3626;58;14;14;0;0;14;14
21133;3640;58;14;14;0;0;14;14
21137;3654;58;14;14;0;0;14;14
21139;3668;58;14;14;0;0;14;14
21147;3682;58;14;14;0;0;14;14
21148;3696;58;14;14;0;0;14;14
21149;3710;58;14;14;0;0;14;14
21150;3724;58;14;14;0;0;14;14
21151;3738;58;14;14;0;0;14;14
21152;3752;58;14;14;0;0;14;14
21153;3766;58;14;14;0;0;14;14
21154;3780;58;14;14;0;0;14;14
21155;3794;58;14;14;0;0;14;14
21160;3808;58;14;14;0;0;14;14
21161;3822;58;14;14;0;0;14;14
21162;3836;58;14;14;0;0;14;14
21163;3850;58;14;14;0;0;14;14
21164;3864;58;14;14;0;0;14;14
21165;3878;58;14;14;0;0;14;14
21169;3892;58;14;14;0;0;14;14
21170;3906;58;14;14;0;0;14;14
21171;3920;58;14;14;0;0;14;14
21172;3934;58;14;14;0;0;14;14
21177;3948;58;14;14;0;0;14;14
21179;3962;58;14;14;0;0;14;14
21180;3976;58;14;14;0;0;14;14
21182;3990;58;14;14;0;0;14;14
21183;4004;58;14;14;0;0;14;14
21185;4018;58;14;14;0;0;14;14
21187;4032;58;14;14;0;0;14;14
21189;4046;58;14;14;0;0;14;14
21191;4060;58;14;14;0;0;14;14
21192;4074;58;14;14;0;0;14;14
21193;0;72;14;14;0;0;14;14
21195;14;72;14;14;0;0;14;14
21200;28;72;14;14;0;0;14;14
21202;42;72;14;14;0;0;14;14
21205;56;72;14;14;0;0;14;14
21206;70;72;14;14;0;0;14;14
21208;84;72;14;14;0;0;14;14
21209;98;72;14;14;0;0;14;14
21211;112;72;14;14;0;0;14;14
21213;126;72;14;14;0;0;14;14
21214;140;72;14;14;0;0;14;14
21215;154;72;14;14;0;0;14;14
21218;168;72;14;14;0;0;14;14
21220;182;72;14;14;0;0;14;14
21223;196;72;14;14;0;0;14;14
21232;210;72;14;14;0;0;14;14
21233;224;72;14;14;0;0;14;14
21234;238;72;14;14;0;0;14;14
21235;252;72;14;14;0;0;14;14
21237;266;72;14;14;0;0;14;14
21240;280;72;14;14;0;0;14;14
21241;294;72;14;14;0;0;14;14
21242;308;72;14;14;0;0;14;14
21243;322;72;14;14;0;0;14;14
21246;336;72;14;14;0;0;14;14
21247;350;72;14;14;0;0;14;14
21248;364;72;14;14;0;0;14;14
21250;378;72;14;14;0;0;14;14
21253;392;72;14;14;0;0;14;14
21254;406;72;14;14;0;0;14;14
21256;420;72;14;14;0;0;14;14
21261;434;72;14;14;0;0;14;14
21263;448;72;14;14;0;0;14;14
21264;462;72;14;14;0;0;14;14
21269;476;72;14;14;0;0;14;14
21270;490;72;14;14;0;0;14;14
21271;504;72;14;14;0;0;14;14
21273;518;72;14;14;0;0;14;14
21276;532;72;14;14;0;0;14;14
21277;546;72;14;14;0;0;14;14
21280;560;72;14;14;0;0;14;14
21281;574;72;14;14;0;0;14;14
21283;588;72;14;14;0;0;14;14
21286;602;72;14;14;0;0;14;14
21290;616;72;14;14;0;0;14;14
21293;630;72;14;14;0;0;14;14
21294;644;72;14;14;0;0;14;14
21295;658;72;14;14;0;0;14;14
21297;672;72;14;14;0;0;14;14
21305;686;72;14;14;0;0;14;14
21306;700;72;14;14;0;0;14;14
21307;714;72;14;14;0;0;14;14
21310;728;72;14;14;0;0;14;14
21311;742;72;14;14;0;0;14;14
21312;756;72;14;14;0;0;14;14
21313;770;72;14;14;0;0;14;14
21315;784;72;14;14;0;0;14;14
21317;798;72;14;14;0;0;14;14
21319;812;72;14;14;0;0;14;14
21320;826;72;14;14;0;0;14;14
21321;840;72;14;14;0;0;14;14
21322;854;72;14;14;0;0;14;14
21325;868;72;14;14;0;0;14;14
21326;882;72;14;14;0;0;14;14
21327;896;72;14;14;0;0;14;14
21329;910;72;14;14;0;0;14;14
21330;924;72;14;14;0;0;14;14
21331;938;72;14;14;0;0;14;14
21332;952;72;14;14;0;0;14;14
21333;966;72;14;14;0;0;14;14
21334;980;72;14;14;0;0;14;14
21335;994;72;14;14;0;0;14;14
21336;1008;72;14;14;0;0;14;14
21338;1022;72;14;14;0;0;14;14
21340;1036;72;14;14;0;0;14;14
21342;1050;72;14;14;0;0;14;14
21343;1064;72;14;14;0;0;14;14
21344;1078;72;14;14;0;0;14;14
21345;1092;72;14;14;0;0;14;14
21346;1106;72;14;14;0;0;14;14
21347;1120;72;14;14;0;0;14;14
21348;1134;72;14;14;0;0;14;14
21350;1148;72;14;14;0;0;14;14
21351;1162;72;14;14;0;0;14;14
21355;1176;72;14;14;0;0;14;14
21358;1190;72;14;14;0;0;14;14
21359;1204;72;14;14;0;0;14;14
21360;1218;72;14;14;0;0;14;14
21361;1232;72;14;14;0;0;14;14
21363;1246;72;14;14;0;0;14;14
21364;1260;72;14;14;0;0;14;14
21365;1274;72;14;14;0;0;14;14
21367;1288;72;14;14;0;0;14;14
21368;1302;72;14;14;0;0;14;14
21369;1316;72;14;14;0;0;14;14
21371;1330;72;14;14;0;0;14;14
21375;1344;72;14;14;0;0;14;14
21378;1358;72;14;14;0;0;14;14
21380;1372;72;14;14;0;0;14;14
21381;1386;72;14;14;0;0;14;14
21382;1400;72;14;14;0;0;14;14
21385;1414;72;14;14;0;0;14;14
21387;1428;72;14;14;0;0;14;14
21388;1442;72;14;14;0;0;14;14
21389;1456;72;14;14;0;0;14;14
21397;1470;72;14;14;0;0;14;14
21400;1484;72;14;14;0;0;14;14
21401;1498;72;14;14;0;0;14;14
21402;1512;72;14;14;0;0;14;14
21405;1526;72;14;14;0;0;14;14
21407;1540;72;14;14;0;0;14;14
21410;1554;72;14;14;0;0;14;14
21413;1568;72;14;14;0;0;14;14
21414;1582;72;14;14;0;0;14;14
21416;1596;72;14;14;0;0;14;14
21417;1610;72;14;14;0;0;14;14
21421;1624;72;14;14;0;0;14;14
21422;1638;72;14;14;0;0;14;14
21426;1652;72;14;14;0;0;14;14
21427;1666;72;14;14;0;0;14;14
21435;1680;72;14;14;0;0;14;14
21438;1694;72;14;14;0;0;14;14
21439;1708;72;14;14;0;0;14;14
21440;1722;72;14;14;0;0;14;14
21441;1736;72;14;14;0;0;14;14
21442;1750;72;14;14;0;0;14;14
21443;1764;72;14;14;0;0;14;14
21446;1778;72;14;14;0;0;14;14
21448;1792;72;14;14;0;0;14;14
21449;1806;72;14;14;0;0;14;14
21450;1820;72;14;14;0;0;14;14
21451;1834;72;14;14;0;0;14;14
21452;1848;72;14;14;0;0;14;14
21453;1862;72;14;14;0;0;14;14
21454;1876;72;14;14;0;0;14;14
21457;1890;72;14;14;0;0;14;14
21460;1904;72;14;14;0;0;14;14
21462;1918;72;14;14;0;0;14;14
21463;1932;72;14;14;0;0;14;14
21464;1946;72;14;14;0;0;14;14
21465;1960;72;14;14;0;0;14;14
21467;1974;72;14;14;0;0;14;14
21471;1988;72;14;14;0;0;14;14
21472;2002;72;14;14;0;0;14;14
21474;2016;72;14;14;0;0;14;14
21475;2030;72;14;14;0;0;14;14
21476;2044;72;14;14;0;0;14;14
21477;2058;72;14;14;0;0;14;14
21478;2072;72;14;14;0;0;14;14
21480;2086;72;14;14;0;0;14;14
21481;2100;72;14;14;0;0;14;14
21482;2114;72;14;14;0;0;14;14
21483;2128;72;14;14;0;0;14;14
21484;2142;72;14;14;0;0;14;14
21485;2156;72;14;14;0;0;14;14
21486;2170;72;14;14;0;0;14;14
21487;2184;72;14;14;0;0;14;14
21488;2198;72;14;14;0;0;14;14
21489;2212;72;14;14;0;0;14;14
21490;2226;72;14;14;0;0;14;14
21491;2240;72;14;14;0;0;14;14
21493;2254;72;14;14;0;0;14;14
21494;2268;72;14;14;0;0;14;14
21495;2282;72;14;14;0;0;14;14
21496;2296;72;14;14;0;0;14;14
21497;2310;72;14;14;0;0;14;14
21499;2324;72;14;14;0;0;14;14
21500;2338;72;14;14;0;0;14;14
21501;2352;72;14;14;0;0;14;14
21505;2366;72;14;14;0;0;14;14
21507;2380;72;14;14;0;0;14;14
21508;2394;72;14;14;0;0;14;14
21510;2408;72;14;14;0;0;14;14
21512;2422;72;14;14;0;0;14;14
21513;2436;72;14;14;0;0;14;14
21514;2450;72;14;14;0;0;14;14
21515;2464;72;14;14;0;0;14;14
21516;2478;72;14;14;0;0;14;14
21517;2492;72;14;14;0;0;14;14
21518;2506;72;14;14;0;0;14;14
21519;2520;72;14;14;0;0;14;14
21520;2534;72;14;14;0;0;14;14
21521;2548;72;14;14;0;0;14;14
21522;2562;72;14;14;0;0;14;14
21523;2576;72;14;14;0;0;14;14
21525;2590;72;14;14;0;0;14;14
21526;2604;72;14;14;0;0;14;14
21527;2618;72;14;14;0;0;14;14
21531;2632;72;14;14;0;0;14;14
21532;2646;72;14;14;0;0;14;14
21533;2660;72;14;14;0;0;14;14
21534;2674;72;14;14;0;0;14;14
21535;2688;72;14;14;0;0;14;14
21536;2702;72;14;14;0;0;14;14
21537;2716;72;14;14;0;0;14;14
21539;2730;72;14;14;0;0;14;14
21542;2744;72;14;14;0;0;14;14
21543;2758;72;14;14;0;0;14;14
21544;2772;72;14;14;0;0;14;14
21545;2786;72;14;14;0;0;14;14
21547;2800;72;14;14;0;0;14;14
21548;2814;72;14;14;0;0;14;14
21549;2828;72;14;14;0;0;14;14
21550;2842;72;14;14;0;0;14;14
21551;2856;72;14;14;0;0;14;14
21553;2870;72;14;14;0;0;14;14
21554;2884;72;14;14;0;0;14;14
21555;2898;72;14;14;0;0;14;14
21556;2912;72;14;14;0;0;14;14
21557;2926;72;14;14;0;0;14;14
21558;2940;72;14;14;0;0;14;14
21560;2954;72;14;14;0;0;14;14
21561;2968;72;14;14;0;0;14;14
21562;2982;72;14;14;0;0;14;14
21563;2996;72;14;14;0;0;14;14
21564;3010;72;14;14;0;0;14;14
21565;3024;72;14;14;0;0;14;14
21566;3038;72;14;14;0;0;14;14
21568;3052;72;14;14;0;0;14;14
21570;3066;72;14;14;0;0;14;14
21571;3080;72;14;14;0;0;14;14
21574;3094;72;14;14;0;0;14;14
21576;3108;72;14;14;0;0;14;14
21577;3122;72;14;14;0;0;14;14
21578;3136;72;14;14;0;0;14;14
21579;3150;72;14;14;0;0;14;14
21582;3164;72;14;14;0;0;14;14
21584;3178;72;14;14;0;0;14;14
21586;3192;72;14;14;0;0;14;14
21587;3206;72;14;14;0;0;14;14
21588;3220;72;14;14;0;0;14;14
21589;3234;72;14;14;0;0;14;14
21590;3248;72;14;14;0;0;14;14
21591;3262;72;14;14;0;0;14;14
21592;3276;72;14;14;0;0;14;14
21595;3290;72;14;14;0;0;14;14
21596;3304;72;14;14;0;0;14;14
21602;3318;72;14;14;0;0;14;14
21603;3332;72;14;14;0;0;14;14
21604;3346;72;14;14;0;0;14;14
21606;3360;72;14;14;0;0;14;14
21608;3374;72;14;14;0;0;14;14
21610;3388;72;14;14;0;0;14;14
21613;3402;72;14;14;0;0;14;14
21615;3416;72;14;14;0;0;14;14
21617;3430;72;14;14;0;0;14;14
21618;3444;72;14;14;0;0;14;14
21619;3458;72;14;14;0;0;14;14
21621;3472;72;14;14;0;0;14;14
21622;3486;72;14;14;0;0;14;14
21623;3500;72;14;14;0;0;14;14
21624;3514;72;14;14;0;0;14;14
21627;3528;72;14;14;0;0;14;14
21628;3542;72;14;14;0;0;14;14
21629;3556;72;14;14;0;0;14;14
21632;3570;72;14;14;0;0;14;14
21634;3584;72;14;14;0;0;14;14
21636;3598;72;14;14;0;0;14;14
21638;3612;72;14;14;0;0;14;14
21643;3626;72;14;14;0;0;14;14
21644;3640;72;14;14;0;0;14;14
21646;3654;72;14;14;0;0;14;14
21647;3668;72;14;14;0;0;14;14
21648;3682;72;14;14;0;0;14;14
21650;3696;72;14;14;0;0;14;14
21652;3710;72;14;14;0;0;14;14
21653;3724;72;14;14;0;0;14;14
21654;3738;72;14;14;0;0;14;14
21657;3752;72;14;14;0;0;14;14
21658;3766;72;14;14;0;0;14;14
21659;3780;72;14;14;0;0;14;14
21661;3794;72;14;14;0;0;14;14
21667;3808;72;14;14;0;0;14;14
21668;3822;72;14;14;0;0;14;14
21670;3836;72;14;14;0;0;14;14
21671;3850;72;14;14;0;0;14;14
21672;3864;72;14;14;0;0;14;14
21673;3878;72;14;14;0;0;14;14
21674;3892;72;14;14;0;0;14;14
21675;3906;72;14;14;0;0;14;14
21676;3920;72;14;14;0;0;14;14
21679;3934;72;14;14;0;0;14;14
21681;3948;72;14;14;0;0;14;14
21682;3962;72;14;14;0;0;14;14
21683;3976;72;14;14;0;0;14;14
21684;3990;72;14;14;0;0;14;14
21688;4004;72;14;14;0;0;14;14
21691;4018;72;14;14;0;0;14;14
21693;4032;72;14;14;0;0;14;14
21695;4046;72;14;14;0;0;14;14
21696;4060;72;14;14;0;0;14;14
21697;4074;72;14;14;0;0;14;14
21698;0;86;14;14;0;0;14;14
21700;14;86;14;14;0;0;14;14
21702;28;86;14;14;0;0;14;14
21703;42;86;14;14;0;0;14;14
21704;56;86;14;14;0;0;14;14
21705;70;86;14;14;0;0;14;14
21708;84;86;14;14;0;0;14;14
21709;98;86;14;14;0;0;14;14
21710;112;86;14;14;0;0;14;14
21711;126;86;14;14;0;0;14;14
21712;140;86;14;14;0;0;14;14
21713;154;86;14;14;0;0;14;14
21714;168;86;14;14;0;0;14;14
21715;182;86;14;14;0;0;14;14
21716;196;86;14;14;0;0;14;14
21717;210;86;14;14;0;0;14;14
21719;224;86;14;14;0;0;14;14
21721;238;86;14;14;0;0;14;14
21722;252;86;14;14;0;0;14;14
21725;266;86;14;14;0;0;14;14
21726;280;86;14;14;0;0;14;14
21727;294;86;14;14;0;0;14;14
21729;308;86;14;14;0;0;14;14
21730;322;86;14;14;0;0;14;14
21733;336;86;14;14;0;0;14;14
21734;350;86;14;14;0;0;14;14
21735;364;86;14;14;0;0;14;14
21736;378;86;14;14;0;0;14;14
21737;392;86;14;14;0;0;14;14
21738;406;86;14;14;0;0;14;14
21741;420;86;14;14;0;0;14;14
21742;434;86;14;14;0;0;14;14
21746;448;86;14;14;0;0;14;14
21748;462;86;14;14;0;0;14;14
21754;476;86;14;14;0;0;14;14
21756;490;86;14;14;0;0;14;14
21757;504;86;14;14;0;0;14;14
21761;518;86;14;14;0;0;14;14
21764;532;86;14;14;0;0;14;14
21766;546;86;14;14;0;0;14;14
21767;560;86;14;14;0;0;14;14
21769;574;86;14;14;0;0;14;14
21770;588;86;14;14;0;0;14;14
21775;602;86;14;14;0;0;14;14
21776;616;86;14;14;0;0;14;14
21777;630;86;14;14;0;0;14;14
21780;644;86;14;14;0;0;14;14
21786;658;86;14;14;0;0;14;14
21787;672;86;14;14;0;0;14;14
21792;686;86;14;14;0;0;14;14
21794;700;86;14;14;0;0;14;14
21795;714;86;14;14;0;0;14;14
21796;728;86;14;14;0;0;14;14
21799;742;86;14;14;0;0;14;14
21804;756;86;14;14;0;0;14;14
21806;770;86;14;14;0;0;14;14
21807;784;86;14;14;0;0;14;14
21808;798;86;14;14;0;0;14;14
21809;812;86;14;14;0;0;14;14
21811;826;86;14;14;0;0;14;14
21813;840;86;14;14;0;0;14;14
21815;854;86;14;14;0;0;14;14
21816;868;86;14;14;0;0;14;14
21820;882;86;14;14;0;0;14;14
21822;896;86;14;14;0;0;14;14
21823;910;86;14;14;0;0;14;14
21825;924;86;14;14;0;0;14;14
21827;938;86;14;14;0;0;14;14
21828;952;86;14;14;0;0;14;14
21830;966;86;14;14;0;0;14;14
21833;980;86;14;14;0;0;14;14
21834;994;86;14;14;0;0;14;14
21839;1008;86;14;14;0;0;14;14
21840;1022;86;14;14;0;0;14;14
21843;1036;86;14;14;0;0;14;14
21845;1050;86;14;14;0;0;14;14
21846;1064;86;14;14;0;0;14;14
21847;1078;86;14;14;0;0;14;14
21852;1092;86;14;14;0;0;14;14
21854;1106;86;14;14;0;0;14;14
21855;1120;86;14;14;0;0;14;14
21857;1134;86;14;14;0;0;14;14
21859;1148;86;14;14;0;0;14;14
21860;1162;86;14;14;0;0;14;14
21861;1176;86;14;14;0;0;14;14
21862;1190;86;14;14;0;0;14;14
21863;1204;86;14;14;0;0;14;14
21866;1218;86;14;14;0;0;14;14
21868;1232;86;14;14;0;0;14;14
21869;1246;86;14;14;0;0;14;14
21870;1260;86;14;14;0;0;14;14
21872;1274;86;14;14;0;0;14;14
21877;1288;86;14;14;0;0;14;14
21878;1302;86;14;14;0;0;14;14
21879;1316;86;14;14;0;0;14;14
21880;1330;86;14;14;0;0;14;14
21883;1344;86;14;14;0;0;14;14
21884;1358;86;14;14;0;0;14;14
21886;1372;86;14;14;0;0;14;14
21888;1386;86;14;14;0;0;14;14
21889;1400;86;14;14;0;0;14;14
21890;1414;86;14;14;0;0;14;14
21891;1428;86;14;14;0;0;14;14
21892;1442;86;14;14;0;0;14;14
21895;1456;86;14;14;0;0;14;14
21896;1470;86;14;14;0;0;14;14
21897;1484;86;14;14;0;0;14;14
21898;1498;86;14;14;0;0;14;14
21899;1512;86;14;14;0;0;14;14
21903;1526;86;14;14;0;0;14;14
21905;1540;86;14;14;0;0;14;14
21908;1554;86;14;14;0;0;14;14
21912;1568;86;14;14;0;0;14;14
21913;1582;86;14;14;0;0;14;14
21914;1596;86;14;14;0;0;14;14
21916;1610;86;14;14;0;0;14;14
21917;1624;86;14;14;0;0;14;14
21919;1638;86;14;14;0;0;14;14
21927;1652;86;14;14;0;0;14;14
21929;1666;86;14;14;0;0;14;14
21930;1680;86;14;14;0;0;14;14
21931;1694;86;14;14;0;0;14;14
21932;1708;86;14;14;0;0;14;14
21934;1722;86;14;14;0;0;14;14
21937;1736;86;14;14;0;0;14;14
21938;1750;86;14;14;0;0;14;14
21939;1764;86;14;14;0;0;14;14
21941;1778;86;14;14;0;0;14;14
21942;1792;86;14;14;0;0;14;14
21943;1806;86;14;14;0;0;14;14
21945;1820;86;14;14;0;0;14;14
21947;1834;86;14;14;0;0;14;14
21949;1848;86;14;14;0;0;14;14
21950;1862;86;14;14;0;0;14;14
21956;1876;86;14;14;0;0;14;14
21957;1890;86;14;14;0;0;14;14
21958;1904;86;14;14;0;0;14;14
21959;1918;86;14;14;0;0;14;14
21961;1932;86;14;14;0;0;14;14
21964;1946;86;14;14;0;0;14;14
21965;1960;86;14;14;0;0;14;14
21966;1974;86;14;14;0;0;14;14
21968;1988;86;14;14;0;0;14;14
21969;2002;86;14;14;0;0;14;14
21970;2016;86;14;14;0;0;14;14
21971;2030;86;14;14;0;0;14;14
21972;2044;86;14;14;0;0;14;14
21974;2058;86;14;14;0;0;14;14
21976;2072;86;14;14;0;0;14;14
21978;2086;86;14;14;0;0;14;14
21980;2100;86;14;14;0;0;14;14
21981;2114;86;14;14;0;0;14;14
21982;2128;86;14;14;0;0;14;14
21983;2142;86;14;14;0;0;14;14
21985;2156;86;14;14;0;0;14;14
21987;2170;86;14;14;0;0;14;14
21988;2184;86;14;14;0;0;14;14
21989;2198;86;14;14;0;0;14;14
21990;2212;86;14;14;0;0;14;14
21992;2226;86;14;14;0;0;14;14
21993;2240;86;14;14;0;0;14;14
21994;2254;86;14;14;0;0;14;14
21995;2268;86;14;14;0;0;14;14
21996;2282;86;14;14;0;0;14;14
21999;2296;86;14;14;0;0;14;14
22002;2310;86;14;14;0;0;14;14
22003;2324;86;14;14;0;0;14;14
22005;2338;86;14;14;0;0;14;14
22006;2352;86;14;14;0;0;14;14
22007;2366;86;14;14;0;0;14;14
22013;2380;86;14;14;0;0;14;14
22014;2394;86;14;14;0;0;14;14
22016;2408;86;14;14;0;0;14;14
22017;2422;86;14;14;0;0;14;14
22022;2436;86;14;14;0;0;14;14
22024;2450;86;14;14;0;0;14;14
22025;2464;86;14;14;0;0;14;14
22028;2478;86;14;14;0;0;14;14
22029;2492;86;14;14;0;0;14;14
22030;2506;86;14;14;0;0;14;14
22036;2520;86;14;14;0;0;14;14
22038;2534;86;14;14;0;0;14;14
22039;2548;86;14;14;0;0;14;14
22040;2562;86;14;14;0;0;14;14
22042;2576;86;14;14;0;0;14;14
22043;2590;86;14;14;0;0;14;14
22044;2604;86;14;14;0;0;14;14
22046;2618;86;14;14;0;0;14;14
22047;2632;86;14;14;0;0;14;14
22049;2646;86;14;14;0;0;14;14
22051;2660;86;14;14;0;0;14;14
22052;2674;86;14;14;0;0;14;14
22055;2688;86;14;14;0;0;14;14
22057;2702;86;14;14;0;0;14;14
22060;2716;86;14;14;0;0;14;14
22061;2730;86;14;14;0;0;14;14
22062;2744;86;14;14;0;0;14;14
22063;2758;86;14;14;0;0;14;14
22064;2772;86;14;14;0;0;14;14
22065;2786;86;14;14;0;0;14;14
22066;2800;86;14;14;0;0;14;14
22068;2814;86;14;14;0;0;14;14
22069;2828;86;14;14;0;0;14;14
22070;2842;86;14;14;0;0;14;14
22072;2856;86;14;14;0;0;14;14
22073;2870;86;14;14;0;0;14;14
22075;2884;86;14;14;0;0;14;14
22079;2898;86;14;14;0;0;14;14
22081;2912;86;14;14;0;0;14;14
22085;2926;86;14;14;0;0;14;14
22092;2940;86;14;14;0;0;14;14
22093;2954;86;14;14;0;0;14;14
22094;2968;86;14;14;0;0;14;14
22096;2982;86;14;14;0;0;14;14
22099;2996;86;14;14;0;0;14;14
22100;3010;86;14;14;0;0;14;14
22103;3024;86;14;14;0;0;14;14
22104;3038;86;14;14;0;0;14;14
22105;3052;86;14;14;0;0;14;14
22106;3066;86;14;14;0;0;14;14
22108;3080;86;14;14;0;0;14;14
22109;3094;86;14;14;0;0;14;14
22112;3108;86;14;14;0;0;14;14
22114;3122;86;14;14;0;0;14;14
22116;3136;86;14;14;0;0;14;14
22117;3150;86;14;14;0;0;14;14
22118;3164;86;14;14;0;0;14;14
22120;3178;86;14;14;0;0;14;14
22121;3192;86;14;14;0;0;14;14
22122;3206;86;14;14;0;0;14;14
22123;3220;86;14;14;0;0;14;14
22124;3234;86;14;14;0;0;14;14
22127;3248;86;14;14;0;0;14;14
22129;3262;86;14;14;0;0;14;14
22130;3276;86;14;14;0;0;14;14
22132;3290;86;14;14;0;0;14;14
22134;3304;86;14;14;0;0;14;14
22136;3318;86;14;14;0;0;14;14
22137;3332;86;14;14;0;0;14;14
22139;3346;86;14;14;0;0;14;14
22140;3360;86;14;14;0;0;14;14
22144;3374;86;14;14;0;0;14;14
22148;3388;86;14;14;0;0;14;14
22149;3402;86;14;14;0;0;14;14
22150;3416;86;14;14;0;0;14;14
22151;3430;86;14;14;0;0;14;14
22158;3444;86;14;14;0;0;14;14
22159;3458;86;14;14;0;0;14;14
22160;3472;86;14;14;0;0;14;14
22163;3486;86;14;14;0;0;14;14
22165;3500;86;14;14;0;0;14;14
22169;3514;86;14;14;0;0;14;14
22179;3528;86;14;14;0;0;14;14
22181;3542;86;14;14;0;0;14;14
22182;3556;86;14;14;0;0;14;14
22183;3570;86;14;14;0;0;14;14
22184;3584;86;14;14;0;0;14;14
22190;3598;86;14;14;0;0;14;14
22191;3612;86;14;14;0;0;14;14
22195;3626;86;14;14;0;0;14;14
22196;3640;86;14;14;0;0;14;14
22198;3654;86;14;14;0;0;14;14
22199;3668;86;14;14;0;0;14;14
22204;3682;86;14;14;0;0;14;14
22208;3696;86;14;14;0;0;14;14
22209;3710;86;14;14;0;0;14;14
22210;3724;86;14;14;0;0;14;14
22216;3738;86;14;14;0;0;14;14
22217;3752;86;14;14;0;0;14;14
22218;3766;86;14;14;0;0;14;14
22220;3780;86;14;14;0;0;14;14
22221;3794;86;14;14;0;0;14;14
22225;3808;86;14;14;0;0;14;14
22228;3822;86;14;14;0;0;14;14
22234;3836;86;14;14;0;0;14;14
22235;3850;86;14;14;0;0;14;14
22237;3864;86;14;14;0;0;14;14
22238;3878;86;14;14;0;0;14;14
22239;3892;86;14;14;0;0;14;14
22240;3906;86;14;14;0;0;14;14
22241;3920;86;14;14;0;0;14;14
22242;3934;86;14;14;0;0;14;14
22243;3948;86;14;14;0;0;14;14
22244;3962;86;14;14;0;0;14;14
22250;3976;86;14;14;0;0;14;14
22251;3990;86;14;14;0;0;14;14
22253;4004;86;14;14;0;0;14;14
22256;4018;86;14;14;0;0;14;14
22257;4032;86;14;14;0;0;14;14
22258;4046;86;14;14;0;0;14;14
22259;4060;86;14;14;0;0;14;14
22260;4074;86;14;14;0;0;14;14
22261;0;100;14;14;0;0;14;14
22263;14;100;14;14;0;0;14;14
22265;28;100;14;14;0;0;14;14
22266;42;100;14;14;0;0;14;14
22269;56;100;14;14;0;0;14;14
22270;70;100;14;14;0;0;14;14
22271;84;100;14;14;0;0;14;14
22275;98;100;14;14;0;0;14;14
22276;112;100;14;14;0;0;14;14
22278;126;100;14;14;0;0;14;14
22279;140;100;14;14;0;0;14;14
22280;154;100;14;14;0;0;14;14
22281;168;100;14;14;0;0;14;14
22282;182;100;14;14;0;0;14;14
22283;196;100;14;14;0;0;14;14
22285;210;100;14;14;0;0;14;14
22287;224;100;14;14;0;0;14;14
22290;238;100;14;14;0;0;14;14
22291;252;100;14;14;0;0;14;14
22294;266;100;14;14;0;0;14;14
22296;280;100;14;14;0;0;14;14
22300;294;100;14;14;0;0;14;14
22303;308;100;14;14;0;0;14;14
22307;322;100;14;14;0;0;14;14
22311;336;100;14;14;0;0;14;14
22312;350;100;14;14;0;0;14;14
22313;364;100;14;14;0;0;14;14
22314;378;100;14;14;0;0;14;14
22316;392;100;14;14;0;0;14;14
22317;406;100;14;14;0;0;14;14
22318;420;100;14;14;0;0;14;14
22319;434;100;14;14;0;0;14;14
22320;448;100;14;14;0;0;14;14
22323;462;100;14;14;0;0;14;14
22329;476;100;14;14;0;0;14;14
22330;490;100;14;14;0;0;14;14
22331;504;100;14;14;0;0;14;14
22334;518;100;14;14;0;0;14;14
22336;532;100;14;14;0;0;14;14
22338;546;100;14;14;0;0;14;14
22343;560;100;14;14;0;0;14;14
22346;574;100;14;14;0;0;14;14
22348;588;100;14;14;0;0;14;14
22349;602;100;14;14;0;0;14;14
22350;616;100;14;14;0;0;14;14
22351;630;100;14;14;0;0;14;14
22352;644;100;14;14;0;0;14;14
22353;658;100;14;14;0;0;14;14
22359;672;100;14;14;0;0;14;14
22362;686;100;14;14;0;0;14;14
22363;700;100;14;14;0;0;14;14
22365;714;100;14;14;0;0;14;14
22366;728;100;14;14;0;0;14;14
22367;742;100;14;14;0;0;14;14
22368;756;100;14;14;0;0;14;14
22369;770;100;14;14;0;0;14;14
22372;784;100;14;14;0;0;14;14
22374;798;100;14;14;0;0;14;14
22376;812;100;14;14;0;0;14;14
22377;826;100;14;14;0;0;14;14
22378;840;100;14;14;0;0;14;14
22379;854;100;14;14;0;0;14;14
22381;868;100;14;14;0;0;14;14
22383;882;100;14;14;0;0;14;14
22384;896;100;14;14;0;0;14;14
22387;910;100;14;14;0;0;14;14
22391;924;100;14;14;0;0;14;14
22395;938;100;14;14;0;0;14;14
22396;952;100;14;14;0;0;14;14
22402;966;100;14;14;0;0;14;14
22403;980;100;14;14;0;0;14;14
22404;994;100;14;14;0;0;14;14
22406;1008;100;14;14;0;0;14;14
22411;1022;100;14;14;0;0;14;14
22412;1036;100;14;14;0;0;14;14
22418;1050;100;14;14;0;0;14;14
22419;1064;100;14;14;0;0;14;14
22427;1078;100;14;14;0;0;14;14
22432;1092;100;14;14;0;0;14;14
22433;1106;100;14;14;0;0;14;14
22434;1120;100;14;14;0;0;14;14
22435;1134;100;14;14;0;0;14;14
22436;1148;100;14;14;0;0;14;14
22438;1162;100;14;14;0;0;14;14
22439;1176;100;14;14;0;0;14;14
22441;1190;100;14;14;0;0;14;14
22443;1204;100;14;14;0;0;14;14
22445;1218;100;14;14;0;0;14;14
22446;1232;100;14;14;0;0;14;14
22449;1246;100;14;14;0;0;14;14
22453;1260;100;14;14;0;0;14;14
22456;1274;100;14;14;0;0;14;14
22466;1288;100;14;14;0;0;14;14
22467;1302;100;14;14;0;0;14;14
22475;1316;100;14;14;0;0;14;14
22478;1330;100;14;14;0;0;14;14
22482;1344;100;14;14;0;0;14;14
22484;1358;100;14;14;0;0;14;14
22485;1372;100;14;14;0;0;14;14
22488;1386;100;14;14;0;0;14;14
22489;1400;100;14;14;0;0;14;14
22490;1414;100;14;14;0;0;14;14
22493;1428;100;14;14;0;0;14;14
22495;1442;100;14;14;0;0;14;14
22496;1456;100;14;14;0;0;14;14
22497;1470;100;14;14;0;0;14;14
22500;1484;100;14;14;0;0;14;14
22509;1498;100;14;14;0;0;14;14
22511;1512;100;14;14;0;0;14;14
22516;1526;100;14;14;0;0;14;14
22517;1540;100;14;14;0;0;14;14
22519;1554;100;14;14;0;0;14;14
22520;1568;100;14;14;0;0;14;14
22521;1582;100;14;14;0;0;14;14
22522;1596;100;14;14;0;0;14;14
22524;1610;100;14;14;0;0;14;14
22525;1624;100;14;14;0;0;14;14
22528;1638;100;14;14;0;0;14;14
22530;1652;100;14;14;0;0;14;14
22533;1666;100;14;14;0;0;14;14
22534;1680;100;14;14;0;0;14;14
22535;1694;100;14;14;0;0;14;14
22537;1708;100;14;14;0;0;14;14
22538;1722;100;14;14;0;0;14;14
22539;1736;100;14;14;0;0;14;14
22541;1750;100;14;14;0;0;14;14
22545;1764;100;14;14;0;0;14;14
22549;1778;100;14;14;0;0;14;14
22553;1792;100;14;14;0;0;14;14
22557;1806;100;14;14;0;0;14;14
22558;1820;100;14;14;0;0;14;14
22560;1834;100;14;14;0;0;14;14
22561;1848;100;14;14;0;0;14;14
22563;1862;100;14;14;0;0;14;14
22564;1876;100;14;14;0;0;14;14
22566;1890;100;14;14;0;0;14;14
22570;1904;100;14;14;0;0;14;14
22575;1918;100;14;14;0;0;14;14
22576;1932;100;14;14;0;0;14;14
22577;1946;100;14;14;0;0;14;14
22580;1960;100;14;14;0;0;14;14
22581;1974;100;14;14;0;0;14;14
22591;1988;100;14;14;0;0;14;14
22592;2002;100;14;14;0;0;14;14
22593;2016;100;14;14;0;0;14;14
22596;2030;100;14;14;0;0;14;14
22598;2044;100;14;14;0;0;14;14
22602;2058;100;14;14;0;0;14;14
22603;2072;100;14;14;0;0;14;14
22604;2086;100;14;14;0;0;14;14
22605;2100;100;14;14;0;0;14;14
22609;2114;100;14;14;0;0;14;14
22610;2128;100;14;14;0;0;14;14
22612;2142;100;14;14;0;0;14;14
22615;2156;100;14;14;0;0;14;14
22616;2170;100;14;14;0;0;14;14
22618;2184;100;14;14;0;0;14;14
22622;2198;100;14;14;0;0;14;14
22625;2212;100;14;14;0;0;14;14
22626;2226;100;14;14;0;0;14;14
22628;2240;100;14;14;0;0;14;14
22633;2254;100;14;14;0;0;14;14
22635;2268;100;14;14;0;0;14;14
22636;2282;100;14;14;0;0;14;14
22637;2296;100;14;14;0;0;14;14
22645;2310;100;14;14;0;0;14;14
22649;2324;100;14;14;0;0;14;14
22654;2338;100;14;14;0;0;14;14
22656;2352;100;14;14;0;0;14;14
22657;2366;100;14;14;0;0;14;14
22659;2380;100;14;14;0;0;14;14
22661;2394;100;14;14;0;0;14;14
22665;2408;100;14;14;0;0;14;14
22666;2422;100;14;14;0;0;14;14
22673;2436;100;14;14;0;0;14;14
22674;2450;100;14;14;0;0;14;14
22675;2464;100;14;14;0;0;14;14
22679;2478;100;14;14;0;0;14;14
22680;2492;100;14;14;0;0;14;14
22681;2506;100;14;14;0;0;14;14
22684;2520;100;14;14;0;0;14;14
22686;2534;100;14;14;0;0;14;14
22687;2548;100;14;14;0;0;14;14
22694;2562;100;14;14;0;0;14;14
22696;2576;100;14;14;0;0;14;14
22697;2590;100;14;14;0;0;14;14
22702;2604;100;14;14;0;0;14;14
22707;2618;100;14;14;0;0;14;14
22715;2632;100;14;14;0;0;14;14
22716;2646;100;14;14;0;0;14;14
22718;2660;100;14;14;0;0;14;14
22721;2674;100;14;14;0;0;14;14
22722;2688;100;14;14;0;0;14;14
22725;2702;100;14;14;0;0;14;14
22726;2716;100;14;14;0;0;14;14
22727;2730;100;14;14;0;0;14;14
22730;2744;100;14;14;0;0;14;14
22732;2758;100;14;14;0;0;14;14
22737;2772;100;14;14;0;0;14;14
22739;2786;100;14;14;0;0;14;14
22741;2800;100;14;14;0;0;14;14
22744;2814;100;14;14;0;0;14;14
22745;2828;100;14;14;0;0;14;14
22746;2842;100;14;14;0;0;14;14
22750;2856;100;14;14;0;0;14;14
22751;2870;100;14;14;0;0;14;14
22754;2884;100;14;14;0;0;14;14
22756;2898;100;14;14;0;0;14;14
22761;2912;100;14;14;0;0;14;14
22763;2926;100;14;14;0;0;14;14
22764;2940;100;14;14;0;0;14;14
22766;2954;100;14;14;0;0;14;14
22767;2968;100;14;14;0;0;14;14
22768;2982;100;14;14;0;0;14;14
22769;2996;100;14;14;0;0;14;14
22770;3010;100;14;14;0;0;14;14
22771;3024;100;14;14;0;0;14;14
22774;3038;100;14;14;0;0;14;14
22777;3052;100;14;14;0;0;14;14
22778;3066;100;14;14;0;0;14;14
22781;3080;100;14;14;0;0;14;14
22788;3094;100;14;14;0;0;14;14
22791;3108;100;14;14;0;0;14;14
22793;3122;100;14;14;0;0;14;14
22797;3136;100;14;14;0;0;14;14
22799;3150;100;14;14;0;0;14;14
22804;3164;100;14;14;0;0;14;14
22805;3178;100;14;14;0;0;14;14
22806;3192;100;14;14;0;0;14;14
22809;3206;100;14;14;0;0;14;14
22810;3220;100;14;14;0;0;14;14
22812;3234;100;14;14;0;0;14;14
22815;3248;100;14;14;0;0;14;14
22816;3262;100;14;14;0;0;14;14
22818;3276;100;14;14;0;0;14;14
22820;3290;100;14;14;0;0;14;14
22821;3304;100;14;14;0;0;14;14
22823;3318;100;14;14;0;0;14;14
22825;3332;100;14;14;0;0;14;14
22826;3346;100;14;14;0;0;14;14
22827;3360;100;14;14;0;0;14;14
22828;3374;100;14;14;0;0;14;14
22829;3388;100;14;14;0;0;14;14
22830;3402;100;14;14;0;0;14;14
22831;3416;100;14;14;0;0;14;14
22833;3430;100;14;14;0;0;14;14
22836;3444;100;14;14;0;0;14;14
22839;3458;100;14;14;0;0;14;14
22840;3472;100;14;14;0;0;14;14
22841;3486;100;14;14;0;0;14;14
22842;3500;100;14;14;0;0;14;14
22844;3514;100;14;14;0;0;14;14
22846;3528;100;14;14;0;0;14;14
22849;3542;100;14;14;0;0;14;14
22850;3556;100;14;14;0;0;14;14
22852;3570;100;14;14;0;0;14;14
22855;3584;100;14;14;0;0;14;14
22856;3598;100;14;14;0;0;14;14
22857;3612;100;14;14;0;0;14;14
22859;3626;100;14;14;0;0;14;14
22860;3640;100;14;14;0;0;14;14
22862;3654;100;14;14;0;0;14;14
22863;3668;100;14;14;0;0;14;14
22864;3682;100;14;14;0;0;14;14
22865;3696;100;14;14;0;0;14;14
22868;3710;100;14;14;0;0;14;14
22869;3724;100;14;14;0;0;14;14
22870;3738;100;14;14;0;0;14;14
22871;3752;100;14;14;0;0;14;14
22872;3766;100;14;14;0;0;14;14
22874;3780;100;14;14;0;0;14;14
22880;3794;100;14;14;0;0;14;14
22882;3808;100;14;14;0;0;14;14
22885;3822;100;14;14;0;0;14;14
22887;3836;100;14;14;0;0;14;14
22888;3850;100;14;14;0;0;14;14
22889;3864;100;14;14;0;0;14;14
22890;3878;100;14;14;0;0;14;14
22893;3892;100;14;14;0;0;14;14
22894;3906;100;14;14;0;0;14;14
22899;3920;100;14;14;0;0;14;14
22900;3934;100;14;14;0;0;14;14
22902;3948;100;14;14;0;0;14;14
22904;3962;100;14;14;0;0;14;14
22905;3976;100;14;14;0;0;14;14
22909;3990;100;14;14;0;0;14;14
22913;4004;100;14;14;0;0;14;14
22914;4018;100;14;14;0;0;14;14
22915;4032;100;14;14;0;0;14;14
22916;4046;100;14;14;0;0;14;14
22918;4060;100;14;14;0;0;14;14
22919;4074;100;14;14;0;0;14;14
22920;0;114;14;14;0;0;14;14
22922;14;114;14;14;0;0;14;14
22925;28;114;14;14;0;0;14;14
22930;42;114;14;14;0;0;14;14
22931;56;114;14;14;0;0;14;14
22934;70;114;14;14;0;0;14;14
22935;84;114;14;14;0;0;14;14
22937;98;114;14;14;0;0;14;14
22941;112;114;14;14;0;0;14;14
22942;126;114;14;14;0;0;14;14
22947;140;114;14;14;0;0;14;14
22948;154;114;14;14;0;0;14;14
22949;168;114;14;14;0;0;14;14
22952;182;114;14;14;0;0;14;14
22953;196;114;14;14;0;0;14;14
22954;210;114;14;14;0;0;14;14
22955;224;114;14;14;0;0;14;14
22956;238;114;14;14;0;0;14;14
22958;252;114;14;14;0;0;14;14
22959;266;114;14;14;0;0;14;14
22962;280;114;14;14;0;0;14;14
22963;294;114;14;14;0;0;14;14
22969;308;114;14;14;0;0;14;14
22970;322;114;14;14;0;0;14;14
22971;336;114;14;14;0;0;14;14
22974;350;114;14;14;0;0;14;14
22982;364;114;14;14;0;0;14;14
22985;378;114;14;14;0;0;14;14
22986;392;114;14;14;0;0;14;14
22987;406;114;14;14;0;0;14;14
22989;420;114;14;14;0;0;14;14
22992;434;114;14;14;0;0;14;14
22993;448;114;14;14;0;0;14;14
22994;462;114;14;14;0;0;14;14
22995;476;114;14;14;0;0;14;14
22996;490;114;14;14;0;0;14;14
22999;504;114;14;14;0;0;14;14
23000;518;114;14;14;0;0;14;14
23002;532;114;14;14;0;0;14;14
23004;546;114;14;14;0;0;14;14
23005;560;114;14;14;0;0;14;14
23011;574;114;14;14;0;0;14;14
23013;588;114;14;14;0;0;14;14
23014;602;114;14;14;0;0;14;14
23016;616;114;14;14;0;0;14;14
23018;630;114;14;14;0;0;14;14
23019;644;114;14;14;0;0;14;14
23020;658;114;14;14;0;0;14;14
23022;672;114;14;14;0;0;14;14
23033;686;114;14;14;0;0;14;14
23035;700;114;14;14;0;0;14;14
23039;714;114;14;14;0;0;14;14
23041;728;114;14;14;0;0;14;14
23043;742;114;14;14;0;0;14;14
23044;756;114;14;14;0;0;14;14
23045;770;114;14;14;0;0;14;14
23046;784;114;14;14;0;0;14;14
23047;798;114;14;14;0;0;14;14
23048;812;114;14;14;0;0;14;14
23049;826;114;14;14;0;0;14;14
23052;840;114;14;14;0;0;14;14
23057;854;114;14;14;0;0;14;14
23059;868;114;14;14;0;0;14;14
23064;882;114;14;14;0;0;14;14
23067;896;114;14;14;0;0;14;14
23068;910;114;14;14;0;0;14;14
23071;924;114;14;14;0;0;14;14
23072;938;114;14;14;0;0;14;14
23075;952;114;14;14;0;0;14;14
23077;966;114;14;14;0;0;14;14
23081;980;114;14;14;0;0;14;14
23087;994;114;14;14;0;0;14;14
23089;1008;114;14;14;0;0;14;14
23090;1022;114;14;14;0;0;14;14
23092;1036;114;14;14;0;0;14;14
23094;1050;114;14;14;0;0;14;14
23100;1064;114;14;14;0;0;14;14
23104;1078;114;14;14;0;0;14;14
23105;1092;114;14;14;0;0;14;14
23110;1106;114;14;14;0;0;14;14
23113;1120;114;14;14;0;0;14;14
23114;1134;114;14;14;0;0;14;14
23125;1148;114;14;14;0;0;14;14
23130;1162;114;14;14;0;0;14;14
23138;1176;114;14;14;0;0;14;14
23142;1190;114;14;14;0;0;14;14
23143;1204;114;14;14;0;0;14;14
23146;1218;114;14;14;0;0;14;14
23149;1232;114;14;14;0;0;14;14
23156;1246;114;14;14;0;0;14;14
23157;1260;114;14;14;0;0;14;14
23158;1274;114;14;14;0;0;14;14
23159;1288;114;14;14;0;0;14;14
23162;1302;114;14;14;0;0;14;14
23167;1316;114;14;14;0;0;14;14
23186;1330;114;14;14;0;0;14;14
23194;1344;114;14;14;0;0;14;14
23195;1358;114;14;14;0;0;14;14
23196;1372;114;14;14;0;0;14;14
23207;1386;114;14;14;0;0;14;14
23210;1400;114;14;14;0;0;14;14
23213;1414;114;14;14;0;0;14;14
23215;1428;114;14;14;0;0;14;14
23218;1442;114;14;14;0;0;14;14
23219;1456;114;14;14;0;0;14;14
23221;1470;114;14;14;0;0;14;14
23224;1484;114;14;14;0;0;14;14
23228;1498;114;14;14;0;0;14;14
23229;1512;114;14;14;0;0;14;14
23230;1526;114;14;14;0;0;14;14
23231;1540;114;14;14;0;0;14;14
23233;1554;114;14;14;0;0;14;14
23234;1568;114;14;14;0;0;14;14
23236;1582;114;14;14;0;0;14;14
23241;1596;114;14;14;0;0;14;14
23243;1610;114;14;14;0;0;14;14
23244;1624;114;14;14;0;0;14;14
23250;1638;114;14;14;0;0;14;14
23252;1652;114;14;14;0;0;14;14
23254;1666;114;14;14;0;0;14;14
23255;1680;114;14;14;0;0;14;14
23256;1694;114;14;14;0;0;14;14
23258;1708;114;14;14;0;0;14;14
23264;1722;114;14;14;0;0;14;14
23265;1736;114;14;14;0;0;14;14
23267;1750;114;14;14;0;0;14;14
23270;1764;114;14;14;0;0;14;14
23273;1778;114;14;14;0;0;14;14
23275;1792;114;14;14;0;0;14;14
23281;1806;114;14;14;0;0;14;14
23285;1820;114;14;14;0;0;14;14
23290;1834;114;14;14;0;0;14;14
23291;1848;114;14;14;0;0;14;14
23304;1862;114;14;14;0;0;14;14
23305;1876;114;14;14;0;0;14;14
23307;1890;114;14;14;0;0;14;14
23308;1904;114;14;14;0;0;14;14
23311;1918;114;14;14;0;0;14;14
23318;1932;114;14;14;0;0;14;14
23319;1946;114;14;14;0;0;14;14
23321;1960;114;14;14;0;0;14;14
23325;1974;114;14;14;0;0;14;14
23329;1988;114;14;14;0;0;14;14
23330;2002;114;14;14;0;0;14;14
23332;2016;114;14;14;0;0;14;14
23338;2030;114;14;14;0;0;14;14
23344;2044;114;14;14;0;0;14;14
23348;2058;114;14;14;0;0;14;14
23351;2072;114;14;14;0;0;14;14
23352;2086;114;14;14;0;0;14;14
23360;2100;114;14;14;0;0;14;14
23363;2114;114;14;14;0;0;14;14
23372;2128;114;14;14;0;0;14;14
23376;2142;114;14;14;0;0;14;14
23377;2156;114;14;14;0;0;14;14
23379;2170;114;14;14;0;0;14;14
23380;2184;114;14;14;0;0;14;14
23381;2198;114;14;14;0;0;14;14
23383;2212;114;14;14;0;0;14;14
23384;2226;114;14;14;0;0;14;14
23385;2240;114;14;14;0;0;14;14
23386;2254;114;14;14;0;0;14;14
23387;2268;114;14;14;0;0;14;14
23388;2282;114;14;14;0;0;14;14
23389;2296;114;14;14;0;0;14;14
23391;2310;114;14;14;0;0;14;14
23394;2324;114;14;14;0;0;14;14
23395;2338;114;14;14;0;0;14;14
23396;2352;114;14;14;0;0;14;14
23397;2366;114;14;14;0;0;14;14
23398;2380;114;14;14;0;0;14;14
23401;2394;114;14;14;0;0;14;14
23402;2408;114;14;14;0;0;14;14
23403;2422;114;14;14;0;0;14;14
23404;2436;114;14;14;0;0;14;14
23408;2450;114;14;14;0;0;14;14
23409;2464;114;14;14;0;0;14;14
23411;2478;114;14;14;0;0;14;14
23413;2492;114;14;14;0;0;14;14
23416;2506;114;14;14;0;0;14;14
23418;2520;114;14;14;0;0;14;14
23421;2534;114;14;14;0;0;14;14
23423;2548;114;14;14;0;0;14;14
23425;2562;114;14;14;0;0;14;14
23427;2576;114;14;14;0;0;14;14
23429;2590;114;14;14;0;0;14;14
23431;2604;114;14;14;0;0;14;14
23432;2618;114;14;14;0;0;14;14
23433;2632;114;14;14;0;0;14;14
23435;2646;114;14;14;0;0;14;14
23436;2660;114;14;14;0;0;14;14
23439;2674;114;14;14;0;0;14;14
23443;2688;114;14;14;0;0;14;14
23444;2702;114;14;14;0;0;14;14
23445;2716;114;14;14;0;0;14;14
23447;2730;114;14;14;0;0;14;14
23448;2744;114;14;14;0;0;14;14
23449;2758;114;14;14;0;0;14;14
23450;2772;114;14;14;0;0;14;14
23451;2786;114;14;14;0;0;14;14
23452;2800;114;14;14;0;0;14;14
23453;2814;114;14;14;0;0;14;14
23454;2828;114;14;14;0;0;14;14
23455;2842;114;14;14;0;0;14;14
23456;2856;114;14;14;0;0;14;14
23457;2870;114;14;14;0;0;14;14
23458;2884;114;14;14;0;0;14;14
23459;2898;114;14;14;0;0;14;14
23460;2912;114;14;14;0;0;14;14
23461;2926;114;14;14;0;0;14;14
23462;2940;114;14;14;0;0;14;14
23466;2954;114;14;14;0;0;14;14
23467;2968;114;14;14;0;0;14;14
23470;2982;114;14;14;0;0;14;14
23472;2996;114;14;14;0;0;14;14
23475;3010;114;14;14;0;0;14;14
23476;3024;114;14;14;0;0;14;14
23477;3038;114;14;14;0;0;14;14
23478;3052;114;14;14;0;0;14;14
23480;3066;114;14;14;0;0;14;14
23481;3080;114;14;14;0;0;14;14
23485;3094;114;14;14;0;0;14;14
23486;3108;114;14;14;0;0;14;14
23487;3122;114;14;14;0;0;14;14
23490;3136;114;14;14;0;0;14;14
23492;3150;114;14;14;0;0;14;14
23493;3164;114;14;14;0;0;14;14
23494;3178;114;14;14;0;0;14;14
23495;3192;114;14;14;0;0;14;14
23500;3206;114;14;14;0;0;14;14
23504;3220;114;14;14;0;0;14;14
23506;3234;114;14;14;0;0;14;14
23507;3248;114;14;14;0;0;14;14
23515;3262;114;14;14;0;0;14;14
23517;3276;114;14;14;0;0;14;14
23518;3290;114;14;14;0;0;14;14
23519;3304;114;14;14;0;0;14;14
23521;3318;114;14;14;0;0;14;14
23522;3332;114;14;14;0;0;14;14
23524;3346;114;14;14;0;0;14;14
23525;3360;114;14;14;0;0;14;14
23526;3374;114;14;14;0;0;14;14
23527;3388;114;14;14;0;0;14;14
23528;3402;114;14;14;0;0;14;14
23529;3416;114;14;14;0;0;14;14
23531;3430;114;14;14;0;0;14;14
23532;3444;114;14;14;0;0;14;14
23534;3458;114;14;14;0;0;14;14
23536;3472;114;14;14;0;0;14;14
23541;3486;114;14;14;0;0;14;14
23542;3500;114;14;14;0;0;14;14
23544;3514;114;14;14;0;0;14;14
23545;3528;114;14;14;0;0;14;14
23546;3542;114;14;14;0;0;14;14
23547;3556;114;14;14;0;0;14;14
23548;3570;114;14;14;0;0;14;14
23550;3584;114;14;14;0;0;14;14
23551;3598;114;14;14;0;0;14;14
23553;3612;114;14;14;0;0;14;14
23554;3626;114;14;14;0;0;14;14
23556;3640;114;14;14;0;0;14;14
23558;3654;114;14;14;0;0;14;14
23559;3668;114;14;14;0;0;14;14
23560;3682;114;14;14;0;0;14;14
23561;3696;114;14;14;0;0;14;14
23562;3710;114;14;14;0;0;14;14
23563;3724;114;14;14;0;0;14;14
23565;3738;114;14;14;0;0;14;14
23566;3752;114;14;14;0;0;14;14
23567;3766;114;14;14;0;0;14;14
23569;3780;114;14;14;0;0;14;14
23571;3794;114;14;14;0;0;14;14
23572;3808;114;14;14;0;0;14;14
23573;3822;114;14;14;0;0;14;14
23574;3836;114;14;14;0;0;14;14
23576;3850;114;14;14;0;0;14;14
23578;3864;114;14;14;0;0;14;14
23580;3878;114;14;14;0;0;14;14
23581;3892;114;14;14;0;0;14;14
23588;3906;114;14;14;0;0;14;14
23589;3920;114;14;14;0;0;14;14
23591;3934;114;14;14;0;0;14;14
23594;3948;114;14;14;0;0;14;14
23596;3962;114;14;14;0;0;14;14
23601;3976;114;14;14;0;0;14;14
23602;3990;114;14;14;0;0;14;14
23604;4004;114;14;14;0;0;14;14
23607;4018;114;14;14;0;0;14;14
23608;4032;114;14;14;0;0;14;14
23609;4046;114;14;14;0;0;14;14
23610;4060;114;14;14;0;0;14;14
23611;4074;114;14;14;0;0;14;14
23612;0;128;14;14;0;0;14;14
23613;14;128;14;14;0;0;14;14
23614;28;128;14;14;0;0;14;14
23615;42;128;14;14;0;0;14;14
23616;56;128;14;14;0;0;14;14
23617;70;128;14;14;0;0;14;14
23618;84;128;14;14;0;0;14;14
23621;98;128;14;14;0;0;14;14
23622;112;128;14;14;0;0;14;14
23624;126;128;14;14;0;0;14;14
23625;140;128;14;14;0;0;14;14
23626;154;128;14;14;0;0;14;14
23627;168;128;14;14;0;0;14;14
23629;182;128;14;14;0;0;14;14
23630;196;128;14;14;0;0;14;14
23631;210;128;14;14;0;0;14;14
23632;224;128;14;14;0;0;14;14
23633;238;128;14;14;0;0;14;14
23637;252;128;14;14;0;0;14;14
23640;266;128;14;14;0;0;14;14
23641;280;128;14;14;0;0;14;14
23644;294;128;14;14;0;0;14;14
23646;308;128;14;14;0;0;14;14
23648;322;128;14;14;0;0;14;14
23649;336;128;14;14;0;0;14;14
23650;350;128;14;14;0;0;14;14
23651;364;128;14;14;0;0;14;14
23652;378;128;14;14;0;0;14;14
23653;392;128;14;14;0;0;14;14
23654;406;128;14;14;0;0;14;14
23656;420;128;14;14;0;0;14;14
23660;434;128;14;14;0;0;14;14
23663;448;128;14;14;0;0;14;14
23665;462;128;14;14;0;0;14;14
23673;476;128;14;14;0;0;14;14
23674;490;128;14;14;0;0;14;14
23676;504;128;14;14;0;0;14;14
23679;518;128;14;14;0;0;14;14
23681;532;128;14;14;0;0;14;14
23682;546;128;14;14;0;0;14;14
23688;560;128;14;14;0;0;14;14
23692;574;128;14;14;0;0;14;14
23696;588;128;14;14;0;0;14;14
23697;602;128;14;14;0;0;14;14
23700;616;128;14;14;0;0;14;14
23702;630;128;14;14;0;0;14;14
23703;644;128;14;14;0;0;14;14
23704;658;128;14;14;0;0;14;14
23706;672;128;14;14;0;0;14;14
23707;686;128;14;14;0;0;14;14
23713;700;128;14;14;0;0;14;14
23714;714;128;14;14;0;0;14;14
23715;728;128;14;14;0;0;14;14
23721;742;128;14;14;0;0;14;14
23723;756;128;14;14;0;0;14;14
23724;770;128;14;14;0;0;14;14
23725;784;128;14;14;0;0;14;14
23729;798;128;14;14;0;0;14;14
23731;812;128;14;14;0;0;14;14
23735;826;128;14;14;0;0;14;14
23736;840;128;14;14;0;0;14;14
23743;854;128;14;14;0;0;14;14
23745;868;128;14;14;0;0;14;14
23748;882;128;14;14;0;0;14;14
23751;896;128;14;14;0;0;14;14
23755;910;128;14;14;0;0;14;14
23762;924;128;14;14;0;0;14;14
23769;938;128;14;14;0;0;14;14
23776;952;128;14;14;0;0;14;14
23777;966;128;14;14;0;0;14;14
23779;980;128;14;14;0;0;14;14
23780;994;128;14;14;0;0;14;14
23781;1008;128;14;14;0;0;14;14
23782;1022;128;14;14;0;0;14;14
23784;1036;128;14;14;0;0;14;14
23786;1050;128;14;14;0;0;14;14
23789;1064;128;14;14;0;0;14;14
23792;1078;128;14;14;0;0;14;14
23796;1092;128;14;14;0;0;14;14
23798;1106;128;14;14;0;0;14;14
23803;1120;128;14;14;0;0;14;14
23805;1134;128;14;14;0;0;14;14
23809;1148;128;14;14;0;0;14;14
23810;1162;128;14;14;0;0;14;14
23811;1176;128;14;14;0;0;14;14
23814;1190;128;14;14;0;0;14;14
23815;1204;128;14;14;0;0;14;14
23821;1218;128;14;14;0;0;14;14
23822;1232;128;14;14;0;0;14;14
23825;1246;128;14;14;0;0;14;14
23828;1260;128;14;14;0;0;14;14
23830;1274;128;14;14;0;0;14;14
23831;1288;128;14;14;0;0;14;14
23833;1302;128;14;14;0;0;14;14
23834;1316;128;14;14;0;0;14;14
23835;1330;128;14;14;0;0;14;14
23842;1344;128;14;14;0;0;14;14
23844;1358;128;14;14;0;0;14;14
23846;1372;128;14;14;0;0;14;14
23849;1386;128;14;14;0;0;14;14
23853;1400;128;14;14;0;0;14;14
23854;1414;128;14;14;0;0;14;14
23859;1428;128;14;14;0;0;14;14
23860;1442;128;14;14;0;0;14;14
23869;1456;128;14;14;0;0;14;14
23879;1470;128;14;14;0;0;14;14
23882;1484;128;14;14;0;0;14;14
23883;1498;128;14;14;0;0;14;14
23884;1512;128;14;14;0;0;14;14
23886;1526;128;14;14;0;0;14;14
23888;1540;128;14;14;0;0;14;14
23894;1554;128;14;14;0;0;14;14
23896;1568;128;14;14;0;0;14;14
23897;1582;128;14;14;0;0;14;14
23899;1596;128;14;14;0;0;14;14
23901;1610;128;14;14;0;0;14;14
23912;1624;128;14;14;0;0;14;14
23913;1638;128;14;14;0;0;14;14
23915;1652;128;14;14;0;0;14;14
23916;1666;128;14;14;0;0;14;14
23919;1680;128;14;14;0;0;14;14
23924;1694;128;14;14;0;0;14;14
23936;1708;128;14;14;0;0;14;14
23937;1722;128;14;14;0;0;14;14
23938;1736;128;14;14;0;0;14;14
23940;1750;128;14;14;0;0;14;14
23943;1764;128;14;14;0;0;14;14
23956;1778;128;14;14;0;0;14;14
23959;1792;128;14;14;0;0;14;14
23961;1806;128;14;14;0;0;14;14
23965;1820;128;14;14;0;0;14;14
23968;1834;128;14;14;0;0;14;14
23975;1848;128;14;14;0;0;14;14
23991;1862;128;14;14;0;0;14;14
23992;1876;128;14;14;0;0;14;14
23994;1890;128;14;14;0;0;14;14
23996;1904;128;14;14;0;0;14;14
23997;1918;128;14;14;0;0;14;14
24005;1932;128;14;14;0;0;14;14
24009;1946;128;14;14;0;0;14;14
24011;1960;128;14;14;0;0;14;14
24013;1974;128;14;14;0;0;14;14
24018;1988;128;14;14;0;0;14;14
24020;2002;128;14;14;0;0;14;14
24022;2016;128;14;14;0;0;14;14
24029;2030;128;14;14;0;0;14;14
24030;2044;128;14;14;0;0;14;14
24033;2058;128;14;14;0;0;14;14
24034;2072;128;14;14;0;0;14;14
24035;2086;128;14;14;0;0;14;14
24037;2100;128;14;14;0;0;14;14
24038;2114;128;14;14;0;0;14;14
24039;2128;128;14;14;0;0;14;14
24040;2142;128;14;14;0;0;14;14
24041;2156;128;14;14;0;0;14;14
24043;2170;128;14;14;0;0;14;14
24046;2184;128;14;14;0;0;14;14
24047;2198;128;14;14;0;0;14;14
24048;2212;128;14;14;0;0;14;14
24049;2226;128;14;14;0;0;14;14
24050;2240;128;14;14;0;0;14;14
24051;2254;128;14;14;0;0;14;14
24052;2268;128;14;14;0;0;14;14
24055;2282;128;14;14;0;0;14;14
24057;2296;128;14;14;0;0;14;14
24059;2310;128;14;14;0;0;14;14
24061;2324;128;14;14;0;0;14;14
24062;2338;128;14;14;0;0;14;14
24065;2352;128;14;14;0;0;14;14
24066;2366;128;14;14;0;0;14;14
24067;2380;128;14;14;0;0;14;14
24069;2394;128;14;14;0;0;14;14
24070;2408;128;14;14;0;0;14;14
24072;2422;128;14;14;0;0;14;14
24076;2436;128;14;14;0;0;14;14
24079;2450;128;14;14;0;0;14;14
24080;2464;128;14;14;0;0;14;14
24081;2478;128;14;14;0;0;14;14
24084;2492;128;14;14;0;0;14;14
24085;2506;128;14;14;0;0;14;14
24086;2520;128;14;14;0;0;14;14
24088;2534;128;14;14;0;0;14;14
24089;2548;128;14;14;0;0;14;14
24090;2562;128;14;14;0;0;14;14
24091;2576;128;14;14;0;0;14;14
24092;2590;128;14;14;0;0;14;14
24093;2604;128;14;14;0;0;14;14
24101;2618;128;14;14;0;0;14;14
24102;2632;128;14;14;0;0;14;14
24103;2646;128;14;14;0;0;14;14
24107;2660;128;14;14;0;0;14;14
24109;2674;128;14;14;0;0;14;14
24110;2688;128;14;14;0;0;14;14
24111;2702;128;14;14;0;0;14;14
24112;2716;128;14;14;0;0;14;14
24115;2730;128;14;14;0;0;14;14
24118;2744;128;14;14;0;0;14;14
24119;2758;128;14;14;0;0;14;14
24120;2772;128;14;14;0;0;14;14
24123;2786;128;14;14;0;0;14;14
24124;2800;128;14;14;0;0;14;14
24125;2814;128;14;14;0;0;14;14
24128;2828;128;14;14;0;0;14;14
24130;2842;128;14;14;0;0;14;14
24131;2856;128;14;14;0;0;14;14
24132;2870;128;14;14;0;0;14;14
24133;2884;128;14;14;0;0;14;14
24140;2898;128;14;14;0;0;14;14
24148;2912;128;14;14;0;0;14;14
24149;2926;128;14;14;0;0;14;14
24151;2940;128;14;14;0;0;14;14
24152;2954;128;14;14;0;0;14;14
24155;2968;128;14;14;0;0;14;14
24158;2982;128;14;14;0;0;14;14
24159;2996;128;14;14;0;0;14;14
24161;3010;128;14;14;0;0;14;14
24162;3024;128;14;14;0;0;14;14
24163;3038;128;14;14;0;0;14;14
24171;3052;128;14;14;0;0;14;14
24178;3066;128;14;14;0;0;14;14
24179;3080;128;14;14;0;0;14;14
24180;3094;128;14;14;0;0;14;14
24182;3108;128;14;14;0;0;14;14
24184;3122;128;14;14;0;0;14;14
24185;3136;128;14;14;0;0;14;14
24186;3150;128;14;14;0;0;14;14
24187;3164;128;14;14;0;0;14;14
24188;3178;128;14;14;0;0;14;14
24189;3192;128;14;14;0;0;14;14
24190;3206;128;14;14;0;0;14;14
24191;3220;128;14;14;0;0;14;14
24193;3234;128;14;14;0;0;14;14
24195;3248;128;14;14;0;0;14;14
24196;3262;128;14;14;0;0;14;14
24198;3276;128;14;14;0;0;14;14
24199;3290;128;14;14;0;0;14;14
24202;3304;128;14;14;0;0;14;14
24203;3318;128;14;14;0;0;14;14
24207;3332;128;14;14;0;0;14;14
24208;3346;128;14;14;0;0;14;14
24209;3360;128;14;14;0;0;14;14
24211;3374;128;14;14;0;0;14;14
24212;3388;128;14;14;0;0;14;14
24213;3402;128;14;14;0;0;14;14
24214;3416;128;14;14;0;0;14;14
24215;3430;128;14;14;0;0;14;14
24217;3444;128;14;14;0;0;14;14
24218;3458;128;14;14;0;0;14;14
24220;3472;128;14;14;0;0;14;14
24222;3486;128;14;14;0;0;14;14
24223;3500;128;14;14;0;0;14;14
24224;3514;128;14;14;0;0;14;14
24229;3528;128;14;14;0;0;14;14
24230;3542;128;14;14;0;0;14;14
24231;3556;128;14;14;0;0;14;14
24235;3570;128;14;14;0;0;14;14
24237;3584;128;14;14;0;0;14;14
24244;3598;128;14;14;0;0;14;14
24245;3612;128;14;14;0;0;14;14
24246;3626;128;14;14;0;0;14;14
24247;3640;128;14;14;0;0;14;14
24248;3654;128;14;14;0;0;14;14
24249;3668;128;14;14;0;0;14;14
24254;3682;128;14;14;0;0;14;14
24257;3696;128;14;14;0;0;14;14
24258;3710;128;14;14;0;0;14;14
24259;3724;128;14;14;0;0;14;14
24260;3738;128;14;14;0;0;14;14
24264;3752;128;14;14;0;0;14;14
24265;3766;128;14;14;0;0;14;14
24266;3780;128;14;14;0;0;14;14
24275;3794;128;14;14;0;0;14;14
24278;3808;128;14;14;0;0;14;14
24279;3822;128;14;14;0;0;14;14
24282;3836;128;14;14;0;0;14;14
24283;3850;128;14;14;0;0;14;14
24285;3864;128;14;14;0;0;14;14
24287;3878;128;14;14;0;0;14;14
24288;3892;128;14;14;0;0;14;14
24289;3906;128;14;14;0;0;14;14
24290;3920;128;14;14;0;0;14;14
24291;3934;128;14;14;0;0;14;14
24296;3948;128;14;14;0;0;14;14
24297;3962;128;14;14;0;0;14;14
24298;3976;128;14;14;0;0;14;14
24300;3990;128;14;14;0;0;14;14
24307;4004;128;14;14;0;0;14;14
24310;4018;128;14;14;0;0;14;14
24311;4032;128;14;14;0;0;14;14
24312;4046;128;14;14;0;0;14;14
24314;4060;128;14;14;0;0;14;14
24319;4074;128;14;14;0;0;14;14
24320;0;142;14;14;0;0;14;14
24321;14;142;14;14;0;0;14;14
24322;28;142;14;14;0;0;14;14
24323;42;142;14;14;0;0;14;14
24324;56;142;14;14;0;0;14;14
24328;70;142;14;14;0;0;14;14
24330;84;142;14;14;0;0;14;14
24331;98;142;14;14;0;0;14;14
24335;112;142;14;14;0;0;14;14
24336;126;142;14;14;0;0;14;14
24337;140;142;14;14;0;0;14;14
24338;154;142;14;14;0;0;14;14
24339;168;142;14;14;0;0;14;14
24340;182;142;14;14;0;0;14;14
24341;196;142;14;14;0;0;14;14
24343;210;142;14;14;0;0;14;14
24344;224;142;14;14;0;0;14;14
24347;238;142;14;14;0;0;14;14
24351;252;142;14;14;0;0;14;14
24352;266;142;14;14;0;0;14;14
24357;280;142;14;14;0;0;14;14
24358;294;142;14;14;0;0;14;14
24359;308;142;14;14;0;0;14;14
24361;322;142;14;14;0;0;14;14
24365;336;142;14;14;0;0;14;14
24367;350;142;14;14;0;0;14;14
24369;364;142;14;14;0;0;14;14
24373;378;142;14;14;0;0;14;14
24375;392;142;14;14;0;0;14;14
24377;406;142;14;14;0;0;14;14
24378;420;142;14;14;0;0;14;14
24380;434;142;14;14;0;0;14;14
24382;448;142;14;14;0;0;14;14
24384;462;142;14;14;0;0;14;14
24390;476;142;14;14;0;0;14;14
24392;490;142;14;14;0;0;14;14
24396;504;142;14;14;0;0;14;14
24398;518;142;14;14;0;0;14;14
24402;532;142;14;14;0;0;14;14
24403;546;142;14;14;0;0;14;14
24405;560;142;14;14;0;0;14;14
24407;574;142;14;14;0;0;14;14
24408;588;142;14;14;0;0;14;14
24409;602;142;14;14;0;0;14;14
24412;616;142;14;14;0;0;14;14
24413;630;142;14;14;0;0;14;14
24414;644;142;14;14;0;0;14;14
24418;658;142;14;14;0;0;14;14
24420;672;142;14;14;0;0;14;14
24421;686;142;14;14;0;0;14;14
24422;700;142;14;14;0;0;14;14
24423;714;142;14;14;0;0;14;14
24425;728;142;14;14;0;0;14;14
24426;742;142;14;14;0;0;14;14
24427;756;142;14;14;0;0;14;14
24428;770;142;14;14;0;0;14;14
24429;784;142;14;14;0;0;14;14
24432;798;142;14;14;0;0;14;14
24433;812;142;14;14;0;0;14;14
24435;826;142;14;14;0;0;14;14
24439;840;142;14;14;0;0;14;14
24441;854;142;14;14;0;0;14;14
24443;868;142;14;14;0;0;14;14
24444;882;142;14;14;0;0;14;14
24447;896;142;14;14;0;0;14;14
24448;910;142;14;14;0;0;14;14
24449;924;142;14;14;0;0;14;14
24450;938;142;14;14;0;0;14;14
24452;952;142;14;14;0;0;14;14
24453;966;142;14;14;0;0;14;14
24455;980;142;14;14;0;0;14;14
24456;994;142;14;14;0;0;14;14
24457;1008;142;14;14;0;0;14;14
24458;1022;142;14;14;0;0;14;14
24459;1036;142;14;14;0;0;14;14
24460;1050;142;14;14;0;0;14;14
24464;1064;142;14;14;0;0;14;14
24465;1078;142;14;14;0;0;14;14
24466;1092;142;14;14;0;0;14;14
24467;1106;142;14;14;0;0;14;14
24469;1120;142;14;14;0;0;14;14
24471;1134;142;14;14;0;0;14;14
24472;1148;142;14;14;0;0;14;14
24473;1162;142;14;14;0;0;14;14
24476;1176;142;14;14;0;0;14;14
24478;1190;142;14;14;0;0;14;14
24480;1204;142;14;14;0;0;14;14
24481;1218;142;14;14;0;0;14;14
24488;1232;142;14;14;0;0;14;14
24489;1246;142;14;14;0;0;14;14
24490;1260;142;14;14;0;0;14;14
24492;1274;142;14;14;0;0;14;14
24493;1288;142;14;14;0;0;14;14
24494;1302;142;14;14;0;0;14;14
24499;1316;142;14;14;0;0;14;14
24500;1330;142;14;14;0;0;14;14
24501;1344;142;14;14;0;0;14;14
24503;1358;142;14;14;0;0;14;14
24505;1372;142;14;14;0;0;14;14
24508;1386;142;14;14;0;0;14;14
24509;1400;142;14;14;0;0;14;14
24515;1414;142;14;14;0;0;14;14
24517;1428;142;14;14;0;0;14;14
24518;1442;142;14;14;0;0;14;14
24524;1456;142;14;14;0;0;14;14
24525;1470;142;14;14;0;0;14;14
24527;1484;142;14;14;0;0;14;14
24528;1498;142;14;14;0;0;14;14
24529;1512;142;14;14;0;0;14;14
24530;1526;142;14;14;0;0;14;14
24534;1540;142;14;14;0;0;14;14
24535;1554;142;14;14;0;0;14;14
24536;1568;142;14;14;0;0;14;14
24537;1582;142;14;14;0;0;14;14
24540;1596;142;14;14;0;0;14;14
24541;1610;142;14;14;0;0;14;14
24544;1624;142;14;14;0;0;14;14
24545;1638;142;14;14;0;0;14;14
24548;1652;142;14;14;0;0;14;14
24551;1666;142;14;14;0;0;14;14
24554;1680;142;14;14;0;0;14;14
24555;1694;142;14;14;0;0;14;14
24557;1708;142;14;14;0;0;14;14
24558;1722;142;14;14;0;0;14;14
24561;1736;142;14;14;0;0;14;14
24565;1750;142;14;14;0;0;14;14
24568;1764;142;14;14;0;0;14;14
24571;1778;142;14;14;0;0;14;14
24573;1792;142;14;14;0;0;14;14
24574;1806;142;14;14;0;0;14;14
24575;1820;142;14;14;0;0;14;14
24576;1834;142;14;14;0;0;14;14
24577;1848;142;14;14;0;0;14;14
24578;1862;142;14;14;0;0;14;14
24579;1876;142;14;14;0;0;14;14
24580;1890;142;14;14;0;0;14;14
24581;1904;142;14;14;0;0;14;14
24582;1918;142;14;14;0;0;14;14
24589;1932;142;14;14;0;0;14;14
24590;1946;142;14;14;0;0;14;14
24591;1960;142;14;14;0;0;14;14
24594;1974;142;14;14;0;0;14;14
24596;1988;142;14;14;0;0;14;14
24597;2002;142;14;14;0;0;14;14
24598;2016;142;14;14;0;0;14;14
24601;2030;142;14;14;0;0;14;14
24603;2044;142;14;14;0;0;14;14
24604;2058;142;14;14;0;0;14;14
24605;2072;142;14;14;0;0;14;14
24608;2086;142;14;14;0;0;14;14
24609;2100;142;14;14;0;0;14;14
24613;2114;142;14;14;0;0;14;14
24614;2128;142;14;14;0;0;14;14
24615;2142;142;14;14;0;0;14;14
24616;2156;142;14;14;0;0;14;14
24617;2170;142;14;14;0;0;14;14
24618;2184;142;14;14;0;0;14;14
24619;2198;142;14;14;0;0;14;14
24623;2212;142;14;14;0;0;14;14
24629;2226;142;14;14;0;0;14;14
24635;2240;142;14;14;0;0;14;14
24636;2254;142;14;14;0;0;14;14
24639;2268;142;14;14;0;0;14;14
24641;2282;142;14;14;0;0;14;14
24642;2296;142;14;14;0;0;14;14
24643;2310;142;14;14;0;0;14;14
24646;2324;142;14;14;0;0;14;14
24651;2338;142;14;14;0;0;14;14
24653;2352;142;14;14;0;0;14;14
24656;2366;142;14;14;0;0;14;14
24658;2380;142;14;14;0;0;14;14
24659;2394;142;14;14;0;0;14;14
24661;2408;142;14;14;0;0;14;14
24665;2422;142;14;14;0;0;14;14
24666;2436;142;14;14;0;0;14;14
24672;2450;142;14;14;0;0;14;14
24674;2464;142;14;14;0;0;14;14
24675;2478;142;14;14;0;0;14;14
24676;2492;142;14;14;0;0;14;14
24677;2506;142;14;14;0;0;14;14
24679;2520;142;14;14;0;0;14;14
24680;2534;142;14;14;0;0;14;14
24681;2548;142;14;14;0;0;14;14
24682;2562;142;14;14;0;0;14;14
24683;2576;142;14;14;0;0;14;14
24684;2590;142;14;14;0;0;14;14
24685;2604;142;14;14;0;0;14;14
24687;2618;142;14;14;0;0;14;14
24688;2632;142;14;14;0;0;14;14
24691;2646;142;14;14;0;0;14;14
24693;2660;142;14;14;0;0;14;14
24694;2674;142;14;14;0;0;14;14
24696;2688;142;14;14;0;0;14;14
24697;2702;142;14;14;0;0;14;14
24698;2716;142;14;14;0;0;14;14
24699;2730;142;14;14;0;0;14;14
24700;2744;142;14;14;0;0;14;14
24701;2758;142;14;14;0;0;14;14
24703;2772;142;14;14;0;0;14;14
24708;2786;142;14;14;0;0;14;14
24709;2800;142;14;14;0;0;14;14
24713;2814;142;14;14;0;0;14;14
24716;2828;142;14;14;0;0;14;14
24717;2842;142;14;14;0;0;14;14
24722;2856;142;14;14;0;0;14;14
24724;2870;142;14;14;0;0;14;14
24726;2884;142;14;14;0;0;14;14
24730;2898;142;14;14;0;0;14;14
24731;2912;142;14;14;0;0;14;14
24733;2926;142;14;14;0;0;14;14
24735;2940;142;14;14;0;0;14;14
24736;2954;142;14;14;0;0;14;14
24739;2968;142;14;14;0;0;14;14
24741;2982;142;14;14;0;0;14;14
24742;2996;142;14;14;0;0;14;14
24744;3010;142;14;14;0;0;14;14
24745;3024;142;14;14;0;0;14;14
24746;3038;142;14;14;0;0;14;14
24747;3052;142;14;14;0;0;14;14
24748;3066;142;14;14;0;0;14;14
24749;3080;142;14;14;0;0;14;14
24751;3094;142;14;14;0;0;14;14
24753;3108;142;14;14;0;0;14;14
24754;3122;142;14;14;0;0;14;14
24756;3136;142;14;14;0;0;14;14
24757;3150;142;14;14;0;0;14;14
24758;3164;142;14;14;0;0;14;14
24760;3178;142;14;14;0;0;14;14
24763;3192;142;14;14;0;0;14;14
24764;3206;142;14;14;0;0;14;14
24765;3220;142;14;14;0;0;14;14
24766;3234;142;14;14;0;0;14;14
24772;3248;142;14;14;0;0;14;14
24773;3262;142;14;14;0;0;14;14
24774;3276;142;14;14;0;0;14;14
24775;3290;142;14;14;0;0;14;14
24778;3304;142;14;14;0;0;14;14
24779;3318;142;14;14;0;0;14;14
24785;3332;142;14;14;0;0;14;14
24787;3346;142;14;14;0;0;14;14
24789;3360;142;14;14;0;0;14;14
24792;3374;142;14;14;0;0;14;14
24794;3388;142;14;14;0;0;14;14
24796;3402;142;14;14;0;0;14;14
24797;3416;142;14;14;0;0;14;14
24799;3430;142;14;14;0;0;14;14
24800;3444;142;14;14;0;0;14;14
24801;3458;142;14;14;0;0;14;14
24806;3472;142;14;14;0;0;14;14
24807;3486;142;14;14;0;0;14;14
24808;3500;142;14;14;0;0;14;14
24809;3514;142;14;14;0;0;14;14
24811;3528;142;14;14;0;0;14;14
24812;3542;142;14;14;0;0;14;14
24813;3556;142;14;14;0;0;14;14
24814;3570;142;14;14;0;0;14;14
24815;3584;142;14;14;0;0;14;14
24816;3598;142;14;14;0;0;14;14
24817;3612;142;14;14;0;0;14;14
24818;3626;142;14;14;0;0;14;14
24819;3640;142;14;14;0;0;14;14
24820;3654;142;14;14;0;0;14;14
24822;3668;142;14;14;0;0;14;14
24825;3682;142;14;14;0;0;14;14
24826;3696;142;14;14;0;0;14;14
24827;3710;142;14;14;0;0;14;14
24832;3724;142;14;14;0;0;14;14
24833;3738;142;14;14;0;0;14;14
24838;3752;142;14;14;0;0;14;14
24840;3766;142;14;14;0;0;14;14
24841;3780;142;14;14;0;0;14;14
24846;3794;142;14;14;0;0;14;14
24847;3808;142;14;14;0;0;14;14
24850;3822;142;14;14;0;0;14;14
24852;3836;142;14;14;0;0;14;14
24853;3850;142;14;14;0;0;14;14
24858;3864;142;14;14;0;0;14;14
24859;3878;142;14;14;0;0;14;14
24860;3892;142;14;14;0;0;14;14
24863;3906;142;14;14;0;0;14;14
24864;3920;142;14;14;0;0;14;14
24867;3934;142;14;14;0;0;14;14
24868;3948;142;14;14;0;0;14;14
24870;3962;142;14;14;0;0;14;14
24871;3976;142;14;14;0;0;14;14
24872;3990;142;14;14;0;0;14;14
24875;4004;142;14;14;0;0;14;14
24884;4018;142;14;14;0;0;14;14
24887;4032;142;14;14;0;0;14;14
24894;4046;142;14;14;0;0;14;14
24895;4060;142;14;14;0;0;14;14
24900;4074;142;14;14;0;0;14;14
24903;0;156;14;14;0;0;14;14
24904;14;156;14;14;0;0;14;14
24906;28;156;14;14;0;0;14;14
24907;42;156;14;14;0;0;14;14
24908;56;156;14;14;0;0;14;14
24909;70;156;14;14;0;0;14;14
24910;84;156;14;14;0;0;14;14
24913;98;156;14;14;0;0;14;14
24915;112;156;14;14;0;0;14;14
24917;126;156;14;14;0;0;14;14
24920;140;156;14;14;0;0;14;14
24922;154;156;14;14;0;0;14;14
24925;168;156;14;14;0;0;14;14
24927;182;156;14;14;0;0;14;14
24930;196;156;14;14;0;0;14;14
24931;210;156;14;14;0;0;14;14
24935;224;156;14;14;0;0;14;14
24936;238;156;14;14;0;0;14;14
24938;252;156;14;14;0;0;14;14
24939;266;156;14;14;0;0;14;14
24942;280;156;14;14;0;0;14;14
24944;294;156;14;14;0;0;14;14
24947;308;156;14;14;0;0;14;14
24949;322;156;14;14;0;0;14;14
24950;336;156;14;14;0;0;14;14
24951;350;156;14;14;0;0;14;14
24958;364;156;14;14;0;0;14;14
24962;378;156;14;14;0;0;14;14
24970;392;156;14;14;0;0;14;14
24971;406;156;14;14;0;0;14;14
24974;420;156;14;14;0;0;14;14
24976;434;156;14;14;0;0;14;14
24977;448;156;14;14;0;0;14;14
24978;462;156;14;14;0;0;14;14
24980;476;156;14;14;0;0;14;14
24986;490;156;14;14;0;0;14;14
24987;504;156;14;14;0;0;14;14
24996;518;156;14;14;0;0;14;14
24999;532;156;14;14;0;0;14;14
25000;546;156;14;14;0;0;14;14
25001;560;156;14;14;0;0;14;14
25003;574;156;14;14;0;0;14;14
25004;588;156;14;14;0;0;14;14
25006;602;156;14;14;0;0;14;14
25010;616;156;14;14;0;0;14;14
25014;630;156;14;14;0;0;14;14
25022;644;156;14;14;0;0;14;14
25026;658;156;14;14;0;0;14;14
25031;672;156;14;14;0;0;14;14
25032;686;156;14;14;0;0;14;14
25033;700;156;14;14;0;0;14;14
25034;714;156;14;14;0;0;14;14
25035;728;156;14;14;0;0;14;14
25036;742;156;14;14;0;0;14;14
25037;756;156;14;14;0;0;14;14
25040;770;156;14;14;0;0;14;14
25041;784;156;14;14;0;0;14;14
25042;798;156;14;14;0;0;14;14
25044;812;156;14;14;0;0;14;14
25055;826;156;14;14;0;0;14;14
25059;840;156;14;14;0;0;14;14
25062;854;156;14;14;0;0;14;14
25064;868;156;14;14;0;0;14;14
25074;882;156;14;14;0;0;14;14
25077;896;156;14;14;0;0;14;14
25078;910;156;14;14;0;0;14;14
25079;924;156;14;14;0;0;14;14
25080;938;156;14;14;0;0;14;14
25082;952;156;14;14;0;0;14;14
25084;966;156;14;14;0;0;14;14
25086;980;156;14;14;0;0;14;14
25087;994;156;14;14;0;0;14;14
25088;1008;156;14;14;0;0;14;14
25094;1022;156;14;14;0;0;14;14
25095;1036;156;14;14;0;0;14;14
25096;1050;156;14;14;0;0;14;14
25098;1064;156;14;14;0;0;14;14
25100;1078;156;14;14;0;0;14;14
25101;1092;156;14;14;0;0;14;14
25102;1106;156;14;14;0;0;14;14
25103;1120;156;14;14;0;0;14;14
25104;1134;156;14;14;0;0;14;14
25105;1148;156;14;14;0;0;14;14
25106;1162;156;14;14;0;0;14;14
25108;1176;156;14;14;0;0;14;14
25109;1190;156;14;14;0;0;14;14
25110;1204;156;14;14;0;0;14;14
25111;1218;156;14;14;0;0;14;14
25112;1232;156;14;14;0;0;14;14
25114;1246;156;14;14;0;0;14;14
25115;1260;156;14;14;0;0;14;14
25119;1274;156;14;14;0;0;14;14
25121;1288;156;14;14;0;0;14;14
25122;1302;156;14;14;0;0;14;14
25125;1316;156;14;14;0;0;14;14
25126;1330;156;14;14;0;0;14;14
25127;1344;156;14;14;0;0;14;14
25129;1358;156;14;14;0;0;14;14
25130;1372;156;14;14;0;0;14;14
25132;1386;156;14;14;0;0;14;14
25134;1400;156;14;14;0;0;14;14
25135;1414;156;14;14;0;0;14;14
25136;1428;156;14;14;0;0;14;14
25138;1442;156;14;14;0;0;14;14
25139;1456;156;14;14;0;0;14;14
25140;1470;156;14;14;0;0;14;14
25142;1484;156;14;14;0;0;14;14
25143;1498;156;14;14;0;0;14;14
25144;1512;156;14;14;0;0;14;14
25147;1526;156;14;14;0;0;14;14
25149;1540;156;14;14;0;0;14;14
25150;1554;156;14;14;0;0;14;14
25151;1568;156;14;14;0;0;14;14
25152;1582;156;14;14;0;0;14;14
25153;1596;156;14;14;0;0;14;14
25155;1610;156;14;14;0;0;14;14
25159;1624;156;14;14;0;0;14;14
25160;1638;156;14;14;0;0;14;14
25161;1652;156;14;14;0;0;14;14
25163;1666;156;14;14;0;0;14;14
25165;1680;156;14;14;0;0;14;14
25166;1694;156;14;14;0;0;14;14
25169;1708;156;14;14;0;0;14;14
25170;1722;156;14;14;0;0;14;14
25171;1736;156;14;14;0;0;14;14
25172;1750;156;14;14;0;0;14;14
25173;1764;156;14;14;0;0;14;14
25176;1778;156;14;14;0;0;14;14
25179;1792;156;14;14;0;0;14;14
25182;1806;156;14;14;0;0;14;14
25185;1820;156;14;14;0;0;14;14
25187;1834;156;14;14;0;0;14;14
25190;1848;156;14;14;0;0;14;14
25191;1862;156;14;14;0;0;14;14
25193;1876;156;14;14;0;0;14;14
25194;1890;156;14;14;0;0;14;14
25195;1904;156;14;14;0;0;14;14
25196;1918;156;14;14;0;0;14;14
25197;1932;156;14;14;0;0;14;14
25198;1946;156;14;14;0;0;14;14
25199;1960;156;14;14;0;0;14;14
25200;1974;156;14;14;0;0;14;14
25201;1988;156;14;14;0;0;14;14
25203;2002;156;14;14;0;0;14;14
25206;2016;156;14;14;0;0;14;14
25209;2030;156;14;14;0;0;14;14
25212;2044;156;14;14;0;0;14;14
25214;2058;156;14;14;0;0;14;14
25215;2072;156;14;14;0;0;14;14
25216;2086;156;14;14;0;0;14;14
25220;2100;156;14;14;0;0;14;14
25225;2114;156;14;14;0;0;14;14
25226;2128;156;14;14;0;0;14;14
25233;2142;156;14;14;0;0;14;14
25234;2156;156;14;14;0;0;14;14
25235;2170;156;14;14;0;0;14;14
25236;2184;156;14;14;0;0;14;14
25237;2198;156;14;14;0;0;14;14
25238;2212;156;14;14;0;0;14;14
25239;2226;156;14;14;0;0;14;14
25240;2240;156;14;14;0;0;14;14
25242;2254;156;14;14;0;0;14;14
25243;2268;156;14;14;0;0;14;14
25244;2282;156;14;14;0;0;14;14
25246;2296;156;14;14;0;0;14;14
25247;2310;156;14;14;0;0;14;14
25248;2324;156;14;14;0;0;14;14
25249;2338;156;14;14;0;0;14;14
25250;2352;156;14;14;0;0;14;14
25252;2366;156;14;14;0;0;14;14
25253;2380;156;14;14;0;0;14;14
25256;2394;156;14;14;0;0;14;14
25259;2408;156;14;14;0;0;14;14
25260;2422;156;14;14;0;0;14;14
25265;2436;156;14;14;0;0;14;14
25269;2450;156;14;14;0;0;14;14
25273;2464;156;14;14;0;0;14;14
25275;2478;156;14;14;0;0;14;14
25276;2492;156;14;14;0;0;14;14
25277;2506;156;14;14;0;0;14;14
25279;2520;156;14;14;0;0;14;14
25282;2534;156;14;14;0;0;14;14
25283;2548;156;14;14;0;0;14;14
25284;2562;156;14;14;0;0;14;14
25285;2576;156;14;14;0;0;14;14
25286;2590;156;14;14;0;0;14;14
25287;2604;156;14;14;0;0;14;14
25288;2618;156;14;14;0;0;14;14
25289;2632;156;14;14;0;0;14;14
25290;2646;156;14;14;0;0;14;14
25291;2660;156;14;14;0;0;14;14
25292;2674;156;14;14;0;0;14;14
25293;2688;156;14;14;0;0;14;14
25294;2702;156;14;14;0;0;14;14
25295;2716;156;14;14;0;0;14;14
25296;2730;156;14;14;0;0;14;14
25298;2744;156;14;14;0;0;14;14
25299;2758;156;14;14;0;0;14;14
25300;2772;156;14;14;0;0;14;14
25302;2786;156;14;14;0;0;14;14
25303;2800;156;14;14;0;0;14;14
25304;2814;156;14;14;0;0;14;14
25305;2828;156;14;14;0;0;14;14
25306;2842;156;14;14;0;0;14;14
25307;2856;156;14;14;0;0;14;14
25308;2870;156;14;14;0;0;14;14
25309;2884;156;14;14;0;0;14;14
25311;2898;156;14;14;0;0;14;14
25312;2912;156;14;14;0;0;14;14
25313;2926;156;14;14;0;0;14;14
25314;2940;156;14;14;0;0;14;14
25315;2954;156;14;14;0;0;14;14
25316;2968;156;14;14;0;0;14;14
25317;2982;156;14;14;0;0;14;14
25318;2996;156;14;14;0;0;14;14
25319;3010;156;14;14;0;0;14;14
25320;3024;156;14;14;0;0;14;14
25321;3038;156;14;14;0;0;14;14
25324;3052;156;14;14;0;0;14;14
25325;3066;156;14;14;0;0;14;14
25326;3080;156;14;14;0;0;14;14
25327;3094;156;14;14;0;0;14;14
25329;3108;156;14;14;0;0;14;14
25331;3122;156;14;14;0;0;14;14
25332;3136;156;14;14;0;0;14;14
25334;3150;156;14;14;0;0;14;14
25335;3164;156;14;14;0;0;14;14
25340;3178;156;14;14;0;0;14;14
25341;3192;156;14;14;0;0;14;14
25342;3206;156;14;14;0;0;14;14
25343;3220;156;14;14;0;0;14;14
25345;3234;156;14;14;0;0;14;14
25346;3248;156;14;14;0;0;14;14
25351;3262;156;14;14;0;0;14;14
25352;3276;156;14;14;0;0;14;14
25353;3290;156;14;14;0;0;14;14
25358;3304;156;14;14;0;0;14;14
25361;3318;156;14;14;0;0;14;14
25366;3332;156;14;14;0;0;14;14
25369;3346;156;14;14;0;0;14;14
25370;3360;156;14;14;0;0;14;14
25371;3374;156;14;14;0;0;14;14
25373;3388;156;14;14;0;0;14;14
25374;3402;156;14;14;0;0;14;14
25375;3416;156;14;14;0;0;14;14
25376;3430;156;14;14;0;0;14;14
25377;3444;156;14;14;0;0;14;14
25379;3458;156;14;14;0;0;14;14
25380;3472;156;14;14;0;0;14;14
25381;3486;156;14;14;0;0;14;14
25382;3500;156;14;14;0;0;14;14
25384;3514;156;14;14;0;0;14;14
25386;3528;156;14;14;0;0;14;14
25387;3542;156;14;14;0;0;14;14
25391;3556;156;14;14;0;0;14;14
25394;3570;156;14;14;0;0;14;14
25401;3584;156;14;14;0;0;14;14
25402;3598;156;14;14;0;0;14;14
25404;3612;156;14;14;0;0;14;14
25405;3626;156;14;14;0;0;14;14
25406;3640;156;14;14;0;0;14;14
25407;3654;156;14;14;0;0;14;14
25410;3668;156;14;14;0;0;14;14
25411;3682;156;14;14;0;0;14;14
25413;3696;156;14;14;0;0;14;14
25414;3710;156;14;14;0;0;14;14
25417;3724;156;14;14;0;0;14;14
25419;3738;156;14;14;0;0;14;14
25420;3752;156;14;14;0;0;14;14
25421;3766;156;14;14;0;0;14;14
25422;3780;156;14;14;0;0;14;14
25423;3794;156;14;14;0;0;14;14
25424;3808;156;14;14;0;0;14;14
25429;3822;156;14;14;0;0;14;14
25431;3836;156;14;14;0;0;14;14
25436;3850;156;14;14;0;0;14;14
25438;3864;156;14;14;0;0;14;14
25439;3878;156;14;14;0;0;14;14
25441;3892;156;14;14;0;0;14;14
25442;3906;156;14;14;0;0;14;14
25443;3920;156;14;14;0;0;14;14
25447;3934;156;14;14;0;0;14;14
25448;3948;156;14;14;0;0;14;14
25449;3962;156;14;14;0;0;14;14
25451;3976;156;14;14;0;0;14;14
25453;3990;156;14;14;0;0;14;14
25454;4004;156;14;14;0;0;14;14
25455;4018;156;14;14;0;0;14;14
25457;4032;156;14;14;0;0;14;14
25458;4046;156;14;14;0;0;14;14
25462;4060;156;14;14;0;0;14;14
25463;4074;156;14;14;0;0;14;14
25466;0;170;14;14;0;0;14;14
25467;14;170;14;14;0;0;14;14
25469;28;170;14;14;0;0;14;14
25472;42;170;14;14;0;0;14;14
25474;56;170;14;14;0;0;14;14
25475;70;170;14;14;0;0;14;14
25476;84;170;14;14;0;0;14;14
25479;98;170;14;14;0;0;14;14
25480;112;170;14;14;0;0;14;14
25481;126;170;14;14;0;0;14;14
25482;140;170;14;14;0;0;14;14
25484;154;170;14;14;0;0;14;14
25487;168;170;14;14;0;0;14;14
25488;182;170;14;14;0;0;14;14
25490;196;170;14;14;0;0;14;14
25491;210;170;14;14;0;0;14;14
25494;224;170;14;14;0;0;14;14
25496;238;170;14;14;0;0;14;14
25497;252;170;14;14;0;0;14;14
25499;266;170;14;14;0;0;14;14
25504;280;170;14;14;0;0;14;14
25505;294;170;14;14;0;0;14;14
25506;308;170;14;14;0;0;14;14
25507;322;170;14;14;0;0;14;14
25509;336;170;14;14;0;0;14;14
25511;350;170;14;14;0;0;14;14
25512;364;170;14;14;0;0;14;14
25513;378;170;14;14;0;0;14;14
25514;392;170;14;14;0;0;14;14
25516;406;170;14;14;0;0;14;14
25518;420;170;14;14;0;0;14;14
25520;434;170;14;14;0;0;14;14
25521;448;170;14;14;0;0;14;14
25522;462;170;14;14;0;0;14;14
25523;476;170;14;14;0;0;14;14
25524;490;170;14;14;0;0;14;14
25527;504;170;14;14;0;0;14;14
25528;518;170;14;14;0;0;14;14
25530;532;170;14;14;0;0;14;14
25532;546;170;14;14;0;0;14;14
25534;560;170;14;14;0;0;14;14
25536;574;170;14;14;0;0;14;14
25540;588;170;14;14;0;0;14;14
25542;602;170;14;14;0;0;14;14
25545;616;170;14;14;0;0;14;14
25549;630;170;14;14;0;0;14;14
25551;644;170;14;14;0;0;14;14
25552;658;170;14;14;0;0;14;14
25554;672;170;14;14;0;0;14;14
25558;686;170;14;14;0;0;14;14
25562;700;170;14;14;0;0;14;14
25563;714;170;14;14;0;0;14;14
25568;728;170;14;14;0;0;14;14
25569;742;170;14;14;0;0;14;14
25571;756;170;14;14;0;0;14;14
25577;770;170;14;14;0;0;14;14
25578;784;170;14;14;0;0;14;14
25581;798;170;14;14;0;0;14;14
25582;812;170;14;14;0;0;14;14
25587;826;170;14;14;0;0;14;14
25588;840;170;14;14;0;0;14;14
25590;854;170;14;14;0;0;14;14
25592;868;170;14;14;0;0;14;14
25593;882;170;14;14;0;0;14;14
25594;896;170;14;14;0;0;14;14
25597;910;170;14;14;0;0;14;14
25599;924;170;14;14;0;0;14;14
25600;938;170;14;14;0;0;14;14
25601;952;170;14;14;0;0;14;14
25602;966;170;14;14;0;0;14;14
25605;980;170;14;14;0;0;14;14
25606;994;170;14;14;0;0;14;14
25611;1008;170;14;14;0;0;14;14
25613;1022;170;14;14;0;0;14;14
25615;1036;170;14;14;0;0;14;14
25616;1050;170;14;14;0;0;14;14
25619;1064;170;14;14;0;0;14;14
25620;1078;170;14;14;0;0;14;14
25622;1092;170;14;14;0;0;14;14
25623;1106;170;14;14;0;0;14;14
25627;1120;170;14;14;0;0;14;14
25628;1134;170;14;14;0;0;14;14
25630;1148;170;14;14;0;0;14;14
25631;1162;170;14;14;0;0;14;14
25632;1176;170;14;14;0;0;14;14
25633;1190;170;14;14;0;0;14;14
25637;1204;170;14;14;0;0;14;14
25638;1218;170;14;14;0;0;14;14
25639;1232;170;14;14;0;0;14;14
25642;1246;170;14;14;0;0;14;14
25644;1260;170;14;14;0;0;14;14
25645;1274;170;14;14;0;0;14;14
25647;1288;170;14;14;0;0;14;14
25652;1302;170;14;14;0;0;14;14
25654;1316;170;14;14;0;0;14;14
25658;1330;170;14;14;0;0;14;14
25661;1344;170;14;14;0;0;14;14
25662;1358;170;14;14;0;0;14;14
25664;1372;170;14;14;0;0;14;14
25665;1386;170;14;14;0;0;14;14
25666;1400;170;14;14;0;0;14;14
25668;1414;170;14;14;0;0;14;14
25669;1428;170;14;14;0;0;14;14
25670;1442;170;14;14;0;0;14;14
25671;1456;170;14;14;0;0;14;14
25672;1470;170;14;14;0;0;14;14
25674;1484;170;14;14;0;0;14;14
25675;1498;170;14;14;0;0;14;14
25681;1512;170;14;14;0;0;14;14
25682;1526;170;14;14;0;0;14;14
25684;1540;170;14;14;0;0;14;14
25688;1554;170;14;14;0;0;14;14
25692;1568;170;14;14;0;0;14;14
25694;1582;170;14;14;0;0;14;14
25695;1596;170;14;14;0;0;14;14
25699;1610;170;14;14;0;0;14;14
25703;1624;170;14;14;0;0;14;14
25705;1638;170;14;14;0;0;14;14
25709;1652;170;14;14;0;0;14;14
25710;1666;170;14;14;0;0;14;14
25711;1680;170;14;14;0;0;14;14
25715;1694;170;14;14;0;0;14;14
25718;1708;170;14;14;0;0;14;14
25720;1722;170;14;14;0;0;14;14
25721;1736;170;14;14;0;0;14;14
25722;1750;170;14;14;0;0;14;14
25723;1764;170;14;14;0;0;14;14
25725;1778;170;14;14;0;0;14;14
25730;1792;170;14;14;0;0;14;14
25731;1806;170;14;14;0;0;14;14
25732;1820;170;14;14;0;0;14;14
25733;1834;170;14;14;0;0;14;14
25735;1848;170;14;14;0;0;14;14
25736;1862;170;14;14;0;0;14;14
25744;1876;170;14;14;0;0;14;14
25745;1890;170;14;14;0;0;14;14
25746;1904;170;14;14;0;0;14;14
25747;1918;170;14;14;0;0;14;14
25749;1932;170;14;14;0;0;14;14
25753;1946;170;14;14;0;0;14;14
25754;1960;170;14;14;0;0;14;14
25758;1974;170;14;14;0;0;14;14
25762;1988;170;14;14;0;0;14;14
25763;2002;170;14;14;0;0;14;14
25764;2016;170;14;14;0;0;14;14
25765;2030;170;14;14;0;0;14;14
25769;2044;170;14;14;0;0;14;14
25771;2058;170;14;14;0;0;14;14
25772;2072;170;14;14;0;0;14;14
25773;2086;170;14;14;0;0;14;14
25774;2100;170;14;14;0;0;14;14
25776;2114;170;14;14;0;0;14;14
25778;2128;170;14;14;0;0;14;14
25779;2142;170;14;14;0;0;14;14
25781;2156;170;14;14;0;0;14;14
25783;2170;170;14;14;0;0;14;14
25784;2184;170;14;14;0;0;14;14
25786;2198;170;14;14;0;0;14;14
25787;2212;170;14;14;0;0;14;14
25788;2226;170;14;14;0;0;14;14
25790;2240;170;14;14;0;0;14;14
25791;2254;170;14;14;0;0;14;14
25792;2268;170;14;14;0;0;14;14
25793;2282;170;14;14;0;0;14;14
25794;2296;170;14;14;0;0;14;14
25796;2310;170;14;14;0;0;14;14
25797;2324;170;14;14;0;0;14;14
25799;2338;170;14;14;0;0;14;14
25802;2352;170;14;14;0;0;14;14
25803;2366;170;14;14;0;0;14;14
25805;2380;170;14;14;0;0;14;14
25806;2394;170;14;14;0;0;14;14
25810;2408;170;14;14;0;0;14;14
25812;2422;170;14;14;0;0;14;14
25816;2436;170;14;14;0;0;14;14
25818;2450;170;14;14;0;0;14;14
25822;2464;170;14;14;0;0;14;14
25824;2478;170;14;14;0;0;14;14
25825;2492;170;14;14;0;0;14;14
25826;2506;170;14;14;0;0;14;14
25827;2520;170;14;14;0;0;14;14
25828;2534;170;14;14;0;0;14;14
25830;2548;170;14;14;0;0;14;14
25835;2562;170;14;14;0;0;14;14
25836;2576;170;14;14;0;0;14;14
25839;2590;170;14;14;0;0;14;14
25840;2604;170;14;14;0;0;14;14
25841;2618;170;14;14;0;0;14;14
25842;2632;170;14;14;0;0;14;14
25844;2646;170;14;14;0;0;14;14
25847;2660;170;14;14;0;0;14;14
25850;2674;170;14;14;0;0;14;14
25851;2688;170;14;14;0;0;14;14
25852;2702;170;14;14;0;0;14;14
25854;2716;170;14;14;0;0;14;14
25856;2730;170;14;14;0;0;14;14
25860;2744;170;14;14;0;0;14;14
25862;2758;170;14;14;0;0;14;14
25865;2772;170;14;14;0;0;14;14
25871;2786;170;14;14;0;0;14;14
25874;2800;170;14;14;0;0;14;14
25876;2814;170;14;14;0;0;14;14
25878;2828;170;14;14;0;0;14;14
25880;2842;170;14;14;0;0;14;14
25881;2856;170;14;14;0;0;14;14
25883;2870;170;14;14;0;0;14;14
25884;2884;170;14;14;0;0;14;14
25885;2898;170;14;14;0;0;14;14
25890;2912;170;14;14;0;0;14;14
25891;2926;170;14;14;0;0;14;14
25892;2940;170;14;14;0;0;14;14
25893;2954;170;14;14;0;0;14;14
25898;2968;170;14;14;0;0;14;14
25899;2982;170;14;14;0;0;14;14
25900;2996;170;14;14;0;0;14;14
25902;3010;170;14;14;0;0;14;14
25903;3024;170;14;14;0;0;14;14
25910;3038;170;14;14;0;0;14;14
25912;3052;170;14;14;0;0;14;14
25913;3066;170;14;14;0;0;14;14
25915;3080;170;14;14;0;0;14;14
25918;3094;170;14;14;0;0;14;14
25919;3108;170;14;14;0;0;14;14
25925;3122;170;14;14;0;0;14;14
25928;3136;170;14;14;0;0;14;14
25929;3150;170;14;14;0;0;14;14
25932;3164;170;14;14;0;0;14;14
25935;3178;170;14;14;0;0;14;14
25937;3192;170;14;14;0;0;14;14
25941;3206;170;14;14;0;0;14;14
25942;3220;170;14;14;0;0;14;14
25943;3234;170;14;14;0;0;14;14
25944;3248;170;14;14;0;0;14;14
25945;3262;170;14;14;0;0;14;14
25947;3276;170;14;14;0;0;14;14
25949;3290;170;14;14;0;0;14;14
25950;3304;170;14;14;0;0;14;14
25954;3318;170;14;14;0;0;14;14
25955;3332;170;14;14;0;0;14;14
25958;3346;170;14;14;0;0;14;14
25959;3360;170;14;14;0;0;14;14
25963;3374;170;14;14;0;0;14;14
25964;3388;170;14;14;0;0;14;14
25968;3402;170;14;14;0;0;14;14
25970;3416;170;14;14;0;0;14;14
25972;3430;170;14;14;0;0;14;14
25973;3444;170;14;14;0;0;14;14
25975;3458;170;14;14;0;0;14;14
25976;3472;170;14;14;0;0;14;14
25979;3486;170;14;14;0;0;14;14
25986;3500;170;14;14;0;0;14;14
25987;3514;170;14;14;0;0;14;14
25991;3528;170;14;14;0;0;14;14
25993;3542;170;14;14;0;0;14;14
25995;3556;170;14;14;0;0;14;14
25996;3570;170;14;14;0;0;14;14
25998;3584;170;14;14;0;0;14;14
26000;3598;170;14;14;0;0;14;14
26001;3612;170;14;14;0;0;14;14
26003;3626;170;14;14;0;0;14;14
26005;3640;170;14;14;0;0;14;14
26007;3654;170;14;14;0;0;14;14
26009;3668;170;14;14;0;0;14;14
26011;3682;170;14;14;0;0;14;14
26012;3696;170;14;14;0;0;14;14
26015;3710;170;14;14;0;0;14;14
26017;3724;170;14;14;0;0;14;14
26020;3738;170;14;14;0;0;14;14
26021;3752;170;14;14;0;0;14;14
26023;3766;170;14;14;0;0;14;14
26025;3780;170;14;14;0;0;14;14
26027;3794;170;14;14;0;0;14;14
26028;3808;170;14;14;0;0;14;14
26029;3822;170;14;14;0;0;14;14
26031;3836;170;14;14;0;0;14;14
26032;3850;170;14;14;0;0;14;14
26039;3864;170;14;14;0;0;14;14
26041;3878;170;14;14;0;0;14;14
26044;3892;170;14;14;0;0;14;14
26045;3906;170;14;14;0;0;14;14
26049;3920;170;14;14;0;0;14;14
26051;3934;170;14;14;0;0;14;14
26052;3948;170;14;14;0;0;14;14
26053;3962;170;14;14;0;0;14;14
26054;3976;170;14;14;0;0;14;14
26059;3990;170;14;14;0;0;14;14
26060;4004;170;14;14;0;0;14;14
26062;4018;170;14;14;0;0;14;14
26063;4032;170;14;14;0;0;14;14
26066;4046;170;14;14;0;0;14;14
26070;4060;170;14;14;0;0;14;14
26071;4074;170;14;14;0;0;14;14
26075;0;184;14;14;0;0;14;14
26080;14;184;14;14;0;0;14;14
26082;28;184;14;14;0;0;14;14
26085;42;184;14;14;0;0;14;14
26086;56;184;14;14;0;0;14;14
26087;70;184;14;14;0;0;14;14
26088;84;184;14;14;0;0;14;14
26089;98;184;14;14;0;0;14;14
26092;112;184;14;14;0;0;14;14
26093;126;184;14;14;0;0;14;14
26094;140;184;14;14;0;0;14;14
26095;154;184;14;14;0;0;14;14
26096;168;184;14;14;0;0;14;14
26097;182;184;14;14;0;0;14;14
26102;196;184;14;14;0;0;14;14
26103;210;184;14;14;0;0;14;14
26104;224;184;14;14;0;0;14;14
26106;238;184;14;14;0;0;14;14
26107;252;184;14;14;0;0;14;14
26112;266;184;14;14;0;0;14;14
26114;280;184;14;14;0;0;14;14
26115;294;184;14;14;0;0;14;14
26118;308;184;14;14;0;0;14;14
26119;322;184;14;14;0;0;14;14
26121;336;184;14;14;0;0;14;14
26122;350;184;14;14;0;0;14;14
26124;364;184;14;14;0;0;14;14
26126;378;184;14;14;0;0;14;14
26127;392;184;14;14;0;0;14;14
26131;406;184;14;14;0;0;14;14
26132;420;184;14;14;0;0;14;14
26133;434;184;14;14;0;0;14;14
26137;448;184;14;14;0;0;14;14
26141;462;184;14;14;0;0;14;14
26142;476;184;14;14;0;0;14;14
26143;490;184;14;14;0;0;14;14
26144;504;184;14;14;0;0;14;14
26149;518;184;14;14;0;0;14;14
26151;532;184;14;14;0;0;14;14
26152;546;184;14;14;0;0;14;14
26157;560;184;14;14;0;0;14;14
26159;574;184;14;14;0;0;14;14
26161;588;184;14;14;0;0;14;14
26164;602;184;14;14;0;0;14;14
26165;616;184;14;14;0;0;14;14
26166;630;184;14;14;0;0;14;14
26172;644;184;14;14;0;0;14;14
26174;658;184;14;14;0;0;14;14
26177;672;184;14;14;0;0;14;14
26178;686;184;14;14;0;0;14;14
26179;700;184;14;14;0;0;14;14
26185;714;184;14;14;0;0;14;14
26187;728;184;14;14;0;0;14;14
26188;742;184;14;14;0;0;14;14
26191;756;184;14;14;0;0;14;14
26194;770;184;14;14;0;0;14;14
26195;784;184;14;14;0;0;14;14
26196;798;184;14;14;0;0;14;14
26197;812;184;14;14;0;0;14;14
26198;826;184;14;14;0;0;14;14
26199;840;184;14;14;0;0;14;14
26202;854;184;14;14;0;0;14;14
26205;868;184;14;14;0;0;14;14
26206;882;184;14;14;0;0;14;14
26207;896;184;14;14;0;0;14;14
26209;910;184;14;14;0;0;14;14
26212;924;184;14;14;0;0;14;14
26214;938;184;14;14;0;0;14;14
26216;952;184;14;14;0;0;14;14
26217;966;184;14;14;0;0;14;14
26220;980;184;14;14;0;0;14;14
26222;994;184;14;14;0;0;14;14
26223;1008;184;14;14;0;0;14;14
26224;1022;184;14;14;0;0;14;14
26228;1036;184;14;14;0;0;14;14
26230;1050;184;14;14;0;0;14;14
26231;1064;184;14;14;0;0;14;14
26234;1078;184;14;14;0;0;14;14
26238;1092;184;14;14;0;0;14;14
26241;1106;184;14;14;0;0;14;14
26242;1120;184;14;14;0;0;14;14
26244;1134;184;14;14;0;0;14;14
26247;1148;184;14;14;0;0;14;14
26248;1162;184;14;14;0;0;14;14
26249;1176;184;14;14;0;0;14;14
26252;1190;184;14;14;0;0;14;14
26257;1204;184;14;14;0;0;14;14
26262;1218;184;14;14;0;0;14;14
26263;1232;184;14;14;0;0;14;14
26269;1246;184;14;14;0;0;14;14
26274;1260;184;14;14;0;0;14;14
26278;1274;184;14;14;0;0;14;14
26279;1288;184;14;14;0;0;14;14
26280;1302;184;14;14;0;0;14;14
26283;1316;184;14;14;0;0;14;14
26286;1330;184;14;14;0;0;14;14
26289;1344;184;14;14;0;0;14;14
26292;1358;184;14;14;0;0;14;14
26297;1372;184;14;14;0;0;14;14
26302;1386;184;14;14;0;0;14;14
26308;1400;184;14;14;0;0;14;14
26310;1414;184;14;14;0;0;14;14
26311;1428;184;14;14;0;0;14;14
26313;1442;184;14;14;0;0;14;14
26326;1456;184;14;14;0;0;14;14
26329;1470;184;14;14;0;0;14;14
26331;1484;184;14;14;0;0;14;14
26332;1498;184;14;14;0;0;14;14
26333;1512;184;14;14;0;0;14;14
26336;1526;184;14;14;0;0;14;14
26342;1540;184;14;14;0;0;14;14
26345;1554;184;14;14;0;0;14;14
26348;1568;184;14;14;0;0;14;14
26352;1582;184;14;14;0;0;14;14
26354;1596;184;14;14;0;0;14;14
26355;1610;184;14;14;0;0;14;14
26356;1624;184;14;14;0;0;14;14
26359;1638;184;14;14;0;0;14;14
26360;1652;184;14;14;0;0;14;14
26361;1666;184;14;14;0;0;14;14
26364;1680;184;14;14;0;0;14;14
26365;1694;184;14;14;0;0;14;14
26366;1708;184;14;14;0;0;14;14
26367;1722;184;14;14;0;0;14;14
26368;1736;184;14;14;0;0;14;14
26371;1750;184;14;14;0;0;14;14
26376;1764;184;14;14;0;0;14;14
26377;1778;184;14;14;0;0;14;14
26379;1792;184;14;14;0;0;14;14
26381;1806;184;14;14;0;0;14;14
26384;1820;184;14;14;0;0;14;14
26388;1834;184;14;14;0;0;14;14
26389;1848;184;14;14;0;0;14;14
26391;1862;184;14;14;0;0;14;14
26395;1876;184;14;14;0;0;14;14
26397;1890;184;14;14;0;0;14;14
26399;1904;184;14;14;0;0;14;14
26406;1918;184;14;14;0;0;14;14
26407;1932;184;14;14;0;0;14;14
26408;1946;184;14;14;0;0;14;14
26410;1960;184;14;14;0;0;14;14
26411;1974;184;14;14;0;0;14;14
26412;1988;184;14;14;0;0;14;14
26413;2002;184;14;14;0;0;14;14
26414;2016;184;14;14;0;0;14;14
26415;2030;184;14;14;0;0;14;14
26417;2044;184;14;14;0;0;14;14
26420;2058;184;14;14;0;0;14;14
26421;2072;184;14;14;0;0;14;14
26426;2086;184;14;14;0;0;14;14
26429;2100;184;14;14;0;0;14;14
26432;2114;184;14;14;0;0;14;14
26434;2128;184;14;14;0;0;14;14
26435;2142;184;14;14;0;0;14;14
26438;2156;184;14;14;0;0;14;14
26440;2170;184;14;14;0;0;14;14
26441;2184;184;14;14;0;0;14;14
26444;2198;184;14;14;0;0;14;14
26446;2212;184;14;14;0;0;14;14
26447;2226;184;14;14;0;0;14;14
26448;2240;184;14;14;0;0;14;14
26449;2254;184;14;14;0;0;14;14
26451;2268;184;14;14;0;0;14;14
26454;2282;184;14;14;0;0;14;14
26460;2296;184;14;14;0;0;14;14
26462;2310;184;14;14;0;0;14;14
26463;2324;184;14;14;0;0;14;14
26464;2338;184;14;14;0;0;14;14
26465;2352;184;14;14;0;0;14;14
26469;2366;184;14;14;0;0;14;14
26472;2380;184;14;14;0;0;14;14
26474;2394;184;14;14;0;0;14;14
26477;2408;184;14;14;0;0;14;14
26479;2422;184;14;14;0;0;14;14
26480;2436;184;14;14;0;0;14;14
26481;2450;184;14;14;0;0;14;14
26482;2464;184;14;14;0;0;14;14
26483;2478;184;14;14;0;0;14;14
26485;2492;184;14;14;0;0;14;14
26487;2506;184;14;14;0;0;14;14
26491;2520;184;14;14;0;0;14;14
26492;2534;184;14;14;0;0;14;14
26494;2548;184;14;14;0;0;14;14
26495;2562;184;14;14;0;0;14;14
26497;2576;184;14;14;0;0;14;14
26500;2590;184;14;14;0;0;14;14
26503;2604;184;14;14;0;0;14;14
26505;2618;184;14;14;0;0;14;14
26507;2632;184;14;14;0;0;14;14
26512;2646;184;14;14;0;0;14;14
26514;2660;184;14;14;0;0;14;14
26515;2674;184;14;14;0;0;14;14
26517;2688;184;14;14;0;0;14;14
26519;2702;184;14;14;0;0;14;14
26522;2716;184;14;14;0;0;14;14
26524;2730;184;14;14;0;0;14;14
26525;2744;184;14;14;0;0;14;14
26526;2758;184;14;14;0;0;14;14
26528;2772;184;14;14;0;0;14;14
26530;2786;184;14;14;0;0;14;14
26531;2800;184;14;14;0;0;14;14
26533;2814;184;14;14;0;0;14;14
26535;2828;184;14;14;0;0;14;14
26536;2842;184;14;14;0;0;14;14
26538;2856;184;14;14;0;0;14;14
26539;2870;184;14;14;0;0;14;14
26541;2884;184;14;14;0;0;14;14
26543;2898;184;14;14;0;0;14;14
26544;2912;184;14;14;0;0;14;14
26547;2926;184;14;14;0;0;14;14
26548;2940;184;14;14;0;0;14;14
26549;2954;184;14;14;0;0;14;14
26550;2968;184;14;14;0;0;14;14
26551;2982;184;14;14;0;0;14;14
26552;2996;184;14;14;0;0;14;14
26560;3010;184;14;14;0;0;14;14
26561;3024;184;14;14;0;0;14;14
26564;3038;184;14;14;0;0;14;14
26568;3052;184;14;14;0;0;14;14
26575;3066;184;14;14;0;0;14;14
26576;3080;184;14;14;0;0;14;14
26577;3094;184;14;14;0;0;14;14
26578;3108;184;14;14;0;0;14;14
26579;3122;184;14;14;0;0;14;14
26580;3136;184;14;14;0;0;14;14
26584;3150;184;14;14;0;0;14;14
26585;3164;184;14;14;0;0;14;14
26586;3178;184;14;14;0;0;14;14
26588;3192;184;14;14;0;0;14;14
26589;3206;184;14;14;0;0;14;14
26590;3220;184;14;14;0;0;14;14
26592;3234;184;14;14;0;0;14;14
26594;3248;184;14;14;0;0;14;14
26597;3262;184;14;14;0;0;14;14
26601;3276;184;14;14;0;0;14;14
26604;3290;184;14;14;0;0;14;14
26607;3304;184;14;14;0;0;14;14
26608;3318;184;14;14;0;0;14;14
26609;3332;184;14;14;0;0;14;14
26611;3346;184;14;14;0;0;14;14
26612;3360;184;14;14;0;0;14;14
26613;3374;184;14;14;0;0;14;14
26618;3388;184;14;14;0;0;14;14
26619;3402;184;14;14;0;0;14;14
26621;3416;184;14;14;0;0;14;14
26623;3430;184;14;14;0;0;14;14
26624;3444;184;14;14;0;0;14;14
26627;3458;184;14;14;0;0;14;14
26628;3472;184;14;14;0;0;14;14
26629;3486;184;14;14;0;0;14;14
26631;3500;184;14;14;0;0;14;14
26632;3514;184;14;14;0;0;14;14
26633;3528;184;14;14;0;0;14;14
26634;3542;184;14;14;0;0;14;14
26635;3556;184;14;14;0;0;14;14
26636;3570;184;14;14;0;0;14;14
26638;3584;184;14;14;0;0;14;14
26639;3598;184;14;14;0;0;14;14
26641;3612;184;14;14;0;0;14;14
26643;3626;184;14;14;0;0;14;14
26646;3640;184;14;14;0;0;14;14
26647;3654;184;14;14;0;0;14;14
26653;3668;184;14;14;0;0;14;14
26655;3682;184;14;14;0;0;14;14
26657;3696;184;14;14;0;0;14;14
26665;3710;184;14;14;0;0;14;14
26666;3724;184;14;14;0;0;14;14
26673;3738;184;14;14;0;0;14;14
26674;3752;184;14;14;0;0;14;14
26675;3766;184;14;14;0;0;14;14
26679;3780;184;14;14;0;0;14;14
26680;3794;184;14;14;0;0;14;14
26681;3808;184;14;14;0;0;14;14
26684;3822;184;14;14;0;0;14;14
26685;3836;184;14;14;0;0;14;14
26686;3850;184;14;14;0;0;14;14
26688;3864;184;14;14;0;0;14;14
26689;3878;184;14;14;0;0;14;14
26690;3892;184;14;14;0;0;14;14
26691;3906;184;14;14;0;0;14;14
26693;3920;184;14;14;0;0;14;14
26694;3934;184;14;14;0;0;14;14
26696;3948;184;14;14;0;0;14;14
26697;3962;184;14;14;0;0;14;14
26700;3976;184;14;14;0;0;14;14
26702;3990;184;14;14;0;0;14;14
26704;4004;184;14;14;0;0;14;14
26705;4018;184;14;14;0;0;14;14
26707;4032;184;14;14;0;0;14;14
26708;4046;184;14;14;0;0;14;14
26709;4060;184;14;14;0;0;14;14
26716;4074;184;14;14;0;0;14;14
26717;0;198;14;14;0;0;14;14
26719;14;198;14;14;0;0;14;14
26720;28;198;14;14;0;0;14;14
26721;42;198;14;14;0;0;14;14
26722;56;198;14;14;0;0;14;14
26723;70;198;14;14;0;0;14;14
26724;84;198;14;14;0;0;14;14
26725;98;198;14;14;0;0;14;14
26726;112;198;14;14;0;0;14;14
26727;126;198;14;14;0;0;14;14
26728;140;198;14;14;0;0;14;14
26729;154;198;14;14;0;0;14;14
26731;168;198;14;14;0;0;14;14
26740;182;198;14;14;0;0;14;14
26742;196;198;14;14;0;0;14;14
26743;210;198;14;14;0;0;14;14
26751;224;198;14;14;0;0;14;14
26753;238;198;14;14;0;0;14;14
26755;252;198;14;14;0;0;14;14
26757;266;198;14;14;0;0;14;14
26758;280;198;14;14;0;0;14;14
26767;294;198;14;14;0;0;14;14
26771;308;198;14;14;0;0;14;14
26772;322;198;14;14;0;0;14;14
26775;336;198;14;14;0;0;14;14
26776;350;198;14;14;0;0;14;14
26781;364;198;14;14;0;0;14;14
26783;378;198;14;14;0;0;14;14
26786;392;198;14;14;0;0;14;14
26790;406;198;14;14;0;0;14;14
26791;420;198;14;14;0;0;14;14
26792;434;198;14;14;0;0;14;14
26795;448;198;14;14;0;0;14;14
26797;462;198;14;14;0;0;14;14
26799;476;198;14;14;0;0;14;14
26800;490;198;14;14;0;0;14;14
26803;504;198;14;14;0;0;14;14
26805;518;198;14;14;0;0;14;14
26815;532;198;14;14;0;0;14;14
26816;546;198;14;14;0;0;14;14
26817;560;198;14;14;0;0;14;14
26818;574;198;14;14;0;0;14;14
26820;588;198;14;14;0;0;14;14
26821;602;198;14;14;0;0;14;14
26825;616;198;14;14;0;0;14;14
26827;630;198;14;14;0;0;14;14
26829;644;198;14;14;0;0;14;14
26834;658;198;14;14;0;0;14;14
26835;672;198;14;14;0;0;14;14
26837;686;198;14;14;0;0;14;14
26838;700;198;14;14;0;0;14;14
26839;714;198;14;14;0;0;14;14
26840;728;198;14;14;0;0;14;14
26842;742;198;14;14;0;0;14;14
26845;756;198;14;14;0;0;14;14
26847;770;198;14;14;0;0;14;14
26848;784;198;14;14;0;0;14;14
26851;798;198;14;14;0;0;14;14
26855;812;198;14;14;0;0;14;14
26862;826;198;14;14;0;0;14;14
26864;840;198;14;14;0;0;14;14
26865;854;198;14;14;0;0;14;14
26866;868;198;14;14;0;0;14;14
26869;882;198;14;14;0;0;14;14
26873;896;198;14;14;0;0;14;14
26874;910;198;14;14;0;0;14;14
26875;924;198;14;14;0;0;14;14
26876;938;198;14;14;0;0;14;14
26881;952;198;14;14;0;0;14;14
26885;966;198;14;14;0;0;14;14
26891;980;198;14;14;0;0;14;14
26893;994;198;14;14;0;0;14;14
26894;1008;198;14;14;0;0;14;14
26895;1022;198;14;14;0;0;14;14
26896;1036;198;14;14;0;0;14;14
26898;1050;198;14;14;0;0;14;14
26908;1064;198;14;14;0;0;14;14
26911;1078;198;14;14;0;0;14;14
26912;1092;198;14;14;0;0;14;14
26916;1106;198;14;14;0;0;14;14
26922;1120;198;14;14;0;0;14;14
26925;1134;198;14;14;0;0;14;14
26928;1148;198;14;14;0;0;14;14
26932;1162;198;14;14;0;0;14;14
26937;1176;198;14;14;0;0;14;14
26941;1190;198;14;14;0;0;14;14
26943;1204;198;14;14;0;0;14;14
26946;1218;198;14;14;0;0;14;14
26954;1232;198;14;14;0;0;14;14
26963;1246;198;14;14;0;0;14;14
26964;1260;198;14;14;0;0;14;14
26970;1274;198;14;14;0;0;14;14
26973;1288;198;14;14;0;0;14;14
26974;1302;198;14;14;0;0;14;14
26976;1316;198;14;14;0;0;14;14
26978;1330;198;14;14;0;0;14;14
26979;1344;198;14;14;0;0;14;14
26982;1358;198;14;14;0;0;14;14
26984;1372;198;14;14;0;0;14;14
26987;1386;198;14;14;0;0;14;14
26989;1400;198;14;14;0;0;14;14
26990;1414;198;14;14;0;0;14;14
26991;1428;198;14;14;0;0;14;14
26997;1442;198;14;14;0;0;14;14
26999;1456;198;14;14;0;0;14;14
27000;1470;198;14;14;0;0;14;14
27001;1484;198;14;14;0;0;14;14
27004;1498;198;14;14;0;0;14;14
27005;1512;198;14;14;0;0;14;14
27010;1526;198;14;14;0;0;14;14
27012;1540;198;14;14;0;0;14;14
27014;1554;198;14;14;0;0;14;14
27016;1568;198;14;14;0;0;14;14
27017;1582;198;14;14;0;0;14;14
27028;1596;198;14;14;0;0;14;14
27029;1610;198;14;14;0;0;14;14
27030;1624;198;14;14;0;0;14;14
27032;1638;198;14;14;0;0;14;14
27035;1652;198;14;14;0;0;14;14
27036;1666;198;14;14;0;0;14;14
27047;1680;198;14;14;0;0;14;14
27048;1694;198;14;14;0;0;14;14
27051;1708;198;14;14;0;0;14;14
27053;1722;198;14;14;0;0;14;14
27054;1736;198;14;14;0;0;14;14
27057;1750;198;14;14;0;0;14;14
27060;1764;198;14;14;0;0;14;14
27063;1778;198;14;14;0;0;14;14
27067;1792;198;14;14;0;0;14;14
27071;1806;198;14;14;0;0;14;14
27073;1820;198;14;14;0;0;14;14
27075;1834;198;14;14;0;0;14;14
27082;1848;198;14;14;0;0;14;14
27083;1862;198;14;14;0;0;14;14
27084;1876;198;14;14;0;0;14;14
27085;1890;198;14;14;0;0;14;14
27086;1904;198;14;14;0;0;14;14
27088;1918;198;14;14;0;0;14;14
27091;1932;198;14;14;0;0;14;14
27092;1946;198;14;14;0;0;14;14
27096;1960;198;14;14;0;0;14;14
27097;1974;198;14;14;0;0;14;14
27099;1988;198;14;14;0;0;14;14
27103;2002;198;14;14;0;0;14;14
27104;2016;198;14;14;0;0;14;14
27108;2030;198;14;14;0;0;14;14
27111;2044;198;14;14;0;0;14;14
27112;2058;198;14;14;0;0;14;14
27117;2072;198;14;14;0;0;14;14
27122;2086;198;14;14;0;0;14;14
27123;2100;198;14;14;0;0;14;14
27133;2114;198;14;14;0;0;14;14
27135;2128;198;14;14;0;0;14;14
27137;2142;198;14;14;0;0;14;14
27138;2156;198;14;14;0;0;14;14
27141;2170;198;14;14;0;0;14;14
27146;2184;198;14;14;0;0;14;14
27155;2198;198;14;14;0;0;14;14
27159;2212;198;14;14;0;0;14;14
27160;2226;198;14;14;0;0;14;14
27161;2240;198;14;14;0;0;14;14
27166;2254;198;14;14;0;0;14;14
27167;2268;198;14;14;0;0;14;14
27169;2282;198;14;14;0;0;14;14
27171;2296;198;14;14;0;0;14;14
27176;2310;198;14;14;0;0;14;14
27177;2324;198;14;14;0;0;14;14
27178;2338;198;14;14;0;0;14;14
27183;2352;198;14;14;0;0;14;14
27185;2366;198;14;14;0;0;14;14
27189;2380;198;14;14;0;0;14;14
27192;2394;198;14;14;0;0;14;14
27193;2408;198;14;14;0;0;14;14
27194;2422;198;14;14;0;0;14;14
27197;2436;198;14;14;0;0;14;14
27198;2450;198;14;14;0;0;14;14
27204;2464;198;14;14;0;0;14;14
27206;2478;198;14;14;0;0;14;14
27207;2492;198;14;14;0;0;14;14
27208;2506;198;14;14;0;0;14;14
27211;2520;198;14;14;0;0;14;14
27216;2534;198;14;14;0;0;14;14
27224;2548;198;14;14;0;0;14;14
27225;2562;198;14;14;0;0;14;14
27226;2576;198;14;14;0;0;14;14
27227;2590;198;14;14;0;0;14;14
27231;2604;198;14;14;0;0;14;14
27233;2618;198;14;14;0;0;14;14
27234;2632;198;14;14;0;0;14;14
27243;2646;198;14;14;0;0;14;14
27248;2660;198;14;14;0;0;14;14
27249;2674;198;14;14;0;0;14;14
27257;2688;198;14;14;0;0;14;14
27260;2702;198;14;14;0;0;14;14
27263;2716;198;14;14;0;0;14;14
27264;2730;198;14;14;0;0;14;14
27265;2744;198;14;14;0;0;14;14
27268;2758;198;14;14;0;0;14;14
27273;2772;198;14;14;0;0;14;14
27278;2786;198;14;14;0;0;14;14
27280;2800;198;14;14;0;0;14;14
27284;2814;198;14;14;0;0;14;14
27287;2828;198;14;14;0;0;14;14
27292;2842;198;14;14;0;0;14;14
27296;2856;198;14;14;0;0;14;14
27298;2870;198;14;14;0;0;14;14
27299;2884;198;14;14;0;0;14;14
27301;2898;198;14;14;0;0;14;14
27305;2912;198;14;14;0;0;14;14
27308;2926;198;14;14;0;0;14;14
27310;2940;198;14;14;0;0;14;14
27311;2954;198;14;14;0;0;14;14
27315;2968;198;14;14;0;0;14;14
27320;2982;198;14;14;0;0;14;14
27323;2996;198;14;14;0;0;14;14
27326;3010;198;14;14;0;0;14;14
27331;3024;198;14;14;0;0;14;14
27347;3038;198;14;14;0;0;14;14
27354;3052;198;14;14;0;0;14;14
27355;3066;198;14;14;0;0;14;14
27357;3080;198;14;14;0;0;14;14
27358;3094;198;14;14;0;0;14;14
27359;3108;198;14;14;0;0;14;14
27365;3122;198;14;14;0;0;14;14
27367;3136;198;14;14;0;0;14;14
27368;3150;198;14;14;0;0;14;14
27370;3164;198;14;14;0;0;14;14
27371;3178;198;14;14;0;0;14;14
27379;3192;198;14;14;0;0;14;14
27384;3206;198;14;14;0;0;14;14
27386;3220;198;14;14;0;0;14;14
27387;3234;198;14;14;0;0;14;14
27396;3248;198;14;14;0;0;14;14
27402;3262;198;14;14;0;0;14;14
27407;3276;198;14;14;0;0;14;14
27410;3290;198;14;14;0;0;14;14
27414;3304;198;14;14;0;0;14;14
27422;3318;198;14;14;0;0;14;14
27424;3332;198;14;14;0;0;14;14
27425;3346;198;14;14;0;0;14;14
27426;3360;198;14;14;0;0;14;14
27427;3374;198;14;14;0;0;14;14
27428;3388;198;14;14;0;0;14;14
27431;3402;198;14;14;0;0;14;14
27442;3416;198;14;14;0;0;14;14
27447;3430;198;14;14;0;0;14;14
27448;3444;198;14;14;0;0;14;14
27450;3458;198;14;14;0;0;14;14
27453;3472;198;14;14;0;0;14;14
27454;3486;198;14;14;0;0;14;14
27459;3500;198;14;14;0;0;14;14
27462;3514;198;14;14;0;0;14;14
27463;3528;198;14;14;0;0;14;14
27465;3542;198;14;14;0;0;14;14
27468;3556;198;14;14;0;0;14;14
27470;3570;198;14;14;0;0;14;14
27472;3584;198;14;14;0;0;14;14
27475;3598;198;14;14;0;0;14;14
27476;3612;198;14;14;0;0;14;14
27481;3626;198;14;14;0;0;14;14
27487;3640;198;14;14;0;0;14;14
27489;3654;198;14;14;0;0;14;14
27490;3668;198;14;14;0;0;14;14
27491;3682;198;14;14;0;0;14;14
27492;3696;198;14;14;0;0;14;14
27493;3710;198;14;14;0;0;14;14
27494;3724;198;14;14;0;0;14;14
27495;3738;198;14;14;0;0;14;14
27497;3752;198;14;14;0;0;14;14
27498;3766;198;14;14;0;0;14;14
27503;3780;198;14;14;0;0;14;14
27506;3794;198;14;14;0;0;14;14
27507;3808;198;14;14;0;0;14;14
27508;3822;198;14;14;0;0;14;14
27511;3836;198;14;14;0;0;14;14
27512;3850;198;14;14;0;0;14;14
27513;3864;198;14;14;0;0;14;14
27515;3878;198;14;14;0;0;14;14
27516;3892;198;14;14;0;0;14;14
27519;3906;198;14;14;0;0;14;14
27521;3920;198;14;14;0;0;14;14
27522;3934;198;14;14;0;0;14;14
27523;3948;198;14;14;0;0;14;14
27524;3962;198;14;14;0;0;14;14
27526;3976;198;14;14;0;0;14;14
27527;3990;198;14;14;0;0;14;14
27529;4004;198;14;14;0;0;14;14
27530;4018;198;14;14;0;0;14;14
27531;4032;198;14;14;0;0;14;14
27533;4046;198;14;14;0;0;14;14
27538;4060;198;14;14;0;0;14;14
27539;4074;198;14;14;0;0;14;14
27542;0;212;14;14;0;0;14;14
27544;14;212;14;14;0;0;14;14
27546;28;212;14;14;0;0;14;14
27547;42;212;14;14;0;0;14;14
27550;56;212;14;14;0;0;14;14
27553;70;212;14;14;0;0;14;14
27554;84;212;14;14;0;0;14;14
27556;98;212;14;14;0;0;14;14
27562;112;212;14;14;0;0;14;14
27563;126;212;14;14;0;0;14;14
27565;140;212;14;14;0;0;14;14
27566;154;212;14;14;0;0;14;14
27567;168;212;14;14;0;0;14;14
27570;182;212;14;14;0;0;14;14
27571;196;212;14;14;0;0;14;14
27572;210;212;14;14;0;0;14;14
27573;224;212;14;14;0;0;14;14
27575;238;212;14;14;0;0;14;14
27578;252;212;14;14;0;0;14;14
27579;266;212;14;14;0;0;14;14
27580;280;212;14;14;0;0;14;14
27583;294;212;14;14;0;0;14;14
27584;308;212;14;14;0;0;14;14
27585;322;212;14;14;0;0;14;14
27586;336;212;14;14;0;0;14;14
27589;350;212;14;14;0;0;14;14
27590;364;212;14;14;0;0;14;14
27595;378;212;14;14;0;0;14;14
27597;392;212;14;14;0;0;14;14
27598;406;212;14;14;0;0;14;14
27599;420;212;14;14;0;0;14;14
27602;434;212;14;14;0;0;14;14
27603;448;212;14;14;0;0;14;14
27604;462;212;14;14;0;0;14;14
27605;476;212;14;14;0;0;14;14
27606;490;212;14;14;0;0;14;14
27607;504;212;14;14;0;0;14;14
27609;518;212;14;14;0;0;14;14
27611;532;212;14;14;0;0;14;14
27617;546;212;14;14;0;0;14;14
27626;560;212;14;14;0;0;14;14
27627;574;212;14;14;0;0;14;14
27628;588;212;14;14;0;0;14;14
27631;602;212;14;14;0;0;14;14
27635;616;212;14;14;0;0;14;14
27641;630;212;14;14;0;0;14;14
27645;644;212;14;14;0;0;14;14
27653;658;212;14;14;0;0;14;14
27654;672;212;14;14;0;0;14;14
27655;686;212;14;14;0;0;14;14
27656;700;212;14;14;0;0;14;14
27660;714;212;14;14;0;0;14;14
27661;728;212;14;14;0;0;14;14
27663;742;212;14;14;0;0;14;14
27664;756;212;14;14;0;0;14;14
27665;770;212;14;14;0;0;14;14
27667;784;212;14;14;0;0;14;14
27668;798;212;14;14;0;0;14;14
27670;812;212;14;14;0;0;14;14
27671;826;212;14;14;0;0;14;14
27672;840;212;14;14;0;0;14;14
27673;854;212;14;14;0;0;14;14
27674;868;212;14;14;0;0;14;14
27675;882;212;14;14;0;0;14;14
27679;896;212;14;14;0;0;14;14
27681;910;212;14;14;0;0;14;14
27682;924;212;14;14;0;0;14;14
27683;938;212;14;14;0;0;14;14
27684;952;212;14;14;0;0;14;14
27686;966;212;14;14;0;0;14;14
27687;980;212;14;14;0;0;14;14
27688;994;212;14;14;0;0;14;14
27689;1008;212;14;14;0;0;14;14
27690;1022;212;14;14;0;0;14;14
27691;1036;212;14;14;0;0;14;14
27692;1050;212;14;14;0;0;14;14
27694;1064;212;14;14;0;0;14;14
27695;1078;212;14;14;0;0;14;14
27696;1092;212;14;14;0;0;14;14
27698;1106;212;14;14;0;0;14;14
27699;1120;212;14;14;0;0;14;14
27700;1134;212;14;14;0;0;14;14
27701;1148;212;14;14;0;0;14;14
27703;1162;212;14;14;0;0;14;14
27704;1176;212;14;14;0;0;14;14
27705;1190;212;14;14;0;0;14;14
27710;1204;212;14;14;0;0;14;14
27712;1218;212;14;14;0;0;14;14
27713;1232;212;14;14;0;0;14;14
27714;1246;212;14;14;0;0;14;14
27718;1260;212;14;14;0;0;14;14
27719;1274;212;14;14;0;0;14;14
27721;1288;212;14;14;0;0;14;14
27722;1302;212;14;14;0;0;14;14
27726;1316;212;14;14;0;0;14;14
27728;1330;212;14;14;0;0;14;14
27732;1344;212;14;14;0;0;14;14
27733;1358;212;14;14;0;0;14;14
27735;1372;212;14;14;0;0;14;14
27737;1386;212;14;14;0;0;14;14
27738;1400;212;14;14;0;0;14;14
27739;1414;212;14;14;0;0;14;14
27740;1428;212;14;14;0;0;14;14
27741;1442;212;14;14;0;0;14;14
27742;1456;212;14;14;0;0;14;14
27743;1470;212;14;14;0;0;14;14
27744;1484;212;14;14;0;0;14;14
27745;1498;212;14;14;0;0;14;14
27748;1512;212;14;14;0;0;14;14
27752;1526;212;14;14;0;0;14;14
27753;1540;212;14;14;0;0;14;14
27754;1554;212;14;14;0;0;14;14
27760;1568;212;14;14;0;0;14;14
27761;1582;212;14;14;0;0;14;14
27762;1596;212;14;14;0;0;14;14
27764;1610;212;14;14;0;0;14;14
27766;1624;212;14;14;0;0;14;14
27769;1638;212;14;14;0;0;14;14
27770;1652;212;14;14;0;0;14;14
27773;1666;212;14;14;0;0;14;14
27774;1680;212;14;14;0;0;14;14
27777;1694;212;14;14;0;0;14;14
27778;1708;212;14;14;0;0;14;14
27779;1722;212;14;14;0;0;14;14
27781;1736;212;14;14;0;0;14;14
27782;1750;212;14;14;0;0;14;14
27784;1764;212;14;14;0;0;14;14
27785;1778;212;14;14;0;0;14;14
27788;1792;212;14;14;0;0;14;14
27791;1806;212;14;14;0;0;14;14
27792;1820;212;14;14;0;0;14;14
27794;1834;212;14;14;0;0;14;14
27795;1848;212;14;14;0;0;14;14
27796;1862;212;14;14;0;0;14;14
27798;1876;212;14;14;0;0;14;14
27801;1890;212;14;14;0;0;14;14
27802;1904;212;14;14;0;0;14;14
27803;1918;212;14;14;0;0;14;14
27807;1932;212;14;14;0;0;14;14
27809;1946;212;14;14;0;0;14;14
27810;1960;212;14;14;0;0;14;14
27811;1974;212;14;14;0;0;14;14
27812;1988;212;14;14;0;0;14;14
27813;2002;212;14;14;0;0;14;14
27814;2016;212;14;14;0;0;14;14
27815;2030;212;14;14;0;0;14;14
27816;2044;212;14;14;0;0;14;14
27817;2058;212;14;14;0;0;14;14
27818;2072;212;14;14;0;0;14;14
27819;2086;212;14;14;0;0;14;14
27821;2100;212;14;14;0;0;14;14
27822;2114;212;14;14;0;0;14;14
27825;2128;212;14;14;0;0;14;14
27827;2142;212;14;14;0;0;14;14
27832;2156;212;14;14;0;0;14;14
27833;2170;212;14;14;0;0;14;14
27834;2184;212;14;14;0;0;14;14
27835;2198;212;14;14;0;0;14;14
27836;2212;212;14;14;0;0;14;14
27837;2226;212;14;14;0;0;14;14
27838;2240;212;14;14;0;0;14;14
27839;2254;212;14;14;0;0;14;14
27841;2268;212;14;14;0;0;14;14
27844;2282;212;14;14;0;0;14;14
27845;2296;212;14;14;0;0;14;14
27849;2310;212;14;14;0;0;14;14
27850;2324;212;14;14;0;0;14;14
27852;2338;212;14;14;0;0;14;14
27856;2352;212;14;14;0;0;14;14
27859;2366;212;14;14;0;0;14;14
27860;2380;212;14;14;0;0;14;14
27861;2394;212;14;14;0;0;14;14
27862;2408;212;14;14;0;0;14;14
27863;2422;212;14;14;0;0;14;14
27867;2436;212;14;14;0;0;14;14
27870;2450;212;14;14;0;0;14;14
27872;2464;212;14;14;0;0;14;14
27873;2478;212;14;14;0;0;14;14
27874;2492;212;14;14;0;0;14;14
27875;2506;212;14;14;0;0;14;14
27877;2520;212;14;14;0;0;14;14
27880;2534;212;14;14;0;0;14;14
27882;2548;212;14;14;0;0;14;14
27883;2562;212;14;14;0;0;14;14
27886;2576;212;14;14;0;0;14;14
27887;2590;212;14;14;0;0;14;14
27888;2604;212;14;14;0;0;14;14
27889;2618;212;14;14;0;0;14;14
27891;2632;212;14;14;0;0;14;14
27893;2646;212;14;14;0;0;14;14
27895;2660;212;14;14;0;0;14;14
27896;2674;212;14;14;0;0;14;14
27898;2688;212;14;14;0;0;14;14
27899;2702;212;14;14;0;0;14;14
27900;2716;212;14;14;0;0;14;14
27901;2730;212;14;14;0;0;14;14
27902;2744;212;14;14;0;0;14;14
27905;2758;212;14;14;0;0;14;14
27908;2772;212;14;14;0;0;14;14
27911;2786;212;14;14;0;0;14;14
27915;2800;212;14;14;0;0;14;14
27916;2814;212;14;14;0;0;14;14
27918;2828;212;14;14;0;0;14;14
27920;2842;212;14;14;0;0;14;14
27922;2856;212;14;14;0;0;14;14
27927;2870;212;14;14;0;0;14;14
27929;2884;212;14;14;0;0;14;14
27931;2898;212;14;14;0;0;14;14
27934;2912;212;14;14;0;0;14;14
27941;2926;212;14;14;0;0;14;14
27943;2940;212;14;14;0;0;14;14
27945;2954;212;14;14;0;0;14;14
27946;2968;212;14;14;0;0;14;14
27947;2982;212;14;14;0;0;14;14
27950;2996;212;14;14;0;0;14;14
27953;3010;212;14;14;0;0;14;14
27954;3024;212;14;14;0;0;14;14
27955;3038;212;14;14;0;0;14;14
27957;3052;212;14;14;0;0;14;14
27958;3066;212;14;14;0;0;14;14
27961;3080;212;14;14;0;0;14;14
27963;3094;212;14;14;0;0;14;14
27964;3108;212;14;14;0;0;14;14
27965;3122;212;14;14;0;0;14;14
27966;3136;212;14;14;0;0;14;14
27969;3150;212;14;14;0;0;14;14
27971;3164;212;14;14;0;0;14;14
27972;3178;212;14;14;0;0;14;14
27973;3192;212;14;14;0;0;14;14
27974;3206;212;14;14;0;0;14;14
27975;3220;212;14;14;0;0;14;14
27978;3234;212;14;14;0;0;14;14
27979;3248;212;14;14;0;0;14;14
27981;3262;212;14;14;0;0;14;14
27982;3276;212;14;14;0;0;14;14
27983;3290;212;14;14;0;0;14;14
27985;3304;212;14;14;0;0;14;14
27986;3318;212;14;14;0;0;14;14
27987;3332;212;14;14;0;0;14;14
27988;3346;212;14;14;0;0;14;14
27989;3360;212;14;14;0;0;14;14
27993;3374;212;14;14;0;0;14;14
27994;3388;212;14;14;0;0;14;14
27996;3402;212;14;14;0;0;14;14
27998;3416;212;14;14;0;0;14;14
28000;3430;212;14;14;0;0;14;14
28001;3444;212;14;14;0;0;14;14
28003;3458;212;14;14;0;0;14;14
28005;3472;212;14;14;0;0;14;14
28006;3486;212;14;14;0;0;14;14
28009;3500;212;14;14;0;0;14;14
28010;3514;212;14;14;0;0;14;14
28012;3528;212;14;14;0;0;14;14
28014;3542;212;14;14;0;0;14;14
28015;3556;212;14;14;0;0;14;14
28020;3570;212;14;14;0;0;14;14
28023;3584;212;14;14;0;0;14;14
28024;3598;212;14;14;0;0;14;14
28025;3612;212;14;14;0;0;14;14
28034;3626;212;14;14;0;0;14;14
28037;3640;212;14;14;0;0;14;14
28039;3654;212;14;14;0;0;14;14
28040;3668;212;14;14;0;0;14;14
28041;3682;212;14;14;0;0;14;14
28044;3696;212;14;14;0;0;14;14
28046;3710;212;14;14;0;0;14;14
28049;3724;212;14;14;0;0;14;14
28051;3738;212;14;14;0;0;14;14
28052;3752;212;14;14;0;0;14;14
28053;3766;212;14;14;0;0;14;14
28057;3780;212;14;14;0;0;14;14
28059;3794;212;14;14;0;0;14;14
28061;3808;212;14;14;0;0;14;14
28062;3822;212;14;14;0;0;14;14
28063;3836;212;14;14;0;0;14;14
28064;3850;212;14;14;0;0;14;14
28065;3864;212;14;14;0;0;14;14
28067;3878;212;14;14;0;0;14;14
28068;3892;212;14;14;0;0;14;14
28070;3906;212;14;14;0;0;14;14
28071;3920;212;14;14;0;0;14;14
28072;3934;212;14;14;0;0;14;14
28073;3948;212;14;14;0;0;14;14
28074;3962;212;14;14;0;0;14;14
28075;3976;212;14;14;0;0;14;14
28078;3990;212;14;14;0;0;14;14
28079;4004;212;14;14;0;0;14;14
28082;4018;212;14;14;0;0;14;14
28085;4032;212;14;14;0;0;14;14
28088;4046;212;14;14;0;0;14;14
28092;4060;212;14;14;0;0;14;14
28095;4074;212;14;14;0;0;14;14
28096;0;226;14;14;0;0;14;14
28100;14;226;14;14;0;0;14;14
28101;28;226;14;14;0;0;14;14
28102;42;226;14;14;0;0;14;14
28103;56;226;14;14;0;0;14;14
28107;70;226;14;14;0;0;14;14
28108;84;226;14;14;0;0;14;14
28113;98;226;14;14;0;0;14;14
28114;112;226;14;14;0;0;14;14
28118;126;226;14;14;0;0;14;14
28120;140;226;14;14;0;0;14;14
28121;154;226;14;14;0;0;14;14
28122;168;226;14;14;0;0;14;14
28125;182;226;14;14;0;0;14;14
28126;196;226;14;14;0;0;14;14
28128;210;226;14;14;0;0;14;14
28129;224;226;14;14;0;0;14;14
28132;238;226;14;14;0;0;14;14
28133;252;226;14;14;0;0;14;14
28134;266;226;14;14;0;0;14;14
28136;280;226;14;14;0;0;14;14
28137;294;226;14;14;0;0;14;14
28138;308;226;14;14;0;0;14;14
28139;322;226;14;14;0;0;14;14
28140;336;226;14;14;0;0;14;14
28142;350;226;14;14;0;0;14;14
28145;364;226;14;14;0;0;14;14
28147;378;226;14;14;0;0;14;14
28149;392;226;14;14;0;0;14;14
28150;406;226;14;14;0;0;14;14
28151;420;226;14;14;0;0;14;14
28153;434;226;14;14;0;0;14;14
28154;448;226;14;14;0;0;14;14
28155;462;226;14;14;0;0;14;14
28156;476;226;14;14;0;0;14;14
28165;490;226;14;14;0;0;14;14
28167;504;226;14;14;0;0;14;14
28168;518;226;14;14;0;0;14;14
28169;532;226;14;14;0;0;14;14
28170;546;226;14;14;0;0;14;14
28171;560;226;14;14;0;0;14;14
28172;574;226;14;14;0;0;14;14
28173;588;226;14;14;0;0;14;14
28174;602;226;14;14;0;0;14;14
28176;616;226;14;14;0;0;14;14
28177;630;226;14;14;0;0;14;14
28179;644;226;14;14;0;0;14;14
28180;658;226;14;14;0;0;14;14
28183;672;226;14;14;0;0;14;14
28185;686;226;14;14;0;0;14;14
28186;700;226;14;14;0;0;14;14
28187;714;226;14;14;0;0;14;14
28189;728;226;14;14;0;0;14;14
28192;742;226;14;14;0;0;14;14
28193;756;226;14;14;0;0;14;14
28195;770;226;14;14;0;0;14;14
28196;784;226;14;14;0;0;14;14
28197;798;226;14;14;0;0;14;14
28198;812;226;14;14;0;0;14;14
28201;826;226;14;14;0;0;14;14
28203;840;226;14;14;0;0;14;14
28204;854;226;14;14;0;0;14;14
28205;868;226;14;14;0;0;14;14
28207;882;226;14;14;0;0;14;14
28210;896;226;14;14;0;0;14;14
28212;910;226;14;14;0;0;14;14
28216;924;226;14;14;0;0;14;14
28218;938;226;14;14;0;0;14;14
28222;952;226;14;14;0;0;14;14
28227;966;226;14;14;0;0;14;14
28228;980;226;14;14;0;0;14;14
28233;994;226;14;14;0;0;14;14
28234;1008;226;14;14;0;0;14;14
28237;1022;226;14;14;0;0;14;14
28238;1036;226;14;14;0;0;14;14
28244;1050;226;14;14;0;0;14;14
28246;1064;226;14;14;0;0;14;14
28248;1078;226;14;14;0;0;14;14
28251;1092;226;14;14;0;0;14;14
28252;1106;226;14;14;0;0;14;14
28255;1120;226;14;14;0;0;14;14
28263;1134;226;14;14;0;0;14;14
28267;1148;226;14;14;0;0;14;14
28270;1162;226;14;14;0;0;14;14
28271;1176;226;14;14;0;0;14;14
28274;1190;226;14;14;0;0;14;14
28275;1204;226;14;14;0;0;14;14
28286;1218;226;14;14;0;0;14;14
28287;1232;226;14;14;0;0;14;14
28288;1246;226;14;14;0;0;14;14
28291;1260;226;14;14;0;0;14;14
28293;1274;226;14;14;0;0;14;14
28294;1288;226;14;14;0;0;14;14
28296;1302;226;14;14;0;0;14;14
28297;1316;226;14;14;0;0;14;14
28303;1330;226;14;14;0;0;14;14
28304;1344;226;14;14;0;0;14;14
28310;1358;226;14;14;0;0;14;14
28312;1372;226;14;14;0;0;14;14
28316;1386;226;14;14;0;0;14;14
28317;1400;226;14;14;0;0;14;14
28319;1414;226;14;14;0;0;14;14
28322;1428;226;14;14;0;0;14;14
28325;1442;226;14;14;0;0;14;14
28327;1456;226;14;14;0;0;14;14
28330;1470;226;14;14;0;0;14;14
28331;1484;226;14;14;0;0;14;14
28335;1498;226;14;14;0;0;14;14
28337;1512;226;14;14;0;0;14;14
28338;1526;226;14;14;0;0;14;14
28340;1540;226;14;14;0;0;14;14
28342;1554;226;14;14;0;0;14;14
28343;1568;226;14;14;0;0;14;14
28346;1582;226;14;14;0;0;14;14
28347;1596;226;14;14;0;0;14;14
28348;1610;226;14;14;0;0;14;14
28349;1624;226;14;14;0;0;14;14
28353;1638;226;14;14;0;0;14;14
28354;1652;226;14;14;0;0;14;14
28355;1666;226;14;14;0;0;14;14
28356;1680;226;14;14;0;0;14;14
28357;1694;226;14;14;0;0;14;14
28359;1708;226;14;14;0;0;14;14
28361;1722;226;14;14;0;0;14;14
28363;1736;226;14;14;0;0;14;14
28364;1750;226;14;14;0;0;14;14
28366;1764;226;14;14;0;0;14;14
28367;1778;226;14;14;0;0;14;14
28369;1792;226;14;14;0;0;14;14
28371;1806;226;14;14;0;0;14;14
28372;1820;226;14;14;0;0;14;14
28373;1834;226;14;14;0;0;14;14
28375;1848;226;14;14;0;0;14;14
28378;1862;226;14;14;0;0;14;14
28381;1876;226;14;14;0;0;14;14
28382;1890;226;14;14;0;0;14;14
28383;1904;226;14;14;0;0;14;14
28385;1918;226;14;14;0;0;14;14
28386;1932;226;14;14;0;0;14;14
28388;1946;226;14;14;0;0;14;14
28389;1960;226;14;14;0;0;14;14
28390;1974;226;14;14;0;0;14;14
28392;1988;226;14;14;0;0;14;14
28393;2002;226;14;14;0;0;14;14
28394;2016;226;14;14;0;0;14;14
28395;2030;226;14;14;0;0;14;14
28396;2044;226;14;14;0;0;14;14
28399;2058;226;14;14;0;0;14;14
28402;2072;226;14;14;0;0;14;14
28404;2086;226;14;14;0;0;14;14
28407;2100;226;14;14;0;0;14;14
28408;2114;226;14;14;0;0;14;14
28409;2128;226;14;14;0;0;14;14
28414;2142;226;14;14;0;0;14;14
28415;2156;226;14;14;0;0;14;14
28417;2170;226;14;14;0;0;14;14
28418;2184;226;14;14;0;0;14;14
28422;2198;226;14;14;0;0;14;14
28424;2212;226;14;14;0;0;14;14
28425;2226;226;14;14;0;0;14;14
28431;2240;226;14;14;0;0;14;14
28435;2254;226;14;14;0;0;14;14
28436;2268;226;14;14;0;0;14;14
28437;2282;226;14;14;0;0;14;14
28442;2296;226;14;14;0;0;14;14
28448;2310;226;14;14;0;0;14;14
28450;2324;226;14;14;0;0;14;14
28451;2338;226;14;14;0;0;14;14
28457;2352;226;14;14;0;0;14;14
28458;2366;226;14;14;0;0;14;14
28459;2380;226;14;14;0;0;14;14
28460;2394;226;14;14;0;0;14;14
28461;2408;226;14;14;0;0;14;14
28463;2422;226;14;14;0;0;14;14
28465;2436;226;14;14;0;0;14;14
28466;2450;226;14;14;0;0;14;14
28467;2464;226;14;14;0;0;14;14
28469;2478;226;14;14;0;0;14;14
28470;2492;226;14;14;0;0;14;14
28472;2506;226;14;14;0;0;14;14
28478;2520;226;14;14;0;0;14;14
28479;2534;226;14;14;0;0;14;14
28481;2548;226;14;14;0;0;14;14
28487;2562;226;14;14;0;0;14;14
28491;2576;226;14;14;0;0;14;14
28493;2590;226;14;14;0;0;14;14
28495;2604;226;14;14;0;0;14;14
28497;2618;226;14;14;0;0;14;14
28500;2632;226;14;14;0;0;14;14
28504;2646;226;14;14;0;0;14;14
28507;2660;226;14;14;0;0;14;14
28508;2674;226;14;14;0;0;14;14
28510;2688;226;14;14;0;0;14;14
28511;2702;226;14;14;0;0;14;14
28514;2716;226;14;14;0;0;14;14
28516;2730;226;14;14;0;0;14;14
28518;2744;226;14;14;0;0;14;14
28525;2758;226;14;14;0;0;14;14
28526;2772;226;14;14;0;0;14;14
28527;2786;226;14;14;0;0;14;14
28528;2800;226;14;14;0;0;14;14
28530;2814;226;14;14;0;0;14;14
28532;2828;226;14;14;0;0;14;14
28535;2842;226;14;14;0;0;14;14
28536;2856;226;14;14;0;0;14;14
28538;2870;226;14;14;0;0;14;14
28540;2884;226;14;14;0;0;14;14
28543;2898;226;14;14;0;0;14;14
28544;2912;226;14;14;0;0;14;14
28546;2926;226;14;14;0;0;14;14
28548;2940;226;14;14;0;0;14;14
28550;2954;226;14;14;0;0;14;14
28551;2968;226;14;14;0;0;14;14
28552;2982;226;14;14;0;0;14;14
28553;2996;226;14;14;0;0;14;14
28556;3010;226;14;14;0;0;14;14
28557;3024;226;14;14;0;0;14;14
28558;3038;226;14;14;0;0;14;14
28567;3052;226;14;14;0;0;14;14
28572;3066;226;14;14;0;0;14;14
28576;3080;226;14;14;0;0;14;14
28577;3094;226;14;14;0;0;14;14
28579;3108;226;14;14;0;0;14;14
28580;3122;226;14;14;0;0;14;14
28581;3136;226;14;14;0;0;14;14
28583;3150;226;14;14;0;0;14;14
28590;3164;226;14;14;0;0;14;14
28591;3178;226;14;14;0;0;14;14
28593;3192;226;14;14;0;0;14;14
28595;3206;226;14;14;0;0;14;14
28598;3220;226;14;14;0;0;14;14
28601;3234;226;14;14;0;0;14;14
28608;3248;226;14;14;0;0;14;14
28609;3262;226;14;14;0;0;14;14
28610;3276;226;14;14;0;0;14;14
28611;3290;226;14;14;0;0;14;14
28617;3304;226;14;14;0;0;14;14
28625;3318;226;14;14;0;0;14;14
28626;3332;226;14;14;0;0;14;14
28629;3346;226;14;14;0;0;14;14
28632;3360;226;14;14;0;0;14;14
28635;3374;226;14;14;0;0;14;14
28638;3388;226;14;14;0;0;14;14
28639;3402;226;14;14;0;0;14;14
28640;3416;226;14;14;0;0;14;14
28641;3430;226;14;14;0;0;14;14
28644;3444;226;14;14;0;0;14;14
28651;3458;226;14;14;0;0;14;14
28652;3472;226;14;14;0;0;14;14
28654;3486;226;14;14;0;0;14;14
28655;3500;226;14;14;0;0;14;14
28656;3514;226;14;14;0;0;14;14
28657;3528;226;14;14;0;0;14;14
28666;3542;226;14;14;0;0;14;14
28668;3556;226;14;14;0;0;14;14
28670;3570;226;14;14;0;0;14;14
28677;3584;226;14;14;0;0;14;14
28678;3598;226;14;14;0;0;14;14
28681;3612;226;14;14;0;0;14;14
28683;3626;226;14;14;0;0;14;14
28687;3640;226;14;14;0;0;14;14
28689;3654;226;14;14;0;0;14;14
28693;3668;226;14;14;0;0;14;14
28696;3682;226;14;14;0;0;14;14
28698;3696;226;14;14;0;0;14;14
28699;3710;226;14;14;0;0;14;14
28701;3724;226;14;14;0;0;14;14
28703;3738;226;14;14;0;0;14;14
28707;3752;226;14;14;0;0;14;14
28710;3766;226;14;14;0;0;14;14
28711;3780;226;14;14;0;0;14;14
28712;3794;226;14;14;0;0;14;14
28716;3808;226;14;14;0;0;14;14
28720;3822;226;14;14;0;0;14;14
28722;3836;226;14;14;0;0;14;14
28734;3850;226;14;14;0;0;14;14
28739;3864;226;14;14;0;0;14;14
28748;3878;226;14;14;0;0;14;14
28751;3892;226;14;14;0;0;14;14
28753;3906;226;14;14;0;0;14;14
28757;3920;226;14;14;0;0;14;14
28760;3934;226;14;14;0;0;14;14
28765;3948;226;14;14;0;0;14;14
28766;3962;226;14;14;0;0;14;14
28771;3976;226;14;14;0;0;14;14
28772;3990;226;14;14;0;0;14;14
28777;4004;226;14;14;0;0;14;14
28779;4018;226;14;14;0;0;14;14
28781;4032;226;14;14;0;0;14;14
28783;4046;226;14;14;0;0;14;14
28784;4060;226;14;14;0;0;14;14
28789;4074;226;14;14;0;0;14;14
28790;0;240;14;14;0;0;14;14
28792;14;240;14;14;0;0;14;14
28796;28;240;14;14;0;0;14;14
28797;42;240;14;14;0;0;14;14
28798;56;240;14;14;0;0;14;14
28799;70;240;14;14;0;0;14;14
28800;84;240;14;14;0;0;14;14
28801;98;240;14;14;0;0;14;14
28805;112;240;14;14;0;0;14;14
28809;126;240;14;14;0;0;14;14
28810;140;240;14;14;0;0;14;14
28814;154;240;14;14;0;0;14;14
28818;168;240;14;14;0;0;14;14
28820;182;240;14;14;0;0;14;14
28821;196;240;14;14;0;0;14;14
28822;210;240;14;14;0;0;14;14
28824;224;240;14;14;0;0;14;14
28825;238;240;14;14;0;0;14;14
28828;252;240;14;14;0;0;14;14
28829;266;240;14;14;0;0;14;14
28836;280;240;14;14;0;0;14;14
28843;294;240;14;14;0;0;14;14
28844;308;240;14;14;0;0;14;14
28845;322;240;14;14;0;0;14;14
28846;336;240;14;14;0;0;14;14
28847;350;240;14;14;0;0;14;14
28849;364;240;14;14;0;0;14;14
28851;378;240;14;14;0;0;14;14
28855;392;240;14;14;0;0;14;14
28856;406;240;14;14;0;0;14;14
28857;420;240;14;14;0;0;14;14
28858;434;240;14;14;0;0;14;14
28859;448;240;14;14;0;0;14;14
28860;462;240;14;14;0;0;14;14
28861;476;240;14;14;0;0;14;14
28862;490;240;14;14;0;0;14;14
28864;504;240;14;14;0;0;14;14
28865;518;240;14;14;0;0;14;14
28866;532;240;14;14;0;0;14;14
28867;546;240;14;14;0;0;14;14
28872;560;240;14;14;0;0;14;14
28874;574;240;14;14;0;0;14;14
28879;588;240;14;14;0;0;14;14
28884;602;240;14;14;0;0;14;14
28888;616;240;14;14;0;0;14;14
28889;630;240;14;14;0;0;14;14
28891;644;240;14;14;0;0;14;14
28892;658;240;14;14;0;0;14;14
28895;672;240;14;14;0;0;14;14
28900;686;240;14;14;0;0;14;14
28902;700;240;14;14;0;0;14;14
28903;714;240;14;14;0;0;14;14
28904;728;240;14;14;0;0;14;14
28905;742;240;14;14;0;0;14;14
28907;756;240;14;14;0;0;14;14
28908;770;240;14;14;0;0;14;14
28909;784;240;14;14;0;0;14;14
28911;798;240;14;14;0;0;14;14
28916;812;240;14;14;0;0;14;14
28919;826;240;14;14;0;0;14;14
28921;840;240;14;14;0;0;14;14
28925;854;240;14;14;0;0;14;14
28926;868;240;14;14;0;0;14;14
28937;882;240;14;14;0;0;14;14
28938;896;240;14;14;0;0;14;14
28944;910;240;14;14;0;0;14;14
28947;924;240;14;14;0;0;14;14
28949;938;240;14;14;0;0;14;14
28950;952;240;14;14;0;0;14;14
28951;966;240;14;14;0;0;14;14
28952;980;240;14;14;0;0;14;14
28953;994;240;14;14;0;0;14;14
28954;1008;240;14;14;0;0;14;14
28956;1022;240;14;14;0;0;14;14
28961;1036;240;14;14;0;0;14;14
28962;1050;240;14;14;0;0;14;14
28966;1064;240;14;14;0;0;14;14
28975;1078;240;14;14;0;0;14;14
28976;1092;240;14;14;0;0;14;14
28977;1106;240;14;14;0;0;14;14
28982;1120;240;14;14;0;0;14;14
28988;1134;240;14;14;0;0;14;14
28997;1148;240;14;14;0;0;14;14
28998;1162;240;14;14;0;0;14;14
29001;1176;240;14;14;0;0;14;14
29002;1190;240;14;14;0;0;14;14
29004;1204;240;14;14;0;0;14;14
29006;1218;240;14;14;0;0;14;14
29010;1232;240;14;14;0;0;14;14
29017;1246;240;14;14;0;0;14;14
29020;1260;240;14;14;0;0;14;14
29022;1274;240;14;14;0;0;14;14
29024;1288;240;14;14;0;0;14;14
29026;1302;240;14;14;0;0;14;14
29028;1316;240;14;14;0;0;14;14
29029;1330;240;14;14;0;0;14;14
29030;1344;240;14;14;0;0;14;14
29031;1358;240;14;14;0;0;14;14
29032;1372;240;14;14;0;0;14;14
29033;1386;240;14;14;0;0;14;14
29036;1400;240;14;14;0;0;14;14
29038;1414;240;14;14;0;0;14;14
29042;1428;240;14;14;0;0;14;14
29043;1442;240;14;14;0;0;14;14
29048;1456;240;14;14;0;0;14;14
29050;1470;240;14;14;0;0;14;14
29053;1484;240;14;14;0;0;14;14
29060;1498;240;14;14;0;0;14;14
29066;1512;240;14;14;0;0;14;14
29071;1526;240;14;14;0;0;14;14
29074;1540;240;14;14;0;0;14;14
29076;1554;240;14;14;0;0;14;14
29079;1568;240;14;14;0;0;14;14
29080;1582;240;14;14;0;0;14;14
29081;1596;240;14;14;0;0;14;14
29084;1610;240;14;14;0;0;14;14
29087;1624;240;14;14;0;0;14;14
29088;1638;240;14;14;0;0;14;14
29093;1652;240;14;14;0;0;14;14
29096;1666;240;14;14;0;0;14;14
29100;1680;240;14;14;0;0;14;14
29105;1694;240;14;14;0;0;14;14
29109;1708;240;14;14;0;0;14;14
29113;1722;240;14;14;0;0;14;14
29118;1736;240;14;14;0;0;14;14
29121;1750;240;14;14;0;0;14;14
29123;1764;240;14;14;0;0;14;14
29124;1778;240;14;14;0;0;14;14
29128;1792;240;14;14;0;0;14;14
29129;1806;240;14;14;0;0;14;14
29130;1820;240;14;14;0;0;14;14
29134;1834;240;14;14;0;0;14;14
29138;1848;240;14;14;0;0;14;14
29140;1862;240;14;14;0;0;14;14
29141;1876;240;14;14;0;0;14;14
29145;1890;240;14;14;0;0;14;14
29148;1904;240;14;14;0;0;14;14
29151;1918;240;14;14;0;0;14;14
29152;1932;240;14;14;0;0;14;14
29157;1946;240;14;14;0;0;14;14
29158;1960;240;14;14;0;0;14;14
29159;1974;240;14;14;0;0;14;14
29164;1988;240;14;14;0;0;14;14
29165;2002;240;14;14;0;0;14;14
29166;2016;240;14;14;0;0;14;14
29172;2030;240;14;14;0;0;14;14
29177;2044;240;14;14;0;0;14;14
29179;2058;240;14;14;0;0;14;14
29180;2072;240;14;14;0;0;14;14
29182;2086;240;14;14;0;0;14;14
29183;2100;240;14;14;0;0;14;14
29190;2114;240;14;14;0;0;14;14
29197;2128;240;14;14;0;0;14;14
29200;2142;240;14;14;0;0;14;14
29211;2156;240;14;14;0;0;14;14
29213;2170;240;14;14;0;0;14;14
29224;2184;240;14;14;0;0;14;14
29226;2198;240;14;14;0;0;14;14
29228;2212;240;14;14;0;0;14;14
29229;2226;240;14;14;0;0;14;14
29232;2240;240;14;14;0;0;14;14
29233;2254;240;14;14;0;0;14;14
29237;2268;240;14;14;0;0;14;14
29238;2282;240;14;14;0;0;14;14
29239;2296;240;14;14;0;0;14;14
29240;2310;240;14;14;0;0;14;14
29241;2324;240;14;14;0;0;14;14
29242;2338;240;14;14;0;0;14;14
29243;2352;240;14;14;0;0;14;14
29245;2366;240;14;14;0;0;14;14
29246;2380;240;14;14;0;0;14;14
29247;2394;240;14;14;0;0;14;14
29249;2408;240;14;14;0;0;14;14
29250;2422;240;14;14;0;0;14;14
29254;2436;240;14;14;0;0;14;14
29255;2450;240;14;14;0;0;14;14
29256;2464;240;14;14;0;0;14;14
29260;2478;240;14;14;0;0;14;14
29261;2492;240;14;14;0;0;14;14
29266;2506;240;14;14;0;0;14;14
29270;2520;240;14;14;0;0;14;14
29272;2534;240;14;14;0;0;14;14
29273;2548;240;14;14;0;0;14;14
29275;2562;240;14;14;0;0;14;14
29277;2576;240;14;14;0;0;14;14
29279;2590;240;14;14;0;0;14;14
29280;2604;240;14;14;0;0;14;14
29281;2618;240;14;14;0;0;14;14
29282;2632;240;14;14;0;0;14;14
29284;2646;240;14;14;0;0;14;14
29286;2660;240;14;14;0;0;14;14
29287;2674;240;14;14;0;0;14;14
29289;2688;240;14;14;0;0;14;14
29294;2702;240;14;14;0;0;14;14
29295;2716;240;14;14;0;0;14;14
29298;2730;240;14;14;0;0;14;14
29300;2744;240;14;14;0;0;14;14
29301;2758;240;14;14;0;0;14;14
29305;2772;240;14;14;0;0;14;14
29306;2786;240;14;14;0;0;14;14
29309;2800;240;14;14;0;0;14;14
29310;2814;240;14;14;0;0;14;14
29312;2828;240;14;14;0;0;14;14
29313;2842;240;14;14;0;0;14;14
29316;2856;240;14;14;0;0;14;14
29322;2870;240;14;14;0;0;14;14
29323;2884;240;14;14;0;0;14;14
29325;2898;240;14;14;0;0;14;14
29327;2912;240;14;14;0;0;14;14
29330;2926;240;14;14;0;0;14;14
29334;2940;240;14;14;0;0;14;14
29339;2954;240;14;14;0;0;14;14
29343;2968;240;14;14;0;0;14;14
29344;2982;240;14;14;0;0;14;14
29346;2996;240;14;14;0;0;14;14
29351;3010;240;14;14;0;0;14;14
29356;3024;240;14;14;0;0;14;14
29359;3038;240;14;14;0;0;14;14
29360;3052;240;14;14;0;0;14;14
29366;3066;240;14;14;0;0;14;14
29367;3080;240;14;14;0;0;14;14
29368;3094;240;14;14;0;0;14;14
29369;3108;240;14;14;0;0;14;14
29376;3122;240;14;14;0;0;14;14
29377;3136;240;14;14;0;0;14;14
29378;3150;240;14;14;0;0;14;14
29380;3164;240;14;14;0;0;14;14
29384;3178;240;14;14;0;0;14;14
29389;3192;240;14;14;0;0;14;14
29390;3206;240;14;14;0;0;14;14
29392;3220;240;14;14;0;0;14;14
29394;3234;240;14;14;0;0;14;14
29399;3248;240;14;14;0;0;14;14
29401;3262;240;14;14;0;0;14;14
29406;3276;240;14;14;0;0;14;14
29408;3290;240;14;14;0;0;14;14
29409;3304;240;14;14;0;0;14;14
29416;3318;240;14;14;0;0;14;14
29417;3332;240;14;14;0;0;14;14
29420;3346;240;14;14;0;0;14;14
29421;3360;240;14;14;0;0;14;14
29422;3374;240;14;14;0;0;14;14
29423;3388;240;14;14;0;0;14;14
29424;3402;240;14;14;0;0;14;14
29425;3416;240;14;14;0;0;14;14
29426;3430;240;14;14;0;0;14;14
29427;3444;240;14;14;0;0;14;14
29431;3458;240;14;14;0;0;14;14
29432;3472;240;14;14;0;0;14;14
29433;3486;240;14;14;0;0;14;14
29434;3500;240;14;14;0;0;14;14
29435;3514;240;14;14;0;0;14;14
29436;3528;240;14;14;0;0;14;14
29437;3542;240;14;14;0;0;14;14
29441;3556;240;14;14;0;0;14;14
29443;3570;240;14;14;0;0;14;14
29454;3584;240;14;14;0;0;14;14
29459;3598;240;14;14;0;0;14;14
29461;3612;240;14;14;0;0;14;14
29462;3626;240;14;14;0;0;14;14
29463;3640;240;14;14;0;0;14;14
29465;3654;240;14;14;0;0;14;14
29467;3668;240;14;14;0;0;14;14
29468;3682;240;14;14;0;0;14;14
29469;3696;240;14;14;0;0;14;14
29470;3710;240;14;14;0;0;14;14
29471;3724;240;14;14;0;0;14;14
29473;3738;240;14;14;0;0;14;14
29474;3752;240;14;14;0;0;14;14
29477;3766;240;14;14;0;0;14;14
29481;3780;240;14;14;0;0;14;14
29482;3794;240;14;14;0;0;14;14
29483;3808;240;14;14;0;0;14;14
29484;3822;240;14;14;0;0;14;14
29486;3836;240;14;14;0;0;14;14
29489;3850;240;14;14;0;0;14;14
29492;3864;240;14;14;0;0;14;14
29494;3878;240;14;14;0;0;14;14
29495;3892;240;14;14;0;0;14;14
29496;3906;240;14;14;0;0;14;14
29497;3920;240;14;14;0;0;14;14
29499;3934;240;14;14;0;0;14;14
29502;3948;240;14;14;0;0;14;14
29503;3962;240;14;14;0;0;14;14
29505;3976;240;14;14;0;0;14;14
29507;3990;240;14;14;0;0;14;14
29508;4004;240;14;14;0;0;14;14
29509;4018;240;14;14;0;0;14;14
29518;4032;240;14;14;0;0;14;14
29520;4046;240;14;14;0;0;14;14
29522;4060;240;14;14;0;0;14;14
29527;4074;240;14;14;0;0;14;14
29536;0;254;14;14;0;0;14;14
29539;14;254;14;14;0;0;14;14
29544;28;254;14;14;0;0;14;14
29546;42;254;14;14;0;0;14;14
29547;56;254;14;14;0;0;14;14
29548;70;254;14;14;0;0;14;14
29549;84;254;14;14;0;0;14;14
29552;98;254;14;14;0;0;14;14
29554;112;254;14;14;0;0;14;14
29556;126;254;14;14;0;0;14;14
29557;140;254;14;14;0;0;14;14
29559;154;254;14;14;0;0;14;14
29560;168;254;14;14;0;0;14;14
29562;182;254;14;14;0;0;14;14
29563;196;254;14;14;0;0;14;14
29564;210;254;14;14;0;0;14;14
29566;224;254;14;14;0;0;14;14
29568;238;254;14;14;0;0;14;14
29572;252;254;14;14;0;0;14;14
29575;266;254;14;14;0;0;14;14
29577;280;254;14;14;0;0;14;14
29579;294;254;14;14;0;0;14;14
29582;308;254;14;14;0;0;14;14
29585;322;254;14;14;0;0;14;14
29590;336;254;14;14;0;0;14;14
29593;350;254;14;14;0;0;14;14
29595;364;254;14;14;0;0;14;14
29596;378;254;14;14;0;0;14;14
29599;392;254;14;14;0;0;14;14
29600;406;254;14;14;0;0;14;14
29601;420;254;14;14;0;0;14;14
29602;434;254;14;14;0;0;14;14
29605;448;254;14;14;0;0;14;14
29606;462;254;14;14;0;0;14;14
29608;476;254;14;14;0;0;14;14
29609;490;254;14;14;0;0;14;14
29611;504;254;14;14;0;0;14;14
29613;518;254;14;14;0;0;14;14
29614;532;254;14;14;0;0;14;14
29615;546;254;14;14;0;0;14;14
29616;560;254;14;14;0;0;14;14
29618;574;254;14;14;0;0;14;14
29619;588;254;14;14;0;0;14;14
29623;602;254;14;14;0;0;14;14
29626;616;254;14;14;0;0;14;14
29627;630;254;14;14;0;0;14;14
29632;644;254;14;14;0;0;14;14
29634;658;254;14;14;0;0;14;14
29640;672;254;14;14;0;0;14;14
29641;686;254;14;14;0;0;14;14
29642;700;254;14;14;0;0;14;14
29645;714;254;14;14;0;0;14;14
29647;728;254;14;14;0;0;14;14
29648;742;254;14;14;0;0;14;14
29649;756;254;14;14;0;0;14;14
29657;770;254;14;14;0;0;14;14
29662;784;254;14;14;0;0;14;14
29664;798;254;14;14;0;0;14;14
29667;812;254;14;14;0;0;14;14
29669;826;254;14;14;0;0;14;14
29671;840;254;14;14;0;0;14;14
29673;854;254;14;14;0;0;14;14
29674;868;254;14;14;0;0;14;14
29677;882;254;14;14;0;0;14;14
29678;896;254;14;14;0;0;14;14
29680;910;254;14;14;0;0;14;14
29682;924;254;14;14;0;0;14;14
29690;938;254;14;14;0;0;14;14
29694;952;254;14;14;0;0;14;14
29699;966;254;14;14;0;0;14;14
29701;980;254;14;14;0;0;14;14
29702;994;254;14;14;0;0;14;14
29703;1008;254;14;14;0;0;14;14
29705;1022;254;14;14;0;0;14;14
29706;1036;254;14;14;0;0;14;14
29709;1050;254;14;14;0;0;14;14
29711;1064;254;14;14;0;0;14;14
29712;1078;254;14;14;0;0;14;14
29719;1092;254;14;14;0;0;14;14
29722;1106;254;14;14;0;0;14;14
29723;1120;254;14;14;0;0;14;14
29729;1134;254;14;14;0;0;14;14
29730;1148;254;14;14;0;0;14;14
29732;1162;254;14;14;0;0;14;14
29733;1176;254;14;14;0;0;14;14
29734;1190;254;14;14;0;0;14;14
29736;1204;254;14;14;0;0;14;14
29738;1218;254;14;14;0;0;14;14
29739;1232;254;14;14;0;0;14;14
29740;1246;254;14;14;0;0;14;14
29742;1260;254;14;14;0;0;14;14
29743;1274;254;14;14;0;0;14;14
29744;1288;254;14;14;0;0;14;14
29747;1302;254;14;14;0;0;14;14
29748;1316;254;14;14;0;0;14;14
29749;1330;254;14;14;0;0;14;14
29750;1344;254;14;14;0;0;14;14
29754;1358;254;14;14;0;0;14;14
29756;1372;254;14;14;0;0;14;14
29759;1386;254;14;14;0;0;14;14
29761;1400;254;14;14;0;0;14;14
29764;1414;254;14;14;0;0;14;14
29769;1428;254;14;14;0;0;14;14
29771;1442;254;14;14;0;0;14;14
29781;1456;254;14;14;0;0;14;14
29783;1470;254;14;14;0;0;14;14
29785;1484;254;14;14;0;0;14;14
29786;1498;254;14;14;0;0;14;14
29787;1512;254;14;14;0;0;14;14
29788;1526;254;14;14;0;0;14;14
29790;1540;254;14;14;0;0;14;14
29791;1554;254;14;14;0;0;14;14
29792;1568;254;14;14;0;0;14;14
29795;1582;254;14;14;0;0;14;14
29796;1596;254;14;14;0;0;14;14
29801;1610;254;14;14;0;0;14;14
29802;1624;254;14;14;0;0;14;14
29805;1638;254;14;14;0;0;14;14
29807;1652;254;14;14;0;0;14;14
29808;1666;254;14;14;0;0;14;14
29814;1680;254;14;14;0;0;14;14
29822;1694;254;14;14;0;0;14;14
29824;1708;254;14;14;0;0;14;14
29825;1722;254;14;14;0;0;14;14
29827;1736;254;14;14;0;0;14;14
29831;1750;254;14;14;0;0;14;14
29832;1764;254;14;14;0;0;14;14
29833;1778;254;14;14;0;0;14;14
29835;1792;254;14;14;0;0;14;14
29838;1806;254;14;14;0;0;14;14
29840;1820;254;14;14;0;0;14;14
29848;1834;254;14;14;0;0;14;14
29852;1848;254;14;14;0;0;14;14
29854;1862;254;14;14;0;0;14;14
29855;1876;254;14;14;0;0;14;14
29856;1890;254;14;14;0;0;14;14
29859;1904;254;14;14;0;0;14;14
29863;1918;254;14;14;0;0;14;14
29864;1932;254;14;14;0;0;14;14
29865;1946;254;14;14;0;0;14;14
29866;1960;254;14;14;0;0;14;14
29867;1974;254;14;14;0;0;14;14
29872;1988;254;14;14;0;0;14;14
29882;2002;254;14;14;0;0;14;14
29885;2016;254;14;14;0;0;14;14
29887;2030;254;14;14;0;0;14;14
29898;2044;254;14;14;0;0;14;14
29903;2058;254;14;14;0;0;14;14
29906;2072;254;14;14;0;0;14;14
29908;2086;254;14;14;0;0;14;14
29912;2100;254;14;14;0;0;14;14
29914;2114;254;14;14;0;0;14;14
29916;2128;254;14;14;0;0;14;14
29918;2142;254;14;14;0;0;14;14
29920;2156;254;14;14;0;0;14;14
29922;2170;254;14;14;0;0;14;14
29923;2184;254;14;14;0;0;14;14
29924;2198;254;14;14;0;0;14;14
29926;2212;254;14;14;0;0;14;14
29934;2226;254;14;14;0;0;14;14
29935;2240;254;14;14;0;0;14;14
29940;2254;254;14;14;0;0;14;14
29942;2268;254;14;14;0;0;14;14
29943;2282;254;14;14;0;0;14;14
29951;2296;254;14;14;0;0;14;14
29956;2310;254;14;14;0;0;14;14
29964;2324;254;14;14;0;0;14;14
29965;2338;254;14;14;0;0;14;14
29967;2352;254;14;14;0;0;14;14
29969;2366;254;14;14;0;0;14;14
29973;2380;254;14;14;0;0;14;14
29976;2394;254;14;14;0;0;14;14
29978;2408;254;14;14;0;0;14;14
29980;2422;254;14;14;0;0;14;14
29983;2436;254;14;14;0;0;14;14
29986;2450;254;14;14;0;0;14;14
29987;2464;254;14;14;0;0;14;14
29989;2478;254;14;14;0;0;14;14
29990;2492;254;14;14;0;0;14;14
29992;2506;254;14;14;0;0;14;14
29993;2520;254;14;14;0;0;14;14
29995;2534;254;14;14;0;0;14;14
29996;2548;254;14;14;0;0;14;14
29997;2562;254;14;14;0;0;14;14
29999;2576;254;14;14;0;0;14;14
30000;2590;254;14;14;0;0;14;14
30001;2604;254;14;14;0;0;14;14
30002;2618;254;14;14;0;0;14;14
30003;2632;254;14;14;0;0;14;14
30005;2646;254;14;14;0;0;14;14
30007;2660;254;14;14;0;0;14;14
30008;2674;254;14;14;0;0;14;14
30010;2688;254;14;14;0;0;14;14
30011;2702;254;14;14;0;0;14;14
30014;2716;254;14;14;0;0;14;14
30016;2730;254;14;14;0;0;14;14
30021;2744;254;14;14;0;0;14;14
30024;2758;254;14;14;0;0;14;14
30027;2772;254;14;14;0;0;14;14
30028;2786;254;14;14;0;0;14;14
30030;2800;254;14;14;0;0;14;14
30031;2814;254;14;14;0;0;14;14
30033;2828;254;14;14;0;0;14;14
30036;2842;254;14;14;0;0;14;14
30041;2856;254;14;14;0;0;14;14
30042;2870;254;14;14;0;0;14;14
30043;2884;254;14;14;0;0;14;14
30044;2898;254;14;14;0;0;14;14
30045;2912;254;14;14;0;0;14;14
30050;2926;254;14;14;0;0;14;14
30053;2940;254;14;14;0;0;14;14
30054;2954;254;14;14;0;0;14;14
30056;2968;254;14;14;0;0;14;14
30058;2982;254;14;14;0;0;14;14
30059;2996;254;14;14;0;0;14;14
30060;3010;254;14;14;0;0;14;14
30064;3024;254;14;14;0;0;14;14
30066;3038;254;14;14;0;0;14;14
30067;3052;254;14;14;0;0;14;14
30068;3066;254;14;14;0;0;14;14
30070;3080;254;14;14;0;0;14;14
30072;3094;254;14;14;0;0;14;14
30073;3108;254;14;14;0;0;14;14
30079;3122;254;14;14;0;0;14;14
30083;3136;254;14;14;0;0;14;14
30086;3150;254;14;14;0;0;14;14
30087;3164;254;14;14;0;0;14;14
30090;3178;254;14;14;0;0;14;14
30091;3192;254;14;14;0;0;14;14
30094;3206;254;14;14;0;0;14;14
30095;3220;254;14;14;0;0;14;14
30097;3234;254;14;14;0;0;14;14
30100;3248;254;14;14;0;0;14;14
30102;3262;254;14;14;0;0;14;14
30103;3276;254;14;14;0;0;14;14
30105;3290;254;14;14;0;0;14;14
30106;3304;254;14;14;0;0;14;14
30109;3318;254;14;14;0;0;14;14
30111;3332;254;14;14;0;0;14;14
30112;3346;254;14;14;0;0;14;14
30113;3360;254;14;14;0;0;14;14
30114;3374;254;14;14;0;0;14;14
30115;3388;254;14;14;0;0;14;14
30116;3402;254;14;14;0;0;14;14
30117;3416;254;14;14;0;0;14;14
30122;3430;254;14;14;0;0;14;14
30123;3444;254;14;14;0;0;14;14
30124;3458;254;14;14;0;0;14;14
30125;3472;254;14;14;0;0;14;14
30126;3486;254;14;14;0;0;14;14
30127;3500;254;14;14;0;0;14;14
30129;3514;254;14;14;0;0;14;14
30130;3528;254;14;14;0;0;14;14
30131;3542;254;14;14;0;0;14;14
30132;3556;254;14;14;0;0;14;14
30133;3570;254;14;14;0;0;14;14
30136;3584;254;14;14;0;0;14;14
30137;3598;254;14;14;0;0;14;14
30140;3612;254;14;14;0;0;14;14
30141;3626;254;14;14;0;0;14;14
30142;3640;254;14;14;0;0;14;14
30144;3654;254;14;14;0;0;14;14
30146;3668;254;14;14;0;0;14;14
30149;3682;254;14;14;0;0;14;14
30151;3696;254;14;14;0;0;14;14
30152;3710;254;14;14;0;0;14;14
30153;3724;254;14;14;0;0;14;14
30154;3738;254;14;14;0;0;14;14
30157;3752;254;14;14;0;0;14;14
30162;3766;254;14;14;0;0;14;14
30164;3780;254;14;14;0;0;14;14
30165;3794;254;14;14;0;0;14;14
30168;3808;254;14;14;0;0;14;14
30169;3822;254;14;14;0;0;14;14
30171;3836;254;14;14;0;0;14;14
30174;3850;254;14;14;0;0;14;14
30176;3864;254;14;14;0;0;14;14
30178;3878;254;14;14;0;0;14;14
30179;3892;254;14;14;0;0;14;14
30180;3906;254;14;14;0;0;14;14
30182;3920;254;14;14;0;0;14;14
30183;3934;254;14;14;0;0;14;14
30184;3948;254;14;14;0;0;14;14
30185;3962;254;14;14;0;0;14;14
30186;3976;254;14;14;0;0;14;14
30187;3990;254;14;14;0;0;14;14
30192;4004;254;14;14;0;0;14;14
30193;4018;254;14;14;0;0;14;14
30194;4032;254;14;14;0;0;14;14
30196;4046;254;14;14;0;0;14;14
30201;4060;254;14;14;0;0;14;14
30202;4074;254;14;14;0;0;14;14
30204;0;268;14;14;0;0;14;14
30206;14;268;14;14;0;0;14;14
30207;28;268;14;14;0;0;14;14
30208;42;268;14;14;0;0;14;14
30209;56;268;14;14;0;0;14;14
30211;70;268;14;14;0;0;14;14
30214;84;268;14;14;0;0;14;14
30218;98;268;14;14;0;0;14;14
30219;112;268;14;14;0;0;14;14
30220;126;268;14;14;0;0;14;14
30221;140;268;14;14;0;0;14;14
30224;154;268;14;14;0;0;14;14
30227;168;268;14;14;0;0;14;14
30230;182;268;14;14;0;0;14;14
30232;196;268;14;14;0;0;14;14
30233;210;268;14;14;0;0;14;14
30235;224;268;14;14;0;0;14;14
30238;238;268;14;14;0;0;14;14
30239;252;268;14;14;0;0;14;14
30240;266;268;14;14;0;0;14;14
30241;280;268;14;14;0;0;14;14
30242;294;268;14;14;0;0;14;14
30244;308;268;14;14;0;0;14;14
30246;322;268;14;14;0;0;14;14
30247;336;268;14;14;0;0;14;14
30249;350;268;14;14;0;0;14;14
30250;364;268;14;14;0;0;14;14
30251;378;268;14;14;0;0;14;14
30256;392;268;14;14;0;0;14;14
30259;406;268;14;14;0;0;14;14
30260;420;268;14;14;0;0;14;14
30261;434;268;14;14;0;0;14;14
30264;448;268;14;14;0;0;14;14
30266;462;268;14;14;0;0;14;14
30268;476;268;14;14;0;0;14;14
30270;490;268;14;14;0;0;14;14
30271;504;268;14;14;0;0;14;14
30274;518;268;14;14;0;0;14;14
30275;532;268;14;14;0;0;14;14
30278;546;268;14;14;0;0;14;14
30279;560;268;14;14;0;0;14;14
30280;574;268;14;14;0;0;14;14
30284;588;268;14;14;0;0;14;14
30285;602;268;14;14;0;0;14;14
30290;616;268;14;14;0;0;14;14
30292;630;268;14;14;0;0;14;14
30294;644;268;14;14;0;0;14;14
30296;658;268;14;14;0;0;14;14
30300;672;268;14;14;0;0;14;14
30302;686;268;14;14;0;0;14;14
30303;700;268;14;14;0;0;14;14
30305;714;268;14;14;0;0;14;14
30306;728;268;14;14;0;0;14;14
30307;742;268;14;14;0;0;14;14
30308;756;268;14;14;0;0;14;14
30309;770;268;14;14;0;0;14;14
30311;784;268;14;14;0;0;14;14
30313;798;268;14;14;0;0;14;14
30315;812;268;14;14;0;0;14;14
30316;826;268;14;14;0;0;14;14
30317;840;268;14;14;0;0;14;14
30318;854;268;14;14;0;0;14;14
30319;868;268;14;14;0;0;14;14
30320;882;268;14;14;0;0;14;14
30321;896;268;14;14;0;0;14;14
30322;910;268;14;14;0;0;14;14
30325;924;268;14;14;0;0;14;14
30328;938;268;14;14;0;0;14;14
30330;952;268;14;14;0;0;14;14
30331;966;268;14;14;0;0;14;14
30332;980;268;14;14;0;0;14;14
30333;994;268;14;14;0;0;14;14
30334;1008;268;14;14;0;0;14;14
30338;1022;268;14;14;0;0;14;14
30340;1036;268;14;14;0;0;14;14
30342;1050;268;14;14;0;0;14;14
30343;1064;268;14;14;0;0;14;14
30344;1078;268;14;14;0;0;14;14
30347;1092;268;14;14;0;0;14;14
30350;1106;268;14;14;0;0;14;14
30353;1120;268;14;14;0;0;14;14
30355;1134;268;14;14;0;0;14;14
30358;1148;268;14;14;0;0;14;14
30361;1162;268;14;14;0;0;14;14
30362;1176;268;14;14;0;0;14;14
30372;1190;268;14;14;0;0;14;14
30382;1204;268;14;14;0;0;14;14
30384;1218;268;14;14;0;0;14;14
30385;1232;268;14;14;0;0;14;14
30386;1246;268;14;14;0;0;14;14
30388;1260;268;14;14;0;0;14;14
30392;1274;268;14;14;0;0;14;14
30394;1288;268;14;14;0;0;14;14
30399;1302;268;14;14;0;0;14;14
30402;1316;268;14;14;0;0;14;14
30403;1330;268;14;14;0;0;14;14
30405;1344;268;14;14;0;0;14;14
30406;1358;268;14;14;0;0;14;14
30408;1372;268;14;14;0;0;14;14
30409;1386;268;14;14;0;0;14;14
30410;1400;268;14;14;0;0;14;14
30413;1414;268;14;14;0;0;14;14
30414;1428;268;14;14;0;0;14;14
30415;1442;268;14;14;0;0;14;14
30416;1456;268;14;14;0;0;14;14
30417;1470;268;14;14;0;0;14;14
30418;1484;268;14;14;0;0;14;14
30420;1498;268;14;14;0;0;14;14
30422;1512;268;14;14;0;0;14;14
30423;1526;268;14;14;0;0;14;14
30424;1540;268;14;14;0;0;14;14
30427;1554;268;14;14;0;0;14;14
30428;1568;268;14;14;0;0;14;14
30430;1582;268;14;14;0;0;14;14
30431;1596;268;14;14;0;0;14;14
30433;1610;268;14;14;0;0;14;14
30435;1624;268;14;14;0;0;14;14
30436;1638;268;14;14;0;0;14;14
30437;1652;268;14;14;0;0;14;14
30438;1666;268;14;14;0;0;14;14
30439;1680;268;14;14;0;0;14;14
30442;1694;268;14;14;0;0;14;14
30446;1708;268;14;14;0;0;14;14
30447;1722;268;14;14;0;0;14;14
30449;1736;268;14;14;0;0;14;14
30450;1750;268;14;14;0;0;14;14
30452;1764;268;14;14;0;0;14;14
30456;1778;268;14;14;0;0;14;14
30457;1792;268;14;14;0;0;14;14
30460;1806;268;14;14;0;0;14;14
30462;1820;268;14;14;0;0;14;14
30465;1834;268;14;14;0;0;14;14
30468;1848;268;14;14;0;0;14;14
30471;1862;268;14;14;0;0;14;14
30472;1876;268;14;14;0;0;14;14
30473;1890;268;14;14;0;0;14;14
30474;1904;268;14;14;0;0;14;14
30475;1918;268;14;14;0;0;14;14
30476;1932;268;14;14;0;0;14;14
30477;1946;268;14;14;0;0;14;14
30489;1960;268;14;14;0;0;14;14
30490;1974;268;14;14;0;0;14;14
30491;1988;268;14;14;0;0;14;14
30495;2002;268;14;14;0;0;14;14
30496;2016;268;14;14;0;0;14;14
30501;2030;268;14;14;0;0;14;14
30502;2044;268;14;14;0;0;14;14
30504;2058;268;14;14;0;0;14;14
30505;2072;268;14;14;0;0;14;14
30508;2086;268;14;14;0;0;14;14
30509;2100;268;14;14;0;0;14;14
30511;2114;268;14;14;0;0;14;14
30517;2128;268;14;14;0;0;14;14
30518;2142;268;14;14;0;0;14;14
30519;2156;268;14;14;0;0;14;14
30520;2170;268;14;14;0;0;14;14
30522;2184;268;14;14;0;0;14;14
30524;2198;268;14;14;0;0;14;14
30526;2212;268;14;14;0;0;14;14
30528;2226;268;14;14;0;0;14;14
30529;2240;268;14;14;0;0;14;14
30531;2254;268;14;14;0;0;14;14
30532;2268;268;14;14;0;0;14;14
30535;2282;268;14;14;0;0;14;14
30543;2296;268;14;14;0;0;14;14
30544;2310;268;14;14;0;0;14;14
30545;2324;268;14;14;0;0;14;14
30554;2338;268;14;14;0;0;14;14
30555;2352;268;14;14;0;0;14;14
30556;2366;268;14;14;0;0;14;14
30558;2380;268;14;14;0;0;14;14
30561;2394;268;14;14;0;0;14;14
30562;2408;268;14;14;0;0;14;14
30563;2422;268;14;14;0;0;14;14
30565;2436;268;14;14;0;0;14;14
30566;2450;268;14;14;0;0;14;14
30568;2464;268;14;14;0;0;14;14
30570;2478;268;14;14;0;0;14;14
30571;2492;268;14;14;0;0;14;14
30572;2506;268;14;14;0;0;14;14
30585;2520;268;14;14;0;0;14;14
30589;2534;268;14;14;0;0;14;14
30590;2548;268;14;14;0;0;14;14
30591;2562;268;14;14;0;0;14;14
30592;2576;268;14;14;0;0;14;14
30596;2590;268;14;14;0;0;14;14
30597;2604;268;14;14;0;0;14;14
30599;2618;268;14;14;0;0;14;14
30603;2632;268;14;14;0;0;14;14
30604;2646;268;14;14;0;0;14;14
30606;2660;268;14;14;0;0;14;14
30609;2674;268;14;14;0;0;14;14
30610;2688;268;14;14;0;0;14;14
30616;2702;268;14;14;0;0;14;14
30622;2716;268;14;14;0;0;14;14
30623;2730;268;14;14;0;0;14;14
30624;2744;268;14;14;0;0;14;14
30626;2758;268;14;14;0;0;14;14
30629;2772;268;14;14;0;0;14;14
30631;2786;268;14;14;0;0;14;14
30633;2800;268;14;14;0;0;14;14
30634;2814;268;14;14;0;0;14;14
30636;2828;268;14;14;0;0;14;14
30637;2842;268;14;14;0;0;14;14
30640;2856;268;14;14;0;0;14;14
30643;2870;268;14;14;0;0;14;14
30645;2884;268;14;14;0;0;14;14
30647;2898;268;14;14;0;0;14;14
30651;2912;268;14;14;0;0;14;14
30652;2926;268;14;14;0;0;14;14
30653;2940;268;14;14;0;0;14;14
30655;2954;268;14;14;0;0;14;14
30663;2968;268;14;14;0;0;14;14
30669;2982;268;14;14;0;0;14;14
30675;2996;268;14;14;0;0;14;14
30679;3010;268;14;14;0;0;14;14
30682;3024;268;14;14;0;0;14;14
30683;3038;268;14;14;0;0;14;14
30684;3052;268;14;14;0;0;14;14
30690;3066;268;14;14;0;0;14;14
30691;3080;268;14;14;0;0;14;14
30693;3094;268;14;14;0;0;14;14
30697;3108;268;14;14;0;0;14;14
30699;3122;268;14;14;0;0;14;14
30700;3136;268;14;14;0;0;14;14
30701;3150;268;14;14;0;0;14;14
30702;3164;268;14;14;0;0;14;14
30703;3178;268;14;14;0;0;14;14
30707;3192;268;14;14;0;0;14;14
30710;3206;268;14;14;0;0;14;14
30712;3220;268;14;14;0;0;14;14
30715;3234;268;14;14;0;0;14;14
30717;3248;268;14;14;0;0;14;14
30718;3262;268;14;14;0;0;14;14
30719;3276;268;14;14;0;0;14;14
30720;3290;268;14;14;0;0;14;14
30721;3304;268;14;14;0;0;14;14
30722;3318;268;14;14;0;0;14;14
30732;3332;268;14;14;0;0;14;14
30733;3346;268;14;14;0;0;14;14
30738;3360;268;14;14;0;0;14;14
30740;3374;268;14;14;0;0;14;14
30741;3388;268;14;14;0;0;14;14
30742;3402;268;14;14;0;0;14;14
30743;3416;268;14;14;0;0;14;14
30744;3430;268;14;14;0;0;14;14
30746;3444;268;14;14;0;0;14;14
30748;3458;268;14;14;0;0;14;14
30749;3472;268;14;14;0;0;14;14
30751;3486;268;14;14;0;0;14;14
30755;3500;268;14;14;0;0;14;14
30757;3514;268;14;14;0;0;14;14
30758;3528;268;14;14;0;0;14;14
30759;3542;268;14;14;0;0;14;14
30765;3556;268;14;14;0;0;14;14
30767;3570;268;14;14;0;0;14;14
30768;3584;268;14;14;0;0;14;14
30770;3598;268;14;14;0;0;14;14
30772;3612;268;14;14;0;0;14;14
30775;3626;268;14;14;0;0;14;14
30776;3640;268;14;14;0;0;14;14
30777;3654;268;14;14;0;0;14;14
30778;3668;268;14;14;0;0;14;14
30779;3682;268;14;14;0;0;14;14
30780;3696;268;14;14;0;0;14;14
30782;3710;268;14;14;0;0;14;14
30784;3724;268;14;14;0;0;14;14
30787;3738;268;14;14;0;0;14;14
30789;3752;268;14;14;0;0;14;14
30791;3766;268;14;14;0;0;14;14
30796;3780;268;14;14;0;0;14;14
30798;3794;268;14;14;0;0;14;14
30800;3808;268;14;14;0;0;14;14
30802;3822;268;14;14;0;0;14;14
30805;3836;268;14;14;0;0;14;14
30806;3850;268;14;14;0;0;14;14
30807;3864;268;14;14;0;0;14;14
30813;3878;268;14;14;0;0;14;14
30820;3892;268;14;14;0;0;14;14
30824;3906;268;14;14;0;0;14;14
30827;3920;268;14;14;0;0;14;14
30828;3934;268;14;14;0;0;14;14
30829;3948;268;14;14;0;0;14;14
30830;3962;268;14;14;0;0;14;14
30831;3976;268;14;14;0;0;14;14
30844;3990;268;14;14;0;0;14;14
30849;4004;268;14;14;0;0;14;14
30855;4018;268;14;14;0;0;14;14
30857;4032;268;14;14;0;0;14;14
30860;4046;268;14;14;0;0;14;14
30861;4060;268;14;14;0;0;14;14
30862;4074;268;14;14;0;0;14;14
30865;0;282;14;14;0;0;14;14
30867;14;282;14;14;0;0;14;14
30871;28;282;14;14;0;0;14;14
30872;42;282;14;14;0;0;14;14
30874;56;282;14;14;0;0;14;14
30875;70;282;14;14;0;0;14;14
30876;84;282;14;14;0;0;14;14
30879;98;282;14;14;0;0;14;14
30881;112;282;14;14;0;0;14;14
30883;126;282;14;14;0;0;14;14
30887;140;282;14;14;0;0;14;14
30889;154;282;14;14;0;0;14;14
30893;168;282;14;14;0;0;14;14
30896;182;282;14;14;0;0;14;14
30897;196;282;14;14;0;0;14;14
30898;210;282;14;14;0;0;14;14
30899;224;282;14;14;0;0;14;14
30900;238;282;14;14;0;0;14;14
30904;252;282;14;14;0;0;14;14
30906;266;282;14;14;0;0;14;14
30908;280;282;14;14;0;0;14;14
30910;294;282;14;14;0;0;14;14
30913;308;282;14;14;0;0;14;14
30917;322;282;14;14;0;0;14;14
30922;336;282;14;14;0;0;14;14
30923;350;282;14;14;0;0;14;14
30928;364;282;14;14;0;0;14;14
30932;378;282;14;14;0;0;14;14
30933;392;282;14;14;0;0;14;14
30937;406;282;14;14;0;0;14;14
30938;420;282;14;14;0;0;14;14
30947;434;282;14;14;0;0;14;14
30951;448;282;14;14;0;0;14;14
30952;462;282;14;14;0;0;14;14
30956;476;282;14;14;0;0;14;14
30959;490;282;14;14;0;0;14;14
30962;504;282;14;14;0;0;14;14
30964;518;282;14;14;0;0;14;14
30967;532;282;14;14;0;0;14;14
30970;546;282;14;14;0;0;14;14
30973;560;282;14;14;0;0;14;14
30977;574;282;14;14;0;0;14;14
30981;588;282;14;14;0;0;14;14
30990;602;282;14;14;0;0;14;14
30995;616;282;14;14;0;0;14;14
31001;630;282;14;14;0;0;14;14
31014;644;282;14;14;0;0;14;14
31016;658;282;14;14;0;0;14;14
31018;672;282;14;14;0;0;14;14
31019;686;282;14;14;0;0;14;14
31020;700;282;14;14;0;0;14;14
31025;714;282;14;14;0;0;14;14
31028;728;282;14;14;0;0;14;14
31034;742;282;14;14;0;0;14;14
31036;756;282;14;14;0;0;14;14
31038;770;282;14;14;0;0;14;14
31040;784;282;14;14;0;0;14;14
31041;798;282;14;14;0;0;14;14
31042;812;282;14;14;0;0;14;14
31046;826;282;14;14;0;0;14;14
31047;840;282;14;14;0;0;14;14
31048;854;282;14;14;0;0;14;14
31049;868;282;14;14;0;0;14;14
31054;882;282;14;14;0;0;14;14
31056;896;282;14;14;0;0;14;14
31059;910;282;14;14;0;0;14;14
31061;924;282;14;14;0;0;14;14
31062;938;282;14;14;0;0;14;14
31063;952;282;14;14;0;0;14;14
31066;966;282;14;14;0;0;14;14
31067;980;282;14;14;0;0;14;14
31068;994;282;14;14;0;0;14;14
31069;1008;282;14;14;0;0;14;14
31070;1022;282;14;14;0;0;14;14
31071;1036;282;14;14;0;0;14;14
31072;1050;282;14;14;0;0;14;14
31074;1064;282;14;14;0;0;14;14
31077;1078;282;14;14;0;0;14;14
31080;1092;282;14;14;0;0;14;14
31085;1106;282;14;14;0;0;14;14
31087;1120;282;14;14;0;0;14;14
31095;1134;282;14;14;0;0;14;14
31096;1148;282;14;14;0;0;14;14
31098;1162;282;14;14;0;0;14;14
31100;1176;282;14;14;0;0;14;14
31102;1190;282;14;14;0;0;14;14
31103;1204;282;14;14;0;0;14;14
31104;1218;282;14;14;0;0;14;14
31105;1232;282;14;14;0;0;14;14
31108;1246;282;14;14;0;0;14;14
31109;1260;282;14;14;0;0;14;14
31114;1274;282;14;14;0;0;14;14
31117;1288;282;14;14;0;0;14;14
31118;1302;282;14;14;0;0;14;14
31119;1316;282;14;14;0;0;14;14
31142;1330;282;14;14;0;0;14;14
31143;1344;282;14;14;0;0;14;14
31146;1358;282;14;14;0;0;14;14
31150;1372;282;14;14;0;0;14;14
31152;1386;282;14;14;0;0;14;14
31153;1400;282;14;14;0;0;14;14
31155;1414;282;14;14;0;0;14;14
31161;1428;282;14;14;0;0;14;14
31162;1442;282;14;14;0;0;14;14
31163;1456;282;14;14;0;0;14;14
31165;1470;282;14;14;0;0;14;14
31166;1484;282;14;14;0;0;14;14
31167;1498;282;14;14;0;0;14;14
31168;1512;282;14;14;0;0;14;14
31169;1526;282;14;14;0;0;14;14
31171;1540;282;14;14;0;0;14;14
31174;1554;282;14;14;0;0;14;14
31176;1568;282;14;14;0;0;14;14
31177;1582;282;14;14;0;0;14;14
31179;1596;282;14;14;0;0;14;14
31181;1610;282;14;14;0;0;14;14
31185;1624;282;14;14;0;0;14;14
31186;1638;282;14;14;0;0;14;14
31189;1652;282;14;14;0;0;14;14
31192;1666;282;14;14;0;0;14;14
31199;1680;282;14;14;0;0;14;14
31203;1694;282;14;14;0;0;14;14
31204;1708;282;14;14;0;0;14;14
31206;1722;282;14;14;0;0;14;14
31207;1736;282;14;14;0;0;14;14
31209;1750;282;14;14;0;0;14;14
31211;1764;282;14;14;0;0;14;14
31213;1778;282;14;14;0;0;14;14
31215;1792;282;14;14;0;0;14;14
31216;1806;282;14;14;0;0;14;14
31224;1820;282;14;14;0;0;14;14
31227;1834;282;14;14;0;0;14;14
31229;1848;282;14;14;0;0;14;14
31230;1862;282;14;14;0;0;14;14
31232;1876;282;14;14;0;0;14;14
31234;1890;282;14;14;0;0;14;14
31235;1904;282;14;14;0;0;14;14
31237;1918;282;14;14;0;0;14;14
31240;1932;282;14;14;0;0;14;14
31243;1946;282;14;14;0;0;14;14
31245;1960;282;14;14;0;0;14;14
31246;1974;282;14;14;0;0;14;14
31252;1988;282;14;14;0;0;14;14
31255;2002;282;14;14;0;0;14;14
31258;2016;282;14;14;0;0;14;14
31260;2030;282;14;14;0;0;14;14
31262;2044;282;14;14;0;0;14;14
31263;2058;282;14;14;0;0;14;14
31264;2072;282;14;14;0;0;14;14
31267;2086;282;14;14;0;0;14;14
31277;2100;282;14;14;0;0;14;14
31278;2114;282;14;14;0;0;14;14
31281;2128;282;14;14;0;0;14;14
31282;2142;282;14;14;0;0;14;14
31283;2156;282;14;14;0;0;14;14
31287;2170;282;14;14;0;0;14;14
31289;2184;282;14;14;0;0;14;14
31291;2198;282;14;14;0;0;14;14
31292;2212;282;14;14;0;0;14;14
31293;2226;282;14;14;0;0;14;14
31295;2240;282;14;14;0;0;14;14
31296;2254;282;14;14;0;0;14;14
31298;2268;282;14;14;0;0;14;14
31302;2282;282;14;14;0;0;14;14
31308;2296;282;14;14;0;0;14;14
31309;2310;282;14;14;0;0;14;14
31310;2324;282;14;14;0;0;14;14
31311;2338;282;14;14;0;0;14;14
31313;2352;282;14;14;0;0;14;14
31319;2366;282;14;14;0;0;14;14
31328;2380;282;14;14;0;0;14;14
31329;2394;282;14;14;0;0;14;14
31330;2408;282;14;14;0;0;14;14
31337;2422;282;14;14;0;0;14;14
31339;2436;282;14;14;0;0;14;14
31344;2450;282;14;14;0;0;14;14
31348;2464;282;14;14;0;0;14;14
31350;2478;282;14;14;0;0;14;14
31351;2492;282;14;14;0;0;14;14
31353;2506;282;14;14;0;0;14;14
31354;2520;282;14;14;0;0;14;14
31359;2534;282;14;14;0;0;14;14
31361;2548;282;14;14;0;0;14;14
31363;2562;282;14;14;0;0;14;14
31364;2576;282;14;14;0;0;14;14
31368;2590;282;14;14;0;0;14;14
31373;2604;282;14;14;0;0;14;14
31377;2618;282;14;14;0;0;14;14
31378;2632;282;14;14;0;0;14;14
31379;2646;282;14;14;0;0;14;14
31381;2660;282;14;14;0;0;14;14
31382;2674;282;14;14;0;0;14;14
31383;2688;282;14;14;0;0;14;14
31384;2702;282;14;14;0;0;14;14
31388;2716;282;14;14;0;0;14;14
31389;2730;282;14;14;0;0;14;14
31391;2744;282;14;14;0;0;14;14
31392;2758;282;14;14;0;0;14;14
31395;2772;282;14;14;0;0;14;14
31397;2786;282;14;14;0;0;14;14
31398;2800;282;14;14;0;0;14;14
31400;2814;282;14;14;0;0;14;14
31401;2828;282;14;14;0;0;14;14
31402;2842;282;14;14;0;0;14;14
31406;2856;282;14;14;0;0;14;14
31407;2870;282;14;14;0;0;14;14
31411;2884;282;14;14;0;0;14;14
31416;2898;282;14;14;0;0;14;14
31418;2912;282;14;14;0;0;14;14
31423;2926;282;14;14;0;0;14;14
31428;2940;282;14;14;0;0;14;14
31429;2954;282;14;14;0;0;14;14
31431;2968;282;14;14;0;0;14;14
31432;2982;282;14;14;0;0;14;14
31434;2996;282;14;14;0;0;14;14
31435;3010;282;14;14;0;0;14;14
31441;3024;282;14;14;0;0;14;14
31446;3038;282;14;14;0;0;14;14
31449;3052;282;14;14;0;0;14;14
31452;3066;282;14;14;0;0;14;14
31454;3080;282;14;14;0;0;14;14
31455;3094;282;14;14;0;0;14;14
31456;3108;282;14;14;0;0;14;14
31459;3122;282;14;14;0;0;14;14
31461;3136;282;14;14;0;0;14;14
31462;3150;282;14;14;0;0;14;14
31469;3164;282;14;14;0;0;14;14
31471;3178;282;14;14;0;0;14;14
31478;3192;282;14;14;0;0;14;14
31481;3206;282;14;14;0;0;14;14
31482;3220;282;14;14;0;0;14;14
31485;3234;282;14;14;0;0;14;14
31487;3248;282;14;14;0;0;14;14
31491;3262;282;14;14;0;0;14;14
31492;3276;282;14;14;0;0;14;14
31494;3290;282;14;14;0;0;14;14
31496;3304;282;14;14;0;0;14;14
31498;3318;282;14;14;0;0;14;14
31499;3332;282;14;14;0;0;14;14
31503;3346;282;14;14;0;0;14;14
31505;3360;282;14;14;0;0;14;14
31508;3374;282;14;14;0;0;14;14
31509;3388;282;14;14;0;0;14;14
31513;3402;282;14;14;0;0;14;14
31515;3416;282;14;14;0;0;14;14
31518;3430;282;14;14;0;0;14;14
31520;3444;282;14;14;0;0;14;14
31524;3458;282;14;14;0;0;14;14
31525;3472;282;14;14;0;0;14;14
31526;3486;282;14;14;0;0;14;14
31528;3500;282;14;14;0;0;14;14
31530;3514;282;14;14;0;0;14;14
31531;3528;282;14;14;0;0;14;14
31532;3542;282;14;14;0;0;14;14
31534;3556;282;14;14;0;0;14;14
31539;3570;282;14;14;0;0;14;14
31544;3584;282;14;14;0;0;14;14
31546;3598;282;14;14;0;0;14;14
31547;3612;282;14;14;0;0;14;14
31548;3626;282;14;14;0;0;14;14
31550;3640;282;14;14;0;0;14;14
31558;3654;282;14;14;0;0;14;14
31559;3668;282;14;14;0;0;14;14
31561;3682;282;14;14;0;0;14;14
31562;3696;282;14;14;0;0;14;14
31563;3710;282;14;14;0;0;14;14
31564;3724;282;14;14;0;0;14;14
31565;3738;282;14;14;0;0;14;14
31567;3752;282;14;14;0;0;14;14
31568;3766;282;14;14;0;0;14;14
31569;3780;282;14;14;0;0;14;14
31570;3794;282;14;14;0;0;14;14
31572;3808;282;14;14;0;0;14;14
31574;3822;282;14;14;0;0;14;14
31578;3836;282;14;14;0;0;14;14
31579;3850;282;14;14;0;0;14;14
31581;3864;282;14;14;0;0;14;14
31584;3878;282;14;14;0;0;14;14
31586;3892;282;14;14;0;0;14;14
31591;3906;282;14;14;0;0;14;14
31598;3920;282;14;14;0;0;14;14
31601;3934;282;14;14;0;0;14;14
31602;3948;282;14;14;0;0;14;14
31603;3962;282;14;14;0;0;14;14
31605;3976;282;14;14;0;0;14;14
31607;3990;282;14;14;0;0;14;14
31609;4004;282;14;14;0;0;14;14
31614;4018;282;14;14;0;0;14;14
31616;4032;282;14;14;0;0;14;14
31621;4046;282;14;14;0;0;14;14
31623;4060;282;14;14;0;0;14;14
31627;4074;282;14;14;0;0;14;14
31629;0;296;14;14;0;0;14;14
31631;14;296;14;14;0;0;14;14
31632;28;296;14;14;0;0;14;14
31635;42;296;14;14;0;0;14;14
31636;56;296;14;14;0;0;14;14
31637;70;296;14;14;0;0;14;14
31639;84;296;14;14;0;0;14;14
31644;98;296;14;14;0;0;14;14
31645;112;296;14;14;0;0;14;14
31649;126;296;14;14;0;0;14;14
31650;140;296;14;14;0;0;14;14
31654;154;296;14;14;0;0;14;14
31655;168;296;14;14;0;0;14;14
31657;182;296;14;14;0;0;14;14
31658;196;296;14;14;0;0;14;14
31659;210;296;14;14;0;0;14;14
31660;224;296;14;14;0;0;14;14
31661;238;296;14;14;0;0;14;14
31665;252;296;14;14;0;0;14;14
31668;266;296;14;14;0;0;14;14
31672;280;296;14;14;0;0;14;14
31680;294;296;14;14;0;0;14;14
31681;308;296;14;14;0;0;14;14
31684;322;296;14;14;0;0;14;14
31686;336;296;14;14;0;0;14;14
31687;350;296;14;14;0;0;14;14
31689;364;296;14;14;0;0;14;14
31691;378;296;14;14;0;0;14;14
31692;392;296;14;14;0;0;14;14
31697;406;296;14;14;0;0;14;14
31699;420;296;14;14;0;0;14;14
31705;434;296;14;14;0;0;14;14
31709;448;296;14;14;0;0;14;14
31712;462;296;14;14;0;0;14;14
31713;476;296;14;14;0;0;14;14
31716;490;296;14;14;0;0;14;14
31717;504;296;14;14;0;0;14;14
31718;518;296;14;14;0;0;14;14
31721;532;296;14;14;0;0;14;14
31722;546;296;14;14;0;0;14;14
31726;560;296;14;14;0;0;14;14
31729;574;296;14;14;0;0;14;14
31731;588;296;14;14;0;0;14;14
31735;602;296;14;14;0;0;14;14
31740;616;296;14;14;0;0;14;14
31742;630;296;14;14;0;0;14;14
31744;644;296;14;14;0;0;14;14
31751;658;296;14;14;0;0;14;14
31755;672;296;14;14;0;0;14;14
31756;686;296;14;14;0;0;14;14
31757;700;296;14;14;0;0;14;14
31759;714;296;14;14;0;0;14;14
31761;728;296;14;14;0;0;14;14
31766;742;296;14;14;0;0;14;14
31774;756;296;14;14;0;0;14;14
31775;770;296;14;14;0;0;14;14
31777;784;296;14;14;0;0;14;14
31779;798;296;14;14;0;0;14;14
31782;812;296;14;14;0;0;14;14
31783;826;296;14;14;0;0;14;14
31786;840;296;14;14;0;0;14;14
31787;854;296;14;14;0;0;14;14
31799;868;296;14;14;0;0;14;14
31800;882;296;14;14;0;0;14;14
31805;896;296;14;14;0;0;14;14
31806;910;296;14;14;0;0;14;14
31807;924;296;14;14;0;0;14;14
31808;938;296;14;14;0;0;14;14
31809;952;296;14;14;0;0;14;14
31811;966;296;14;14;0;0;14;14
31820;980;296;14;14;0;0;14;14
31821;994;296;14;14;0;0;14;14
31824;1008;296;14;14;0;0;14;14
31839;1022;296;14;14;0;0;14;14
31840;1036;296;14;14;0;0;14;14
31844;1050;296;14;14;0;0;14;14
31849;1064;296;14;14;0;0;14;14
31850;1078;296;14;14;0;0;14;14
31852;1092;296;14;14;0;0;14;14
31854;1106;296;14;14;0;0;14;14
31858;1120;296;14;14;0;0;14;14
31859;1134;296;14;14;0;0;14;14
31860;1148;296;14;14;0;0;14;14
31867;1162;296;14;14;0;0;14;14
31868;1176;296;14;14;0;0;14;14
31869;1190;296;14;14;0;0;14;14
31881;1204;296;14;14;0;0;14;14
31883;1218;296;14;14;0;0;14;14
31889;1232;296;14;14;0;0;14;14
31890;1246;296;14;14;0;0;14;14
31893;1260;296;14;14;0;0;14;14
31895;1274;296;14;14;0;0;14;14
31896;1288;296;14;14;0;0;14;14
31899;1302;296;14;14;0;0;14;14
31900;1316;296;14;14;0;0;14;14
31901;1330;296;14;14;0;0;14;14
31902;1344;296;14;14;0;0;14;14
31903;1358;296;14;14;0;0;14;14
31908;1372;296;14;14;0;0;14;14
31909;1386;296;14;14;0;0;14;14
31911;1400;296;14;14;0;0;14;14
31914;1414;296;14;14;0;0;14;14
31918;1428;296;14;14;0;0;14;14
31921;1442;296;14;14;0;0;14;14
31922;1456;296;14;14;0;0;14;14
31923;1470;296;14;14;0;0;14;14
31925;1484;296;14;14;0;0;14;14
31929;1498;296;14;14;0;0;14;14
31932;1512;296;14;14;0;0;14;14
31933;1526;296;14;14;0;0;14;14
31934;1540;296;14;14;0;0;14;14
31935;1554;296;14;14;0;0;14;14
31937;1568;296;14;14;0;0;14;14
31941;1582;296;14;14;0;0;14;14
31946;1596;296;14;14;0;0;14;14
31948;1610;296;14;14;0;0;14;14
31949;1624;296;14;14;0;0;14;14
31957;1638;296;14;14;0;0;14;14
31958;1652;296;14;14;0;0;14;14
31959;1666;296;14;14;0;0;14;14
31961;1680;296;14;14;0;0;14;14
31964;1694;296;14;14;0;0;14;14
31965;1708;296;14;14;0;0;14;14
31966;1722;296;14;14;0;0;14;14
31967;1736;296;14;14;0;0;14;14
31968;1750;296;14;14;0;0;14;14
31975;1764;296;14;14;0;0;14;14
31976;1778;296;14;14;0;0;14;14
31983;1792;296;14;14;0;0;14;14
31986;1806;296;14;14;0;0;14;14
31988;1820;296;14;14;0;0;14;14
31990;1834;296;14;14;0;0;14;14
31992;1848;296;14;14;0;0;14;14
31995;1862;296;14;14;0;0;14;14
31998;1876;296;14;14;0;0;14;14
32000;1890;296;14;14;0;0;14;14
32002;1904;296;14;14;0;0;14;14
32004;1918;296;14;14;0;0;14;14
32005;1932;296;14;14;0;0;14;14
32006;1946;296;14;14;0;0;14;14
32007;1960;296;14;14;0;0;14;14
32008;1974;296;14;14;0;0;14;14
32009;1988;296;14;14;0;0;14;14
32010;2002;296;14;14;0;0;14;14
32011;2016;296;14;14;0;0;14;14
32013;2030;296;14;14;0;0;14;14
32016;2044;296;14;14;0;0;14;14
32019;2058;296;14;14;0;0;14;14
32020;2072;296;14;14;0;0;14;14
32021;2086;296;14;14;0;0;14;14
32023;2100;296;14;14;0;0;14;14
32025;2114;296;14;14;0;0;14;14
32026;2128;296;14;14;0;0;14;14
32027;2142;296;14;14;0;0;14;14
32028;2156;296;14;14;0;0;14;14
32032;2170;296;14;14;0;0;14;14
32033;2184;296;14;14;0;0;14;14
32034;2198;296;14;14;0;0;14;14
32039;2212;296;14;14;0;0;14;14
32043;2226;296;14;14;0;0;14;14
32046;2240;296;14;14;0;0;14;14
32047;2254;296;14;14;0;0;14;14
32048;2268;296;14;14;0;0;14;14
32049;2282;296;14;14;0;0;14;14
32050;2296;296;14;14;0;0;14;14
32051;2310;296;14;14;0;0;14;14
32057;2324;296;14;14;0;0;14;14
32058;2338;296;14;14;0;0;14;14
32063;2352;296;14;14;0;0;14;14
32064;2366;296;14;14;0;0;14;14
32066;2380;296;14;14;0;0;14;14
32067;2394;296;14;14;0;0;14;14
32068;2408;296;14;14;0;0;14;14
32070;2422;296;14;14;0;0;14;14
32076;2436;296;14;14;0;0;14;14
32078;2450;296;14;14;0;0;14;14
32080;2464;296;14;14;0;0;14;14
32085;2478;296;14;14;0;0;14;14
32091;2492;296;14;14;0;0;14;14
32093;2506;296;14;14;0;0;14;14
32094;2520;296;14;14;0;0;14;14
32097;2534;296;14;14;0;0;14;14
32098;2548;296;14;14;0;0;14;14
32102;2562;296;14;14;0;0;14;14
32104;2576;296;14;14;0;0;14;14
32110;2590;296;14;14;0;0;14;14
32113;2604;296;14;14;0;0;14;14
32114;2618;296;14;14;0;0;14;14
32115;2632;296;14;14;0;0;14;14
32117;2646;296;14;14;0;0;14;14
32118;2660;296;14;14;0;0;14;14
32121;2674;296;14;14;0;0;14;14
32129;2688;296;14;14;0;0;14;14
32131;2702;296;14;14;0;0;14;14
32134;2716;296;14;14;0;0;14;14
32136;2730;296;14;14;0;0;14;14
32143;2744;296;14;14;0;0;14;14
32145;2758;296;14;14;0;0;14;14
32147;2772;296;14;14;0;0;14;14
32153;2786;296;14;14;0;0;14;14
32154;2800;296;14;14;0;0;14;14
32156;2814;296;14;14;0;0;14;14
32160;2828;296;14;14;0;0;14;14
32162;2842;296;14;14;0;0;14;14
32163;2856;296;14;14;0;0;14;14
32166;2870;296;14;14;0;0;14;14
32169;2884;296;14;14;0;0;14;14
32172;2898;296;14;14;0;0;14;14
32173;2912;296;14;14;0;0;14;14
32174;2926;296;14;14;0;0;14;14
32176;2940;296;14;14;0;0;14;14
32177;2954;296;14;14;0;0;14;14
32178;2968;296;14;14;0;0;14;14
32179;2982;296;14;14;0;0;14;14
32180;2996;296;14;14;0;0;14;14
32181;3010;296;14;14;0;0;14;14
32184;3024;296;14;14;0;0;14;14
32185;3038;296;14;14;0;0;14;14
32186;3052;296;14;14;0;0;14;14
32187;3066;296;14;14;0;0;14;14
32189;3080;296;14;14;0;0;14;14
32190;3094;296;14;14;0;0;14;14
32191;3108;296;14;14;0;0;14;14
32196;3122;296;14;14;0;0;14;14
32199;3136;296;14;14;0;0;14;14
32202;3150;296;14;14;0;0;14;14
32203;3164;296;14;14;0;0;14;14
32207;3178;296;14;14;0;0;14;14
32209;3192;296;14;14;0;0;14;14
32210;3206;296;14;14;0;0;14;14
32212;3220;296;14;14;0;0;14;14
32215;3234;296;14;14;0;0;14;14
32216;3248;296;14;14;0;0;14;14
32217;3262;296;14;14;0;0;14;14
32218;3276;296;14;14;0;0;14;14
32221;3290;296;14;14;0;0;14;14
32222;3304;296;14;14;0;0;14;14
32224;3318;296;14;14;0;0;14;14
32225;3332;296;14;14;0;0;14;14
32227;3346;296;14;14;0;0;14;14
32230;3360;296;14;14;0;0;14;14
32232;3374;296;14;14;0;0;14;14
32233;3388;296;14;14;0;0;14;14
32236;3402;296;14;14;0;0;14;14
32239;3416;296;14;14;0;0;14;14
32241;3430;296;14;14;0;0;14;14
32242;3444;296;14;14;0;0;14;14
32244;3458;296;14;14;0;0;14;14
32249;3472;296;14;14;0;0;14;14
32251;3486;296;14;14;0;0;14;14
32257;3500;296;14;14;0;0;14;14
32260;3514;296;14;14;0;0;14;14
32264;3528;296;14;14;0;0;14;14
32265;3542;296;14;14;0;0;14;14
32266;3556;296;14;14;0;0;14;14
32267;3570;296;14;14;0;0;14;14
32272;3584;296;14;14;0;0;14;14
32273;3598;296;14;14;0;0;14;14
32283;3612;296;14;14;0;0;14;14
32285;3626;296;14;14;0;0;14;14
32286;3640;296;14;14;0;0;14;14
32287;3654;296;14;14;0;0;14;14
32288;3668;296;14;14;0;0;14;14
32291;3682;296;14;14;0;0;14;14
32294;3696;296;14;14;0;0;14;14
32299;3710;296;14;14;0;0;14;14
32301;3724;296;14;14;0;0;14;14
32302;3738;296;14;14;0;0;14;14
32305;3752;296;14;14;0;0;14;14
32306;3766;296;14;14;0;0;14;14
32308;3780;296;14;14;0;0;14;14
32309;3794;296;14;14;0;0;14;14
32311;3808;296;14;14;0;0;14;14
32313;3822;296;14;14;0;0;14;14
32315;3836;296;14;14;0;0;14;14
32317;3850;296;14;14;0;0;14;14
32318;3864;296;14;14;0;0;14;14
32321;3878;296;14;14;0;0;14;14
32323;3892;296;14;14;0;0;14;14
32325;3906;296;14;14;0;0;14;14
32326;3920;296;14;14;0;0;14;14
32327;3934;296;14;14;0;0;14;14
32328;3948;296;14;14;0;0;14;14
32330;3962;296;14;14;0;0;14;14
32338;3976;296;14;14;0;0;14;14
32340;3990;296;14;14;0;0;14;14
32341;4004;296;14;14;0;0;14;14
32346;4018;296;14;14;0;0;14;14
32350;4032;296;14;14;0;0;14;14
32353;4046;296;14;14;0;0;14;14
32361;4060;296;14;14;0;0;14;14
32362;4074;296;14;14;0;0;14;14
32363;0;310;14;14;0;0;14;14
32365;14;310;14;14;0;0;14;14
32367;28;310;14;14;0;0;14;14
32368;42;310;14;14;0;0;14;14
32371;56;310;14;14;0;0;14;14
32377;70;310;14;14;0;0;14;14
32380;84;310;14;14;0;0;14;14
32381;98;310;14;14;0;0;14;14
32382;112;310;14;14;0;0;14;14
32386;126;310;14;14;0;0;14;14
32392;140;310;14;14;0;0;14;14
32396;154;310;14;14;0;0;14;14
32397;168;310;14;14;0;0;14;14
32399;182;310;14;14;0;0;14;14
32402;196;310;14;14;0;0;14;14
32403;210;310;14;14;0;0;14;14
32404;224;310;14;14;0;0;14;14
32406;238;310;14;14;0;0;14;14
32408;252;310;14;14;0;0;14;14
32411;266;310;14;14;0;0;14;14
32412;280;310;14;14;0;0;14;14
32416;294;310;14;14;0;0;14;14
32417;308;310;14;14;0;0;14;14
32418;322;310;14;14;0;0;14;14
32419;336;310;14;14;0;0;14;14
32420;350;310;14;14;0;0;14;14
32421;364;310;14;14;0;0;14;14
32422;378;310;14;14;0;0;14;14
32423;392;310;14;14;0;0;14;14
32424;406;310;14;14;0;0;14;14
32426;420;310;14;14;0;0;14;14
32427;434;310;14;14;0;0;14;14
32428;448;310;14;14;0;0;14;14
32429;462;310;14;14;0;0;14;14
32431;476;310;14;14;0;0;14;14
32432;490;310;14;14;0;0;14;14
32433;504;310;14;14;0;0;14;14
32434;518;310;14;14;0;0;14;14
32435;532;310;14;14;0;0;14;14
32436;546;310;14;14;0;0;14;14
32437;560;310;14;14;0;0;14;14
32438;574;310;14;14;0;0;14;14
32439;588;310;14;14;0;0;14;14
32440;602;310;14;14;0;0;14;14
32441;616;310;14;14;0;0;14;14
32442;630;310;14;14;0;0;14;14
32445;644;310;14;14;0;0;14;14
32446;658;310;14;14;0;0;14;14
32447;672;310;14;14;0;0;14;14
32448;686;310;14;14;0;0;14;14
32449;700;310;14;14;0;0;14;14
32450;714;310;14;14;0;0;14;14
32451;728;310;14;14;0;0;14;14
32452;742;310;14;14;0;0;14;14
32453;756;310;14;14;0;0;14;14
32454;770;310;14;14;0;0;14;14
32455;784;310;14;14;0;0;14;14
32456;798;310;14;14;0;0;14;14
32457;812;310;14;14;0;0;14;14
32458;826;310;14;14;0;0;14;14
32460;840;310;14;14;0;0;14;14
32461;854;310;14;14;0;0;14;14
32462;868;310;14;14;0;0;14;14
32463;882;310;14;14;0;0;14;14
32465;896;310;14;14;0;0;14;14
32466;910;310;14;14;0;0;14;14
32467;924;310;14;14;0;0;14;14
32468;938;310;14;14;0;0;14;14
32469;952;310;14;14;0;0;14;14
32471;966;310;14;14;0;0;14;14
32472;980;310;14;14;0;0;14;14
32473;994;310;14;14;0;0;14;14
32474;1008;310;14;14;0;0;14;14
32475;1022;310;14;14;0;0;14;14
32476;1036;310;14;14;0;0;14;14
32477;1050;310;14;14;0;0;14;14
32478;1064;310;14;14;0;0;14;14
32479;1078;310;14;14;0;0;14;14
32480;1092;310;14;14;0;0;14;14
32481;1106;310;14;14;0;0;14;14
32482;1120;310;14;14;0;0;14;14
32483;1134;310;14;14;0;0;14;14
32485;1148;310;14;14;0;0;14;14
32486;1162;310;14;14;0;0;14;14
32487;1176;310;14;14;0;0;14;14
32488;1190;310;14;14;0;0;14;14
32489;1204;310;14;14;0;0;14;14
32490;1218;310;14;14;0;0;14;14
32491;1232;310;14;14;0;0;14;14
32493;1246;310;14;14;0;0;14;14
32494;1260;310;14;14;0;0;14;14
32495;1274;310;14;14;0;0;14;14
32496;1288;310;14;14;0;0;14;14
32497;1302;310;14;14;0;0;14;14
32498;1316;310;14;14;0;0;14;14
32499;1330;310;14;14;0;0;14;14
32500;1344;310;14;14;0;0;14;14
32501;1358;310;14;14;0;0;14;14
32502;1372;310;14;14;0;0;14;14
32503;1386;310;14;14;0;0;14;14
32504;1400;310;14;14;0;0;14;14
32506;1414;310;14;14;0;0;14;14
32507;1428;310;14;14;0;0;14;14
32508;1442;310;14;14;0;0;14;14
32509;1456;310;14;14;0;0;14;14
32510;1470;310;14;14;0;0;14;14
32511;1484;310;14;14;0;0;14;14
32512;1498;310;14;14;0;0;14;14
32513;1512;310;14;14;0;0;14;14
32514;1526;310;14;14;0;0;14;14
32515;1540;310;14;14;0;0;14;14
32516;1554;310;14;14;0;0;14;14
32517;1568;310;14;14;0;0;14;14
32518;1582;310;14;14;0;0;14;14
32519;1596;310;14;14;0;0;14;14
32520;1610;310;14;14;0;0;14;14
32521;1624;310;14;14;0;0;14;14
32524;1638;310;14;14;0;0;14;14
32526;1652;310;14;14;0;0;14;14
32529;1666;310;14;14;0;0;14;14
32530;1680;310;14;14;0;0;14;14
32531;1694;310;14;14;0;0;14;14
32532;1708;310;14;14;0;0;14;14
32533;1722;310;14;14;0;0;14;14
32534;1736;310;14;14;0;0;14;14
32535;1750;310;14;14;0;0;14;14
32536;1764;310;14;14;0;0;14;14
32537;1778;310;14;14;0;0;14;14
32538;1792;310;14;14;0;0;14;14
32539;1806;310;14;14;0;0;14;14
32540;1820;310;14;14;0;0;14;14
32541;1834;310;14;14;0;0;14;14
32543;1848;310;14;14;0;0;14;14
32544;1862;310;14;14;0;0;14;14
32545;1876;310;14;14;0;0;14;14
32546;1890;310;14;14;0;0;14;14
32547;1904;310;14;14;0;0;14;14
32548;1918;310;14;14;0;0;14;14
32549;1932;310;14;14;0;0;14;14
32550;1946;310;14;14;0;0;14;14
32551;1960;310;14;14;0;0;14;14
32552;1974;310;14;14;0;0;14;14
32553;1988;310;14;14;0;0;14;14
32554;2002;310;14;14;0;0;14;14
32555;2016;310;14;14;0;0;14;14
32556;2030;310;14;14;0;0;14;14
32557;2044;310;14;14;0;0;14;14
32558;2058;310;14;14;0;0;14;14
32559;2072;310;14;14;0;0;14;14
32560;2086;310;14;14;0;0;14;14
32561;2100;310;14;14;0;0;14;14
32562;2114;310;14;14;0;0;14;14
32563;2128;310;14;14;0;0;14;14
32564;2142;310;14;14;0;0;14;14
32565;2156;310;14;14;0;0;14;14
32566;2170;310;14;14;0;0;14;14
32568;2184;310;14;14;0;0;14;14
32570;2198;310;14;14;0;0;14;14
32573;2212;310;14;14;0;0;14;14
32578;2226;310;14;14;0;0;14;14
32580;2240;310;14;14;0;0;14;14
32581;2254;310;14;14;0;0;14;14
32584;2268;310;14;14;0;0;14;14
32588;2282;310;14;14;0;0;14;14
32591;2296;310;14;14;0;0;14;14
32592;2310;310;14;14;0;0;14;14
32593;2324;310;14;14;0;0;14;14
32596;2338;310;14;14;0;0;14;14
32597;2352;310;14;14;0;0;14;14
32599;2366;310;14;14;0;0;14;14
32600;2380;310;14;14;0;0;14;14
32602;2394;310;14;14;0;0;14;14
32607;2408;310;14;14;0;0;14;14
32609;2422;310;14;14;0;0;14;14
32610;2436;310;14;14;0;0;14;14
32611;2450;310;14;14;0;0;14;14
32616;2464;310;14;14;0;0;14;14
32617;2478;310;14;14;0;0;14;14
32618;2492;310;14;14;0;0;14;14
32622;2506;310;14;14;0;0;14;14
32624;2520;310;14;14;0;0;14;14
32625;2534;310;14;14;0;0;14;14
32626;2548;310;14;14;0;0;14;14
32628;2562;310;14;14;0;0;14;14
32629;2576;310;14;14;0;0;14;14
32631;2590;310;14;14;0;0;14;14
32633;2604;310;14;14;0;0;14;14
32637;2618;310;14;14;0;0;14;14
32638;2632;310;14;14;0;0;14;14
32641;2646;310;14;14;0;0;14;14
32645;2660;310;14;14;0;0;14;14
32646;2674;310;14;14;0;0;14;14
32648;2688;310;14;14;0;0;14;14
32650;2702;310;14;14;0;0;14;14
32652;2716;310;14;14;0;0;14;14
32654;2730;310;14;14;0;0;14;14
32657;2744;310;14;14;0;0;14;14
32660;2758;310;14;14;0;0;14;14
32666;2772;310;14;14;0;0;14;14
32670;2786;310;14;14;0;0;14;14
32671;2800;310;14;14;0;0;14;14
32673;2814;310;14;14;0;0;14;14
32676;2828;310;14;14;0;0;14;14
32677;2842;310;14;14;0;0;14;14
32679;2856;310;14;14;0;0;14;14
32680;2870;310;14;14;0;0;14;14
32681;2884;310;14;14;0;0;14;14
32687;2898;310;14;14;0;0;14;14
32688;2912;310;14;14;0;0;14;14
32690;2926;310;14;14;0;0;14;14
32694;2940;310;14;14;0;0;14;14
32696;2954;310;14;14;0;0;14;14
32697;2968;310;14;14;0;0;14;14
32700;2982;310;14;14;0;0;14;14
32701;2996;310;14;14;0;0;14;14
32703;3010;310;14;14;0;0;14;14
32705;3024;310;14;14;0;0;14;14
32709;3038;310;14;14;0;0;14;14
32714;3052;310;14;14;0;0;14;14
32716;3066;310;14;14;0;0;14;14
32718;3080;310;14;14;0;0;14;14
32722;3094;310;14;14;0;0;14;14
32724;3108;310;14;14;0;0;14;14
32725;3122;310;14;14;0;0;14;14
32728;3136;310;14;14;0;0;14;14
32730;3150;310;14;14;0;0;14;14
32735;3164;310;14;14;0;0;14;14
32736;3178;310;14;14;0;0;14;14
32737;3192;310;14;14;0;0;14;14
32741;3206;310;14;14;0;0;14;14
32742;3220;310;14;14;0;0;14;14
32745;3234;310;14;14;0;0;14;14
32748;3248;310;14;14;0;0;14;14
32750;3262;310;14;14;0;0;14;14
32752;3276;310;14;14;0;0;14;14
32753;3290;310;14;14;0;0;14;14
32755;3304;310;14;14;0;0;14;14
32761;3318;310;14;14;0;0;14;14
32762;3332;310;14;14;0;0;14;14
32763;3346;310;14;14;0;0;14;14
32764;3360;310;14;14;0;0;14;14
32768;3374;310;14;14;0;0;14;14
32769;3388;310;14;14;0;0;14;14
32771;3402;310;14;14;0;0;14;14
32772;3416;310;14;14;0;0;14;14
32773;3430;310;14;14;0;0;14;14
32774;3444;310;14;14;0;0;14;14
32779;3458;310;14;14;0;0;14;14
32780;3472;310;14;14;0;0;14;14
32781;3486;310;14;14;0;0;14;14
32783;3500;310;14;14;0;0;14;14
32784;3514;310;14;14;0;0;14;14
32786;3528;310;14;14;0;0;14;14
32789;3542;310;14;14;0;0;14;14
32790;3556;310;14;14;0;0;14;14
32791;3570;310;14;14;0;0;14;14
32792;3584;310;14;14;0;0;14;14
32793;3598;310;14;14;0;0;14;14
32796;3612;310;14;14;0;0;14;14
32797;3626;310;14;14;0;0;14;14
32800;3640;310;14;14;0;0;14;14
32802;3654;310;14;14;0;0;14;14
32805;3668;310;14;14;0;0;14;14
32806;3682;310;14;14;0;0;14;14
32807;3696;310;14;14;0;0;14;14
32808;3710;310;14;14;0;0;14;14
32809;3724;310;14;14;0;0;14;14
32810;3738;310;14;14;0;0;14;14
32812;3752;310;14;14;0;0;14;14
32814;3766;310;14;14;0;0;14;14
32817;3780;310;14;14;0;0;14;14
32819;3794;310;14;14;0;0;14;14
32822;3808;310;14;14;0;0;14;14
32823;3822;310;14;14;0;0;14;14
32824;3836;310;14;14;0;0;14;14
32827;3850;310;14;14;0;0;14;14
32829;3864;310;14;14;0;0;14;14
32831;3878;310;14;14;0;0;14;14
32834;3892;310;14;14;0;0;14;14
32835;3906;310;14;14;0;0;14;14
32838;3920;310;14;14;0;0;14;14
32842;3934;310;14;14;0;0;14;14
32843;3948;310;14;14;0;0;14;14
32844;3962;310;14;14;0;0;14;14
32850;3976;310;14;14;0;0;14;14
32852;3990;310;14;14;0;0;14;14
32854;4004;310;14;14;0;0;14;14
32856;4018;310;14;14;0;0;14;14
32858;4032;310;14;14;0;0;14;14
32862;4046;310;14;14;0;0;14;14
32873;4060;310;14;14;0;0;14;14
32874;4074;310;14;14;0;0;14;14
32879;0;324;14;14;0;0;14;14
32880;14;324;14;14;0;0;14;14
32881;28;324;14;14;0;0;14;14
32882;42;324;14;14;0;0;14;14
32883;56;324;14;14;0;0;14;14
32884;70;324;14;14;0;0;14;14
32885;84;324;14;14;0;0;14;14
32886;98;324;14;14;0;0;14;14
32887;112;324;14;14;0;0;14;14
32893;126;324;14;14;0;0;14;14
32894;140;324;14;14;0;0;14;14
32895;154;324;14;14;0;0;14;14
32899;168;324;14;14;0;0;14;14
32900;182;324;14;14;0;0;14;14
32901;196;324;14;14;0;0;14;14
32902;210;324;14;14;0;0;14;14
32903;224;324;14;14;0;0;14;14
32905;238;324;14;14;0;0;14;14
32907;252;324;14;14;0;0;14;14
32908;266;324;14;14;0;0;14;14
32915;280;324;14;14;0;0;14;14
32918;294;324;14;14;0;0;14;14
32920;308;324;14;14;0;0;14;14
32922;322;324;14;14;0;0;14;14
32923;336;324;14;14;0;0;14;14
32925;350;324;14;14;0;0;14;14
32927;364;324;14;14;0;0;14;14
32928;378;324;14;14;0;0;14;14
32929;392;324;14;14;0;0;14;14
32930;406;324;14;14;0;0;14;14
32932;420;324;14;14;0;0;14;14
32933;434;324;14;14;0;0;14;14
32937;448;324;14;14;0;0;14;14
32938;462;324;14;14;0;0;14;14
32939;476;324;14;14;0;0;14;14
32942;490;324;14;14;0;0;14;14
32943;504;324;14;14;0;0;14;14
32945;518;324;14;14;0;0;14;14
32946;532;324;14;14;0;0;14;14
32948;546;324;14;14;0;0;14;14
32954;560;324;14;14;0;0;14;14
32956;574;324;14;14;0;0;14;14
32957;588;324;14;14;0;0;14;14
32958;602;324;14;14;0;0;14;14
32959;616;324;14;14;0;0;14;14
32960;630;324;14;14;0;0;14;14
32961;644;324;14;14;0;0;14;14
32962;658;324;14;14;0;0;14;14
32963;672;324;14;14;0;0;14;14
32964;686;324;14;14;0;0;14;14
32966;700;324;14;14;0;0;14;14
32972;714;324;14;14;0;0;14;14
32973;728;324;14;14;0;0;14;14
32974;742;324;14;14;0;0;14;14
32982;756;324;14;14;0;0;14;14
32983;770;324;14;14;0;0;14;14
32985;784;324;14;14;0;0;14;14
32986;798;324;14;14;0;0;14;14
32987;812;324;14;14;0;0;14;14
32988;826;324;14;14;0;0;14;14
32989;840;324;14;14;0;0;14;14
32990;854;324;14;14;0;0;14;14
32993;868;324;14;14;0;0;14;14
32996;882;324;14;14;0;0;14;14
32997;896;324;14;14;0;0;14;14
32999;910;324;14;14;0;0;14;14
33000;924;324;14;14;0;0;14;14
33002;938;324;14;14;0;0;14;14
33003;952;324;14;14;0;0;14;14
33004;966;324;14;14;0;0;14;14
33005;980;324;14;14;0;0;14;14
33007;994;324;14;14;0;0;14;14
33008;1008;324;14;14;0;0;14;14
33009;1022;324;14;14;0;0;14;14
33011;1036;324;14;14;0;0;14;14
33012;1050;324;14;14;0;0;14;14
33014;1064;324;14;14;0;0;14;14
33016;1078;324;14;14;0;0;14;14
33018;1092;324;14;14;0;0;14;14
33020;1106;324;14;14;0;0;14;14
33021;1120;324;14;14;0;0;14;14
33026;1134;324;14;14;0;0;14;14
33029;1148;324;14;14;0;0;14;14
33030;1162;324;14;14;0;0;14;14
33031;1176;324;14;14;0;0;14;14
33032;1190;324;14;14;0;0;14;14
33033;1204;324;14;14;0;0;14;14
33034;1218;324;14;14;0;0;14;14
33037;1232;324;14;14;0;0;14;14
33039;1246;324;14;14;0;0;14;14
33040;1260;324;14;14;0;0;14;14
33041;1274;324;14;14;0;0;14;14
33042;1288;324;14;14;0;0;14;14
33043;1302;324;14;14;0;0;14;14
33044;1316;324;14;14;0;0;14;14
33046;1330;324;14;14;0;0;14;14
33048;1344;324;14;14;0;0;14;14
33050;1358;324;14;14;0;0;14;14
33051;1372;324;14;14;0;0;14;14
33059;1386;324;14;14;0;0;14;14
33063;1400;324;14;14;0;0;14;14
33067;1414;324;14;14;0;0;14;14
33068;1428;324;14;14;0;0;14;14
33071;1442;324;14;14;0;0;14;14
33073;1456;324;14;14;0;0;14;14
33074;1470;324;14;14;0;0;14;14
33075;1484;324;14;14;0;0;14;14
33080;1498;324;14;14;0;0;14;14
33081;1512;324;14;14;0;0;14;14
33086;1526;324;14;14;0;0;14;14
33094;1540;324;14;14;0;0;14;14
33096;1554;324;14;14;0;0;14;14
33098;1568;324;14;14;0;0;14;14
33099;1582;324;14;14;0;0;14;14
33100;1596;324;14;14;0;0;14;14
33102;1610;324;14;14;0;0;14;14
33104;1624;324;14;14;0;0;14;14
33105;1638;324;14;14;0;0;14;14
33107;1652;324;14;14;0;0;14;14
33108;1666;324;14;14;0;0;14;14
33109;1680;324;14;14;0;0;14;14
33110;1694;324;14;14;0;0;14;14
33114;1708;324;14;14;0;0;14;14
33120;1722;324;14;14;0;0;14;14
33125;1736;324;14;14;0;0;14;14
33126;1750;324;14;14;0;0;14;14
33127;1764;324;14;14;0;0;14;14
33129;1778;324;14;14;0;0;14;14
33131;1792;324;14;14;0;0;14;14
33133;1806;324;14;14;0;0;14;14
33134;1820;324;14;14;0;0;14;14
33136;1834;324;14;14;0;0;14;14
33137;1848;324;14;14;0;0;14;14
33139;1862;324;14;14;0;0;14;14
33140;1876;324;14;14;0;0;14;14
33144;1890;324;14;14;0;0;14;14
33145;1904;324;14;14;0;0;14;14
33146;1918;324;14;14;0;0;14;14
33147;1932;324;14;14;0;0;14;14
33148;1946;324;14;14;0;0;14;14
33150;1960;324;14;14;0;0;14;14
33151;1974;324;14;14;0;0;14;14
33152;1988;324;14;14;0;0;14;14
33154;2002;324;14;14;0;0;14;14
33160;2016;324;14;14;0;0;14;14
33162;2030;324;14;14;0;0;14;14
33167;2044;324;14;14;0;0;14;14
33169;2058;324;14;14;0;0;14;14
33173;2072;324;14;14;0;0;14;14
33176;2086;324;14;14;0;0;14;14
33177;2100;324;14;14;0;0;14;14
33178;2114;324;14;14;0;0;14;14
33179;2128;324;14;14;0;0;14;14
33180;2142;324;14;14;0;0;14;14
33181;2156;324;14;14;0;0;14;14
33184;2170;324;14;14;0;0;14;14
33190;2184;324;14;14;0;0;14;14
33192;2198;324;14;14;0;0;14;14
33193;2212;324;14;14;0;0;14;14
33203;2226;324;14;14;0;0;14;14
33210;2240;324;14;14;0;0;14;14
33211;2254;324;14;14;0;0;14;14
33213;2268;324;14;14;0;0;14;14
33214;2282;324;14;14;0;0;14;14
33215;2296;324;14;14;0;0;14;14
33216;2310;324;14;14;0;0;14;14
33218;2324;324;14;14;0;0;14;14
33219;2338;324;14;14;0;0;14;14
33222;2352;324;14;14;0;0;14;14
33225;2366;324;14;14;0;0;14;14
33226;2380;324;14;14;0;0;14;14
33228;2394;324;14;14;0;0;14;14
33229;2408;324;14;14;0;0;14;14
33231;2422;324;14;14;0;0;14;14
33234;2436;324;14;14;0;0;14;14
33235;2450;324;14;14;0;0;14;14
33240;2464;324;14;14;0;0;14;14
33242;2478;324;14;14;0;0;14;14
33244;2492;324;14;14;0;0;14;14
33246;2506;324;14;14;0;0;14;14
33247;2520;324;14;14;0;0;14;14
33248;2534;324;14;14;0;0;14;14
33250;2548;324;14;14;0;0;14;14
33251;2562;324;14;14;0;0;14;14
33253;2576;324;14;14;0;0;14;14
33255;2590;324;14;14;0;0;14;14
33256;2604;324;14;14;0;0;14;14
33258;2618;324;14;14;0;0;14;14
33260;2632;324;14;14;0;0;14;14
33261;2646;324;14;14;0;0;14;14
33263;2660;324;14;14;0;0;14;14
33267;2674;324;14;14;0;0;14;14
33268;2688;324;14;14;0;0;14;14
33274;2702;324;14;14;0;0;14;14
33275;2716;324;14;14;0;0;14;14
33276;2730;324;14;14;0;0;14;14
33278;2744;324;14;14;0;0;14;14
33280;2758;324;14;14;0;0;14;14
33282;2772;324;14;14;0;0;14;14
33284;2786;324;14;14;0;0;14;14
33285;2800;324;14;14;0;0;14;14
33286;2814;324;14;14;0;0;14;14
33287;2828;324;14;14;0;0;14;14
33288;2842;324;14;14;0;0;14;14
33289;2856;324;14;14;0;0;14;14
33290;2870;324;14;14;0;0;14;14
33292;2884;324;14;14;0;0;14;14
33293;2898;324;14;14;0;0;14;14
33294;2912;324;14;14;0;0;14;14
33296;2926;324;14;14;0;0;14;14
33298;2940;324;14;14;0;0;14;14
33300;2954;324;14;14;0;0;14;14
33303;2968;324;14;14;0;0;14;14
33307;2982;324;14;14;0;0;14;14
33308;2996;324;14;14;0;0;14;14
33310;3010;324;14;14;0;0;14;14
33311;3024;324;14;14;0;0;14;14
33314;3038;324;14;14;0;0;14;14
33320;3052;324;14;14;0;0;14;14
33322;3066;324;14;14;0;0;14;14
33323;3080;324;14;14;0;0;14;14
33324;3094;324;14;14;0;0;14;14
33328;3108;324;14;14;0;0;14;14
33329;3122;324;14;14;0;0;14;14
33331;3136;324;14;14;0;0;14;14
33332;3150;324;14;14;0;0;14;14
33333;3164;324;14;14;0;0;14;14
33334;3178;324;14;14;0;0;14;14
33335;3192;324;14;14;0;0;14;14
33336;3206;324;14;14;0;0;14;14
33337;3220;324;14;14;0;0;14;14
33338;3234;324;14;14;0;0;14;14
33339;3248;324;14;14;0;0;14;14
33348;3262;324;14;14;0;0;14;14
33351;3276;324;14;14;0;0;14;14
33355;3290;324;14;14;0;0;14;14
33368;3304;324;14;14;0;0;14;14
33369;3318;324;14;14;0;0;14;14
33375;3332;324;14;14;0;0;14;14
33380;3346;324;14;14;0;0;14;14
33382;3360;324;14;14;0;0;14;14
33384;3374;324;14;14;0;0;14;14
33387;3388;324;14;14;0;0;14;14
33390;3402;324;14;14;0;0;14;14
33391;3416;324;14;14;0;0;14;14
33392;3430;324;14;14;0;0;14;14
33393;3444;324;14;14;0;0;14;14
33394;3458;324;14;14;0;0;14;14
33395;3472;324;14;14;0;0;14;14
33398;3486;324;14;14;0;0;14;14
33399;3500;324;14;14;0;0;14;14
33402;3514;324;14;14;0;0;14;14
33403;3528;324;14;14;0;0;14;14
33405;3542;324;14;14;0;0;14;14
33406;3556;324;14;14;0;0;14;14
33407;3570;324;14;14;0;0;14;14
33410;3584;324;14;14;0;0;14;14
33412;3598;324;14;14;0;0;14;14
33418;3612;324;14;14;0;0;14;14
33419;3626;324;14;14;0;0;14;14
33421;3640;324;14;14;0;0;14;14
33422;3654;324;14;14;0;0;14;14
33424;3668;324;14;14;0;0;14;14
33425;3682;324;14;14;0;0;14;14
33426;3696;324;14;14;0;0;14;14
33431;3710;324;14;14;0;0;14;14
33433;3724;324;14;14;0;0;14;14
33436;3738;324;14;14;0;0;14;14
33437;3752;324;14;14;0;0;14;14
33439;3766;324;14;14;0;0;14;14
33441;3780;324;14;14;0;0;14;14
33443;3794;324;14;14;0;0;14;14
33445;3808;324;14;14;0;0;14;14
33446;3822;324;14;14;0;0;14;14
33448;3836;324;14;14;0;0;14;14
33449;3850;324;14;14;0;0;14;14
33450;3864;324;14;14;0;0;14;14
33451;3878;324;14;14;0;0;14;14
33452;3892;324;14;14;0;0;14;14
33453;3906;324;14;14;0;0;14;14
33454;3920;324;14;14;0;0;14;14
33455;3934;324;14;14;0;0;14;14
33456;3948;324;14;14;0;0;14;14
33457;3962;324;14;14;0;0;14;14
33459;3976;324;14;14;0;0;14;14
33463;3990;324;14;14;0;0;14;14
33464;4004;324;14;14;0;0;14;14
33465;4018;324;14;14;0;0;14;14
33467;4032;324;14;14;0;0;14;14
33468;4046;324;14;14;0;0;14;14
33469;4060;324;14;14;0;0;14;14
33470;4074;324;14;14;0;0;14;14
33473;0;338;14;14;0;0;14;14
33476;14;338;14;14;0;0;14;14
33479;28;338;14;14;0;0;14;14
33480;42;338;14;14;0;0;14;14
33483;56;338;14;14;0;0;14;14
33484;70;338;14;14;0;0;14;14
33485;84;338;14;14;0;0;14;14
33486;98;338;14;14;0;0;14;14
33487;112;338;14;14;0;0;14;14
33489;126;338;14;14;0;0;14;14
33490;140;338;14;14;0;0;14;14
33491;154;338;14;14;0;0;14;14
33492;168;338;14;14;0;0;14;14
33493;182;338;14;14;0;0;14;14
33495;196;338;14;14;0;0;14;14
33496;210;338;14;14;0;0;14;14
33499;224;338;14;14;0;0;14;14
33500;238;338;14;14;0;0;14;14
33502;252;338;14;14;0;0;14;14
33503;266;338;14;14;0;0;14;14
33505;280;338;14;14;0;0;14;14
33507;294;338;14;14;0;0;14;14
33508;308;338;14;14;0;0;14;14
33509;322;338;14;14;0;0;14;14
33510;336;338;14;14;0;0;14;14
33511;350;338;14;14;0;0;14;14
33515;364;338;14;14;0;0;14;14
33519;378;338;14;14;0;0;14;14
33521;392;338;14;14;0;0;14;14
33523;406;338;14;14;0;0;14;14
33524;420;338;14;14;0;0;14;14
33527;434;338;14;14;0;0;14;14
33529;448;338;14;14;0;0;14;14
33530;462;338;14;14;0;0;14;14
33531;476;338;14;14;0;0;14;14
33533;490;338;14;14;0;0;14;14
33536;504;338;14;14;0;0;14;14
33537;518;338;14;14;0;0;14;14
33538;532;338;14;14;0;0;14;14
33539;546;338;14;14;0;0;14;14
33540;560;338;14;14;0;0;14;14
33541;574;338;14;14;0;0;14;14
33542;588;338;14;14;0;0;14;14
33545;602;338;14;14;0;0;14;14
33548;616;338;14;14;0;0;14;14
33549;630;338;14;14;0;0;14;14
33550;644;338;14;14;0;0;14;14
33551;658;338;14;14;0;0;14;14
33553;672;338;14;14;0;0;14;14
33555;686;338;14;14;0;0;14;14
33556;700;338;14;14;0;0;14;14
33557;714;338;14;14;0;0;14;14
33559;728;338;14;14;0;0;14;14
33562;742;338;14;14;0;0;14;14
33563;756;338;14;14;0;0;14;14
33564;770;338;14;14;0;0;14;14
33575;784;338;14;14;0;0;14;14
33576;798;338;14;14;0;0;14;14
33579;812;338;14;14;0;0;14;14
33580;826;338;14;14;0;0;14;14
33581;840;338;14;14;0;0;14;14
33583;854;338;14;14;0;0;14;14
33585;868;338;14;14;0;0;14;14
33586;882;338;14;14;0;0;14;14
33588;896;338;14;14;0;0;14;14
33589;910;338;14;14;0;0;14;14
33590;924;338;14;14;0;0;14;14
33592;938;338;14;14;0;0;14;14
33593;952;338;14;14;0;0;14;14
33596;966;338;14;14;0;0;14;14
33600;980;338;14;14;0;0;14;14
33603;994;338;14;14;0;0;14;14
33606;1008;338;14;14;0;0;14;14
33607;1022;338;14;14;0;0;14;14
33609;1036;338;14;14;0;0;14;14
33610;1050;338;14;14;0;0;14;14
33615;1064;338;14;14;0;0;14;14
33616;1078;338;14;14;0;0;14;14
33617;1092;338;14;14;0;0;14;14
33618;1106;338;14;14;0;0;14;14
33620;1120;338;14;14;0;0;14;14
33622;1134;338;14;14;0;0;14;14
33624;1148;338;14;14;0;0;14;14
33626;1162;338;14;14;0;0;14;14
33628;1176;338;14;14;0;0;14;14
33630;1190;338;14;14;0;0;14;14
33631;1204;338;14;14;0;0;14;14
33632;1218;338;14;14;0;0;14;14
33633;1232;338;14;14;0;0;14;14
33635;1246;338;14;14;0;0;14;14
33636;1260;338;14;14;0;0;14;14
33637;1274;338;14;14;0;0;14;14
33638;1288;338;14;14;0;0;14;14
33639;1302;338;14;14;0;0;14;14
33640;1316;338;14;14;0;0;14;14
33641;1330;338;14;14;0;0;14;14
33642;1344;338;14;14;0;0;14;14
33643;1358;338;14;14;0;0;14;14
33644;1372;338;14;14;0;0;14;14
33645;1386;338;14;14;0;0;14;14
33646;1400;338;14;14;0;0;14;14
33647;1414;338;14;14;0;0;14;14
33651;1428;338;14;14;0;0;14;14
33655;1442;338;14;14;0;0;14;14
33656;1456;338;14;14;0;0;14;14
33659;1470;338;14;14;0;0;14;14
33660;1484;338;14;14;0;0;14;14
33661;1498;338;14;14;0;0;14;14
33663;1512;338;14;14;0;0;14;14
33669;1526;338;14;14;0;0;14;14
33670;1540;338;14;14;0;0;14;14
33673;1554;338;14;14;0;0;14;14
33674;1568;338;14;14;0;0;14;14
33678;1582;338;14;14;0;0;14;14
33682;1596;338;14;14;0;0;14;14
33683;1610;338;14;14;0;0;14;14
33686;1624;338;14;14;0;0;14;14
33688;1638;338;14;14;0;0;14;14
33691;1652;338;14;14;0;0;14;14
33692;1666;338;14;14;0;0;14;14
33694;1680;338;14;14;0;0;14;14
33696;1694;338;14;14;0;0;14;14
33698;1708;338;14;14;0;0;14;14
33703;1722;338;14;14;0;0;14;14
33704;1736;338;14;14;0;0;14;14
33705;1750;338;14;14;0;0;14;14
33706;1764;338;14;14;0;0;14;14
33707;1778;338;14;14;0;0;14;14
33713;1792;338;14;14;0;0;14;14
33714;1806;338;14;14;0;0;14;14
33715;1820;338;14;14;0;0;14;14
33716;1834;338;14;14;0;0;14;14
33719;1848;338;14;14;0;0;14;14
33720;1862;338;14;14;0;0;14;14
33721;1876;338;14;14;0;0;14;14
33722;1890;338;14;14;0;0;14;14
33724;1904;338;14;14;0;0;14;14
33725;1918;338;14;14;0;0;14;14
33728;1932;338;14;14;0;0;14;14
33729;1946;338;14;14;0;0;14;14
33733;1960;338;14;14;0;0;14;14
33735;1974;338;14;14;0;0;14;14
33738;1988;338;14;14;0;0;14;14
33740;2002;338;14;14;0;0;14;14
33743;2016;338;14;14;0;0;14;14
33747;2030;338;14;14;0;0;14;14
33748;2044;338;14;14;0;0;14;14
33750;2058;338;14;14;0;0;14;14
33752;2072;338;14;14;0;0;14;14
33756;2086;338;14;14;0;0;14;14
33759;2100;338;14;14;0;0;14;14
33760;2114;338;14;14;0;0;14;14
33761;2128;338;14;14;0;0;14;14
33767;2142;338;14;14;0;0;14;14
33769;2156;338;14;14;0;0;14;14
33770;2170;338;14;14;0;0;14;14
33775;2184;338;14;14;0;0;14;14
33776;2198;338;14;14;0;0;14;14
33777;2212;338;14;14;0;0;14;14
33778;2226;338;14;14;0;0;14;14
33784;2240;338;14;14;0;0;14;14
33785;2254;338;14;14;0;0;14;14
33789;2268;338;14;14;0;0;14;14
33793;2282;338;14;14;0;0;14;14
33795;2296;338;14;14;0;0;14;14
33796;2310;338;14;14;0;0;14;14
33799;2324;338;14;14;0;0;14;14
33802;2338;338;14;14;0;0;14;14
33803;2352;338;14;14;0;0;14;14
33804;2366;338;14;14;0;0;14;14
33805;2380;338;14;14;0;0;14;14
33806;2394;338;14;14;0;0;14;14
33807;2408;338;14;14;0;0;14;14
33809;2422;338;14;14;0;0;14;14
33816;2436;338;14;14;0;0;14;14
33820;2450;338;14;14;0;0;14;14
33821;2464;338;14;14;0;0;14;14
33828;2478;338;14;14;0;0;14;14
33829;2492;338;14;14;0;0;14;14
33830;2506;338;14;14;0;0;14;14
33831;2520;338;14;14;0;0;14;14
33832;2534;338;14;14;0;0;14;14
33833;2548;338;14;14;0;0;14;14
33836;2562;338;14;14;0;0;14;14
33841;2576;338;14;14;0;0;14;14
33845;2590;338;14;14;0;0;14;14
33848;2604;338;14;14;0;0;14;14
33852;2618;338;14;14;0;0;14;14
33853;2632;338;14;14;0;0;14;14
33862;2646;338;14;14;0;0;14;14
33865;2660;338;14;14;0;0;14;14
33873;2674;338;14;14;0;0;14;14
33874;2688;338;14;14;0;0;14;14
33879;2702;338;14;14;0;0;14;14
33882;2716;338;14;14;0;0;14;14
33883;2730;338;14;14;0;0;14;14
33889;2744;338;14;14;0;0;14;14
33891;2758;338;14;14;0;0;14;14
33892;2772;338;14;14;0;0;14;14
33894;2786;338;14;14;0;0;14;14
33897;2800;338;14;14;0;0;14;14
33899;2814;338;14;14;0;0;14;14
33900;2828;338;14;14;0;0;14;14
33901;2842;338;14;14;0;0;14;14
33905;2856;338;14;14;0;0;14;14
33907;2870;338;14;14;0;0;14;14
33909;2884;338;14;14;0;0;14;14
33910;2898;338;14;14;0;0;14;14
33911;2912;338;14;14;0;0;14;14
33912;2926;338;14;14;0;0;14;14
33914;2940;338;14;14;0;0;14;14
33922;2954;338;14;14;0;0;14;14
33931;2968;338;14;14;0;0;14;14
33932;2982;338;14;14;0;0;14;14
33936;2996;338;14;14;0;0;14;14
33939;3010;338;14;14;0;0;14;14
33940;3024;338;14;14;0;0;14;14
33943;3038;338;14;14;0;0;14;14
33945;3052;338;14;14;0;0;14;14
33948;3066;338;14;14;0;0;14;14
33950;3080;338;14;14;0;0;14;14
33951;3094;338;14;14;0;0;14;14
33953;3108;338;14;14;0;0;14;14
33967;3122;338;14;14;0;0;14;14
33970;3136;338;14;14;0;0;14;14
33972;3150;338;14;14;0;0;14;14
33976;3164;338;14;14;0;0;14;14
33977;3178;338;14;14;0;0;14;14
33978;3192;338;14;14;0;0;14;14
33979;3206;338;14;14;0;0;14;14
33980;3220;338;14;14;0;0;14;14
33981;3234;338;14;14;0;0;14;14
33983;3248;338;14;14;0;0;14;14
33984;3262;338;14;14;0;0;14;14
33985;3276;338;14;14;0;0;14;14
33988;3290;338;14;14;0;0;14;14
33990;3304;338;14;14;0;0;14;14
33993;3318;338;14;14;0;0;14;14
33994;3332;338;14;14;0;0;14;14
33995;3346;338;14;14;0;0;14;14
33997;3360;338;14;14;0;0;14;14
34000;3374;338;14;14;0;0;14;14
34001;3388;338;14;14;0;0;14;14
34003;3402;338;14;14;0;0;14;14
34006;3416;338;14;14;0;0;14;14
34013;3430;338;14;14;0;0;14;14
34015;3444;338;14;14;0;0;14;14
34016;3458;338;14;14;0;0;14;14
34021;3472;338;14;14;0;0;14;14
34022;3486;338;14;14;0;0;14;14
34023;3500;338;14;14;0;0;14;14
34028;3514;338;14;14;0;0;14;14
34030;3528;338;14;14;0;0;14;14
34031;3542;338;14;14;0;0;14;14
34044;3556;338;14;14;0;0;14;14
34045;3570;338;14;14;0;0;14;14
34047;3584;338;14;14;0;0;14;14
34065;3598;338;14;14;0;0;14;14
34067;3612;338;14;14;0;0;14;14
34068;3626;338;14;14;0;0;14;14
34071;3640;338;14;14;0;0;14;14
34074;3654;338;14;14;0;0;14;14
34078;3668;338;14;14;0;0;14;14
34079;3682;338;14;14;0;0;14;14
34081;3696;338;14;14;0;0;14;14
34083;3710;338;14;14;0;0;14;14
34085;3724;338;14;14;0;0;14;14
34086;3738;338;14;14;0;0;14;14
34091;3752;338;14;14;0;0;14;14
34092;3766;338;14;14;0;0;14;14
34093;3780;338;14;14;0;0;14;14
34101;3794;338;14;14;0;0;14;14
34103;3808;338;14;14;0;0;14;14
34104;3822;338;14;14;0;0;14;14
34106;3836;338;14;14;0;0;14;14
34107;3850;338;14;14;0;0;14;14
34108;3864;338;14;14;0;0;14;14
34109;3878;338;14;14;0;0;14;14
34113;3892;338;14;14;0;0;14;14
34115;3906;338;14;14;0;0;14;14
34120;3920;338;14;14;0;0;14;14
34121;3934;338;14;14;0;0;14;14
34122;3948;338;14;14;0;0;14;14
34126;3962;338;14;14;0;0;14;14
34130;3976;338;14;14;0;0;14;14
34131;3990;338;14;14;0;0;14;14
34133;4004;338;14;14;0;0;14;14
34134;4018;338;14;14;0;0;14;14
34135;4032;338;14;14;0;0;14;14
34137;4046;338;14;14;0;0;14;14
34142;4060;338;14;14;0;0;14;14
34148;4074;338;14;14;0;0;14;14
34152;0;352;14;14;0;0;14;14
34153;14;352;14;14;0;0;14;14
34154;28;352;14;14;0;0;14;14
34157;42;352;14;14;0;0;14;14
34162;56;352;14;14;0;0;14;14
34164;70;352;14;14;0;0;14;14
34169;84;352;14;14;0;0;14;14
34170;98;352;14;14;0;0;14;14
34171;112;352;14;14;0;0;14;14
34174;126;352;14;14;0;0;14;14
34180;140;352;14;14;0;0;14;14
34181;154;352;14;14;0;0;14;14
34183;168;352;14;14;0;0;14;14
34184;182;352;14;14;0;0;14;14
34186;196;352;14;14;0;0;14;14
34188;210;352;14;14;0;0;14;14
34191;224;352;14;14;0;0;14;14
34193;238;352;14;14;0;0;14;14
34196;252;352;14;14;0;0;14;14
34203;266;352;14;14;0;0;14;14
34204;280;352;14;14;0;0;14;14
34212;294;352;14;14;0;0;14;14
34214;308;352;14;14;0;0;14;14
34216;322;352;14;14;0;0;14;14
34217;336;352;14;14;0;0;14;14
34218;350;352;14;14;0;0;14;14
34219;364;352;14;14;0;0;14;14
34220;378;352;14;14;0;0;14;14
34222;392;352;14;14;0;0;14;14
34223;406;352;14;14;0;0;14;14
34224;420;352;14;14;0;0;14;14
34231;434;352;14;14;0;0;14;14
34233;448;352;14;14;0;0;14;14
34234;462;352;14;14;0;0;14;14
34241;476;352;14;14;0;0;14;14
34249;490;352;14;14;0;0;14;14
34253;504;352;14;14;0;0;14;14
34254;518;352;14;14;0;0;14;14
34255;532;352;14;14;0;0;14;14
34256;546;352;14;14;0;0;14;14
34259;560;352;14;14;0;0;14;14
34261;574;352;14;14;0;0;14;14
34268;588;352;14;14;0;0;14;14
34269;602;352;14;14;0;0;14;14
34272;616;352;14;14;0;0;14;14
34276;630;352;14;14;0;0;14;14
34277;644;352;14;14;0;0;14;14
34281;658;352;14;14;0;0;14;14
34282;672;352;14;14;0;0;14;14
34294;686;352;14;14;0;0;14;14
34295;700;352;14;14;0;0;14;14
34297;714;352;14;14;0;0;14;14
34298;728;352;14;14;0;0;14;14
34299;742;352;14;14;0;0;14;14
34303;756;352;14;14;0;0;14;14
34308;770;352;14;14;0;0;14;14
34309;784;352;14;14;0;0;14;14
34310;798;352;14;14;0;0;14;14
34311;812;352;14;14;0;0;14;14
34314;826;352;14;14;0;0;14;14
34315;840;352;14;14;0;0;14;14
34321;854;352;14;14;0;0;14;14
34326;868;352;14;14;0;0;14;14
34327;882;352;14;14;0;0;14;14
34330;896;352;14;14;0;0;14;14
34338;910;352;14;14;0;0;14;14
34343;924;352;14;14;0;0;14;14
34345;938;352;14;14;0;0;14;14
34349;952;352;14;14;0;0;14;14
34360;966;352;14;14;0;0;14;14
34362;980;352;14;14;0;0;14;14
34367;994;352;14;14;0;0;14;14
34382;1008;352;14;14;0;0;14;14
34383;1022;352;14;14;0;0;14;14
34384;1036;352;14;14;0;0;14;14
34385;1050;352;14;14;0;0;14;14
34388;1064;352;14;14;0;0;14;14
34389;1078;352;14;14;0;0;14;14
34394;1092;352;14;14;0;0;14;14
34395;1106;352;14;14;0;0;14;14
34396;1120;352;14;14;0;0;14;14
34398;1134;352;14;14;0;0;14;14
34399;1148;352;14;14;0;0;14;14
34402;1162;352;14;14;0;0;14;14
34407;1176;352;14;14;0;0;14;14
34411;1190;352;14;14;0;0;14;14
34412;1204;352;14;14;0;0;14;14
34414;1218;352;14;14;0;0;14;14
34415;1232;352;14;14;0;0;14;14
34417;1246;352;14;14;0;0;14;14
34425;1260;352;14;14;0;0;14;14
34426;1274;352;14;14;0;0;14;14
34427;1288;352;14;14;0;0;14;14
34428;1302;352;14;14;0;0;14;14
34429;1316;352;14;14;0;0;14;14
34430;1330;352;14;14;0;0;14;14
34431;1344;352;14;14;0;0;14;14
34432;1358;352;14;14;0;0;14;14
34433;1372;352;14;14;0;0;14;14
34434;1386;352;14;14;0;0;14;14
34442;1400;352;14;14;0;0;14;14
34443;1414;352;14;14;0;0;14;14
34444;1428;352;14;14;0;0;14;14
34445;1442;352;14;14;0;0;14;14
34451;1456;352;14;14;0;0;14;14
34453;1470;352;14;14;0;0;14;14
34455;1484;352;14;14;0;0;14;14
34460;1498;352;14;14;0;0;14;14
34461;1512;352;14;14;0;0;14;14
34467;1526;352;14;14;0;0;14;14
34468;1540;352;14;14;0;0;14;14
34471;1554;352;14;14;0;0;14;14
34472;1568;352;14;14;0;0;14;14
34473;1582;352;14;14;0;0;14;14
34474;1596;352;14;14;0;0;14;14
34476;1610;352;14;14;0;0;14;14
34479;1624;352;14;14;0;0;14;14
34480;1638;352;14;14;0;0;14;14
34481;1652;352;14;14;0;0;14;14
34484;1666;352;14;14;0;0;14;14
34485;1680;352;14;14;0;0;14;14
34486;1694;352;14;14;0;0;14;14
34496;1708;352;14;14;0;0;14;14
34500;1722;352;14;14;0;0;14;14
34502;1736;352;14;14;0;0;14;14
34503;1750;352;14;14;0;0;14;14
34505;1764;352;14;14;0;0;14;14
34506;1778;352;14;14;0;0;14;14
34507;1792;352;14;14;0;0;14;14
34509;1806;352;14;14;0;0;14;14
34510;1820;352;14;14;0;0;14;14
34511;1834;352;14;14;0;0;14;14
34512;1848;352;14;14;0;0;14;14
34516;1862;352;14;14;0;0;14;14
34520;1876;352;14;14;0;0;14;14
34521;1890;352;14;14;0;0;14;14
34523;1904;352;14;14;0;0;14;14
34526;1918;352;14;14;0;0;14;14
34527;1932;352;14;14;0;0;14;14
34532;1946;352;14;14;0;0;14;14
34537;1960;352;14;14;0;0;14;14
34541;1974;352;14;14;0;0;14;14
34542;1988;352;14;14;0;0;14;14
34544;2002;352;14;14;0;0;14;14
34545;2016;352;14;14;0;0;14;14
34546;2030;352;14;14;0;0;14;14
34547;2044;352;14;14;0;0;14;14
34548;2058;352;14;14;0;0;14;14
34552;2072;352;14;14;0;0;14;14
34553;2086;352;14;14;0;0;14;14
34554;2100;352;14;14;0;0;14;14
34555;2114;352;14;14;0;0;14;14
34558;2128;352;14;14;0;0;14;14
34560;2142;352;14;14;0;0;14;14
34562;2156;352;14;14;0;0;14;14
34563;2170;352;14;14;0;0;14;14
34566;2184;352;14;14;0;0;14;14
34567;2198;352;14;14;0;0;14;14
34568;2212;352;14;14;0;0;14;14
34569;2226;352;14;14;0;0;14;14
34570;2240;352;14;14;0;0;14;14
34573;2254;352;14;14;0;0;14;14
34578;2268;352;14;14;0;0;14;14
34579;2282;352;14;14;0;0;14;14
34581;2296;352;14;14;0;0;14;14
34583;2310;352;14;14;0;0;14;14
34584;2324;352;14;14;0;0;14;14
34586;2338;352;14;14;0;0;14;14
34588;2352;352;14;14;0;0;14;14
34590;2366;352;14;14;0;0;14;14
34593;2380;352;14;14;0;0;14;14
34594;2394;352;14;14;0;0;14;14
34595;2408;352;14;14;0;0;14;14
34597;2422;352;14;14;0;0;14;14
34601;2436;352;14;14;0;0;14;14
34606;2450;352;14;14;0;0;14;14
34609;2464;352;14;14;0;0;14;14
34612;2478;352;14;14;0;0;14;14
34615;2492;352;14;14;0;0;14;14
34619;2506;352;14;14;0;0;14;14
34623;2520;352;14;14;0;0;14;14
34631;2534;352;14;14;0;0;14;14
34632;2548;352;14;14;0;0;14;14
34633;2562;352;14;14;0;0;14;14
34636;2576;352;14;14;0;0;14;14
34638;2590;352;14;14;0;0;14;14
34643;2604;352;14;14;0;0;14;14
34645;2618;352;14;14;0;0;14;14
34647;2632;352;14;14;0;0;14;14
34649;2646;352;14;14;0;0;14;14
34655;2660;352;14;14;0;0;14;14
34656;2674;352;14;14;0;0;14;14
34659;2688;352;14;14;0;0;14;14
34661;2702;352;14;14;0;0;14;14
34662;2716;352;14;14;0;0;14;14
34664;2730;352;14;14;0;0;14;14
34670;2744;352;14;14;0;0;14;14
34672;2758;352;14;14;0;0;14;14
34676;2772;352;14;14;0;0;14;14
34678;2786;352;14;14;0;0;14;14
34680;2800;352;14;14;0;0;14;14
34683;2814;352;14;14;0;0;14;14
34684;2828;352;14;14;0;0;14;14
34685;2842;352;14;14;0;0;14;14
34686;2856;352;14;14;0;0;14;14
34690;2870;352;14;14;0;0;14;14
34691;2884;352;14;14;0;0;14;14
34692;2898;352;14;14;0;0;14;14
34693;2912;352;14;14;0;0;14;14
34696;2926;352;14;14;0;0;14;14
34699;2940;352;14;14;0;0;14;14
34701;2954;352;14;14;0;0;14;14
34711;2968;352;14;14;0;0;14;14
34718;2982;352;14;14;0;0;14;14
34719;2996;352;14;14;0;0;14;14
34720;3010;352;14;14;0;0;14;14
34722;3024;352;14;14;0;0;14;14
34728;3038;352;14;14;0;0;14;14
34731;3052;352;14;14;0;0;14;14
34732;3066;352;14;14;0;0;14;14
34733;3080;352;14;14;0;0;14;14
34735;3094;352;14;14;0;0;14;14
34739;3108;352;14;14;0;0;14;14
34741;3122;352;14;14;0;0;14;14
34746;3136;352;14;14;0;0;14;14
34747;3150;352;14;14;0;0;14;14
34749;3164;352;14;14;0;0;14;14
34752;3178;352;14;14;0;0;14;14
34756;3192;352;14;14;0;0;14;14
34758;3206;352;14;14;0;0;14;14
34760;3220;352;14;14;0;0;14;14
34762;3234;352;14;14;0;0;14;14
34763;3248;352;14;14;0;0;14;14
34766;3262;352;14;14;0;0;14;14
34769;3276;352;14;14;0;0;14;14
34770;3290;352;14;14;0;0;14;14
34779;3304;352;14;14;0;0;14;14
34784;3318;352;14;14;0;0;14;14
34787;3332;352;14;14;0;0;14;14
34789;3346;352;14;14;0;0;14;14
34794;3360;352;14;14;0;0;14;14
34796;3374;352;14;14;0;0;14;14
34798;3388;352;14;14;0;0;14;14
34799;3402;352;14;14;0;0;14;14
34802;3416;352;14;14;0;0;14;14
34803;3430;352;14;14;0;0;14;14
34806;3444;352;14;14;0;0;14;14
34809;3458;352;14;14;0;0;14;14
34811;3472;352;14;14;0;0;14;14
34814;3486;352;14;14;0;0;14;14
34821;3500;352;14;14;0;0;14;14
34822;3514;352;14;14;0;0;14;14
34826;3528;352;14;14;0;0;14;14
34829;3542;352;14;14;0;0;14;14
34832;3556;352;14;14;0;0;14;14
34833;3570;352;14;14;0;0;14;14
34835;3584;352;14;14;0;0;14;14
34836;3598;352;14;14;0;0;14;14
34837;3612;352;14;14;0;0;14;14
34838;3626;352;14;14;0;0;14;14
34847;3640;352;14;14;0;0;14;14
34849;3654;352;14;14;0;0;14;14
34850;3668;352;14;14;0;0;14;14
34851;3682;352;14;14;0;0;14;14
34865;3696;352;14;14;0;0;14;14
34866;3710;352;14;14;0;0;14;14
34870;3724;352;14;14;0;0;14;14
34873;3738;352;14;14;0;0;14;14
34875;3752;352;14;14;0;0;14;14
34876;3766;352;14;14;0;0;14;14
34880;3780;352;14;14;0;0;14;14
34884;3794;352;14;14;0;0;14;14
34885;3808;352;14;14;0;0;14;14
34886;3822;352;14;14;0;0;14;14
34890;3836;352;14;14;0;0;14;14
34892;3850;352;14;14;0;0;14;14
34893;3864;352;14;14;0;0;14;14
34899;3878;352;14;14;0;0;14;14
34900;3892;352;14;14;0;0;14;14
34901;3906;352;14;14;0;0;14;14
34903;3920;352;14;14;0;0;14;14
34905;3934;352;14;14;0;0;14;14
34906;3948;352;14;14;0;0;14;14
34907;3962;352;14;14;0;0;14;14
34909;3976;352;14;14;0;0;14;14
34913;3990;352;14;14;0;0;14;14
34914;4004;352;14;14;0;0;14;14
34915;4018;352;14;14;0;0;14;14
34917;4032;352;14;14;0;0;14;14
34920;4046;352;14;14;0;0;14;14
34921;4060;352;14;14;0;0;14;14
34923;4074;352;14;14;0;0;14;14
34924;0;366;14;14;0;0;14;14
34926;14;366;14;14;0;0;14;14
34928;28;366;14;14;0;0;14;14
34930;42;366;14;14;0;0;14;14
34935;56;366;14;14;0;0;14;14
34937;70;366;14;14;0;0;14;14
34941;84;366;14;14;0;0;14;14
34942;98;366;14;14;0;0;14;14
34943;112;366;14;14;0;0;14;14
34945;126;366;14;14;0;0;14;14
34946;140;366;14;14;0;0;14;14
34948;154;366;14;14;0;0;14;14
34949;168;366;14;14;0;0;14;14
34952;182;366;14;14;0;0;14;14
34955;196;366;14;14;0;0;14;14
34957;210;366;14;14;0;0;14;14
34962;224;366;14;14;0;0;14;14
34963;238;366;14;14;0;0;14;14
34966;252;366;14;14;0;0;14;14
34972;266;366;14;14;0;0;14;14
34974;280;366;14;14;0;0;14;14
34978;294;366;14;14;0;0;14;14
34980;308;366;14;14;0;0;14;14
34986;322;366;14;14;0;0;14;14
34987;336;366;14;14;0;0;14;14
34989;350;366;14;14;0;0;14;14
34993;364;366;14;14;0;0;14;14
34999;378;366;14;14;0;0;14;14
35009;392;366;14;14;0;0;14;14
35010;406;366;14;14;0;0;14;14
35013;420;366;14;14;0;0;14;14
35014;434;366;14;14;0;0;14;14
35017;448;366;14;14;0;0;14;14
35018;462;366;14;14;0;0;14;14
35020;476;366;14;14;0;0;14;14
35022;490;366;14;14;0;0;14;14
35023;504;366;14;14;0;0;14;14
35026;518;366;14;14;0;0;14;14
35028;532;366;14;14;0;0;14;14
35029;546;366;14;14;0;0;14;14
35032;560;366;14;14;0;0;14;14
35033;574;366;14;14;0;0;14;14
35036;588;366;14;14;0;0;14;14
35037;602;366;14;14;0;0;14;14
35039;616;366;14;14;0;0;14;14
35041;630;366;14;14;0;0;14;14
35042;644;366;14;14;0;0;14;14
35044;658;366;14;14;0;0;14;14
35045;672;366;14;14;0;0;14;14
35048;686;366;14;14;0;0;14;14
35056;700;366;14;14;0;0;14;14
35057;714;366;14;14;0;0;14;14
35059;728;366;14;14;0;0;14;14
35060;742;366;14;14;0;0;14;14
35064;756;366;14;14;0;0;14;14
35065;770;366;14;14;0;0;14;14
35069;784;366;14;14;0;0;14;14
35070;798;366;14;14;0;0;14;14
35074;812;366;14;14;0;0;14;14
35079;826;366;14;14;0;0;14;14
35082;840;366;14;14;0;0;14;14
35088;854;366;14;14;0;0;14;14
35090;868;366;14;14;0;0;14;14
35091;882;366;14;14;0;0;14;14
35093;896;366;14;14;0;0;14;14
35097;910;366;14;14;0;0;14;14
35098;924;366;14;14;0;0;14;14
35099;938;366;14;14;0;0;14;14
35103;952;366;14;14;0;0;14;14
35105;966;366;14;14;0;0;14;14
35109;980;366;14;14;0;0;14;14
35114;994;366;14;14;0;0;14;14
35115;1008;366;14;14;0;0;14;14
35120;1022;366;14;14;0;0;14;14
35122;1036;366;14;14;0;0;14;14
35123;1050;366;14;14;0;0;14;14
35124;1064;366;14;14;0;0;14;14
35126;1078;366;14;14;0;0;14;14
35128;1092;366;14;14;0;0;14;14
35131;1106;366;14;14;0;0;14;14
35137;1120;366;14;14;0;0;14;14
35140;1134;366;14;14;0;0;14;14
35142;1148;366;14;14;0;0;14;14
35143;1162;366;14;14;0;0;14;14
35158;1176;366;14;14;0;0;14;14
35166;1190;366;14;14;0;0;14;14
35167;1204;366;14;14;0;0;14;14
35168;1218;366;14;14;0;0;14;14
35172;1232;366;14;14;0;0;14;14
35174;1246;366;14;14;0;0;14;14
35178;1260;366;14;14;0;0;14;14
35180;1274;366;14;14;0;0;14;14
35183;1288;366;14;14;0;0;14;14
35186;1302;366;14;14;0;0;14;14
35195;1316;366;14;14;0;0;14;14
35199;1330;366;14;14;0;0;14;14
35201;1344;366;14;14;0;0;14;14
35203;1358;366;14;14;0;0;14;14
35206;1372;366;14;14;0;0;14;14
35207;1386;366;14;14;0;0;14;14
35208;1400;366;14;14;0;0;14;14
35211;1414;366;14;14;0;0;14;14
35215;1428;366;14;14;0;0;14;14
35219;1442;366;14;14;0;0;14;14
35222;1456;366;14;14;0;0;14;14
35224;1470;366;14;14;0;0;14;14
35226;1484;366;14;14;0;0;14;14
35233;1498;366;14;14;0;0;14;14
35238;1512;366;14;14;0;0;14;14
35239;1526;366;14;14;0;0;14;14
35242;1540;366;14;14;0;0;14;14
35244;1554;366;14;14;0;0;14;14
35247;1568;366;14;14;0;0;14;14
35250;1582;366;14;14;0;0;14;14
35251;1596;366;14;14;0;0;14;14
35255;1610;366;14;14;0;0;14;14
35258;1624;366;14;14;0;0;14;14
35261;1638;366;14;14;0;0;14;14
35264;1652;366;14;14;0;0;14;14
35265;1666;366;14;14;0;0;14;14
35266;1680;366;14;14;0;0;14;14
35268;1694;366;14;14;0;0;14;14
35269;1708;366;14;14;0;0;14;14
35270;1722;366;14;14;0;0;14;14
35271;1736;366;14;14;0;0;14;14
35272;1750;366;14;14;0;0;14;14
35273;1764;366;14;14;0;0;14;14
35274;1778;366;14;14;0;0;14;14
35275;1792;366;14;14;0;0;14;14
35278;1806;366;14;14;0;0;14;14
35279;1820;366;14;14;0;0;14;14
35280;1834;366;14;14;0;0;14;14
35281;1848;366;14;14;0;0;14;14
35282;1862;366;14;14;0;0;14;14
35284;1876;366;14;14;0;0;14;14
35290;1890;366;14;14;0;0;14;14
35293;1904;366;14;14;0;0;14;14
35294;1918;366;14;14;0;0;14;14
35299;1932;366;14;14;0;0;14;14
35301;1946;366;14;14;0;0;14;14
35302;1960;366;14;14;0;0;14;14
35307;1974;366;14;14;0;0;14;14
35311;1988;366;14;14;0;0;14;14
35315;2002;366;14;14;0;0;14;14
35316;2016;366;14;14;0;0;14;14
35318;2030;366;14;14;0;0;14;14
35320;2044;366;14;14;0;0;14;14
35328;2058;366;14;14;0;0;14;14
35330;2072;366;14;14;0;0;14;14
35331;2086;366;14;14;0;0;14;14
35335;2100;366;14;14;0;0;14;14
35336;2114;366;14;14;0;0;14;14
35338;2128;366;14;14;0;0;14;14
35340;2142;366;14;14;0;0;14;14
35342;2156;366;14;14;0;0;14;14
35343;2170;366;14;14;0;0;14;14
35344;2184;366;14;14;0;0;14;14
35347;2198;366;14;14;0;0;14;14
35349;2212;366;14;14;0;0;14;14
35350;2226;366;14;14;0;0;14;14
35351;2240;366;14;14;0;0;14;14
35352;2254;366;14;14;0;0;14;14
35354;2268;366;14;14;0;0;14;14
35355;2282;366;14;14;0;0;14;14
35357;2296;366;14;14;0;0;14;14
35359;2310;366;14;14;0;0;14;14
35363;2324;366;14;14;0;0;14;14
35365;2338;366;14;14;0;0;14;14
35370;2352;366;14;14;0;0;14;14
35373;2366;366;14;14;0;0;14;14
35377;2380;366;14;14;0;0;14;14
35379;2394;366;14;14;0;0;14;14
35380;2408;366;14;14;0;0;14;14
35382;2422;366;14;14;0;0;14;14
35386;2436;366;14;14;0;0;14;14
35387;2450;366;14;14;0;0;14;14
35388;2464;366;14;14;0;0;14;14
35390;2478;366;14;14;0;0;14;14
35393;2492;366;14;14;0;0;14;14
35398;2506;366;14;14;0;0;14;14
35400;2520;366;14;14;0;0;14;14
35406;2534;366;14;14;0;0;14;14
35408;2548;366;14;14;0;0;14;14
35410;2562;366;14;14;0;0;14;14
35412;2576;366;14;14;0;0;14;14
35413;2590;366;14;14;0;0;14;14
35419;2604;366;14;14;0;0;14;14
35422;2618;366;14;14;0;0;14;14
35424;2632;366;14;14;0;0;14;14
35425;2646;366;14;14;0;0;14;14
35426;2660;366;14;14;0;0;14;14
35427;2674;366;14;14;0;0;14;14
35430;2688;366;14;14;0;0;14;14
35433;2702;366;14;14;0;0;14;14
35435;2716;366;14;14;0;0;14;14
35436;2730;366;14;14;0;0;14;14
35437;2744;366;14;14;0;0;14;14
35438;2758;366;14;14;0;0;14;14
35440;2772;366;14;14;0;0;14;14
35441;2786;366;14;14;0;0;14;14
35442;2800;366;14;14;0;0;14;14
35443;2814;366;14;14;0;0;14;14
35445;2828;366;14;14;0;0;14;14
35449;2842;366;14;14;0;0;14;14
35452;2856;366;14;14;0;0;14;14
35455;2870;366;14;14;0;0;14;14
35460;2884;366;14;14;0;0;14;14
35461;2898;366;14;14;0;0;14;14
35462;2912;366;14;14;0;0;14;14
35463;2926;366;14;14;0;0;14;14
35465;2940;366;14;14;0;0;14;14
35466;2954;366;14;14;0;0;14;14
35468;2968;366;14;14;0;0;14;14
35469;2982;366;14;14;0;0;14;14
35473;2996;366;14;14;0;0;14;14
35474;3010;366;14;14;0;0;14;14
35475;3024;366;14;14;0;0;14;14
35477;3038;366;14;14;0;0;14;14
35480;3052;366;14;14;0;0;14;14
35482;3066;366;14;14;0;0;14;14
35486;3080;366;14;14;0;0;14;14
35488;3094;366;14;14;0;0;14;14
35489;3108;366;14;14;0;0;14;14
35491;3122;366;14;14;0;0;14;14
35492;3136;366;14;14;0;0;14;14
35493;3150;366;14;14;0;0;14;14
35494;3164;366;14;14;0;0;14;14
35496;3178;366;14;14;0;0;14;14
35498;3192;366;14;14;0;0;14;14
35500;3206;366;14;14;0;0;14;14
35501;3220;366;14;14;0;0;14;14
35504;3234;366;14;14;0;0;14;14
35506;3248;366;14;14;0;0;14;14
35510;3262;366;14;14;0;0;14;14
35513;3276;366;14;14;0;0;14;14
35516;3290;366;14;14;0;0;14;14
35519;3304;366;14;14;0;0;14;14
35522;3318;366;14;14;0;0;14;14
35524;3332;366;14;14;0;0;14;14
35527;3346;366;14;14;0;0;14;14
35529;3360;366;14;14;0;0;14;14
35531;3374;366;14;14;0;0;14;14
35533;3388;366;14;14;0;0;14;14
35535;3402;366;14;14;0;0;14;14
35537;3416;366;14;14;0;0;14;14
35538;3430;366;14;14;0;0;14;14
35542;3444;366;14;14;0;0;14;14
35543;3458;366;14;14;0;0;14;14
35547;3472;366;14;14;0;0;14;14
35548;3486;366;14;14;0;0;14;14
35550;3500;366;14;14;0;0;14;14
35553;3514;366;14;14;0;0;14;14
35554;3528;366;14;14;0;0;14;14
35556;3542;366;14;14;0;0;14;14
35558;3556;366;14;14;0;0;14;14
35559;3570;366;14;14;0;0;14;14
35563;3584;366;14;14;0;0;14;14
35565;3598;366;14;14;0;0;14;14
35566;3612;366;14;14;0;0;14;14
35569;3626;366;14;14;0;0;14;14
35571;3640;366;14;14;0;0;14;14
35574;3654;366;14;14;0;0;14;14
35575;3668;366;14;14;0;0;14;14
35576;3682;366;14;14;0;0;14;14
35578;3696;366;14;14;0;0;14;14
35580;3710;366;14;14;0;0;14;14
35582;3724;366;14;14;0;0;14;14
35584;3738;366;14;14;0;0;14;14
35585;3752;366;14;14;0;0;14;14
35586;3766;366;14;14;0;0;14;14
35588;3780;366;14;14;0;0;14;14
35589;3794;366;14;14;0;0;14;14
35591;3808;366;14;14;0;0;14;14
35594;3822;366;14;14;0;0;14;14
35598;3836;366;14;14;0;0;14;14
35600;3850;366;14;14;0;0;14;14
35604;3864;366;14;14;0;0;14;14
35606;3878;366;14;14;0;0;14;14
35607;3892;366;14;14;0;0;14;14
35609;3906;366;14;14;0;0;14;14
35610;3920;366;14;14;0;0;14;14
35611;3934;366;14;14;0;0;14;14
35613;3948;366;14;14;0;0;14;14
35616;3962;366;14;14;0;0;14;14
35617;3976;366;14;14;0;0;14;14
35618;3990;366;14;14;0;0;14;14
35624;4004;366;14;14;0;0;14;14
35627;4018;366;14;14;0;0;14;14
35628;4032;366;14;14;0;0;14;14
35635;4046;366;14;14;0;0;14;14
35641;4060;366;14;14;0;0;14;14
35646;4074;366;14;14;0;0;14;14
35649;0;380;14;14;0;0;14;14
35657;14;380;14;14;0;0;14;14
35662;28;380;14;14;0;0;14;14
35663;42;380;14;14;0;0;14;14
35670;56;380;14;14;0;0;14;14
35672;70;380;14;14;0;0;14;14
35673;84;380;14;14;0;0;14;14
35674;98;380;14;14;0;0;14;14
35676;112;380;14;14;0;0;14;14
35679;126;380;14;14;0;0;14;14
35686;140;380;14;14;0;0;14;14
35691;154;380;14;14;0;0;14;14
35692;168;380;14;14;0;0;14;14
35695;182;380;14;14;0;0;14;14
35696;196;380;14;14;0;0;14;14
35697;210;380;14;14;0;0;14;14
35698;224;380;14;14;0;0;14;14
35700;238;380;14;14;0;0;14;14
35703;252;380;14;14;0;0;14;14
35709;266;380;14;14;0;0;14;14
35712;280;380;14;14;0;0;14;14
35722;294;380;14;14;0;0;14;14
35724;308;380;14;14;0;0;14;14
35726;322;380;14;14;0;0;14;14
35730;336;380;14;14;0;0;14;14
35731;350;380;14;14;0;0;14;14
35733;364;380;14;14;0;0;14;14
35734;378;380;14;14;0;0;14;14
35738;392;380;14;14;0;0;14;14
35740;406;380;14;14;0;0;14;14
35742;420;380;14;14;0;0;14;14
35745;434;380;14;14;0;0;14;14
35746;448;380;14;14;0;0;14;14
35747;462;380;14;14;0;0;14;14
35748;476;380;14;14;0;0;14;14
35749;490;380;14;14;0;0;14;14
35750;504;380;14;14;0;0;14;14
35751;518;380;14;14;0;0;14;14
35752;532;380;14;14;0;0;14;14
35753;546;380;14;14;0;0;14;14
35754;560;380;14;14;0;0;14;14
35755;574;380;14;14;0;0;14;14
35757;588;380;14;14;0;0;14;14
35758;602;380;14;14;0;0;14;14
35759;616;380;14;14;0;0;14;14
35760;630;380;14;14;0;0;14;14
35762;644;380;14;14;0;0;14;14
35763;658;380;14;14;0;0;14;14
35764;672;380;14;14;0;0;14;14
35765;686;380;14;14;0;0;14;14
35766;700;380;14;14;0;0;14;14
35767;714;380;14;14;0;0;14;14
35768;728;380;14;14;0;0;14;14
35769;742;380;14;14;0;0;14;14
35770;756;380;14;14;0;0;14;14
35772;770;380;14;14;0;0;14;14
35773;784;380;14;14;0;0;14;14
35774;798;380;14;14;0;0;14;14
35775;812;380;14;14;0;0;14;14
35776;826;380;14;14;0;0;14;14
35777;840;380;14;14;0;0;14;14
35778;854;380;14;14;0;0;14;14
35779;868;380;14;14;0;0;14;14
35780;882;380;14;14;0;0;14;14
35781;896;380;14;14;0;0;14;14
35782;910;380;14;14;0;0;14;14
35784;924;380;14;14;0;0;14;14
35785;938;380;14;14;0;0;14;14
35786;952;380;14;14;0;0;14;14
35787;966;380;14;14;0;0;14;14
35788;980;380;14;14;0;0;14;14
35789;994;380;14;14;0;0;14;14
35791;1008;380;14;14;0;0;14;14
35793;1022;380;14;14;0;0;14;14
35794;1036;380;14;14;0;0;14;14
35795;1050;380;14;14;0;0;14;14
35796;1064;380;14;14;0;0;14;14
35797;1078;380;14;14;0;0;14;14
35798;1092;380;14;14;0;0;14;14
35799;1106;380;14;14;0;0;14;14
35800;1120;380;14;14;0;0;14;14
35801;1134;380;14;14;0;0;14;14
35802;1148;380;14;14;0;0;14;14
35803;1162;380;14;14;0;0;14;14
35804;1176;380;14;14;0;0;14;14
35805;1190;380;14;14;0;0;14;14
35806;1204;380;14;14;0;0;14;14
35807;1218;380;14;14;0;0;14;14
35808;1232;380;14;14;0;0;14;14
35809;1246;380;14;14;0;0;14;14
35810;1260;380;14;14;0;0;14;14
35811;1274;380;14;14;0;0;14;14
35812;1288;380;14;14;0;0;14;14
35813;1302;380;14;14;0;0;14;14
35814;1316;380;14;14;0;0;14;14
35815;1330;380;14;14;0;0;14;14
35816;1344;380;14;14;0;0;14;14
35817;1358;380;14;14;0;0;14;14
35819;1372;380;14;14;0;0;14;14
35820;1386;380;14;14;0;0;14;14
35821;1400;380;14;14;0;0;14;14
35822;1414;380;14;14;0;0;14;14
35823;1428;380;14;14;0;0;14;14
35824;1442;380;14;14;0;0;14;14
35825;1456;380;14;14;0;0;14;14
35826;1470;380;14;14;0;0;14;14
35827;1484;380;14;14;0;0;14;14
35828;1498;380;14;14;0;0;14;14
35829;1512;380;14;14;0;0;14;14
35830;1526;380;14;14;0;0;14;14
35831;1540;380;14;14;0;0;14;14
35832;1554;380;14;14;0;0;14;14
35833;1568;380;14;14;0;0;14;14
35834;1582;380;14;14;0;0;14;14
35835;1596;380;14;14;0;0;14;14
35836;1610;380;14;14;0;0;14;14
35837;1624;380;14;14;0;0;14;14
35838;1638;380;14;14;0;0;14;14
35839;1652;380;14;14;0;0;14;14
35840;1666;380;14;14;0;0;14;14
35841;1680;380;14;14;0;0;14;14
35842;1694;380;14;14;0;0;14;14
35843;1708;380;14;14;0;0;14;14
35844;1722;380;14;14;0;0;14;14
35845;1736;380;14;14;0;0;14;14
35846;1750;380;14;14;0;0;14;14
35847;1764;380;14;14;0;0;14;14
35848;1778;380;14;14;0;0;14;14
35850;1792;380;14;14;0;0;14;14
35851;1806;380;14;14;0;0;14;14
35852;1820;380;14;14;0;0;14;14
35853;1834;380;14;14;0;0;14;14
35854;1848;380;14;14;0;0;14;14
35855;1862;380;14;14;0;0;14;14
35856;1876;380;14;14;0;0;14;14
35857;1890;380;14;14;0;0;14;14
35858;1904;380;14;14;0;0;14;14
35859;1918;380;14;14;0;0;14;14
35860;1932;380;14;14;0;0;14;14
35861;1946;380;14;14;0;0;14;14
35862;1960;380;14;14;0;0;14;14
35863;1974;380;14;14;0;0;14;14
35864;1988;380;14;14;0;0;14;14
35865;2002;380;14;14;0;0;14;14
35866;2016;380;14;14;0;0;14;14
35867;2030;380;14;14;0;0;14;14
35868;2044;380;14;14;0;0;14;14
35869;2058;380;14;14;0;0;14;14
35871;2072;380;14;14;0;0;14;14
35872;2086;380;14;14;0;0;14;14
35873;2100;380;14;14;0;0;14;14
35874;2114;380;14;14;0;0;14;14
35875;2128;380;14;14;0;0;14;14
35876;2142;380;14;14;0;0;14;14
35877;2156;380;14;14;0;0;14;14
35878;2170;380;14;14;0;0;14;14
35879;2184;380;14;14;0;0;14;14
35880;2198;380;14;14;0;0;14;14
35881;2212;380;14;14;0;0;14;14
35882;2226;380;14;14;0;0;14;14
35884;2240;380;14;14;0;0;14;14
35885;2254;380;14;14;0;0;14;14
35886;2268;380;14;14;0;0;14;14
35887;2282;380;14;14;0;0;14;14
35888;2296;380;14;14;0;0;14;14
35889;2310;380;14;14;0;0;14;14
35890;2324;380;14;14;0;0;14;14
35891;2338;380;14;14;0;0;14;14
35892;2352;380;14;14;0;0;14;14
35893;2366;380;14;14;0;0;14;14
35894;2380;380;14;14;0;0;14;14
35895;2394;380;14;14;0;0;14;14
35903;2408;380;14;14;0;0;14;14
35905;2422;380;14;14;0;0;14;14
35910;2436;380;14;14;0;0;14;14
35911;2450;380;14;14;0;0;14;14
35912;2464;380;14;14;0;0;14;14
35913;2478;380;14;14;0;0;14;14
35914;2492;380;14;14;0;0;14;14
35916;2506;380;14;14;0;0;14;14
35918;2520;380;14;14;0;0;14;14
35920;2534;380;14;14;0;0;14;14
35924;2548;380;14;14;0;0;14;14
35925;2562;380;14;14;0;0;14;14
35929;2576;380;14;14;0;0;14;14
35930;2590;380;14;14;0;0;14;14
35937;2604;380;14;14;0;0;14;14
35938;2618;380;14;14;0;0;14;14
35944;2632;380;14;14;0;0;14;14
35946;2646;380;14;14;0;0;14;14
35947;2660;380;14;14;0;0;14;14
35948;2674;380;14;14;0;0;14;14
35955;2688;380;14;14;0;0;14;14
35960;2702;380;14;14;0;0;14;14
35961;2716;380;14;14;0;0;14;14
35962;2730;380;14;14;0;0;14;14
35970;2744;380;14;14;0;0;14;14
35973;2758;380;14;14;0;0;14;14
35977;2772;380;14;14;0;0;14;14
35978;2786;380;14;14;0;0;14;14
35980;2800;380;14;14;0;0;14;14
35981;2814;380;14;14;0;0;14;14
35987;2828;380;14;14;0;0;14;14
35988;2842;380;14;14;0;0;14;14
35992;2856;380;14;14;0;0;14;14
35997;2870;380;14;14;0;0;14;14
35998;2884;380;14;14;0;0;14;14
36000;2898;380;14;14;0;0;14;14
36001;2912;380;14;14;0;0;14;14
36002;2926;380;14;14;0;0;14;14
36007;2940;380;14;14;0;0;14;14
36008;2954;380;14;14;0;0;14;14
36009;2968;380;14;14;0;0;14;14
36010;2982;380;14;14;0;0;14;14
36011;2996;380;14;14;0;0;14;14
36012;3010;380;14;14;0;0;14;14
36015;3024;380;14;14;0;0;14;14
36016;3038;380;14;14;0;0;14;14
36018;3052;380;14;14;0;0;14;14
36019;3066;380;14;14;0;0;14;14
36020;3080;380;14;14;0;0;14;14
36022;3094;380;14;14;0;0;14;14
36023;3108;380;14;14;0;0;14;14
36024;3122;380;14;14;0;0;14;14
36026;3136;380;14;14;0;0;14;14
36027;3150;380;14;14;0;0;14;14
36028;3164;380;14;14;0;0;14;14
36029;3178;380;14;14;0;0;14;14
36031;3192;380;14;14;0;0;14;14
36032;3206;380;14;14;0;0;14;14
36033;3220;380;14;14;0;0;14;14
36034;3234;380;14;14;0;0;14;14
36035;3248;380;14;14;0;0;14;14
36036;3262;380;14;14;0;0;14;14
36037;3276;380;14;14;0;0;14;14
36039;3290;380;14;14;0;0;14;14
36040;3304;380;14;14;0;0;14;14
36042;3318;380;14;14;0;0;14;14
36049;3332;380;14;14;0;0;14;14
36050;3346;380;14;14;0;0;14;14
36051;3360;380;14;14;0;0;14;14
36053;3374;380;14;14;0;0;14;14
36058;3388;380;14;14;0;0;14;14
36059;3402;380;14;14;0;0;14;14
36060;3416;380;14;14;0;0;14;14
36062;3430;380;14;14;0;0;14;14
36064;3444;380;14;14;0;0;14;14
36065;3458;380;14;14;0;0;14;14
36066;3472;380;14;14;0;0;14;14
36067;3486;380;14;14;0;0;14;14
36068;3500;380;14;14;0;0;14;14
36070;3514;380;14;14;0;0;14;14
36071;3528;380;14;14;0;0;14;14
36074;3542;380;14;14;0;0;14;14
36075;3556;380;14;14;0;0;14;14
36076;3570;380;14;14;0;0;14;14
36077;3584;380;14;14;0;0;14;14
36084;3598;380;14;14;0;0;14;14
36088;3612;380;14;14;0;0;14;14
36090;3626;380;14;14;0;0;14;14
36091;3640;380;14;14;0;0;14;14
36092;3654;380;14;14;0;0;14;14
36093;3668;380;14;14;0;0;14;14
36094;3682;380;14;14;0;0;14;14
36100;3696;380;14;14;0;0;14;14
36101;3710;380;14;14;0;0;14;14
36104;3724;380;14;14;0;0;14;14
36106;3738;380;14;14;0;0;14;14
36109;3752;380;14;14;0;0;14;14
36111;3766;380;14;14;0;0;14;14
36115;3780;380;14;14;0;0;14;14
36118;3794;380;14;14;0;0;14;14
36119;3808;380;14;14;0;0;14;14
36123;3822;380;14;14;0;0;14;14
36125;3836;380;14;14;0;0;14;14
36126;3850;380;14;14;0;0;14;14
36127;3864;380;14;14;0;0;14;14
36129;3878;380;14;14;0;0;14;14
36130;3892;380;14;14;0;0;14;14
36131;3906;380;14;14;0;0;14;14
36132;3920;380;14;14;0;0;14;14
36133;3934;380;14;14;0;0;14;14
36134;3948;380;14;14;0;0;14;14
36135;3962;380;14;14;0;0;14;14
36136;3976;380;14;14;0;0;14;14
36137;3990;380;14;14;0;0;14;14
36138;4004;380;14;14;0;0;14;14
36139;4018;380;14;14;0;0;14;14
36140;4032;380;14;14;0;0;14;14
36141;4046;380;14;14;0;0;14;14
36142;4060;380;14;14;0;0;14;14
36143;4074;380;14;14;0;0;14;14
36144;0;394;14;14;0;0;14;14
36145;14;394;14;14;0;0;14;14
36146;28;394;14;14;0;0;14;14
36147;42;394;14;14;0;0;14;14
36148;56;394;14;14;0;0;14;14
36149;70;394;14;14;0;0;14;14
36150;84;394;14;14;0;0;14;14
36151;98;394;14;14;0;0;14;14
36152;112;394;14;14;0;0;14;14
36153;126;394;14;14;0;0;14;14
36154;140;394;14;14;0;0;14;14
36155;154;394;14;14;0;0;14;14
36156;168;394;14;14;0;0;14;14
36157;182;394;14;14;0;0;14;14
36158;196;394;14;14;0;0;14;14
36159;210;394;14;14;0;0;14;14
36161;224;394;14;14;0;0;14;14
36162;238;394;14;14;0;0;14;14
36163;252;394;14;14;0;0;14;14
36164;266;394;14;14;0;0;14;14
36165;280;394;14;14;0;0;14;14
36167;294;394;14;14;0;0;14;14
36168;308;394;14;14;0;0;14;14
36169;322;394;14;14;0;0;14;14
36170;336;394;14;14;0;0;14;14
36171;350;394;14;14;0;0;14;14
36172;364;394;14;14;0;0;14;14
36173;378;394;14;14;0;0;14;14
36174;392;394;14;14;0;0;14;14
36175;406;394;14;14;0;0;14;14
36176;420;394;14;14;0;0;14;14
36179;434;394;14;14;0;0;14;14
36180;448;394;14;14;0;0;14;14
36181;462;394;14;14;0;0;14;14
36182;476;394;14;14;0;0;14;14
36184;490;394;14;14;0;0;14;14
36185;504;394;14;14;0;0;14;14
36186;518;394;14;14;0;0;14;14
36187;532;394;14;14;0;0;14;14
36188;546;394;14;14;0;0;14;14
36189;560;394;14;14;0;0;14;14
36190;574;394;14;14;0;0;14;14
36191;588;394;14;14;0;0;14;14
36192;602;394;14;14;0;0;14;14
36193;616;394;14;14;0;0;14;14
36194;630;394;14;14;0;0;14;14
36195;644;394;14;14;0;0;14;14
36196;658;394;14;14;0;0;14;14
36198;672;394;14;14;0;0;14;14
36199;686;394;14;14;0;0;14;14
36203;700;394;14;14;0;0;14;14
36205;714;394;14;14;0;0;14;14
36208;728;394;14;14;0;0;14;14
36211;742;394;14;14;0;0;14;14
36212;756;394;14;14;0;0;14;14
36213;770;394;14;14;0;0;14;14
36214;784;394;14;14;0;0;14;14
36215;798;394;14;14;0;0;14;14
36225;812;394;14;14;0;0;14;14
36228;826;394;14;14;0;0;14;14
36229;840;394;14;14;0;0;14;14
36234;854;394;14;14;0;0;14;14
36235;868;394;14;14;0;0;14;14
36241;882;394;14;14;0;0;14;14
36244;896;394;14;14;0;0;14;14
36245;910;394;14;14;0;0;14;14
36249;924;394;14;14;0;0;14;14
36255;938;394;14;14;0;0;14;14
36259;952;394;14;14;0;0;14;14
36264;966;394;14;14;0;0;14;14
36273;980;394;14;14;0;0;14;14
36274;994;394;14;14;0;0;14;14
36275;1008;394;14;14;0;0;14;14
36276;1022;394;14;14;0;0;14;14
36277;1036;394;14;14;0;0;14;14
36280;1050;394;14;14;0;0;14;14
36282;1064;394;14;14;0;0;14;14
36284;1078;394;14;14;0;0;14;14
36286;1092;394;14;14;0;0;14;14
36287;1106;394;14;14;0;0;14;14
36291;1120;394;14;14;0;0;14;14
36292;1134;394;14;14;0;0;14;14
36294;1148;394;14;14;0;0;14;14
36299;1162;394;14;14;0;0;14;14
36300;1176;394;14;14;0;0;14;14
36302;1190;394;14;14;0;0;14;14
36303;1204;394;14;14;0;0;14;14
36304;1218;394;14;14;0;0;14;14
36305;1232;394;14;14;0;0;14;14
36310;1246;394;14;14;0;0;14;14
36311;1260;394;14;14;0;0;14;14
36314;1274;394;14;14;0;0;14;14
36315;1288;394;14;14;0;0;14;14
36317;1302;394;14;14;0;0;14;14
36318;1316;394;14;14;0;0;14;14
36319;1330;394;14;14;0;0;14;14
36321;1344;394;14;14;0;0;14;14
36323;1358;394;14;14;0;0;14;14
36324;1372;394;14;14;0;0;14;14
36328;1386;394;14;14;0;0;14;14
36330;1400;394;14;14;0;0;14;14
36332;1414;394;14;14;0;0;14;14
36335;1428;394;14;14;0;0;14;14
36339;1442;394;14;14;0;0;14;14
36341;1456;394;14;14;0;0;14;14
36342;1470;394;14;14;0;0;14;14
36343;1484;394;14;14;0;0;14;14
36344;1498;394;14;14;0;0;14;14
36345;1512;394;14;14;0;0;14;14
36346;1526;394;14;14;0;0;14;14
36347;1540;394;14;14;0;0;14;14
36348;1554;394;14;14;0;0;14;14
36357;1568;394;14;14;0;0;14;14
36361;1582;394;14;14;0;0;14;14
36362;1596;394;14;14;0;0;14;14
36364;1610;394;14;14;0;0;14;14
36367;1624;394;14;14;0;0;14;14
36368;1638;394;14;14;0;0;14;14
36370;1652;394;14;14;0;0;14;14
36372;1666;394;14;14;0;0;14;14
36381;1680;394;14;14;0;0;14;14
36382;1694;394;14;14;0;0;14;14
36383;1708;394;14;14;0;0;14;14
36386;1722;394;14;14;0;0;14;14
36393;1736;394;14;14;0;0;14;14
36394;1750;394;14;14;0;0;14;14
36395;1764;394;14;14;0;0;14;14
36396;1778;394;14;14;0;0;14;14
36398;1792;394;14;14;0;0;14;14
36399;1806;394;14;14;0;0;14;14
36400;1820;394;14;14;0;0;14;14
36401;1834;394;14;14;0;0;14;14
36404;1848;394;14;14;0;0;14;14
36405;1862;394;14;14;0;0;14;14
36409;1876;394;14;14;0;0;14;14
36410;1890;394;14;14;0;0;14;14
36413;1904;394;14;14;0;0;14;14
36416;1918;394;14;14;0;0;14;14
36417;1932;394;14;14;0;0;14;14
36418;1946;394;14;14;0;0;14;14
36420;1960;394;14;14;0;0;14;14
36423;1974;394;14;14;0;0;14;14
36424;1988;394;14;14;0;0;14;14
36425;2002;394;14;14;0;0;14;14
36426;2016;394;14;14;0;0;14;14
36427;2030;394;14;14;0;0;14;14
36428;2044;394;14;14;0;0;14;14
36432;2058;394;14;14;0;0;14;14
36433;2072;394;14;14;0;0;14;14
36434;2086;394;14;14;0;0;14;14
36435;2100;394;14;14;0;0;14;14
36437;2114;394;14;14;0;0;14;14
36441;2128;394;14;14;0;0;14;14
36442;2142;394;14;14;0;0;14;14
36447;2156;394;14;14;0;0;14;14
36451;2170;394;14;14;0;0;14;14
36452;2184;394;14;14;0;0;14;14
36454;2198;394;14;14;0;0;14;14
36457;2212;394;14;14;0;0;14;14
36460;2226;394;14;14;0;0;14;14
36461;2240;394;14;14;0;0;14;14
36464;2254;394;14;14;0;0;14;14
36466;2268;394;14;14;0;0;14;14
36468;2282;394;14;14;0;0;14;14
36470;2296;394;14;14;0;0;14;14
36474;2310;394;14;14;0;0;14;14
36476;2324;394;14;14;0;0;14;14
36477;2338;394;14;14;0;0;14;14
36478;2352;394;14;14;0;0;14;14
36479;2366;394;14;14;0;0;14;14
36481;2380;394;14;14;0;0;14;14
36482;2394;394;14;14;0;0;14;14
36485;2408;394;14;14;0;0;14;14
36487;2422;394;14;14;0;0;14;14
36489;2436;394;14;14;0;0;14;14
36490;2450;394;14;14;0;0;14;14
36491;2464;394;14;14;0;0;14;14
36493;2478;394;14;14;0;0;14;14
36495;2492;394;14;14;0;0;14;14
36496;2506;394;14;14;0;0;14;14
36497;2520;394;14;14;0;0;14;14
36498;2534;394;14;14;0;0;14;14
36499;2548;394;14;14;0;0;14;14
36501;2562;394;14;14;0;0;14;14
36506;2576;394;14;14;0;0;14;14
36508;2590;394;14;14;0;0;14;14
36510;2604;394;14;14;0;0;14;14
36513;2618;394;14;14;0;0;14;14
36517;2632;394;14;14;0;0;14;14
36518;2646;394;14;14;0;0;14;14
36522;2660;394;14;14;0;0;14;14
36523;2674;394;14;14;0;0;14;14
36524;2688;394;14;14;0;0;14;14
36527;2702;394;14;14;0;0;14;14
36530;2716;394;14;14;0;0;14;14
36538;2730;394;14;14;0;0;14;14
36544;2744;394;14;14;0;0;14;14
36554;2758;394;14;14;0;0;14;14
36555;2772;394;14;14;0;0;14;14
36556;2786;394;14;14;0;0;14;14
36557;2800;394;14;14;0;0;14;14
36562;2814;394;14;14;0;0;14;14
36564;2828;394;14;14;0;0;14;14
36571;2842;394;14;14;0;0;14;14
36575;2856;394;14;14;0;0;14;14
36578;2870;394;14;14;0;0;14;14
36587;2884;394;14;14;0;0;14;14
36594;2898;394;14;14;0;0;14;14
36600;2912;394;14;14;0;0;14;14
36603;2926;394;14;14;0;0;14;14
36604;2940;394;14;14;0;0;14;14
36605;2954;394;14;14;0;0;14;14
36606;2968;394;14;14;0;0;14;14
36611;2982;394;14;14;0;0;14;14
36613;2996;394;14;14;0;0;14;14
36617;3010;394;14;14;0;0;14;14
36618;3024;394;14;14;0;0;14;14
36626;3038;394;14;14;0;0;14;14
36627;3052;394;14;14;0;0;14;14
36628;3066;394;14;14;0;0;14;14
36629;3080;394;14;14;0;0;14;14
36635;3094;394;14;14;0;0;14;14
36636;3108;394;14;14;0;0;14;14
36637;3122;394;14;14;0;0;14;14
36638;3136;394;14;14;0;0;14;14
36639;3150;394;14;14;0;0;14;14
36645;3164;394;14;14;0;0;14;14
36646;3178;394;14;14;0;0;14;14
36649;3192;394;14;14;0;0;14;14
36650;3206;394;14;14;0;0;14;14
36655;3220;394;14;14;0;0;14;14
36659;3234;394;14;14;0;0;14;14
36664;3248;394;14;14;0;0;14;14
36667;3262;394;14;14;0;0;14;14
36670;3276;394;14;14;0;0;14;14
36671;3290;394;14;14;0;0;14;14
36674;3304;394;14;14;0;0;14;14
36676;3318;394;14;14;0;0;14;14
36677;3332;394;14;14;0;0;14;14
36678;3346;394;14;14;0;0;14;14
36679;3360;394;14;14;0;0;14;14
36681;3374;394;14;14;0;0;14;14
36685;3388;394;14;14;0;0;14;14
36686;3402;394;14;14;0;0;14;14
36692;3416;394;14;14;0;0;14;14
36693;3430;394;14;14;0;0;14;14
36703;3444;394;14;14;0;0;14;14
36705;3458;394;14;14;0;0;14;14
36708;3472;394;14;14;0;0;14;14
36710;3486;394;14;14;0;0;14;14
36711;3500;394;14;14;0;0;14;14
36712;3514;394;14;14;0;0;14;14
36713;3528;394;14;14;0;0;14;14
36715;3542;394;14;14;0;0;14;14
36716;3556;394;14;14;0;0;14;14
36717;3570;394;14;14;0;0;14;14
36718;3584;394;14;14;0;0;14;14
36719;3598;394;14;14;0;0;14;14
36720;3612;394;14;14;0;0;14;14
36721;3626;394;14;14;0;0;14;14
36722;3640;394;14;14;0;0;14;14
36723;3654;394;14;14;0;0;14;14
36724;3668;394;14;14;0;0;14;14
36726;3682;394;14;14;0;0;14;14
36728;3696;394;14;14;0;0;14;14
36731;3710;394;14;14;0;0;14;14
36732;3724;394;14;14;0;0;14;14
36733;3738;394;14;14;0;0;14;14
36734;3752;394;14;14;0;0;14;14
36735;3766;394;14;14;0;0;14;14
36738;3780;394;14;14;0;0;14;14
36739;3794;394;14;14;0;0;14;14
36740;3808;394;14;14;0;0;14;14
36741;3822;394;14;14;0;0;14;14
36742;3836;394;14;14;0;0;14;14
36743;3850;394;14;14;0;0;14;14
36744;3864;394;14;14;0;0;14;14
36745;3878;394;14;14;0;0;14;14
36746;3892;394;14;14;0;0;14;14
36747;3906;394;14;14;0;0;14;14
36749;3920;394;14;14;0;0;14;14
36750;3934;394;14;14;0;0;14;14
36751;3948;394;14;14;0;0;14;14
36752;3962;394;14;14;0;0;14;14
36753;3976;394;14;14;0;0;14;14
36755;3990;394;14;14;0;0;14;14
36756;4004;394;14;14;0;0;14;14
36757;4018;394;14;14;0;0;14;14
36758;4032;394;14;14;0;0;14;14
36759;4046;394;14;14;0;0;14;14
36760;4060;394;14;14;0;0;14;14
36761;4074;394;14;14;0;0;14;14
36762;0;408;14;14;0;0;14;14
36763;14;408;14;14;0;0;14;14
36764;28;408;14;14;0;0;14;14
36766;42;408;14;14;0;0;14;14
36767;56;408;14;14;0;0;14;14
36771;70;408;14;14;0;0;14;14
36774;84;408;14;14;0;0;14;14
36776;98;408;14;14;0;0;14;14
36777;112;408;14;14;0;0;14;14
36779;126;408;14;14;0;0;14;14
36781;140;408;14;14;0;0;14;14
36782;154;408;14;14;0;0;14;14
36783;168;408;14;14;0;0;14;14
36784;182;408;14;14;0;0;14;14
36785;196;408;14;14;0;0;14;14
36786;210;408;14;14;0;0;14;14
36793;224;408;14;14;0;0;14;14
36794;238;408;14;14;0;0;14;14
36796;252;408;14;14;0;0;14;14
36797;266;408;14;14;0;0;14;14
36798;280;408;14;14;0;0;14;14
36801;294;408;14;14;0;0;14;14
36802;308;408;14;14;0;0;14;14
36804;322;408;14;14;0;0;14;14
36805;336;408;14;14;0;0;14;14
36807;350;408;14;14;0;0;14;14
36808;364;408;14;14;0;0;14;14
36814;378;408;14;14;0;0;14;14
36816;392;408;14;14;0;0;14;14
36817;406;408;14;14;0;0;14;14
36818;420;408;14;14;0;0;14;14
36819;434;408;14;14;0;0;14;14
36820;448;408;14;14;0;0;14;14
36821;462;408;14;14;0;0;14;14
36824;476;408;14;14;0;0;14;14
36825;490;408;14;14;0;0;14;14
36827;504;408;14;14;0;0;14;14
36828;518;408;14;14;0;0;14;14
36829;532;408;14;14;0;0;14;14
36830;546;408;14;14;0;0;14;14
36831;560;408;14;14;0;0;14;14
36834;574;408;14;14;0;0;14;14
36836;588;408;14;14;0;0;14;14
36837;602;408;14;14;0;0;14;14
36838;616;408;14;14;0;0;14;14
36840;630;408;14;14;0;0;14;14
36841;644;408;14;14;0;0;14;14
36842;658;408;14;14;0;0;14;14
36843;672;408;14;14;0;0;14;14
36845;686;408;14;14;0;0;14;14
36846;700;408;14;14;0;0;14;14
36848;714;408;14;14;0;0;14;14
36851;728;408;14;14;0;0;14;14
36852;742;408;14;14;0;0;14;14
36855;756;408;14;14;0;0;14;14
36856;770;408;14;14;0;0;14;14
36857;784;408;14;14;0;0;14;14
36858;798;408;14;14;0;0;14;14
36861;812;408;14;14;0;0;14;14
36864;826;408;14;14;0;0;14;14
36865;840;408;14;14;0;0;14;14
36866;854;408;14;14;0;0;14;14
36867;868;408;14;14;0;0;14;14
36868;882;408;14;14;0;0;14;14
36869;896;408;14;14;0;0;14;14
36870;910;408;14;14;0;0;14;14
36873;924;408;14;14;0;0;14;14
36874;938;408;14;14;0;0;14;14
36875;952;408;14;14;0;0;14;14
36877;966;408;14;14;0;0;14;14
36879;980;408;14;14;0;0;14;14
36880;994;408;14;14;0;0;14;14
36881;1008;408;14;14;0;0;14;14
36882;1022;408;14;14;0;0;14;14
36883;1036;408;14;14;0;0;14;14
36884;1050;408;14;14;0;0;14;14
36885;1064;408;14;14;0;0;14;14
36886;1078;408;14;14;0;0;14;14
36887;1092;408;14;14;0;0;14;14
36889;1106;408;14;14;0;0;14;14
36890;1120;408;14;14;0;0;14;14
36891;1134;408;14;14;0;0;14;14
36893;1148;408;14;14;0;0;14;14
36894;1162;408;14;14;0;0;14;14
36895;1176;408;14;14;0;0;14;14
36896;1190;408;14;14;0;0;14;14
36897;1204;408;14;14;0;0;14;14
36898;1218;408;14;14;0;0;14;14
36899;1232;408;14;14;0;0;14;14
36902;1246;408;14;14;0;0;14;14
36909;1260;408;14;14;0;0;14;14
36910;1274;408;14;14;0;0;14;14
36911;1288;408;14;14;0;0;14;14
36913;1302;408;14;14;0;0;14;14
36914;1316;408;14;14;0;0;14;14
36917;1330;408;14;14;0;0;14;14
36918;1344;408;14;14;0;0;14;14
36920;1358;408;14;14;0;0;14;14
36923;1372;408;14;14;0;0;14;14
36924;1386;408;14;14;0;0;14;14
36926;1400;408;14;14;0;0;14;14
36929;1414;408;14;14;0;0;14;14
36930;1428;408;14;14;0;0;14;14
36932;1442;408;14;14;0;0;14;14
36933;1456;408;14;14;0;0;14;14
36935;1470;408;14;14;0;0;14;14
36938;1484;408;14;14;0;0;14;14
36939;1498;408;14;14;0;0;14;14
36941;1512;408;14;14;0;0;14;14
36942;1526;408;14;14;0;0;14;14
36943;1540;408;14;14;0;0;14;14
36944;1554;408;14;14;0;0;14;14
36945;1568;408;14;14;0;0;14;14
36946;1582;408;14;14;0;0;14;14
36947;1596;408;14;14;0;0;14;14
36948;1610;408;14;14;0;0;14;14
36949;1624;408;14;14;0;0;14;14
36951;1638;408;14;14;0;0;14;14
36953;1652;408;14;14;0;0;14;14
36955;1666;408;14;14;0;0;14;14
36956;1680;408;14;14;0;0;14;14
36958;1694;408;14;14;0;0;14;14
36960;1708;408;14;14;0;0;14;14
36961;1722;408;14;14;0;0;14;14
36962;1736;408;14;14;0;0;14;14
36963;1750;408;14;14;0;0;14;14
36965;1764;408;14;14;0;0;14;14
36968;1778;408;14;14;0;0;14;14
36969;1792;408;14;14;0;0;14;14
36973;1806;408;14;14;0;0;14;14
36974;1820;408;14;14;0;0;14;14
36978;1834;408;14;14;0;0;14;14
36980;1848;408;14;14;0;0;14;14
36981;1862;408;14;14;0;0;14;14
36983;1876;408;14;14;0;0;14;14
36984;1890;408;14;14;0;0;14;14
36986;1904;408;14;14;0;0;14;14
36988;1918;408;14;14;0;0;14;14
36989;1932;408;14;14;0;0;14;14
36991;1946;408;14;14;0;0;14;14
36992;1960;408;14;14;0;0;14;14
36993;1974;408;14;14;0;0;14;14
36994;1988;408;14;14;0;0;14;14
36995;2002;408;14;14;0;0;14;14
36996;2016;408;14;14;0;0;14;14
36999;2030;408;14;14;0;0;14;14
37000;2044;408;14;14;0;0;14;14
37002;2058;408;14;14;0;0;14;14
37003;2072;408;14;14;0;0;14;14
37007;2086;408;14;14;0;0;14;14
37008;2100;408;14;14;0;0;14;14
37009;2114;408;14;14;0;0;14;14
37011;2128;408;14;14;0;0;14;14
37013;2142;408;14;14;0;0;14;14
37015;2156;408;14;14;0;0;14;14
37017;2170;408;14;14;0;0;14;14
37019;2184;408;14;14;0;0;14;14
37021;2198;408;14;14;0;0;14;14
37024;2212;408;14;14;0;0;14;14
37026;2226;408;14;14;0;0;14;14
37027;2240;408;14;14;0;0;14;14
37030;2254;408;14;14;0;0;14;14
37034;2268;408;14;14;0;0;14;14
37036;2282;408;14;14;0;0;14;14
37038;2296;408;14;14;0;0;14;14
37039;2310;408;14;14;0;0;14;14
37040;2324;408;14;14;0;0;14;14
37041;2338;408;14;14;0;0;14;14
37043;2352;408;14;14;0;0;14;14
37044;2366;408;14;14;0;0;14;14
37045;2380;408;14;14;0;0;14;14
37046;2394;408;14;14;0;0;14;14
37048;2408;408;14;14;0;0;14;14
37049;2422;408;14;14;0;0;14;14
37050;2436;408;14;14;0;0;14;14
37051;2450;408;14;14;0;0;14;14
37054;2464;408;14;14;0;0;14;14
37057;2478;408;14;14;0;0;14;14
37060;2492;408;14;14;0;0;14;14
37061;2506;408;14;14;0;0;14;14
37063;2520;408;14;14;0;0;14;14
37066;2534;408;14;14;0;0;14;14
37070;2548;408;14;14;0;0;14;14
37071;2562;408;14;14;0;0;14;14
37073;2576;408;14;14;0;0;14;14
37075;2590;408;14;14;0;0;14;14
37079;2604;408;14;14;0;0;14;14
37083;2618;408;14;14;0;0;14;14
37084;2632;408;14;14;0;0;14;14
37085;2646;408;14;14;0;0;14;14
37087;2660;408;14;14;0;0;14;14
37089;2674;408;14;14;0;0;14;14
37090;2688;408;14;14;0;0;14;14
37092;2702;408;14;14;0;0;14;14
37094;2716;408;14;14;0;0;14;14
37095;2730;408;14;14;0;0;14;14
37096;2744;408;14;14;0;0;14;14
37099;2758;408;14;14;0;0;14;14
37101;2772;408;14;14;0;0;14;14
37103;2786;408;14;14;0;0;14;14
37108;2800;408;14;14;0;0;14;14
37109;2814;408;14;14;0;0;14;14
37111;2828;408;14;14;0;0;14;14
37112;2842;408;14;14;0;0;14;14
37117;2856;408;14;14;0;0;14;14
37118;2870;408;14;14;0;0;14;14
37119;2884;408;14;14;0;0;14;14
37122;2898;408;14;14;0;0;14;14
37124;2912;408;14;14;0;0;14;14
37126;2926;408;14;14;0;0;14;14
37129;2940;408;14;14;0;0;14;14
37138;2954;408;14;14;0;0;14;14
37140;2968;408;14;14;0;0;14;14
37142;2982;408;14;14;0;0;14;14
37145;2996;408;14;14;0;0;14;14
37150;3010;408;14;14;0;0;14;14
37154;3024;408;14;14;0;0;14;14
37159;3038;408;14;14;0;0;14;14
37165;3052;408;14;14;0;0;14;14
37167;3066;408;14;14;0;0;14;14
37168;3080;408;14;14;0;0;14;14
37169;3094;408;14;14;0;0;14;14
37170;3108;408;14;14;0;0;14;14
37172;3122;408;14;14;0;0;14;14
37178;3136;408;14;14;0;0;14;14
37187;3150;408;14;14;0;0;14;14
37190;3164;408;14;14;0;0;14;14
37192;3178;408;14;14;0;0;14;14
37193;3192;408;14;14;0;0;14;14
37194;3206;408;14;14;0;0;14;14
37195;3220;408;14;14;0;0;14;14
37196;3234;408;14;14;0;0;14;14
37197;3248;408;14;14;0;0;14;14
37198;3262;408;14;14;0;0;14;14
37200;3276;408;14;14;0;0;14;14
37202;3290;408;14;14;0;0;14;14
37204;3304;408;14;14;0;0;14;14
37207;3318;408;14;14;0;0;14;14
37210;3332;408;14;14;0;0;14;14
37213;3346;408;14;14;0;0;14;14
37214;3360;408;14;14;0;0;14;14
37217;3374;408;14;14;0;0;14;14
37218;3388;408;14;14;0;0;14;14
37219;3402;408;14;14;0;0;14;14
37220;3416;408;14;14;0;0;14;14
37221;3430;408;14;14;0;0;14;14
37225;3444;408;14;14;0;0;14;14
37226;3458;408;14;14;0;0;14;14
37228;3472;408;14;14;0;0;14;14
37230;3486;408;14;14;0;0;14;14
37231;3500;408;14;14;0;0;14;14
37232;3514;408;14;14;0;0;14;14
37233;3528;408;14;14;0;0;14;14
37234;3542;408;14;14;0;0;14;14
37237;3556;408;14;14;0;0;14;14
37238;3570;408;14;14;0;0;14;14
37239;3584;408;14;14;0;0;14;14
37240;3598;408;14;14;0;0;14;14
37241;3612;408;14;14;0;0;14;14
37242;3626;408;14;14;0;0;14;14
37245;3640;408;14;14;0;0;14;14
37247;3654;408;14;14;0;0;14;14
37251;3668;408;14;14;0;0;14;14
37253;3682;408;14;14;0;0;14;14
37255;3696;408;14;14;0;0;14;14
37257;3710;408;14;14;0;0;14;14
37259;3724;408;14;14;0;0;14;14
37260;3738;408;14;14;0;0;14;14
37261;3752;408;14;14;0;0;14;14
37264;3766;408;14;14;0;0;14;14
37266;3780;408;14;14;0;0;14;14
37274;3794;408;14;14;0;0;14;14
37275;3808;408;14;14;0;0;14;14
37276;3822;408;14;14;0;0;14;14
37278;3836;408;14;14;0;0;14;14
37282;3850;408;14;14;0;0;14;14
37283;3864;408;14;14;0;0;14;14
37290;3878;408;14;14;0;0;14;14
37291;3892;408;14;14;0;0;14;14
37292;3906;408;14;14;0;0;14;14
37294;3920;408;14;14;0;0;14;14
37295;3934;408;14;14;0;0;14;14
37297;3948;408;14;14;0;0;14;14
37300;3962;408;14;14;0;0;14;14
37304;3976;408;14;14;0;0;14;14
37306;3990;408;14;14;0;0;14;14
37312;4004;408;14;14;0;0;14;14
37313;4018;408;14;14;0;0;14;14
37317;4032;408;14;14;0;0;14;14
37319;4046;408;14;14;0;0;14;14
37320;4060;408;14;14;0;0;14;14
37321;4074;408;14;14;0;0;14;14
37322;0;422;14;14;0;0;14;14
37323;14;422;14;14;0;0;14;14
37324;28;422;14;14;0;0;14;14
37325;42;422;14;14;0;0;14;14
37326;56;422;14;14;0;0;14;14
37327;70;422;14;14;0;0;14;14
37328;84;422;14;14;0;0;14;14
37329;98;422;14;14;0;0;14;14
37332;112;422;14;14;0;0;14;14
37333;126;422;14;14;0;0;14;14
37335;140;422;14;14;0;0;14;14
37336;154;422;14;14;0;0;14;14
37337;168;422;14;14;0;0;14;14
37340;182;422;14;14;0;0;14;14
37341;196;422;14;14;0;0;14;14
37347;210;422;14;14;0;0;14;14
37350;224;422;14;14;0;0;14;14
37351;238;422;14;14;0;0;14;14
37353;252;422;14;14;0;0;14;14
37356;266;422;14;14;0;0;14;14
37365;280;422;14;14;0;0;14;14
37367;294;422;14;14;0;0;14;14
37369;308;422;14;14;0;0;14;14
37376;322;422;14;14;0;0;14;14
37377;336;422;14;14;0;0;14;14
37384;350;422;14;14;0;0;14;14
37385;364;422;14;14;0;0;14;14
37389;378;422;14;14;0;0;14;14
37392;392;422;14;14;0;0;14;14
37393;406;422;14;14;0;0;14;14
37396;420;422;14;14;0;0;14;14
37397;434;422;14;14;0;0;14;14
37406;448;422;14;14;0;0;14;14
37411;462;422;14;14;0;0;14;14
37414;476;422;14;14;0;0;14;14
37421;490;422;14;14;0;0;14;14
37422;504;422;14;14;0;0;14;14
37424;518;422;14;14;0;0;14;14
37428;532;422;14;14;0;0;14;14
37431;546;422;14;14;0;0;14;14
37432;560;422;14;14;0;0;14;14
37433;574;422;14;14;0;0;14;14
37434;588;422;14;14;0;0;14;14
37437;602;422;14;14;0;0;14;14
37438;616;422;14;14;0;0;14;14
37439;630;422;14;14;0;0;14;14
37440;644;422;14;14;0;0;14;14
37444;658;422;14;14;0;0;14;14
37445;672;422;14;14;0;0;14;14
37446;686;422;14;14;0;0;14;14
37448;700;422;14;14;0;0;14;14
37449;714;422;14;14;0;0;14;14
37453;728;422;14;14;0;0;14;14
37457;742;422;14;14;0;0;14;14
37463;756;422;14;14;0;0;14;14
37466;770;422;14;14;0;0;14;14
37467;784;422;14;14;0;0;14;14
37470;798;422;14;14;0;0;14;14
37474;812;422;14;14;0;0;14;14
37476;826;422;14;14;0;0;14;14
37478;840;422;14;14;0;0;14;14
37484;854;422;14;14;0;0;14;14
37485;868;422;14;14;0;0;14;14
37489;882;422;14;14;0;0;14;14
37492;896;422;14;14;0;0;14;14
37496;910;422;14;14;0;0;14;14
37498;924;422;14;14;0;0;14;14
37499;938;422;14;14;0;0;14;14
37503;952;422;14;14;0;0;14;14
37504;966;422;14;14;0;0;14;14
37507;980;422;14;14;0;0;14;14
37509;994;422;14;14;0;0;14;14
37514;1008;422;14;14;0;0;14;14
37521;1022;422;14;14;0;0;14;14
37523;1036;422;14;14;0;0;14;14
37526;1050;422;14;14;0;0;14;14
37528;1064;422;14;14;0;0;14;14
37530;1078;422;14;14;0;0;14;14
37532;1092;422;14;14;0;0;14;14
37536;1106;422;14;14;0;0;14;14
37539;1120;422;14;14;0;0;14;14
37541;1134;422;14;14;0;0;14;14
37542;1148;422;14;14;0;0;14;14
37544;1162;422;14;14;0;0;14;14
37547;1176;422;14;14;0;0;14;14
37548;1190;422;14;14;0;0;14;14
37549;1204;422;14;14;0;0;14;14
37550;1218;422;14;14;0;0;14;14
37554;1232;422;14;14;0;0;14;14
37555;1246;422;14;14;0;0;14;14
37559;1260;422;14;14;0;0;14;14
37561;1274;422;14;14;0;0;14;14
37563;1288;422;14;14;0;0;14;14
37564;1302;422;14;14;0;0;14;14
37569;1316;422;14;14;0;0;14;14
37571;1330;422;14;14;0;0;14;14
37573;1344;422;14;14;0;0;14;14
37574;1358;422;14;14;0;0;14;14
37575;1372;422;14;14;0;0;14;14
37576;1386;422;14;14;0;0;14;14
37580;1400;422;14;14;0;0;14;14
37583;1414;422;14;14;0;0;14;14
37584;1428;422;14;14;0;0;14;14
37586;1442;422;14;14;0;0;14;14
37589;1456;422;14;14;0;0;14;14
37604;1470;422;14;14;0;0;14;14
37605;1484;422;14;14;0;0;14;14
37606;1498;422;14;14;0;0;14;14
37608;1512;422;14;14;0;0;14;14
37610;1526;422;14;14;0;0;14;14
37613;1540;422;14;14;0;0;14;14
37615;1554;422;14;14;0;0;14;14
37616;1568;422;14;14;0;0;14;14
37619;1582;422;14;14;0;0;14;14
37624;1596;422;14;14;0;0;14;14
37628;1610;422;14;14;0;0;14;14
37633;1624;422;14;14;0;0;14;14
37636;1638;422;14;14;0;0;14;14
37640;1652;422;14;14;0;0;14;14
37648;1666;422;14;14;0;0;14;14
37650;1680;422;14;14;0;0;14;14
37653;1694;422;14;14;0;0;14;14
37656;1708;422;14;14;0;0;14;14
37657;1722;422;14;14;0;0;14;14
37658;1736;422;14;14;0;0;14;14
37659;1750;422;14;14;0;0;14;14
37664;1764;422;14;14;0;0;14;14
37665;1778;422;14;14;0;0;14;14
37666;1792;422;14;14;0;0;14;14
37670;1806;422;14;14;0;0;14;14
37672;1820;422;14;14;0;0;14;14
37675;1834;422;14;14;0;0;14;14
37676;1848;422;14;14;0;0;14;14
37678;1862;422;14;14;0;0;14;14
37679;1876;422;14;14;0;0;14;14
37682;1890;422;14;14;0;0;14;14
37683;1904;422;14;14;0;0;14;14
37686;1918;422;14;14;0;0;14;14
37688;1932;422;14;14;0;0;14;14
37694;1946;422;14;14;0;0;14;14
37696;1960;422;14;14;0;0;14;14
37697;1974;422;14;14;0;0;14;14
37703;1988;422;14;14;0;0;14;14
37706;2002;422;14;14;0;0;14;14
37707;2016;422;14;14;0;0;14;14
37709;2030;422;14;14;0;0;14;14
37716;2044;422;14;14;0;0;14;14
37720;2058;422;14;14;0;0;14;14
37723;2072;422;14;14;0;0;14;14
37732;2086;422;14;14;0;0;14;14
37733;2100;422;14;14;0;0;14;14
37738;2114;422;14;14;0;0;14;14
37740;2128;422;14;14;0;0;14;14
37749;2142;422;14;14;0;0;14;14
37750;2156;422;14;14;0;0;14;14
37754;2170;422;14;14;0;0;14;14
37758;2184;422;14;14;0;0;14;14
37762;2198;422;14;14;0;0;14;14
37770;2212;422;14;14;0;0;14;14
37772;2226;422;14;14;0;0;14;14
37775;2240;422;14;14;0;0;14;14
37779;2254;422;14;14;0;0;14;14
37780;2268;422;14;14;0;0;14;14
37782;2282;422;14;14;0;0;14;14
37783;2296;422;14;14;0;0;14;14
37784;2310;422;14;14;0;0;14;14
37786;2324;422;14;14;0;0;14;14
37789;2338;422;14;14;0;0;14;14
37794;2352;422;14;14;0;0;14;14
37795;2366;422;14;14;0;0;14;14
37798;2380;422;14;14;0;0;14;14
37799;2394;422;14;14;0;0;14;14
37801;2408;422;14;14;0;0;14;14
37804;2422;422;14;14;0;0;14;14
37806;2436;422;14;14;0;0;14;14
37807;2450;422;14;14;0;0;14;14
37808;2464;422;14;14;0;0;14;14
37811;2478;422;14;14;0;0;14;14
37813;2492;422;14;14;0;0;14;14
37827;2506;422;14;14;0;0;14;14
37831;2520;422;14;14;0;0;14;14
37832;2534;422;14;14;0;0;14;14
37834;2548;422;14;14;0;0;14;14
37840;2562;422;14;14;0;0;14;14
37841;2576;422;14;14;0;0;14;14
37846;2590;422;14;14;0;0;14;14
37847;2604;422;14;14;0;0;14;14
37848;2618;422;14;14;0;0;14;14
37852;2632;422;14;14;0;0;14;14
37853;2646;422;14;14;0;0;14;14
37854;2660;422;14;14;0;0;14;14
37855;2674;422;14;14;0;0;14;14
37857;2688;422;14;14;0;0;14;14
37858;2702;422;14;14;0;0;14;14
37860;2716;422;14;14;0;0;14;14
37864;2730;422;14;14;0;0;14;14
37877;2744;422;14;14;0;0;14;14
37881;2758;422;14;14;0;0;14;14
37885;2772;422;14;14;0;0;14;14
37891;2786;422;14;14;0;0;14;14
37904;2800;422;14;14;0;0;14;14
37907;2814;422;14;14;0;0;14;14
37908;2828;422;14;14;0;0;14;14
37912;2842;422;14;14;0;0;14;14
37913;2856;422;14;14;0;0;14;14
37917;2870;422;14;14;0;0;14;14
37927;2884;422;14;14;0;0;14;14
37931;2898;422;14;14;0;0;14;14
37934;2912;422;14;14;0;0;14;14
37938;2926;422;14;14;0;0;14;14
37939;2940;422;14;14;0;0;14;14
37941;2954;422;14;14;0;0;14;14
37944;2968;422;14;14;0;0;14;14
37946;2982;422;14;14;0;0;14;14
37950;2996;422;14;14;0;0;14;14
37956;3010;422;14;14;0;0;14;14
37962;3024;422;14;14;0;0;14;14
37964;3038;422;14;14;0;0;14;14
37969;3052;422;14;14;0;0;14;14
37970;3066;422;14;14;0;0;14;14
37972;3080;422;14;14;0;0;14;14
37984;3094;422;14;14;0;0;14;14
37987;3108;422;14;14;0;0;14;14
37995;3122;422;14;14;0;0;14;14
37997;3136;422;14;14;0;0;14;14
38000;3150;422;14;14;0;0;14;14
38001;3164;422;14;14;0;0;14;14
38002;3178;422;14;14;0;0;14;14
38004;3192;422;14;14;0;0;14;14
38007;3206;422;14;14;0;0;14;14
38009;3220;422;14;14;0;0;14;14
38012;3234;422;14;14;0;0;14;14
38013;3248;422;14;14;0;0;14;14
38014;3262;422;14;14;0;0;14;14
38015;3276;422;14;14;0;0;14;14
38023;3290;422;14;14;0;0;14;14
38024;3304;422;14;14;0;0;14;14
38025;3318;422;14;14;0;0;14;14
38026;3332;422;14;14;0;0;14;14
38027;3346;422;14;14;0;0;14;14
38028;3360;422;14;14;0;0;14;14
38029;3374;422;14;14;0;0;14;14
38030;3388;422;14;14;0;0;14;14
38031;3402;422;14;14;0;0;14;14
38034;3416;422;14;14;0;0;14;14
38035;3430;422;14;14;0;0;14;14
38037;3444;422;14;14;0;0;14;14
38039;3458;422;14;14;0;0;14;14
38041;3472;422;14;14;0;0;14;14
38042;3486;422;14;14;0;0;14;14
38043;3500;422;14;14;0;0;14;14
38044;3514;422;14;14;0;0;14;14
38045;3528;422;14;14;0;0;14;14
38046;3542;422;14;14;0;0;14;14
38047;3556;422;14;14;0;0;14;14
38048;3570;422;14;14;0;0;14;14
38049;3584;422;14;14;0;0;14;14
38050;3598;422;14;14;0;0;14;14
38051;3612;422;14;14;0;0;14;14
38052;3626;422;14;14;0;0;14;14
38053;3640;422;14;14;0;0;14;14
38054;3654;422;14;14;0;0;14;14
38055;3668;422;14;14;0;0;14;14
38056;3682;422;14;14;0;0;14;14
38057;3696;422;14;14;0;0;14;14
38059;3710;422;14;14;0;0;14;14
38062;3724;422;14;14;0;0;14;14
38063;3738;422;14;14;0;0;14;14
38064;3752;422;14;14;0;0;14;14
38065;3766;422;14;14;0;0;14;14
38066;3780;422;14;14;0;0;14;14
38067;3794;422;14;14;0;0;14;14
38068;3808;422;14;14;0;0;14;14
38069;3822;422;14;14;0;0;14;14
38073;3836;422;14;14;0;0;14;14
38074;3850;422;14;14;0;0;14;14
38075;3864;422;14;14;0;0;14;14
38076;3878;422;14;14;0;0;14;14
38077;3892;422;14;14;0;0;14;14
38078;3906;422;14;14;0;0;14;14
38079;3920;422;14;14;0;0;14;14
38080;3934;422;14;14;0;0;14;14
38081;3948;422;14;14;0;0;14;14
38082;3962;422;14;14;0;0;14;14
38083;3976;422;14;14;0;0;14;14
38084;3990;422;14;14;0;0;14;14
38085;4004;422;14;14;0;0;14;14
38086;4018;422;14;14;0;0;14;14
38088;4032;422;14;14;0;0;14;14
38089;4046;422;14;14;0;0;14;14
38090;4060;422;14;14;0;0;14;14
38091;4074;422;14;14;0;0;14;14
38092;0;436;14;14;0;0;14;14
38093;14;436;14;14;0;0;14;14
38094;28;436;14;14;0;0;14;14
38096;42;436;14;14;0;0;14;14
38097;56;436;14;14;0;0;14;14
38098;70;436;14;14;0;0;14;14
38103;84;436;14;14;0;0;14;14
38105;98;436;14;14;0;0;14;14
38107;112;436;14;14;0;0;14;14
38108;126;436;14;14;0;0;14;14
38109;140;436;14;14;0;0;14;14
38111;154;436;14;14;0;0;14;14
38112;168;436;14;14;0;0;14;14
38113;182;436;14;14;0;0;14;14
38114;196;436;14;14;0;0;14;14
38115;210;436;14;14;0;0;14;14
38116;224;436;14;14;0;0;14;14
38119;238;436;14;14;0;0;14;14
38120;252;436;14;14;0;0;14;14
38121;266;436;14;14;0;0;14;14
38122;280;436;14;14;0;0;14;14
38123;294;436;14;14;0;0;14;14
38124;308;436;14;14;0;0;14;14
38125;322;436;14;14;0;0;14;14
38126;336;436;14;14;0;0;14;14
38127;350;436;14;14;0;0;14;14
38128;364;436;14;14;0;0;14;14
38129;378;436;14;14;0;0;14;14
38130;392;436;14;14;0;0;14;14
38131;406;436;14;14;0;0;14;14
38133;420;436;14;14;0;0;14;14
38134;434;436;14;14;0;0;14;14
38135;448;436;14;14;0;0;14;14
38136;462;436;14;14;0;0;14;14
38138;476;436;14;14;0;0;14;14
38139;490;436;14;14;0;0;14;14
38140;504;436;14;14;0;0;14;14
38142;518;436;14;14;0;0;14;14
38143;532;436;14;14;0;0;14;14
38144;546;436;14;14;0;0;14;14
38145;560;436;14;14;0;0;14;14
38146;574;436;14;14;0;0;14;14
38147;588;436;14;14;0;0;14;14
38148;602;436;14;14;0;0;14;14
38149;616;436;14;14;0;0;14;14
38150;630;436;14;14;0;0;14;14
38151;644;436;14;14;0;0;14;14
38152;658;436;14;14;0;0;14;14
38153;672;436;14;14;0;0;14;14
38155;686;436;14;14;0;0;14;14
38156;700;436;14;14;0;0;14;14
38159;714;436;14;14;0;0;14;14
38160;728;436;14;14;0;0;14;14
38161;742;436;14;14;0;0;14;14
38162;756;436;14;14;0;0;14;14
38164;770;436;14;14;0;0;14;14
38165;784;436;14;14;0;0;14;14
38167;798;436;14;14;0;0;14;14
38169;812;436;14;14;0;0;14;14
38170;826;436;14;14;0;0;14;14
38171;840;436;14;14;0;0;14;14
38172;854;436;14;14;0;0;14;14
38173;868;436;14;14;0;0;14;14
38174;882;436;14;14;0;0;14;14
38175;896;436;14;14;0;0;14;14
38177;910;436;14;14;0;0;14;14
38178;924;436;14;14;0;0;14;14
38179;938;436;14;14;0;0;14;14
38180;952;436;14;14;0;0;14;14
38181;966;436;14;14;0;0;14;14
38182;980;436;14;14;0;0;14;14
38184;994;436;14;14;0;0;14;14
38185;1008;436;14;14;0;0;14;14
38189;1022;436;14;14;0;0;14;14
38190;1036;436;14;14;0;0;14;14
38191;1050;436;14;14;0;0;14;14
38192;1064;436;14;14;0;0;14;14
38193;1078;436;14;14;0;0;14;14
38194;1092;436;14;14;0;0;14;14
38196;1106;436;14;14;0;0;14;14
38197;1120;436;14;14;0;0;14;14
38198;1134;436;14;14;0;0;14;14
38199;1148;436;14;14;0;0;14;14
38200;1162;436;14;14;0;0;14;14
38201;1176;436;14;14;0;0;14;14
38202;1190;436;14;14;0;0;14;14
38203;1204;436;14;14;0;0;14;14
38208;1218;436;14;14;0;0;14;14
38209;1232;436;14;14;0;0;14;14
38210;1246;436;14;14;0;0;14;14
38215;1260;436;14;14;0;0;14;14
38217;1274;436;14;14;0;0;14;14
38218;1288;436;14;14;0;0;14;14
38220;1302;436;14;14;0;0;14;14
38221;1316;436;14;14;0;0;14;14
38223;1330;436;14;14;0;0;14;14
38224;1344;436;14;14;0;0;14;14
38225;1358;436;14;14;0;0;14;14
38226;1372;436;14;14;0;0;14;14
38227;1386;436;14;14;0;0;14;14
38228;1400;436;14;14;0;0;14;14
38229;1414;436;14;14;0;0;14;14
38230;1428;436;14;14;0;0;14;14
38231;1442;436;14;14;0;0;14;14
38232;1456;436;14;14;0;0;14;14
38234;1470;436;14;14;0;0;14;14
38235;1484;436;14;14;0;0;14;14
38236;1498;436;14;14;0;0;14;14
38237;1512;436;14;14;0;0;14;14
38238;1526;436;14;14;0;0;14;14
38240;1540;436;14;14;0;0;14;14
38241;1554;436;14;14;0;0;14;14
38242;1568;436;14;14;0;0;14;14
38243;1582;436;14;14;0;0;14;14
38246;1596;436;14;14;0;0;14;14
38247;1610;436;14;14;0;0;14;14
38249;1624;436;14;14;0;0;14;14
38250;1638;436;14;14;0;0;14;14
38251;1652;436;14;14;0;0;14;14
38252;1666;436;14;14;0;0;14;14
38253;1680;436;14;14;0;0;14;14
38255;1694;436;14;14;0;0;14;14
38256;1708;436;14;14;0;0;14;14
38258;1722;436;14;14;0;0;14;14
38259;1736;436;14;14;0;0;14;14
38260;1750;436;14;14;0;0;14;14
38261;1764;436;14;14;0;0;14;14
38262;1778;436;14;14;0;0;14;14
38263;1792;436;14;14;0;0;14;14
38271;1806;436;14;14;0;0;14;14
38272;1820;436;14;14;0;0;14;14
38274;1834;436;14;14;0;0;14;14
38275;1848;436;14;14;0;0;14;14
38281;1862;436;14;14;0;0;14;14
38283;1876;436;14;14;0;0;14;14
38284;1890;436;14;14;0;0;14;14
38286;1904;436;14;14;0;0;14;14
38287;1918;436;14;14;0;0;14;14
38289;1932;436;14;14;0;0;14;14
38290;1946;436;14;14;0;0;14;14
38291;1960;436;14;14;0;0;14;14
38292;1974;436;14;14;0;0;14;14
38295;1988;436;14;14;0;0;14;14
38296;2002;436;14;14;0;0;14;14
38305;2016;436;14;14;0;0;14;14
38306;2030;436;14;14;0;0;14;14
38307;2044;436;14;14;0;0;14;14
38308;2058;436;14;14;0;0;14;14
38309;2072;436;14;14;0;0;14;14
38312;2086;436;14;14;0;0;14;14
38313;2100;436;14;14;0;0;14;14
38315;2114;436;14;14;0;0;14;14
38316;2128;436;14;14;0;0;14;14
38317;2142;436;14;14;0;0;14;14
38320;2156;436;14;14;0;0;14;14
38321;2170;436;14;14;0;0;14;14
38322;2184;436;14;14;0;0;14;14
38326;2198;436;14;14;0;0;14;14
38329;2212;436;14;14;0;0;14;14
38331;2226;436;14;14;0;0;14;14
38332;2240;436;14;14;0;0;14;14
38333;2254;436;14;14;0;0;14;14
38334;2268;436;14;14;0;0;14;14
38338;2282;436;14;14;0;0;14;14
38339;2296;436;14;14;0;0;14;14
38342;2310;436;14;14;0;0;14;14
38343;2324;436;14;14;0;0;14;14
38344;2338;436;14;14;0;0;14;14
38346;2352;436;14;14;0;0;14;14
38347;2366;436;14;14;0;0;14;14
38348;2380;436;14;14;0;0;14;14
38352;2394;436;14;14;0;0;14;14
38355;2408;436;14;14;0;0;14;14
38356;2422;436;14;14;0;0;14;14
38357;2436;436;14;14;0;0;14;14
38358;2450;436;14;14;0;0;14;14
38360;2464;436;14;14;0;0;14;14
38364;2478;436;14;14;0;0;14;14
38366;2492;436;14;14;0;0;14;14
38369;2506;436;14;14;0;0;14;14
38370;2520;436;14;14;0;0;14;14
38373;2534;436;14;14;0;0;14;14
38376;2548;436;14;14;0;0;14;14
38377;2562;436;14;14;0;0;14;14
38378;2576;436;14;14;0;0;14;14
38381;2590;436;14;14;0;0;14;14
38382;2604;436;14;14;0;0;14;14
38383;2618;436;14;14;0;0;14;14
38384;2632;436;14;14;0;0;14;14
38385;2646;436;14;14;0;0;14;14
38386;2660;436;14;14;0;0;14;14
38387;2674;436;14;14;0;0;14;14
38388;2688;436;14;14;0;0;14;14
38389;2702;436;14;14;0;0;14;14
38390;2716;436;14;14;0;0;14;14
38391;2730;436;14;14;0;0;14;14
38392;2744;436;14;14;0;0;14;14
38393;2758;436;14;14;0;0;14;14
38394;2772;436;14;14;0;0;14;14
38395;2786;436;14;14;0;0;14;14
38396;2800;436;14;14;0;0;14;14
38397;2814;436;14;14;0;0;14;14
38398;2828;436;14;14;0;0;14;14
38399;2842;436;14;14;0;0;14;14
38400;2856;436;14;14;0;0;14;14
38401;2870;436;14;14;0;0;14;14
38402;2884;436;14;14;0;0;14;14
38403;2898;436;14;14;0;0;14;14
38404;2912;436;14;14;0;0;14;14
38405;2926;436;14;14;0;0;14;14
38406;2940;436;14;14;0;0;14;14
38407;2954;436;14;14;0;0;14;14
38408;2968;436;14;14;0;0;14;14
38409;2982;436;14;14;0;0;14;14
38410;2996;436;14;14;0;0;14;14
38411;3010;436;14;14;0;0;14;14
38413;3024;436;14;14;0;0;14;14
38414;3038;436;14;14;0;0;14;14
38415;3052;436;14;14;0;0;14;14
38416;3066;436;14;14;0;0;14;14
38417;3080;436;14;14;0;0;14;14
38418;3094;436;14;14;0;0;14;14
38420;3108;436;14;14;0;0;14;14
38421;3122;436;14;14;0;0;14;14
38422;3136;436;14;14;0;0;14;14
38423;3150;436;14;14;0;0;14;14
38425;3164;436;14;14;0;0;14;14
38426;3178;436;14;14;0;0;14;14
38428;3192;436;14;14;0;0;14;14
38431;3206;436;14;14;0;0;14;14
38433;3220;436;14;14;0;0;14;14
38440;3234;436;14;14;0;0;14;14
38442;3248;436;14;14;0;0;14;14
38446;3262;436;14;14;0;0;14;14
38447;3276;436;14;14;0;0;14;14
38449;3290;436;14;14;0;0;14;14
38450;3304;436;14;14;0;0;14;14
38451;3318;436;14;14;0;0;14;14
38452;3332;436;14;14;0;0;14;14
38453;3346;436;14;14;0;0;14;14
38454;3360;436;14;14;0;0;14;14
38459;3374;436;14;14;0;0;14;14
38463;3388;436;14;14;0;0;14;14
38464;3402;436;14;14;0;0;14;14
38466;3416;436;14;14;0;0;14;14
38468;3430;436;14;14;0;0;14;14
38469;3444;436;14;14;0;0;14;14
38470;3458;436;14;14;0;0;14;14
38471;3472;436;14;14;0;0;14;14
38472;3486;436;14;14;0;0;14;14
38473;3500;436;14;14;0;0;14;14
38475;3514;436;14;14;0;0;14;14
38476;3528;436;14;14;0;0;14;14
38477;3542;436;14;14;0;0;14;14
38479;3556;436;14;14;0;0;14;14
38480;3570;436;14;14;0;0;14;14
38484;3584;436;14;14;0;0;14;14
38485;3598;436;14;14;0;0;14;14
38488;3612;436;14;14;0;0;14;14
38491;3626;436;14;14;0;0;14;14
38492;3640;436;14;14;0;0;14;14
38493;3654;436;14;14;0;0;14;14
38494;3668;436;14;14;0;0;14;14
38495;3682;436;14;14;0;0;14;14
38497;3696;436;14;14;0;0;14;14
38498;3710;436;14;14;0;0;14;14
38499;3724;436;14;14;0;0;14;14
38500;3738;436;14;14;0;0;14;14
38501;3752;436;14;14;0;0;14;14
38504;3766;436;14;14;0;0;14;14
38505;3780;436;14;14;0;0;14;14
38506;3794;436;14;14;0;0;14;14
38508;3808;436;14;14;0;0;14;14
38512;3822;436;14;14;0;0;14;14
38514;3836;436;14;14;0;0;14;14
38515;3850;436;14;14;0;0;14;14
38517;3864;436;14;14;0;0;14;14
38518;3878;436;14;14;0;0;14;14
38519;3892;436;14;14;0;0;14;14
38520;3906;436;14;14;0;0;14;14
38522;3920;436;14;14;0;0;14;14
38525;3934;436;14;14;0;0;14;14
38533;3948;436;14;14;0;0;14;14
38534;3962;436;14;14;0;0;14;14
38536;3976;436;14;14;0;0;14;14
38538;3990;436;14;14;0;0;14;14
38539;4004;436;14;14;0;0;14;14
38541;4018;436;14;14;0;0;14;14
38542;4032;436;14;14;0;0;14;14
38543;4046;436;14;14;0;0;14;14
38544;4060;436;14;14;0;0;14;14
38548;4074;436;14;14;0;0;14;14
38549;0;450;14;14;0;0;14;14
38551;14;450;14;14;0;0;14;14
38552;28;450;14;14;0;0;14;14
38553;42;450;14;14;0;0;14;14
38555;56;450;14;14;0;0;14;14
38556;70;450;14;14;0;0;14;14
38558;84;450;14;14;0;0;14;14
38560;98;450;14;14;0;0;14;14
38563;112;450;14;14;0;0;14;14
38564;126;450;14;14;0;0;14;14
38567;140;450;14;14;0;0;14;14
38568;154;450;14;14;0;0;14;14
38570;168;450;14;14;0;0;14;14
38576;182;450;14;14;0;0;14;14
38577;196;450;14;14;0;0;14;14
38579;210;450;14;14;0;0;14;14
38580;224;450;14;14;0;0;14;14
38582;238;450;14;14;0;0;14;14
38583;252;450;14;14;0;0;14;14
38584;266;450;14;14;0;0;14;14
38585;280;450;14;14;0;0;14;14
38587;294;450;14;14;0;0;14;14
38588;308;450;14;14;0;0;14;14
38589;322;450;14;14;0;0;14;14
38590;336;450;14;14;0;0;14;14
38592;350;450;14;14;0;0;14;14
38593;364;450;14;14;0;0;14;14
38596;378;450;14;14;0;0;14;14
38597;392;450;14;14;0;0;14;14
38598;406;450;14;14;0;0;14;14
38599;420;450;14;14;0;0;14;14
38601;434;450;14;14;0;0;14;14
38603;448;450;14;14;0;0;14;14
38604;462;450;14;14;0;0;14;14
38605;476;450;14;14;0;0;14;14
38606;490;450;14;14;0;0;14;14
38607;504;450;14;14;0;0;14;14
38609;518;450;14;14;0;0;14;14
38610;532;450;14;14;0;0;14;14
38613;546;450;14;14;0;0;14;14
38614;560;450;14;14;0;0;14;14
38617;574;450;14;14;0;0;14;14
38619;588;450;14;14;0;0;14;14
38620;602;450;14;14;0;0;14;14
38622;616;450;14;14;0;0;14;14
38624;630;450;14;14;0;0;14;14
38626;644;450;14;14;0;0;14;14
38627;658;450;14;14;0;0;14;14
38632;672;450;14;14;0;0;14;14
38633;686;450;14;14;0;0;14;14
38634;700;450;14;14;0;0;14;14
38639;714;450;14;14;0;0;14;14
38640;728;450;14;14;0;0;14;14
38641;742;450;14;14;0;0;14;14
38642;756;450;14;14;0;0;14;14
38643;770;450;14;14;0;0;14;14
38646;784;450;14;14;0;0;14;14
38647;798;450;14;14;0;0;14;14
38649;812;450;14;14;0;0;14;14
38651;826;450;14;14;0;0;14;14
38654;840;450;14;14;0;0;14;14
38656;854;450;14;14;0;0;14;14
38657;868;450;14;14;0;0;14;14
38660;882;450;14;14;0;0;14;14
38662;896;450;14;14;0;0;14;14
38663;910;450;14;14;0;0;14;14
38664;924;450;14;14;0;0;14;14
38665;938;450;14;14;0;0;14;14
38666;952;450;14;14;0;0;14;14
38669;966;450;14;14;0;0;14;14
38670;980;450;14;14;0;0;14;14
38671;994;450;14;14;0;0;14;14
38673;1008;450;14;14;0;0;14;14
38675;1022;450;14;14;0;0;14;14
38678;1036;450;14;14;0;0;14;14
38684;1050;450;14;14;0;0;14;14
38686;1064;450;14;14;0;0;14;14
38692;1078;450;14;14;0;0;14;14
38695;1092;450;14;14;0;0;14;14
38696;1106;450;14;14;0;0;14;14
38698;1120;450;14;14;0;0;14;14
38701;1134;450;14;14;0;0;14;14
38704;1148;450;14;14;0;0;14;14
38706;1162;450;14;14;0;0;14;14
38712;1176;450;14;14;0;0;14;14
38713;1190;450;14;14;0;0;14;14
38717;1204;450;14;14;0;0;14;14
38718;1218;450;14;14;0;0;14;14
38722;1232;450;14;14;0;0;14;14
38724;1246;450;14;14;0;0;14;14
38728;1260;450;14;14;0;0;14;14
38729;1274;450;14;14;0;0;14;14
38738;1288;450;14;14;0;0;14;14
38739;1302;450;14;14;0;0;14;14
38742;1316;450;14;14;0;0;14;14
38745;1330;450;14;14;0;0;14;14
38746;1344;450;14;14;0;0;14;14
38747;1358;450;14;14;0;0;14;14
38748;1372;450;14;14;0;0;14;14
38750;1386;450;14;14;0;0;14;14
38752;1400;450;14;14;0;0;14;14
38753;1414;450;14;14;0;0;14;14
38754;1428;450;14;14;0;0;14;14
38757;1442;450;14;14;0;0;14;14
38758;1456;450;14;14;0;0;14;14
38760;1470;450;14;14;0;0;14;14
38761;1484;450;14;14;0;0;14;14
38768;1498;450;14;14;0;0;14;14
38771;1512;450;14;14;0;0;14;14
38772;1526;450;14;14;0;0;14;14
38774;1540;450;14;14;0;0;14;14
38776;1554;450;14;14;0;0;14;14
38778;1568;450;14;14;0;0;14;14
38780;1582;450;14;14;0;0;14;14
38783;1596;450;14;14;0;0;14;14
38789;1610;450;14;14;0;0;14;14
38795;1624;450;14;14;0;0;14;14
38797;1638;450;14;14;0;0;14;14
38799;1652;450;14;14;0;0;14;14
38801;1666;450;14;14;0;0;14;14
38802;1680;450;14;14;0;0;14;14
38808;1694;450;14;14;0;0;14;14
38815;1708;450;14;14;0;0;14;14
38816;1722;450;14;14;0;0;14;14
38817;1736;450;14;14;0;0;14;14
38819;1750;450;14;14;0;0;14;14
38822;1764;450;14;14;0;0;14;14
38823;1778;450;14;14;0;0;14;14
38824;1792;450;14;14;0;0;14;14
38827;1806;450;14;14;0;0;14;14
38828;1820;450;14;14;0;0;14;14
38829;1834;450;14;14;0;0;14;14
38831;1848;450;14;14;0;0;14;14
38834;1862;450;14;14;0;0;14;14
38835;1876;450;14;14;0;0;14;14
38836;1890;450;14;14;0;0;14;14
38845;1904;450;14;14;0;0;14;14
38849;1918;450;14;14;0;0;14;14
38851;1932;450;14;14;0;0;14;14
38854;1946;450;14;14;0;0;14;14
38857;1960;450;14;14;0;0;14;14
38859;1974;450;14;14;0;0;14;14
38860;1988;450;14;14;0;0;14;14
38867;2002;450;14;14;0;0;14;14
38873;2016;450;14;14;0;0;14;14
38876;2030;450;14;14;0;0;14;14
38877;2044;450;14;14;0;0;14;14
38878;2058;450;14;14;0;0;14;14
38886;2072;450;14;14;0;0;14;14
38887;2086;450;14;14;0;0;14;14
38889;2100;450;14;14;0;0;14;14
38890;2114;450;14;14;0;0;14;14
38891;2128;450;14;14;0;0;14;14
38892;2142;450;14;14;0;0;14;14
38893;2156;450;14;14;0;0;14;14
38899;2170;450;14;14;0;0;14;14
38901;2184;450;14;14;0;0;14;14
38902;2198;450;14;14;0;0;14;14
38907;2212;450;14;14;0;0;14;14
38910;2226;450;14;14;0;0;14;14
38911;2240;450;14;14;0;0;14;14
38913;2254;450;14;14;0;0;14;14
38914;2268;450;14;14;0;0;14;14
38915;2282;450;14;14;0;0;14;14
38917;2296;450;14;14;0;0;14;14
38918;2310;450;14;14;0;0;14;14
38919;2324;450;14;14;0;0;14;14
38920;2338;450;14;14;0;0;14;14
38922;2352;450;14;14;0;0;14;14
38924;2366;450;14;14;0;0;14;14
38926;2380;450;14;14;0;0;14;14
38927;2394;450;14;14;0;0;14;14
38928;2408;450;14;14;0;0;14;14
38929;2422;450;14;14;0;0;14;14
38930;2436;450;14;14;0;0;14;14
38931;2450;450;14;14;0;0;14;14
38935;2464;450;14;14;0;0;14;14
38936;2478;450;14;14;0;0;14;14
38940;2492;450;14;14;0;0;14;14
38945;2506;450;14;14;0;0;14;14
38948;2520;450;14;14;0;0;14;14
38950;2534;450;14;14;0;0;14;14
38955;2548;450;14;14;0;0;14;14
38957;2562;450;14;14;0;0;14;14
38960;2576;450;14;14;0;0;14;14
38967;2590;450;14;14;0;0;14;14
38968;2604;450;14;14;0;0;14;14
38969;2618;450;14;14;0;0;14;14
38971;2632;450;14;14;0;0;14;14
38972;2646;450;14;14;0;0;14;14
38982;2660;450;14;14;0;0;14;14
38988;2674;450;14;14;0;0;14;14
38989;2688;450;14;14;0;0;14;14
38990;2702;450;14;14;0;0;14;14
38991;2716;450;14;14;0;0;14;14
38995;2730;450;14;14;0;0;14;14
38996;2744;450;14;14;0;0;14;14
38997;2758;450;14;14;0;0;14;14
39000;2772;450;14;14;0;0;14;14
39001;2786;450;14;14;0;0;14;14
39003;2800;450;14;14;0;0;14;14
39006;2814;450;14;14;0;0;14;14
39010;2828;450;14;14;0;0;14;14
39013;2842;450;14;14;0;0;14;14
39015;2856;450;14;14;0;0;14;14
39019;2870;450;14;14;0;0;14;14
39023;2884;450;14;14;0;0;14;14
39024;2898;450;14;14;0;0;14;14
39025;2912;450;14;14;0;0;14;14
39027;2926;450;14;14;0;0;14;14
39028;2940;450;14;14;0;0;14;14
39029;2954;450;14;14;0;0;14;14
39030;2968;450;14;14;0;0;14;14
39031;2982;450;14;14;0;0;14;14
39032;2996;450;14;14;0;0;14;14
39033;3010;450;14;14;0;0;14;14
39034;3024;450;14;14;0;0;14;14
39035;3038;450;14;14;0;0;14;14
39036;3052;450;14;14;0;0;14;14
39037;3066;450;14;14;0;0;14;14
39038;3080;450;14;14;0;0;14;14
39039;3094;450;14;14;0;0;14;14
39040;3108;450;14;14;0;0;14;14
39041;3122;450;14;14;0;0;14;14
39042;3136;450;14;14;0;0;14;14
39043;3150;450;14;14;0;0;14;14
39044;3164;450;14;14;0;0;14;14
39045;3178;450;14;14;0;0;14;14
39046;3192;450;14;14;0;0;14;14
39047;3206;450;14;14;0;0;14;14
39048;3220;450;14;14;0;0;14;14
39049;3234;450;14;14;0;0;14;14
39050;3248;450;14;14;0;0;14;14
39052;3262;450;14;14;0;0;14;14
39053;3276;450;14;14;0;0;14;14
39054;3290;450;14;14;0;0;14;14
39055;3304;450;14;14;0;0;14;14
39056;3318;450;14;14;0;0;14;14
39057;3332;450;14;14;0;0;14;14
39059;3346;450;14;14;0;0;14;14
39060;3360;450;14;14;0;0;14;14
39062;3374;450;14;14;0;0;14;14
39063;3388;450;14;14;0;0;14;14
39064;3402;450;14;14;0;0;14;14
39065;3416;450;14;14;0;0;14;14
39066;3430;450;14;14;0;0;14;14
39067;3444;450;14;14;0;0;14;14
39068;3458;450;14;14;0;0;14;14
39069;3472;450;14;14;0;0;14;14
39070;3486;450;14;14;0;0;14;14
39071;3500;450;14;14;0;0;14;14
39072;3514;450;14;14;0;0;14;14
39073;3528;450;14;14;0;0;14;14
39074;3542;450;14;14;0;0;14;14
39076;3556;450;14;14;0;0;14;14
39078;3570;450;14;14;0;0;14;14
39079;3584;450;14;14;0;0;14;14
39080;3598;450;14;14;0;0;14;14
39085;3612;450;14;14;0;0;14;14
39086;3626;450;14;14;0;0;14;14
39087;3640;450;14;14;0;0;14;14
39089;3654;450;14;14;0;0;14;14
39091;3668;450;14;14;0;0;14;14
39094;3682;450;14;14;0;0;14;14
39098;3696;450;14;14;0;0;14;14
39100;3710;450;14;14;0;0;14;14
39108;3724;450;14;14;0;0;14;14
39110;3738;450;14;14;0;0;14;14
39112;3752;450;14;14;0;0;14;14
39118;3766;450;14;14;0;0;14;14
39121;3780;450;14;14;0;0;14;14
39122;3794;450;14;14;0;0;14;14
39123;3808;450;14;14;0;0;14;14
39125;3822;450;14;14;0;0;14;14
39128;3836;450;14;14;0;0;14;14
39129;3850;450;14;14;0;0;14;14
39130;3864;450;14;14;0;0;14;14
39131;3878;450;14;14;0;0;14;14
39134;3892;450;14;14;0;0;14;14
39135;3906;450;14;14;0;0;14;14
39138;3920;450;14;14;0;0;14;14
39143;3934;450;14;14;0;0;14;14
39144;3948;450;14;14;0;0;14;14
39145;3962;450;14;14;0;0;14;14
39146;3976;450;14;14;0;0;14;14
39147;3990;450;14;14;0;0;14;14
39149;4004;450;14;14;0;0;14;14
39151;4018;450;14;14;0;0;14;14
39154;4032;450;14;14;0;0;14;14
39156;4046;450;14;14;0;0;14;14
39164;4060;450;14;14;0;0;14;14
39165;4074;450;14;14;0;0;14;14
39166;0;464;14;14;0;0;14;14
39171;14;464;14;14;0;0;14;14
39173;28;464;14;14;0;0;14;14
39177;42;464;14;14;0;0;14;14
39178;56;464;14;14;0;0;14;14
39180;70;464;14;14;0;0;14;14
39181;84;464;14;14;0;0;14;14
39184;98;464;14;14;0;0;14;14
39185;112;464;14;14;0;0;14;14
39186;126;464;14;14;0;0;14;14
39187;140;464;14;14;0;0;14;14
39192;154;464;14;14;0;0;14;14
39194;168;464;14;14;0;0;14;14
39195;182;464;14;14;0;0;14;14
39198;196;464;14;14;0;0;14;14
39201;210;464;14;14;0;0;14;14
39208;224;464;14;14;0;0;14;14
39212;238;464;14;14;0;0;14;14
39214;252;464;14;14;0;0;14;14
39219;266;464;14;14;0;0;14;14
39221;280;464;14;14;0;0;14;14
39223;294;464;14;14;0;0;14;14
39228;308;464;14;14;0;0;14;14
39229;322;464;14;14;0;0;14;14
39230;336;464;14;14;0;0;14;14
39231;350;464;14;14;0;0;14;14
39235;364;464;14;14;0;0;14;14
39237;378;464;14;14;0;0;14;14
39240;392;464;14;14;0;0;14;14
39241;406;464;14;14;0;0;14;14
39242;420;464;14;14;0;0;14;14
39243;434;464;14;14;0;0;14;14
39244;448;464;14;14;0;0;14;14
39249;462;464;14;14;0;0;14;14
39250;476;464;14;14;0;0;14;14
39252;490;464;14;14;0;0;14;14
39253;504;464;14;14;0;0;14;14
39255;518;464;14;14;0;0;14;14
39260;532;464;14;14;0;0;14;14
39262;546;464;14;14;0;0;14;14
39266;560;464;14;14;0;0;14;14
39269;574;464;14;14;0;0;14;14
39271;588;464;14;14;0;0;14;14
39272;602;464;14;14;0;0;14;14
39273;616;464;14;14;0;0;14;14
39274;630;464;14;14;0;0;14;14
39275;644;464;14;14;0;0;14;14
39276;658;464;14;14;0;0;14;14
39277;672;464;14;14;0;0;14;14
39278;686;464;14;14;0;0;14;14
39279;700;464;14;14;0;0;14;14
39280;714;464;14;14;0;0;14;14
39281;728;464;14;14;0;0;14;14
39282;742;464;14;14;0;0;14;14
39284;756;464;14;14;0;0;14;14
39285;770;464;14;14;0;0;14;14
39286;784;464;14;14;0;0;14;14
39287;798;464;14;14;0;0;14;14
39288;812;464;14;14;0;0;14;14
39289;826;464;14;14;0;0;14;14
39290;840;464;14;14;0;0;14;14
39292;854;464;14;14;0;0;14;14
39293;868;464;14;14;0;0;14;14
39295;882;464;14;14;0;0;14;14
39296;896;464;14;14;0;0;14;14
39297;910;464;14;14;0;0;14;14
39299;924;464;14;14;0;0;14;14
39300;938;464;14;14;0;0;14;14
39301;952;464;14;14;0;0;14;14
39302;966;464;14;14;0;0;14;14
39303;980;464;14;14;0;0;14;14
39304;994;464;14;14;0;0;14;14
39306;1008;464;14;14;0;0;14;14
39307;1022;464;14;14;0;0;14;14
39309;1036;464;14;14;0;0;14;14
39311;1050;464;14;14;0;0;14;14
39312;1064;464;14;14;0;0;14;14
39313;1078;464;14;14;0;0;14;14
39314;1092;464;14;14;0;0;14;14
39315;1106;464;14;14;0;0;14;14
39316;1120;464;14;14;0;0;14;14
39317;1134;464;14;14;0;0;14;14
39318;1148;464;14;14;0;0;14;14
39319;1162;464;14;14;0;0;14;14
39321;1176;464;14;14;0;0;14;14
39333;1190;464;14;14;0;0;14;14
39336;1204;464;14;14;0;0;14;14
39340;1218;464;14;14;0;0;14;14
39341;1232;464;14;14;0;0;14;14
39342;1246;464;14;14;0;0;14;14
39345;1260;464;14;14;0;0;14;14
39347;1274;464;14;14;0;0;14;14
39348;1288;464;14;14;0;0;14;14
39361;1302;464;14;14;0;0;14;14
39364;1316;464;14;14;0;0;14;14
39365;1330;464;14;14;0;0;14;14
39366;1344;464;14;14;0;0;14;14
39376;1358;464;14;14;0;0;14;14
39377;1372;464;14;14;0;0;14;14
39378;1386;464;14;14;0;0;14;14
39381;1400;464;14;14;0;0;14;14
39384;1414;464;14;14;0;0;14;14
39385;1428;464;14;14;0;0;14;14
39387;1442;464;14;14;0;0;14;14
39389;1456;464;14;14;0;0;14;14
39391;1470;464;14;14;0;0;14;14
39394;1484;464;14;14;0;0;14;14
39402;1498;464;14;14;0;0;14;14
39405;1512;464;14;14;0;0;14;14
39409;1526;464;14;14;0;0;14;14
39423;1540;464;14;14;0;0;14;14
39425;1554;464;14;14;0;0;14;14
39427;1568;464;14;14;0;0;14;14
39429;1582;464;14;14;0;0;14;14
39437;1596;464;14;14;0;0;14;14
39438;1610;464;14;14;0;0;14;14
39439;1624;464;14;14;0;0;14;14
39442;1638;464;14;14;0;0;14;14
39443;1652;464;14;14;0;0;14;14
39446;1666;464;14;14;0;0;14;14
39449;1680;464;14;14;0;0;14;14
39467;1694;464;14;14;0;0;14;14
39469;1708;464;14;14;0;0;14;14
39470;1722;464;14;14;0;0;14;14
39472;1736;464;14;14;0;0;14;14
39479;1750;464;14;14;0;0;14;14
39480;1764;464;14;14;0;0;14;14
39486;1778;464;14;14;0;0;14;14
39488;1792;464;14;14;0;0;14;14
39489;1806;464;14;14;0;0;14;14
39490;1820;464;14;14;0;0;14;14
39491;1834;464;14;14;0;0;14;14
39492;1848;464;14;14;0;0;14;14
39493;1862;464;14;14;0;0;14;14
39498;1876;464;14;14;0;0;14;14
39501;1890;464;14;14;0;0;14;14
39503;1904;464;14;14;0;0;14;14
39509;1918;464;14;14;0;0;14;14
39511;1932;464;14;14;0;0;14;14
39514;1946;464;14;14;0;0;14;14
39515;1960;464;14;14;0;0;14;14
39519;1974;464;14;14;0;0;14;14
39522;1988;464;14;14;0;0;14;14
39524;2002;464;14;14;0;0;14;14
39525;2016;464;14;14;0;0;14;14
39530;2030;464;14;14;0;0;14;14
39532;2044;464;14;14;0;0;14;14
39533;2058;464;14;14;0;0;14;14
39534;2072;464;14;14;0;0;14;14
39535;2086;464;14;14;0;0;14;14
39536;2100;464;14;14;0;0;14;14
39537;2114;464;14;14;0;0;14;14
39539;2128;464;14;14;0;0;14;14
39540;2142;464;14;14;0;0;14;14
39542;2156;464;14;14;0;0;14;14
39543;2170;464;14;14;0;0;14;14
39544;2184;464;14;14;0;0;14;14
39545;2198;464;14;14;0;0;14;14
39547;2212;464;14;14;0;0;14;14
39548;2226;464;14;14;0;0;14;14
39549;2240;464;14;14;0;0;14;14
39550;2254;464;14;14;0;0;14;14
39551;2268;464;14;14;0;0;14;14
39552;2282;464;14;14;0;0;14;14
39553;2296;464;14;14;0;0;14;14
39554;2310;464;14;14;0;0;14;14
39556;2324;464;14;14;0;0;14;14
39557;2338;464;14;14;0;0;14;14
39558;2352;464;14;14;0;0;14;14
39559;2366;464;14;14;0;0;14;14
39560;2380;464;14;14;0;0;14;14
39562;2394;464;14;14;0;0;14;14
39563;2408;464;14;14;0;0;14;14
39564;2422;464;14;14;0;0;14;14
39566;2436;464;14;14;0;0;14;14
39567;2450;464;14;14;0;0;14;14
39568;2464;464;14;14;0;0;14;14
39569;2478;464;14;14;0;0;14;14
39570;2492;464;14;14;0;0;14;14
39571;2506;464;14;14;0;0;14;14
39574;2520;464;14;14;0;0;14;14
39575;2534;464;14;14;0;0;14;14
39576;2548;464;14;14;0;0;14;14
39578;2562;464;14;14;0;0;14;14
39579;2576;464;14;14;0;0;14;14
39580;2590;464;14;14;0;0;14;14
39581;2604;464;14;14;0;0;14;14
39582;2618;464;14;14;0;0;14;14
39583;2632;464;14;14;0;0;14;14
39584;2646;464;14;14;0;0;14;14
39585;2660;464;14;14;0;0;14;14
39586;2674;464;14;14;0;0;14;14
39587;2688;464;14;14;0;0;14;14
39588;2702;464;14;14;0;0;14;14
39589;2716;464;14;14;0;0;14;14
39591;2730;464;14;14;0;0;14;14
39592;2744;464;14;14;0;0;14;14
39599;2758;464;14;14;0;0;14;14
39600;2772;464;14;14;0;0;14;14
39606;2786;464;14;14;0;0;14;14
39607;2800;464;14;14;0;0;14;14
39608;2814;464;14;14;0;0;14;14
39610;2828;464;14;14;0;0;14;14
39612;2842;464;14;14;0;0;14;14
39616;2856;464;14;14;0;0;14;14
39617;2870;464;14;14;0;0;14;14
39618;2884;464;14;14;0;0;14;14
39620;2898;464;14;14;0;0;14;14
39621;2912;464;14;14;0;0;14;14
39627;2926;464;14;14;0;0;14;14
39628;2940;464;14;14;0;0;14;14
39631;2954;464;14;14;0;0;14;14
39633;2968;464;14;14;0;0;14;14
39634;2982;464;14;14;0;0;14;14
39635;2996;464;14;14;0;0;14;14
39636;3010;464;14;14;0;0;14;14
39637;3024;464;14;14;0;0;14;14
39638;3038;464;14;14;0;0;14;14
39640;3052;464;14;14;0;0;14;14
39649;3066;464;14;14;0;0;14;14
39651;3080;464;14;14;0;0;14;14
39654;3094;464;14;14;0;0;14;14
39658;3108;464;14;14;0;0;14;14
39659;3122;464;14;14;0;0;14;14
39661;3136;464;14;14;0;0;14;14
39662;3150;464;14;14;0;0;14;14
39663;3164;464;14;14;0;0;14;14
39673;3178;464;14;14;0;0;14;14
39675;3192;464;14;14;0;0;14;14
39683;3206;464;14;14;0;0;14;14
39686;3220;464;14;14;0;0;14;14
39688;3234;464;14;14;0;0;14;14
39693;3248;464;14;14;0;0;14;14
39695;3262;464;14;14;0;0;14;14
39699;3276;464;14;14;0;0;14;14
39706;3290;464;14;14;0;0;14;14
39711;3304;464;14;14;0;0;14;14
39714;3318;464;14;14;0;0;14;14
39715;3332;464;14;14;0;0;14;14
39717;3346;464;14;14;0;0;14;14
39719;3360;464;14;14;0;0;14;14
39720;3374;464;14;14;0;0;14;14
39721;3388;464;14;14;0;0;14;14
39726;3402;464;14;14;0;0;14;14
39729;3416;464;14;14;0;0;14;14
39730;3430;464;14;14;0;0;14;14
39739;3444;464;14;14;0;0;14;14
39740;3458;464;14;14;0;0;14;14
39745;3472;464;14;14;0;0;14;14
39746;3486;464;14;14;0;0;14;14
39747;3500;464;14;14;0;0;14;14
39748;3514;464;14;14;0;0;14;14
39749;3528;464;14;14;0;0;14;14
39750;3542;464;14;14;0;0;14;14
39751;3556;464;14;14;0;0;14;14
39752;3570;464;14;14;0;0;14;14
39753;3584;464;14;14;0;0;14;14
39757;3598;464;14;14;0;0;14;14
39758;3612;464;14;14;0;0;14;14
39759;3626;464;14;14;0;0;14;14
39761;3640;464;14;14;0;0;14;14
39764;3654;464;14;14;0;0;14;14
39768;3668;464;14;14;0;0;14;14
39770;3682;464;14;14;0;0;14;14
39784;3696;464;14;14;0;0;14;14
39791;3710;464;14;14;0;0;14;14
39796;3724;464;14;14;0;0;14;14
39799;3738;464;14;14;0;0;14;14
39809;3752;464;14;14;0;0;14;14
39811;3766;464;14;14;0;0;14;14
39822;3780;464;14;14;0;0;14;14
39824;3794;464;14;14;0;0;14;14
39825;3808;464;14;14;0;0;14;14
39826;3822;464;14;14;0;0;14;14
39850;3836;464;14;14;0;0;14;14
39851;3850;464;14;14;0;0;14;14
39853;3864;464;14;14;0;0;14;14
39854;3878;464;14;14;0;0;14;14
39872;3892;464;14;14;0;0;14;14
39873;3906;464;14;14;0;0;14;14
39879;3920;464;14;14;0;0;14;14
39881;3934;464;14;14;0;0;14;14
39882;3948;464;14;14;0;0;14;14
39892;3962;464;14;14;0;0;14;14
39894;3976;464;14;14;0;0;14;14
39895;3990;464;14;14;0;0;14;14
39899;4004;464;14;14;0;0;14;14
39901;4018;464;14;14;0;0;14;14
39905;4032;464;14;14;0;0;14;14
39906;4046;464;14;14;0;0;14;14
39908;4060;464;14;14;0;0;14;14
39911;4074;464;14;14;0;0;14;14
39912;0;478;14;14;0;0;14;14
39914;14;478;14;14;0;0;14;14
39920;28;478;14;14;0;0;14;14
39933;42;478;14;14;0;0;14;14
39935;56;478;14;14;0;0;14;14
39944;70;478;14;14;0;0;14;14
39945;84;478;14;14;0;0;14;14
39949;98;478;14;14;0;0;14;14
39954;112;478;14;14;0;0;14;14
39955;126;478;14;14;0;0;14;14
39971;140;478;14;14;0;0;14;14
39973;154;478;14;14;0;0;14;14
39976;168;478;14;14;0;0;14;14
39977;182;478;14;14;0;0;14;14
39981;196;478;14;14;0;0;14;14
39985;210;478;14;14;0;0;14;14
39986;224;478;14;14;0;0;14;14
39987;238;478;14;14;0;0;14;14
39993;252;478;14;14;0;0;14;14
39995;266;478;14;14;0;0;14;14
39998;280;478;14;14;0;0;14;14
40005;294;478;14;14;0;0;14;14
40008;308;478;14;14;0;0;14;14
40009;322;478;14;14;0;0;14;14
40018;336;478;14;14;0;0;14;14
40020;350;478;14;14;0;0;14;14
40022;364;478;14;14;0;0;14;14
40023;378;478;14;14;0;0;14;14
40024;392;478;14;14;0;0;14;14
40029;406;478;14;14;0;0;14;14
40031;420;478;14;14;0;0;14;14
40039;434;478;14;14;0;0;14;14
40045;448;478;14;14;0;0;14;14
40055;462;478;14;14;0;0;14;14
40056;476;478;14;14;0;0;14;14
40058;490;478;14;14;0;0;14;14
40060;504;478;14;14;0;0;14;14
40063;518;478;14;14;0;0;14;14
40064;532;478;14;14;0;0;14;14
40065;546;478;14;14;0;0;14;14
40066;560;478;14;14;0;0;14;14
40069;574;478;14;14;0;0;14;14
40070;588;478;14;14;0;0;14;14
40071;602;478;14;14;0;0;14;14
40072;616;478;14;14;0;0;14;14
40075;630;478;14;14;0;0;14;14
40077;644;478;14;14;0;0;14;14
40078;658;478;14;14;0;0;14;14
40080;672;478;14;14;0;0;14;14
40081;686;478;14;14;0;0;14;14
40084;700;478;14;14;0;0;14;14
40090;714;478;14;14;0;0;14;14
40091;728;478;14;14;0;0;14;14
40092;742;478;14;14;0;0;14;14
40094;756;478;14;14;0;0;14;14
40095;770;478;14;14;0;0;14;14
40096;784;478;14;14;0;0;14;14
40097;798;478;14;14;0;0;14;14
40098;812;478;14;14;0;0;14;14
40099;826;478;14;14;0;0;14;14
40100;840;478;14;14;0;0;14;14
40101;854;478;14;14;0;0;14;14
40103;868;478;14;14;0;0;14;14
40104;882;478;14;14;0;0;14;14
40105;896;478;14;14;0;0;14;14
40107;910;478;14;14;0;0;14;14
40110;924;478;14;14;0;0;14;14
40113;938;478;14;14;0;0;14;14
40114;952;478;14;14;0;0;14;14
40115;966;478;14;14;0;0;14;14
40116;980;478;14;14;0;0;14;14
40117;994;478;14;14;0;0;14;14
40119;1008;478;14;14;0;0;14;14
40120;1022;478;14;14;0;0;14;14
40123;1036;478;14;14;0;0;14;14
40124;1050;478;14;14;0;0;14;14
40125;1064;478;14;14;0;0;14;14
40128;1078;478;14;14;0;0;14;14
40131;1092;478;14;14;0;0;14;14
40132;1106;478;14;14;0;0;14;14
40133;1120;478;14;14;0;0;14;14
40135;1134;478;14;14;0;0;14;14
40138;1148;478;14;14;0;0;14;14
40140;1162;478;14;14;0;0;14;14
40141;1176;478;14;14;0;0;14;14
40142;1190;478;14;14;0;0;14;14
40143;1204;478;14;14;0;0;14;14
40144;1218;478;14;14;0;0;14;14
40147;1232;478;14;14;0;0;14;14
40148;1246;478;14;14;0;0;14;14
40149;1260;478;14;14;0;0;14;14
40150;1274;478;14;14;0;0;14;14
40151;1288;478;14;14;0;0;14;14
40153;1302;478;14;14;0;0;14;14
40156;1316;478;14;14;0;0;14;14
40157;1330;478;14;14;0;0;14;14
40158;1344;478;14;14;0;0;14;14
40159;1358;478;14;14;0;0;14;14
40162;1372;478;14;14;0;0;14;14
40165;1386;478;14;14;0;0;14;14
40167;1400;478;14;14;0;0;14;14
40169;1414;478;14;14;0;0;14;14
40179;1428;478;14;14;0;0;14;14
40180;1442;478;14;14;0;0;14;14
40182;1456;478;14;14;0;0;14;14
40195;1470;478;14;14;0;0;14;14
40198;1484;478;14;14;0;0;14;14
40199;1498;478;14;14;0;0;14;14
40201;1512;478;14;14;0;0;14;14
40210;1526;478;14;14;0;0;14;14
40213;1540;478;14;14;0;0;14;14
40219;1554;478;14;14;0;0;14;14
40221;1568;478;14;14;0;0;14;14
40223;1582;478;14;14;0;0;14;14
40227;1596;478;14;14;0;0;14;14
40230;1610;478;14;14;0;0;14;14
40232;1624;478;14;14;0;0;14;14
40239;1638;478;14;14;0;0;14;14
40240;1652;478;14;14;0;0;14;14
40251;1666;478;14;14;0;0;14;14
40255;1680;478;14;14;0;0;14;14
40273;1694;478;14;14;0;0;14;14
40274;1708;478;14;14;0;0;14;14
40275;1722;478;14;14;0;0;14;14
40284;1736;478;14;14;0;0;14;14
40285;1750;478;14;14;0;0;14;14
40288;1764;478;14;14;0;0;14;14
40289;1778;478;14;14;0;0;14;14
40298;1792;478;14;14;0;0;14;14
40300;1806;478;14;14;0;0;14;14
40303;1820;478;14;14;0;0;14;14
40304;1834;478;14;14;0;0;14;14
40306;1848;478;14;14;0;0;14;14
40327;1862;478;14;14;0;0;14;14
40329;1876;478;14;14;0;0;14;14
40335;1890;478;14;14;0;0;14;14
40339;1904;478;14;14;0;0;14;14
40342;1918;478;14;14;0;0;14;14
40344;1932;478;14;14;0;0;14;14
40346;1946;478;14;14;0;0;14;14
40357;1960;478;14;14;0;0;14;14
40358;1974;478;14;14;0;0;14;14
40361;1988;478;14;14;0;0;14;14
40367;2002;478;14;14;0;0;14;14
40370;2016;478;14;14;0;0;14;14
40372;2030;478;14;14;0;0;14;14
40377;2044;478;14;14;0;0;14;14
40378;2058;478;14;14;0;0;14;14
40379;2072;478;14;14;0;0;14;14
40380;2086;478;14;14;0;0;14;14
40383;2100;478;14;14;0;0;14;14
40386;2114;478;14;14;0;0;14;14
40389;2128;478;14;14;0;0;14;14
40403;2142;478;14;14;0;0;14;14
40407;2156;478;14;14;0;0;14;14
40409;2170;478;14;14;0;0;14;14
40421;2184;478;14;14;0;0;14;14
40422;2198;478;14;14;0;0;14;14
40431;2212;478;14;14;0;0;14;14
40434;2226;478;14;14;0;0;14;14
40436;2240;478;14;14;0;0;14;14
40440;2254;478;14;14;0;0;14;14
40441;2268;478;14;14;0;0;14;14
40442;2282;478;14;14;0;0;14;14
40469;2296;478;14;14;0;0;14;14
40474;2310;478;14;14;0;0;14;14
40475;2324;478;14;14;0;0;14;14
40477;2338;478;14;14;0;0;14;14
40478;2352;478;14;14;0;0;14;14
40479;2366;478;14;14;0;0;14;14
40480;2380;478;14;14;0;0;14;14
40481;2394;478;14;14;0;0;14;14
40482;2408;478;14;14;0;0;14;14
40483;2422;478;14;14;0;0;14;14
40485;2436;478;14;14;0;0;14;14
40486;2450;478;14;14;0;0;14;14
40488;2464;478;14;14;0;0;14;14
40489;2478;478;14;14;0;0;14;14
40490;2492;478;14;14;0;0;14;14
40491;2506;478;14;14;0;0;14;14
40492;2520;478;14;14;0;0;14;14
40493;2534;478;14;14;0;0;14;14
40494;2548;478;14;14;0;0;14;14
40495;2562;478;14;14;0;0;14;14
40497;2576;478;14;14;0;0;14;14
40498;2590;478;14;14;0;0;14;14
40499;2604;478;14;14;0;0;14;14
40501;2618;478;14;14;0;0;14;14
40502;2632;478;14;14;0;0;14;14
40503;2646;478;14;14;0;0;14;14
40504;2660;478;14;14;0;0;14;14
40505;2674;478;14;14;0;0;14;14
40507;2688;478;14;14;0;0;14;14
40509;2702;478;14;14;0;0;14;14
40510;2716;478;14;14;0;0;14;14
40511;2730;478;14;14;0;0;14;14
40513;2744;478;14;14;0;0;14;14
40514;2758;478;14;14;0;0;14;14
40515;2772;478;14;14;0;0;14;14
40516;2786;478;14;14;0;0;14;14
40517;2800;478;14;14;0;0;14;14
40518;2814;478;14;14;0;0;14;14
40519;2828;478;14;14;0;0;14;14
40520;2842;478;14;14;0;0;14;14
40521;2856;478;14;14;0;0;14;14
40522;2870;478;14;14;0;0;14;14
40523;2884;478;14;14;0;0;14;14
40524;2898;478;14;14;0;0;14;14
40527;2912;478;14;14;0;0;14;14
40528;2926;478;14;14;0;0;14;14
40529;2940;478;14;14;0;0;14;14
40533;2954;478;14;14;0;0;14;14
40535;2968;478;14;14;0;0;14;14
40536;2982;478;14;14;0;0;14;14
40538;2996;478;14;14;0;0;14;14
40539;3010;478;14;14;0;0;14;14
40540;3024;478;14;14;0;0;14;14
40542;3038;478;14;14;0;0;14;14
40548;3052;478;14;14;0;0;14;14
40550;3066;478;14;14;0;0;14;14
40551;3080;478;14;14;0;0;14;14
40553;3094;478;14;14;0;0;14;14
40554;3108;478;14;14;0;0;14;14
40555;3122;478;14;14;0;0;14;14
40556;3136;478;14;14;0;0;14;14
40557;3150;478;14;14;0;0;14;14
40558;3164;478;14;14;0;0;14;14
40560;3178;478;14;14;0;0;14;14
40563;3192;478;14;14;0;0;14;14
40565;3206;478;14;14;0;0;14;14
40569;3220;478;14;14;0;0;14;14
40572;3234;478;14;14;0;0;14;14
40573;3248;478;14;14;0;0;14;14
40575;3262;478;14;14;0;0;14;14
40578;3276;478;14;14;0;0;14;14
40581;3290;478;14;14;0;0;14;14
40583;3304;478;14;14;0;0;14;14
40584;3318;478;14;14;0;0;14;14
40587;3332;478;14;14;0;0;14;14
40594;3346;478;14;14;0;0;14;14
40595;3360;478;14;14;0;0;14;14
40599;3374;478;14;14;0;0;14;14
40605;3388;478;14;14;0;0;14;14
40607;3402;478;14;14;0;0;14;14
40612;3416;478;14;14;0;0;14;14
40613;3430;478;14;14;0;0;14;14
40614;3444;478;14;14;0;0;14;14
40617;3458;478;14;14;0;0;14;14
40623;3472;478;14;14;0;0;14;14
40628;3486;478;14;14;0;0;14;14
40629;3500;478;14;14;0;0;14;14
40632;3514;478;14;14;0;0;14;14
40634;3528;478;14;14;0;0;14;14
40635;3542;478;14;14;0;0;14;14
40636;3556;478;14;14;0;0;14;14
40637;3570;478;14;14;0;0;14;14
40638;3584;478;14;14;0;0;14;14
40643;3598;478;14;14;0;0;14;14
40644;3612;478;14;14;0;0;14;14
40652;3626;478;14;14;0;0;14;14
40653;3640;478;14;14;0;0;14;14
40654;3654;478;14;14;0;0;14;14
40655;3668;478;14;14;0;0;14;14
40657;3682;478;14;14;0;0;14;14
40658;3696;478;14;14;0;0;14;14
40660;3710;478;14;14;0;0;14;14
40664;3724;478;14;14;0;0;14;14
40665;3738;478;14;14;0;0;14;14
40667;3752;478;14;14;0;0;14;14
40668;3766;478;14;14;0;0;14;14
40669;3780;478;14;14;0;0;14;14
40670;3794;478;14;14;0;0;14;14
40671;3808;478;14;14;0;0;14;14
40672;3822;478;14;14;0;0;14;14
40674;3836;478;14;14;0;0;14;14
40677;3850;478;14;14;0;0;14;14
40679;3864;478;14;14;0;0;14;14
40680;3878;478;14;14;0;0;14;14
40681;3892;478;14;14;0;0;14;14
40682;3906;478;14;14;0;0;14;14
40687;3920;478;14;14;0;0;14;14
40690;3934;478;14;14;0;0;14;14
40692;3948;478;14;14;0;0;14;14
40695;3962;478;14;14;0;0;14;14
40697;3976;478;14;14;0;0;14;14
40699;3990;478;14;14;0;0;14;14
40700;4004;478;14;14;0;0;14;14
40701;4018;478;14;14;0;0;14;14
40702;4032;478;14;14;0;0;14;14
40703;4046;478;14;14;0;0;14;14
40713;4060;478;14;14;0;0;14;14
40715;4074;478;14;14;0;0;14;14
40717;0;492;14;14;0;0;14;14
40718;14;492;14;14;0;0;14;14
40720;28;492;14;14;0;0;14;14
40723;42;492;14;14;0;0;14;14
40729;56;492;14;14;0;0;14;14
40736;70;492;14;14;0;0;14;14
40738;84;492;14;14;0;0;14;14
40745;98;492;14;14;0;0;14;14
40748;112;492;14;14;0;0;14;14
40751;126;492;14;14;0;0;14;14
40753;140;492;14;14;0;0;14;14
40756;154;492;14;14;0;0;14;14
40761;168;492;14;14;0;0;14;14
40763;182;492;14;14;0;0;14;14
40766;196;492;14;14;0;0;14;14
40769;210;492;14;14;0;0;14;14
40777;224;492;14;14;0;0;14;14
40778;238;492;14;14;0;0;14;14
40779;252;492;14;14;0;0;14;14
40782;266;492;14;14;0;0;14;14
40783;280;492;14;14;0;0;14;14
40784;294;492;14;14;0;0;14;14
40785;308;492;14;14;0;0;14;14
40786;322;492;14;14;0;0;14;14
40788;336;492;14;14;0;0;14;14
40789;350;492;14;14;0;0;14;14
40793;364;492;14;14;0;0;14;14
40796;378;492;14;14;0;0;14;14
40799;392;492;14;14;0;0;14;14
40801;406;492;14;14;0;0;14;14
40802;420;492;14;14;0;0;14;14
40803;434;492;14;14;0;0;14;14
40806;448;492;14;14;0;0;14;14
40807;462;492;14;14;0;0;14;14
40810;476;492;14;14;0;0;14;14
40812;490;492;14;14;0;0;14;14
40818;504;492;14;14;0;0;14;14
40823;518;492;14;14;0;0;14;14
40831;532;492;14;14;0;0;14;14
40832;546;492;14;14;0;0;14;14
40835;560;492;14;14;0;0;14;14
40836;574;492;14;14;0;0;14;14
40837;588;492;14;14;0;0;14;14
40839;602;492;14;14;0;0;14;14
40840;616;492;14;14;0;0;14;14
40841;630;492;14;14;0;0;14;14
40842;644;492;14;14;0;0;14;14
40843;658;492;14;14;0;0;14;14
40844;672;492;14;14;0;0;14;14
40845;686;492;14;14;0;0;14;14
40848;700;492;14;14;0;0;14;14
40852;714;492;14;14;0;0;14;14
40853;728;492;14;14;0;0;14;14
40857;742;492;14;14;0;0;14;14
40858;756;492;14;14;0;0;14;14
40859;770;492;14;14;0;0;14;14
40860;784;492;14;14;0;0;14;14
40863;798;492;14;14;0;0;14;14
40864;812;492;14;14;0;0;14;14
40866;826;492;14;14;0;0;14;14
65281;0;506;14;14;0;0;14;14
65283;14;506;14;14;0;0;14;14
65284;28;506;14;14;0;0;14;14
65285;42;506;14;14;0;0;14;14
65288;56;506;14;14;0;0;14;14
65289;70;506;14;14;0;0;14;14
65290;84;506;14;14;0;0;14;14
65292;98;506;14;14;0;0;14;14
65296;112;506;14;14;0;0;14;14
65297;126;506;14;14;0;0;14;14
65298;140;506;14;14;0;0;14;14
65299;154;506;14;14;0;0;14;14
65300;168;506;14;14;0;0;14;14
65301;182;506;14;14;0;0;14;14
65302;196;506;14;14;0;0;14;14
65303;210;506;14;14;0;0;14;14
65304;224;506;14;14;0;0;14;14
65305;238;506;14;14;0;0;14;14
65306;252;506;14;14;0;0;14;14
65307;266;506;14;14;0;0;14;14
65311;280;506;14;14;0;0;14;14
65313;294;506;14;14;0;0;14;14
65314;308;506;14;14;0;0;14;14
65315;322;506;14;14;0;0;14;14
65316;336;506;14;14;0;0;14;14
65317;350;506;14;14;0;0;14;14
65318;364;506;14;14;0;0;14;14
65319;378;506;14;14;0;0;14;14
65320;392;506;14;14;0;0;14;14
65321;406;506;14;14;0;0;14;14
65322;420;506;14;14;0;0;14;14
65323;434;506;14;14;0;0;14;14
65324;448;506;14;14;0;0;14;14
65325;462;506;14;14;0;0;14;14
65326;476;506;14;14;0;0;14;14
65327;490;506;14;14;0;0;14;14
65328;504;506;14;14;0;0;14;14
65329;518;506;14;14;0;0;14;14
65330;532;506;14;14;0;0;14;14
65331;546;506;14;14;0;0;14;14
65332;560;506;14;14;0;0;14;14
65333;574;506;14;14;0;0;14;14
65334;588;506;14;14;0;0;14;14
65335;602;506;14;14;0;0;14;14
65336;616;506;14;14;0;0;14;14
65337;630;506;14;14;0;0;14;14
65338;644;506;14;14;0;0;14;14
65345;658;506;14;14;0;0;14;14
65346;672;506;14;14;0;0;14;14
65347;686;506;14;14;0;0;14;14
65348;700;506;14;14;0;0;14;14
65349;714;506;14;14;0;0;14;14
65350;728;506;14;14;0;0;14;14
65351;742;506;14;14;0;0;14;14
65352;756;506;14;14;0;0;14;14
65353;770;506;14;14;0;0;14;14
65354;784;506;14;14;0;0;14;14
65355;798;506;14;14;0;0;14;14
65356;812;506;14;14;0;0;14;14
65357;826;506;14;14;0;0;14;14
65358;840;506;14;14;0;0;14;14
65359;854;506;14;14;0;0;14;14
65360;868;506;14;14;0;0;14;14
65361;882;506;14;14;0;0;14;14
65362;896;506;14;14;0;0;14;14
65363;910;506;14;14;0;0;14;14
65364;924;506;14;14;0;0;14;14
65365;938;506;14;14;0;0;14;14
65366;952;506;14;14;0;0;14;14
65367;966;506;14;14;0;0;14;14
65368;980;506;14;14;0;0;14;14
65369;994;506;14;14;0;0;14;14
65370;1008;506;14;14;0;0;14;14
65371;1022;506;14;14;0;0;14;14
65373;1036;506;14;14;0;0;14;14
65374;1050;506;14;14;0;0;14;14
65509;1064;506;14;14;0;0;14;14
