20;0;-2;20
32;0;0;13;22;0;0;13;22
33;13;0;13;22;0;0;13;22
34;26;0;13;22;0;0;13;22
35;39;0;13;22;0;0;13;22
36;52;0;13;22;0;0;13;22
37;65;0;13;22;0;0;13;22
38;78;0;13;22;0;0;13;22
39;91;0;13;22;0;0;13;22
40;104;0;13;22;0;0;13;22
41;117;0;13;22;0;0;13;22
42;130;0;13;22;0;0;13;22
43;143;0;13;22;0;0;13;22
44;156;0;13;22;0;0;13;22
45;169;0;13;22;0;0;13;22
46;182;0;11;22;0;0;11;22
47;193;0;13;22;0;0;13;22
48;206;0;13;22;0;0;13;22
49;219;0;13;22;0;0;13;22
50;232;0;13;22;0;0;13;22
51;245;0;13;22;0;0;13;22
52;258;0;13;22;0;0;13;22
53;271;0;13;22;0;0;13;22
54;284;0;13;22;0;0;13;22
55;297;0;13;22;0;0;13;22
56;310;0;13;22;0;0;13;22
57;323;0;13;22;0;0;13;22
58;336;0;13;22;0;0;13;22
59;349;0;13;22;0;0;13;22
60;362;0;13;22;0;0;13;22
61;375;0;13;22;0;0;13;22
62;388;0;13;22;0;0;13;22
63;401;0;13;22;0;0;13;22
64;414;0;13;22;0;0;13;22
65;427;0;13;22;0;0;13;22
66;440;0;13;22;0;0;13;22
67;453;0;13;22;0;0;13;22
68;466;0;13;22;0;0;13;22
69;479;0;13;22;0;0;13;22
70;492;0;13;22;0;0;13;22
71;505;0;13;22;0;0;13;22
72;518;0;13;22;0;0;13;22
73;531;0;11;22;0;0;11;22
74;542;0;13;22;0;0;13;22
75;555;0;13;22;0;0;13;22
76;568;0;13;22;0;0;13;22
77;581;0;15;22;0;0;15;22
78;596;0;15;22;0;0;15;22
79;611;0;13;22;0;0;13;22
80;624;0;13;22;0;0;13;22
81;637;0;13;22;0;0;13;22
82;650;0;13;22;0;0;13;22
83;663;0;13;22;0;0;13;22
84;676;0;13;22;0;0;13;22
85;689;0;13;22;0;0;13;22
86;702;0;13;22;0;0;13;22
87;715;0;15;22;0;0;15;22
88;730;0;13;22;0;0;13;22
89;743;0;13;22;0;0;13;22
90;756;0;13;22;0;0;13;22
91;769;0;13;22;0;0;13;22
92;782;0;13;22;0;0;13;22
93;795;0;13;22;0;0;13;22
94;808;0;13;22;0;0;13;22
95;821;0;13;22;0;0;13;22
96;834;0;13;22;0;0;13;22
97;847;0;13;22;0;0;13;22
98;860;0;13;22;0;0;13;22
99;873;0;13;22;0;0;13;22
100;886;0;13;22;0;0;13;22
101;899;0;13;22;0;0;13;22
102;912;0;13;22;0;0;13;22
103;925;0;13;22;0;0;13;22
104;938;0;13;22;0;0;13;22
105;951;0;11;22;0;0;11;22
106;962;0;13;22;0;0;13;22
107;975;0;13;22;0;0;13;22
108;988;0;11;22;0;0;11;22
109;999;0;15;22;0;0;15;22
110;1014;0;13;22;0;0;13;22
111;1027;0;13;22;0;0;13;22
112;1040;0;13;22;0;0;13;22
113;1053;0;13;22;0;0;13;22
114;1066;0;13;22;0;0;13;22
115;1079;0;13;22;0;0;13;22
116;1092;0;13;22;0;0;13;22
117;1105;0;13;22;0;0;13;22
118;1118;0;13;22;0;0;13;22
119;1131;0;15;22;0;0;15;22
120;1146;0;13;22;0;0;13;22
121;1159;0;13;22;0;0;13;22
122;1172;0;13;22;0;0;13;22
123;1185;0;13;22;0;0;13;22
124;1198;0;13;22;0;0;13;22
125;1211;0;13;22;0;0;13;22
126;1224;0;13;22;0;0;13;22
161;1237;0;13;22;0;0;13;22
162;1250;0;13;22;0;0;13;22
163;1263;0;13;22;0;0;13;22
164;1276;0;13;22;0;0;13;22
165;1289;0;13;22;0;0;13;22
166;1302;0;13;22;0;0;13;22
167;1315;0;13;22;0;0;13;22
168;1328;0;13;22;0;0;13;22
169;1341;0;13;22;0;0;13;22
170;1354;0;13;22;0;0;13;22
171;1367;0;13;22;0;0;13;22
172;1380;0;13;22;0;0;13;22
174;1393;0;13;22;0;0;13;22
175;1406;0;13;22;0;0;13;22
176;1419;0;13;22;0;0;13;22
177;1432;0;13;22;0;0;13;22
178;1445;0;13;22;0;0;13;22
179;1458;0;13;22;0;0;13;22
180;1471;0;13;22;0;0;13;22
181;1484;0;13;22;0;0;13;22
182;1497;0;13;22;0;0;13;22
183;1510;0;13;22;0;0;13;22
184;1523;0;13;22;0;0;13;22
185;1536;0;13;22;0;0;13;22
186;1549;0;13;22;0;0;13;22
187;1562;0;13;22;0;0;13;22
188;1575;0;13;22;0;0;13;22
189;1588;0;13;22;0;0;13;22
190;1601;0;13;22;0;0;13;22
191;1614;0;13;22;0;0;13;22
192;1627;0;13;22;0;0;13;22
193;1640;0;13;22;0;0;13;22
194;1653;0;13;22;0;0;13;22
195;1666;0;13;22;0;0;13;22
196;1679;0;13;22;0;0;13;22
197;1692;0;13;22;0;0;13;22
198;1705;0;13;22;0;0;13;22
199;1718;0;13;22;0;0;13;22
200;1731;0;13;22;0;0;13;22
201;1744;0;13;22;0;0;13;22
202;1757;0;13;22;0;0;13;22
203;1770;0;13;22;0;0;13;22
204;1783;0;13;22;0;0;13;22
205;1796;0;13;22;0;0;13;22
206;1809;0;13;22;0;0;13;22
207;1822;0;13;22;0;0;13;22
208;1835;0;13;22;0;0;13;22
209;1848;0;13;22;0;0;13;22
210;1861;0;13;22;0;0;13;22
211;1874;0;13;22;0;0;13;22
212;1887;0;13;22;0;0;13;22
213;1900;0;13;22;0;0;13;22
214;1913;0;13;22;0;0;13;22
215;1926;0;13;22;0;0;13;22
216;1939;0;13;22;0;0;13;22
217;1952;0;13;22;0;0;13;22
218;1965;0;13;22;0;0;13;22
219;1978;0;13;22;0;0;13;22
220;1991;0;13;22;0;0;13;22
221;2004;0;13;22;0;0;13;22
222;2017;0;13;22;0;0;13;22
223;2030;0;13;22;0;0;13;22
224;2043;0;13;22;0;0;13;22
225;2056;0;13;22;0;0;13;22
226;2069;0;13;22;0;0;13;22
227;2082;0;13;22;0;0;13;22
228;2095;0;13;22;0;0;13;22
229;2108;0;13;22;0;0;13;22
230;2121;0;13;22;0;0;13;22
231;2134;0;13;22;0;0;13;22
232;2147;0;13;22;0;0;13;22
233;2160;0;13;22;0;0;13;22
234;2173;0;13;22;0;0;13;22
235;2186;0;13;22;0;0;13;22
236;2199;0;13;22;0;0;13;22
237;2212;0;13;22;0;0;13;22
238;2225;0;13;22;0;0;13;22
239;2238;0;13;22;0;0;13;22
240;2251;0;13;22;0;0;13;22
241;2264;0;13;22;0;0;13;22
242;2277;0;13;22;0;0;13;22
243;2290;0;13;22;0;0;13;22
244;2303;0;13;22;0;0;13;22
245;2316;0;13;22;0;0;13;22
246;2329;0;13;22;0;0;13;22
247;2342;0;13;22;0;0;13;22
248;2355;0;13;22;0;0;13;22
249;2368;0;13;22;0;0;13;22
250;2381;0;13;22;0;0;13;22
251;2394;0;13;22;0;0;13;22
252;2407;0;13;22;0;0;13;22
253;2420;0;13;22;0;0;13;22
254;2433;0;13;22;0;0;13;22
255;2446;0;13;22;0;0;13;22
257;2459;0;13;22;0;0;13;22
268;2472;0;13;22;0;0;13;22
269;2485;0;13;22;0;0;13;22
270;2498;0;13;22;0;0;13;22
271;2511;0;13;22;0;0;13;22
282;2524;0;13;22;0;0;13;22
283;2537;0;13;22;0;0;13;22
286;2550;0;13;22;0;0;13;22
287;2563;0;13;22;0;0;13;22
299;2576;0;13;22;0;0;13;22
304;2589;0;13;22;0;0;13;22
305;2602;0;13;22;0;0;13;22
327;2615;0;13;22;0;0;13;22
328;2628;0;13;22;0;0;13;22
333;2641;0;13;22;0;0;13;22
336;2654;0;13;22;0;0;13;22
337;2667;0;13;22;0;0;13;22
344;2680;0;13;22;0;0;13;22
345;2693;0;13;22;0;0;13;22
350;2706;0;13;22;0;0;13;22
351;2719;0;13;22;0;0;13;22
352;2732;0;13;22;0;0;13;22
353;2745;0;13;22;0;0;13;22
356;2758;0;13;22;0;0;13;22
357;2771;0;13;22;0;0;13;22
363;2784;0;13;22;0;0;13;22
366;2797;0;13;22;0;0;13;22
367;2810;0;13;22;0;0;13;22
368;2823;0;13;22;0;0;13;22
369;2836;0;13;22;0;0;13;22
381;2849;0;13;22;0;0;13;22
382;2862;0;13;22;0;0;13;22
462;2875;0;13;22;0;0;13;22
466;2888;0;13;22;0;0;13;22
601;2901;0;13;22;0;0;13;22
650;2914;0;13;22;0;0;13;22
658;2927;0;13;22;0;0;13;22
916;2940;0;13;22;0;0;13;22
960;2953;0;13;22;0;0;13;22
1329;2966;0;13;22;0;0;13;22
1330;2979;0;13;22;0;0;13;22
1331;2992;0;13;22;0;0;13;22
1332;3005;0;13;22;0;0;13;22
1333;3018;0;13;22;0;0;13;22
1334;3031;0;13;22;0;0;13;22
1335;3044;0;13;22;0;0;13;22
1336;3057;0;13;22;0;0;13;22
1337;3070;0;13;22;0;0;13;22
1338;3083;0;13;22;0;0;13;22
1339;3096;0;13;22;0;0;13;22
1340;3109;0;13;22;0;0;13;22
1341;3122;0;13;22;0;0;13;22
1342;3135;0;13;22;0;0;13;22
1343;3148;0;13;22;0;0;13;22
1344;3161;0;13;22;0;0;13;22
1345;3174;0;13;22;0;0;13;22
1346;3187;0;13;22;0;0;13;22
1347;3200;0;13;22;0;0;13;22
1348;3213;0;13;22;0;0;13;22
1349;3226;0;13;22;0;0;13;22
1350;3239;0;13;22;0;0;13;22
1351;3252;0;13;22;0;0;13;22
1352;3265;0;13;22;0;0;13;22
1353;3278;0;13;22;0;0;13;22
1354;3291;0;13;22;0;0;13;22
1355;3304;0;13;22;0;0;13;22
1356;3317;0;13;22;0;0;13;22
1357;3330;0;13;22;0;0;13;22
1358;3343;0;13;22;0;0;13;22
1359;3356;0;13;22;0;0;13;22
1360;3369;0;13;22;0;0;13;22
1361;3382;0;13;22;0;0;13;22
1362;3395;0;13;22;0;0;13;22
1363;3408;0;13;22;0;0;13;22
1364;3421;0;13;22;0;0;13;22
1365;3434;0;13;22;0;0;13;22
1366;3447;0;13;22;0;0;13;22
1372;3460;0;13;22;0;0;13;22
1373;3473;0;13;22;0;0;13;22
1374;3486;0;13;22;0;0;13;22
1415;3499;0;13;22;0;0;13;22
1417;3512;0;13;22;0;0;13;22
1418;3525;0;13;22;0;0;13;22
8734;3538;0;13;22;0;0;13;22
711;0;22;21;22;0;0;21;22
714;21;22;21;22;0;0;21;22
715;42;22;21;22;0;0;21;22
729;63;22;21;22;0;0;21;22
8212;84;22;21;22;0;0;21;22
8216;105;22;12;22;0;0;12;22
8217;117;22;13;22;0;0;13;22
8220;130;22;15;22;0;0;15;22
8221;145;22;15;22;0;0;15;22
8230;160;22;21;22;0;0;21;22
8592;181;22;21;22;0;0;21;22
8593;202;22;21;22;0;0;21;22
8594;223;22;21;22;0;0;21;22
8595;244;22;21;22;0;0;21;22
8598;265;22;21;22;0;0;21;22
8599;286;22;21;22;0;0;21;22
8600;307;22;21;22;0;0;21;22
8601;328;22;21;22;0;0;21;22
9320;349;22;21;22;0;0;21;22
9734;370;22;21;22;0;0;21;22
12288;391;22;21;22;0;0;21;22
12289;412;22;21;22;0;0;21;22
12290;433;22;21;22;0;0;21;22
12293;454;22;21;22;0;0;21;22
12298;475;22;21;22;0;0;21;22
12299;496;22;21;22;0;0;21;22
12300;517;22;21;22;0;0;21;22
12301;538;22;21;22;0;0;21;22
12302;559;22;21;22;0;0;21;22
12303;580;22;21;22;0;0;21;22
12304;601;22;21;22;0;0;21;22
12305;622;22;21;22;0;0;21;22
12308;643;22;21;22;0;0;21;22
12309;664;22;21;22;0;0;21;22
12310;685;22;21;22;0;0;21;22
12311;706;22;21;22;0;0;21;22
19904;727;22;21;22;0;0;21;22
19905;748;22;21;22;0;0;21;22
19906;769;22;21;22;0;0;21;22
19907;790;22;21;22;0;0;21;22
19908;811;22;21;22;0;0;21;22
19909;832;22;21;22;0;0;21;22
19910;853;22;21;22;0;0;21;22
19911;874;22;21;22;0;0;21;22
19912;895;22;21;22;0;0;21;22
19913;916;22;21;22;0;0;21;22
19914;937;22;21;22;0;0;21;22
19915;958;22;21;22;0;0;21;22
19916;979;22;21;22;0;0;21;22
19917;1000;22;21;22;0;0;21;22
19918;1021;22;21;22;0;0;21;22
19919;1042;22;21;22;0;0;21;22
19920;1063;22;21;22;0;0;21;22
19921;1084;22;21;22;0;0;21;22
19922;1105;22;21;22;0;0;21;22
19923;1126;22;21;22;0;0;21;22
19924;1147;22;21;22;0;0;21;22
19925;1168;22;21;22;0;0;21;22
19926;1189;22;21;22;0;0;21;22
19927;1210;22;21;22;0;0;21;22
19928;1231;22;21;22;0;0;21;22
19929;1252;22;21;22;0;0;21;22
19930;1273;22;21;22;0;0;21;22
19931;1294;22;21;22;0;0;21;22
19932;1315;22;21;22;0;0;21;22
19933;1336;22;21;22;0;0;21;22
19934;1357;22;21;22;0;0;21;22
19935;1378;22;21;22;0;0;21;22
19936;1399;22;21;22;0;0;21;22
19937;1420;22;21;22;0;0;21;22
19938;1441;22;21;22;0;0;21;22
19939;1462;22;21;22;0;0;21;22
19940;1483;22;21;22;0;0;21;22
19941;1504;22;21;22;0;0;21;22
19942;1525;22;21;22;0;0;21;22
19943;1546;22;21;22;0;0;21;22
19944;1567;22;21;22;0;0;21;22
19945;1588;22;21;22;0;0;21;22
19946;1609;22;21;22;0;0;21;22
19947;1630;22;21;22;0;0;21;22
19948;1651;22;21;22;0;0;21;22
19949;1672;22;21;22;0;0;21;22
19950;1693;22;21;22;0;0;21;22
19951;1714;22;21;22;0;0;21;22
19952;1735;22;21;22;0;0;21;22
19953;1756;22;21;22;0;0;21;22
19954;1777;22;21;22;0;0;21;22
19955;1798;22;21;22;0;0;21;22
19956;1819;22;21;22;0;0;21;22
19957;1840;22;21;22;0;0;21;22
19958;1861;22;21;22;0;0;21;22
19959;1882;22;21;22;0;0;21;22
19960;1903;22;21;22;0;0;21;22
19961;1924;22;21;22;0;0;21;22
19962;1945;22;21;22;0;0;21;22
19963;1966;22;21;22;0;0;21;22
19964;1987;22;21;22;0;0;21;22
19965;2008;22;21;22;0;0;21;22
19966;2029;22;21;22;0;0;21;22
19967;2050;22;21;22;0;0;21;22
12353;0;44;21;22;0;0;21;22
12354;21;44;21;22;0;0;21;22
12355;42;44;21;22;0;0;21;22
12356;63;44;21;22;0;0;21;22
12357;84;44;21;22;0;0;21;22
12358;105;44;21;22;0;0;21;22
12359;126;44;21;22;0;0;21;22
12360;147;44;21;22;0;0;21;22
12361;168;44;21;22;0;0;21;22
12362;189;44;21;22;0;0;21;22
12363;210;44;21;22;0;0;21;22
12364;231;44;21;22;0;0;21;22
12365;252;44;21;22;0;0;21;22
12366;273;44;21;22;0;0;21;22
12367;294;44;21;22;0;0;21;22
12368;315;44;21;22;0;0;21;22
12369;336;44;21;22;0;0;21;22
12370;357;44;21;22;0;0;21;22
12371;378;44;21;22;0;0;21;22
12372;399;44;21;22;0;0;21;22
12373;420;44;21;22;0;0;21;22
12374;441;44;21;22;0;0;21;22
12375;462;44;21;22;0;0;21;22
12376;483;44;21;22;0;0;21;22
12377;504;44;21;22;0;0;21;22
12378;525;44;21;22;0;0;21;22
12379;546;44;21;22;0;0;21;22
12380;567;44;21;22;0;0;21;22
12381;588;44;21;22;0;0;21;22
12382;609;44;21;22;0;0;21;22
12383;630;44;21;22;0;0;21;22
12384;651;44;21;22;0;0;21;22
12385;672;44;21;22;0;0;21;22
12386;693;44;21;22;0;0;21;22
12387;714;44;21;22;0;0;21;22
12388;735;44;21;22;0;0;21;22
12389;756;44;21;22;0;0;21;22
12390;777;44;21;22;0;0;21;22
12391;798;44;21;22;0;0;21;22
12392;819;44;21;22;0;0;21;22
12393;840;44;21;22;0;0;21;22
12394;861;44;21;22;0;0;21;22
12395;882;44;21;22;0;0;21;22
12396;903;44;21;22;0;0;21;22
12397;924;44;21;22;0;0;21;22
12398;945;44;21;22;0;0;21;22
12399;966;44;21;22;0;0;21;22
12400;987;44;21;22;0;0;21;22
12401;1008;44;21;22;0;0;21;22
12402;1029;44;21;22;0;0;21;22
12403;1050;44;21;22;0;0;21;22
12404;1071;44;21;22;0;0;21;22
12405;1092;44;21;22;0;0;21;22
12406;1113;44;21;22;0;0;21;22
12407;1134;44;21;22;0;0;21;22
12408;1155;44;21;22;0;0;21;22
12409;1176;44;21;22;0;0;21;22
12410;1197;44;21;22;0;0;21;22
12411;1218;44;21;22;0;0;21;22
12412;1239;44;21;22;0;0;21;22
12413;1260;44;21;22;0;0;21;22
12414;1281;44;21;22;0;0;21;22
12415;1302;44;21;22;0;0;21;22
12416;1323;44;21;22;0;0;21;22
12417;1344;44;21;22;0;0;21;22
12418;1365;44;21;22;0;0;21;22
12419;1386;44;21;22;0;0;21;22
12420;1407;44;21;22;0;0;21;22
12421;1428;44;21;22;0;0;21;22
12422;1449;44;21;22;0;0;21;22
12423;1470;44;21;22;0;0;21;22
12424;1491;44;21;22;0;0;21;22
12425;1512;44;21;22;0;0;21;22
12426;1533;44;21;22;0;0;21;22
12427;1554;44;21;22;0;0;21;22
12428;1575;44;21;22;0;0;21;22
12429;1596;44;21;22;0;0;21;22
12430;1617;44;21;22;0;0;21;22
12431;1638;44;21;22;0;0;21;22
12432;1659;44;21;22;0;0;21;22
12433;1680;44;21;22;0;0;21;22
12434;1701;44;21;22;0;0;21;22
12435;1722;44;21;22;0;0;21;22
12436;1743;44;21;22;0;0;21;22
12437;1764;44;21;22;0;0;21;22
12438;1785;44;21;22;0;0;21;22
12443;1806;44;21;22;0;0;21;22
12444;1827;44;21;22;0;0;21;22
12445;1848;44;21;22;0;0;21;22
12446;1869;44;21;22;0;0;21;22
12448;1890;44;21;22;0;0;21;22
12449;1911;44;21;22;0;0;21;22
12450;1932;44;21;22;0;0;21;22
12451;1953;44;21;22;0;0;21;22
12452;1974;44;21;22;0;0;21;22
12453;1995;44;21;22;0;0;21;22
12454;2016;44;21;22;0;0;21;22
12455;2037;44;21;22;0;0;21;22
12456;2058;44;21;22;0;0;21;22
12457;2079;44;21;22;0;0;21;22
12458;2100;44;21;22;0;0;21;22
12459;2121;44;21;22;0;0;21;22
12460;2142;44;21;22;0;0;21;22
12461;2163;44;21;22;0;0;21;22
12462;2184;44;21;22;0;0;21;22
12463;2205;44;21;22;0;0;21;22
12464;2226;44;21;22;0;0;21;22
12465;2247;44;21;22;0;0;21;22
12466;2268;44;21;22;0;0;21;22
12467;2289;44;21;22;0;0;21;22
12468;2310;44;21;22;0;0;21;22
12469;2331;44;21;22;0;0;21;22
12470;2352;44;21;22;0;0;21;22
12471;2373;44;21;22;0;0;21;22
12472;2394;44;21;22;0;0;21;22
12473;2415;44;21;22;0;0;21;22
12474;2436;44;21;22;0;0;21;22
12475;2457;44;21;22;0;0;21;22
12476;2478;44;21;22;0;0;21;22
12477;2499;44;21;22;0;0;21;22
12478;2520;44;21;22;0;0;21;22
12479;2541;44;21;22;0;0;21;22
12480;2562;44;21;22;0;0;21;22
12481;2583;44;21;22;0;0;21;22
12482;2604;44;21;22;0;0;21;22
12483;2625;44;21;22;0;0;21;22
12484;2646;44;21;22;0;0;21;22
12485;2667;44;21;22;0;0;21;22
12486;2688;44;21;22;0;0;21;22
12487;2709;44;21;22;0;0;21;22
12488;2730;44;21;22;0;0;21;22
12489;2751;44;21;22;0;0;21;22
12490;2772;44;21;22;0;0;21;22
12491;2793;44;21;22;0;0;21;22
12492;2814;44;21;22;0;0;21;22
12493;2835;44;21;22;0;0;21;22
12494;2856;44;21;22;0;0;21;22
12495;2877;44;21;22;0;0;21;22
12496;2898;44;21;22;0;0;21;22
12497;2919;44;21;22;0;0;21;22
12498;2940;44;21;22;0;0;21;22
12499;2961;44;21;22;0;0;21;22
12500;2982;44;21;22;0;0;21;22
12501;3003;44;21;22;0;0;21;22
12502;3024;44;21;22;0;0;21;22
12503;3045;44;21;22;0;0;21;22
12504;3066;44;21;22;0;0;21;22
12505;3087;44;21;22;0;0;21;22
12506;3108;44;21;22;0;0;21;22
12507;3129;44;21;22;0;0;21;22
12508;3150;44;21;22;0;0;21;22
12509;3171;44;21;22;0;0;21;22
12510;3192;44;21;22;0;0;21;22
12511;3213;44;21;22;0;0;21;22
12512;3234;44;21;22;0;0;21;22
12513;3255;44;21;22;0;0;21;22
12514;3276;44;21;22;0;0;21;22
12515;3297;44;21;22;0;0;21;22
12516;3318;44;21;22;0;0;21;22
12517;3339;44;21;22;0;0;21;22
12518;3360;44;21;22;0;0;21;22
12519;3381;44;21;22;0;0;21;22
12520;3402;44;21;22;0;0;21;22
12521;3423;44;21;22;0;0;21;22
12522;3444;44;21;22;0;0;21;22
12523;3465;44;21;22;0;0;21;22
12524;3486;44;21;22;0;0;21;22
12525;3507;44;21;22;0;0;21;22
12526;3528;44;21;22;0;0;21;22
12527;3549;44;21;22;0;0;21;22
12528;3570;44;21;22;0;0;21;22
12529;3591;44;21;22;0;0;21;22
12530;3612;44;21;22;0;0;21;22
12531;3633;44;21;22;0;0;21;22
12532;3654;44;21;22;0;0;21;22
12533;3675;44;21;22;0;0;21;22
12534;3696;44;21;22;0;0;21;22
12535;3717;44;21;22;0;0;21;22
12536;3738;44;21;22;0;0;21;22
12537;3759;44;21;22;0;0;21;22
12538;3780;44;21;22;0;0;21;22
12540;3801;44;21;22;0;0;21;22
12541;3822;44;21;22;0;0;21;22
12542;3843;44;21;22;0;0;21;22
12549;3864;44;21;22;0;0;21;22
12550;3885;44;21;22;0;0;21;22
12551;3906;44;21;22;0;0;21;22
12552;3927;44;21;22;0;0;21;22
12553;3948;44;21;22;0;0;21;22
12554;3969;44;21;22;0;0;21;22
12555;3990;44;21;22;0;0;21;22
12556;4011;44;21;22;0;0;21;22
12557;4032;44;21;22;0;0;21;22
12558;4053;44;21;22;0;0;21;22
12559;4074;44;21;22;0;0;21;22
12560;0;66;21;22;0;0;21;22
12561;21;66;21;22;0;0;21;22
12562;42;66;21;22;0;0;21;22
12563;63;66;21;22;0;0;21;22
12564;84;66;21;22;0;0;21;22
12565;105;66;21;22;0;0;21;22
12566;126;66;21;22;0;0;21;22
12567;147;66;21;22;0;0;21;22
12568;168;66;21;22;0;0;21;22
12569;189;66;21;22;0;0;21;22
12570;210;66;21;22;0;0;21;22
12571;231;66;21;22;0;0;21;22
12572;252;66;21;22;0;0;21;22
12573;273;66;21;22;0;0;21;22
12574;294;66;21;22;0;0;21;22
12575;315;66;21;22;0;0;21;22
12576;336;66;21;22;0;0;21;22
12577;357;66;21;22;0;0;21;22
12578;378;66;21;22;0;0;21;22
12579;399;66;21;22;0;0;21;22
12580;420;66;21;22;0;0;21;22
12581;441;66;21;22;0;0;21;22
12582;462;66;21;22;0;0;21;22
12583;483;66;21;22;0;0;21;22
12584;504;66;21;22;0;0;21;22
12585;525;66;21;22;0;0;21;22
13685;546;66;21;22;0;0;21;22
14038;567;66;21;22;0;0;21;22
14444;588;66;21;22;0;0;21;22
14445;609;66;21;22;0;0;21;22
14600;630;66;21;22;0;0;21;22
14615;651;66;21;22;0;0;21;22
14657;672;66;21;22;0;0;21;22
14705;693;66;21;22;0;0;21;22
15056;714;66;21;22;0;0;21;22
15439;735;66;21;22;0;0;21;22
15875;756;66;21;22;0;0;21;22
15902;777;66;21;22;0;0;21;22
15941;798;66;21;22;0;0;21;22
16058;819;66;21;22;0;0;21;22
16139;840;66;21;22;0;0;21;22
16870;861;66;21;22;0;0;21;22
17020;882;66;21;22;0;0;21;22
17857;903;66;21;22;0;0;21;22
17868;924;66;21;22;0;0;21;22
18264;945;66;21;22;0;0;21;22
18891;966;66;21;22;0;0;21;22
18938;987;66;21;22;0;0;21;22
19968;1008;66;21;22;0;0;21;22
19969;1029;66;21;22;0;0;21;22
19971;1050;66;21;22;0;0;21;22
19975;1071;66;21;22;0;0;21;22
19976;1092;66;21;22;0;0;21;22
19977;1113;66;21;22;0;0;21;22
19978;1134;66;21;22;0;0;21;22
19979;1155;66;21;22;0;0;21;22
19981;1176;66;21;22;0;0;21;22
19982;1197;66;21;22;0;0;21;22
19983;1218;66;21;22;0;0;21;22
19984;1239;66;21;22;0;0;21;22
19985;1260;66;21;22;0;0;21;22
19987;1281;66;21;22;0;0;21;22
19988;1302;66;21;22;0;0;21;22
19989;1323;66;21;22;0;0;21;22
19990;1344;66;21;22;0;0;21;22
19992;1365;66;21;22;0;0;21;22
19993;1386;66;21;22;0;0;21;22
19994;1407;66;21;22;0;0;21;22
19995;1428;66;21;22;0;0;21;22
19996;1449;66;21;22;0;0;21;22
19997;1470;66;21;22;0;0;21;22
19998;1491;66;21;22;0;0;21;22
19999;1512;66;21;22;0;0;21;22
20001;1533;66;21;22;0;0;21;22
20002;1554;66;21;22;0;0;21;22
20004;1575;66;21;22;0;0;21;22
20005;1596;66;21;22;0;0;21;22
20006;1617;66;21;22;0;0;21;22
20007;1638;66;21;22;0;0;21;22
20010;1659;66;21;22;0;0;21;22
20011;1680;66;21;22;0;0;21;22
20013;1701;66;21;22;0;0;21;22
20016;1722;66;21;22;0;0;21;22
20018;1743;66;21;22;0;0;21;22
20020;1764;66;21;22;0;0;21;22
20021;1785;66;21;22;0;0;21;22
20024;1806;66;21;22;0;0;21;22
20025;1827;66;21;22;0;0;21;22
20026;1848;66;21;22;0;0;21;22
20027;1869;66;21;22;0;0;21;22
20028;1890;66;21;22;0;0;21;22
20029;1911;66;21;22;0;0;21;22
20030;1932;66;21;22;0;0;21;22
20034;1953;66;21;22;0;0;21;22
20035;1974;66;21;22;0;0;21;22
20037;1995;66;21;22;0;0;21;22
20040;2016;66;21;22;0;0;21;22
20041;2037;66;21;22;0;0;21;22
20043;2058;66;21;22;0;0;21;22
20044;2079;66;21;22;0;0;21;22
20045;2100;66;21;22;0;0;21;22
20046;2121;66;21;22;0;0;21;22
20047;2142;66;21;22;0;0;21;22
20048;2163;66;21;22;0;0;21;22
20050;2184;66;21;22;0;0;21;22
20051;2205;66;21;22;0;0;21;22
20052;2226;66;21;22;0;0;21;22
20054;2247;66;21;22;0;0;21;22
20055;2268;66;21;22;0;0;21;22
20056;2289;66;21;22;0;0;21;22
20057;2310;66;21;22;0;0;21;22
20060;2331;66;21;22;0;0;21;22
20061;2352;66;21;22;0;0;21;22
20062;2373;66;21;22;0;0;21;22
20063;2394;66;21;22;0;0;21;22
20064;2415;66;21;22;0;0;21;22
20065;2436;66;21;22;0;0;21;22
20070;2457;66;21;22;0;0;21;22
20073;2478;66;21;22;0;0;21;22
20080;2499;66;21;22;0;0;21;22
20081;2520;66;21;22;0;0;21;22
20083;2541;66;21;22;0;0;21;22
20094;2562;66;21;22;0;0;21;22
20096;2583;66;21;22;0;0;21;22
20098;2604;66;21;22;0;0;21;22
20102;2625;66;21;22;0;0;21;22
20104;2646;66;21;22;0;0;21;22
20105;2667;66;21;22;0;0;21;22
20107;2688;66;21;22;0;0;21;22
20108;2709;66;21;22;0;0;21;22
20109;2730;66;21;22;0;0;21;22
20110;2751;66;21;22;0;0;21;22
20111;2772;66;21;22;0;0;21;22
20113;2793;66;21;22;0;0;21;22
20114;2814;66;21;22;0;0;21;22
20115;2835;66;21;22;0;0;21;22
20116;2856;66;21;22;0;0;21;22
20117;2877;66;21;22;0;0;21;22
20120;2898;66;21;22;0;0;21;22
20121;2919;66;21;22;0;0;21;22
20122;2940;66;21;22;0;0;21;22
20123;2961;66;21;22;0;0;21;22
20124;2982;66;21;22;0;0;21;22
20126;3003;66;21;22;0;0;21;22
20127;3024;66;21;22;0;0;21;22
20129;3045;66;21;22;0;0;21;22
20130;3066;66;21;22;0;0;21;22
20132;3087;66;21;22;0;0;21;22
20133;3108;66;21;22;0;0;21;22
20134;3129;66;21;22;0;0;21;22
20135;3150;66;21;22;0;0;21;22
20136;3171;66;21;22;0;0;21;22
20137;3192;66;21;22;0;0;21;22
20139;3213;66;21;22;0;0;21;22
20140;3234;66;21;22;0;0;21;22
20141;3255;66;21;22;0;0;21;22
20142;3276;66;21;22;0;0;21;22
20146;3297;66;21;22;0;0;21;22
20147;3318;66;21;22;0;0;21;22
20149;3339;66;21;22;0;0;21;22
20150;3360;66;21;22;0;0;21;22
20154;3381;66;21;22;0;0;21;22
20155;3402;66;21;22;0;0;21;22
20158;3423;66;21;22;0;0;21;22
20159;3444;66;21;22;0;0;21;22
20160;3465;66;21;22;0;0;21;22
20161;3486;66;21;22;0;0;21;22
20162;3507;66;21;22;0;0;21;22
20163;3528;66;21;22;0;0;21;22
20164;3549;66;21;22;0;0;21;22
20165;3570;66;21;22;0;0;21;22
20166;3591;66;21;22;0;0;21;22
20167;3612;66;21;22;0;0;21;22
20169;3633;66;21;22;0;0;21;22
20170;3654;66;21;22;0;0;21;22
20171;3675;66;21;22;0;0;21;22
20173;3696;66;21;22;0;0;21;22
20174;3717;66;21;22;0;0;21;22
20175;3738;66;21;22;0;0;21;22
20177;3759;66;21;22;0;0;21;22
20179;3780;66;21;22;0;0;21;22
20180;3801;66;21;22;0;0;21;22
20181;3822;66;21;22;0;0;21;22
20182;3843;66;21;22;0;0;21;22
20183;3864;66;21;22;0;0;21;22
20184;3885;66;21;22;0;0;21;22
20185;3906;66;21;22;0;0;21;22
20189;3927;66;21;22;0;0;21;22
20190;3948;66;21;22;0;0;21;22
20191;3969;66;21;22;0;0;21;22
20193;3990;66;21;22;0;0;21;22
20195;4011;66;21;22;0;0;21;22
20196;4032;66;21;22;0;0;21;22
20197;4053;66;21;22;0;0;21;22
20200;4074;66;21;22;0;0;21;22
20202;0;88;21;22;0;0;21;22
20203;21;88;21;22;0;0;21;22
20204;42;88;21;22;0;0;21;22
20206;63;88;21;22;0;0;21;22
20208;84;88;21;22;0;0;21;22
20210;105;88;21;22;0;0;21;22
20211;126;88;21;22;0;0;21;22
20213;147;88;21;22;0;0;21;22
20214;168;88;21;22;0;0;21;22
20215;189;88;21;22;0;0;21;22
20219;210;88;21;22;0;0;21;22
20221;231;88;21;22;0;0;21;22
20223;252;88;21;22;0;0;21;22
20225;273;88;21;22;0;0;21;22
20233;294;88;21;22;0;0;21;22
20234;315;88;21;22;0;0;21;22
20237;336;88;21;22;0;0;21;22
20238;357;88;21;22;0;0;21;22
20239;378;88;21;22;0;0;21;22
20240;399;88;21;22;0;0;21;22
20241;420;88;21;22;0;0;21;22
20245;441;88;21;22;0;0;21;22
20247;462;88;21;22;0;0;21;22
20248;483;88;21;22;0;0;21;22
20249;504;88;21;22;0;0;21;22
20250;525;88;21;22;0;0;21;22
20251;546;88;21;22;0;0;21;22
20253;567;88;21;22;0;0;21;22
20254;588;88;21;22;0;0;21;22
20255;609;88;21;22;0;0;21;22
20256;630;88;21;22;0;0;21;22
20258;651;88;21;22;0;0;21;22
20260;672;88;21;22;0;0;21;22
20261;693;88;21;22;0;0;21;22
20262;714;88;21;22;0;0;21;22
20263;735;88;21;22;0;0;21;22
20266;756;88;21;22;0;0;21;22
20267;777;88;21;22;0;0;21;22
20271;798;88;21;22;0;0;21;22
20272;819;88;21;22;0;0;21;22
20274;840;88;21;22;0;0;21;22
20276;861;88;21;22;0;0;21;22
20278;882;88;21;22;0;0;21;22
20280;903;88;21;22;0;0;21;22
20282;924;88;21;22;0;0;21;22
20284;945;88;21;22;0;0;21;22
20285;966;88;21;22;0;0;21;22
20291;987;88;21;22;0;0;21;22
20294;1008;88;21;22;0;0;21;22
20295;1029;88;21;22;0;0;21;22
20296;1050;88;21;22;0;0;21;22
20297;1071;88;21;22;0;0;21;22
20301;1092;88;21;22;0;0;21;22
20302;1113;88;21;22;0;0;21;22
20303;1134;88;21;22;0;0;21;22
20304;1155;88;21;22;0;0;21;22
20305;1176;88;21;22;0;0;21;22
20307;1197;88;21;22;0;0;21;22
20308;1218;88;21;22;0;0;21;22
20309;1239;88;21;22;0;0;21;22
20311;1260;88;21;22;0;0;21;22
20312;1281;88;21;22;0;0;21;22
20313;1302;88;21;22;0;0;21;22
20314;1323;88;21;22;0;0;21;22
20315;1344;88;21;22;0;0;21;22
20316;1365;88;21;22;0;0;21;22
20317;1386;88;21;22;0;0;21;22
20318;1407;88;21;22;0;0;21;22
20319;1428;88;21;22;0;0;21;22
20320;1449;88;21;22;0;0;21;22
20323;1470;88;21;22;0;0;21;22
20324;1491;88;21;22;0;0;21;22
20325;1512;88;21;22;0;0;21;22
20329;1533;88;21;22;0;0;21;22
20332;1554;88;21;22;0;0;21;22
20335;1575;88;21;22;0;0;21;22
20336;1596;88;21;22;0;0;21;22
20339;1617;88;21;22;0;0;21;22
20341;1638;88;21;22;0;0;21;22
20342;1659;88;21;22;0;0;21;22
20347;1680;88;21;22;0;0;21;22
20348;1701;88;21;22;0;0;21;22
20350;1722;88;21;22;0;0;21;22
20351;1743;88;21;22;0;0;21;22
20355;1764;88;21;22;0;0;21;22
20356;1785;88;21;22;0;0;21;22
20358;1806;88;21;22;0;0;21;22
20360;1827;88;21;22;0;0;21;22
20361;1848;88;21;22;0;0;21;22
20363;1869;88;21;22;0;0;21;22
20365;1890;88;21;22;0;0;21;22
20367;1911;88;21;22;0;0;21;22
20369;1932;88;21;22;0;0;21;22
20372;1953;88;21;22;0;0;21;22
20374;1974;88;21;22;0;0;21;22
20375;1995;88;21;22;0;0;21;22
20379;2016;88;21;22;0;0;21;22
20381;2037;88;21;22;0;0;21;22
20384;2058;88;21;22;0;0;21;22
20385;2079;88;21;22;0;0;21;22
20387;2100;88;21;22;0;0;21;22
20389;2121;88;21;22;0;0;21;22
20390;2142;88;21;22;0;0;21;22
20391;2163;88;21;22;0;0;21;22
20392;2184;88;21;22;0;0;21;22
20393;2205;88;21;22;0;0;21;22
20394;2226;88;21;22;0;0;21;22
20396;2247;88;21;22;0;0;21;22
20398;2268;88;21;22;0;0;21;22
20399;2289;88;21;22;0;0;21;22
20402;2310;88;21;22;0;0;21;22
20405;2331;88;21;22;0;0;21;22
20406;2352;88;21;22;0;0;21;22
20407;2373;88;21;22;0;0;21;22
20415;2394;88;21;22;0;0;21;22
20417;2415;88;21;22;0;0;21;22
20418;2436;88;21;22;0;0;21;22
20419;2457;88;21;22;0;0;21;22
20420;2478;88;21;22;0;0;21;22
20421;2499;88;21;22;0;0;21;22
20426;2520;88;21;22;0;0;21;22
20430;2541;88;21;22;0;0;21;22
20431;2562;88;21;22;0;0;21;22
20432;2583;88;21;22;0;0;21;22
20433;2604;88;21;22;0;0;21;22
20439;2625;88;21;22;0;0;21;22
20440;2646;88;21;22;0;0;21;22
20442;2667;88;21;22;0;0;21;22
20443;2688;88;21;22;0;0;21;22
20445;2709;88;21;22;0;0;21;22
20446;2730;88;21;22;0;0;21;22
20447;2751;88;21;22;0;0;21;22
20448;2772;88;21;22;0;0;21;22
20449;2793;88;21;22;0;0;21;22
20451;2814;88;21;22;0;0;21;22
20454;2835;88;21;22;0;0;21;22
20456;2856;88;21;22;0;0;21;22
20457;2877;88;21;22;0;0;21;22
20458;2898;88;21;22;0;0;21;22
20461;2919;88;21;22;0;0;21;22
20462;2940;88;21;22;0;0;21;22
20463;2961;88;21;22;0;0;21;22
20465;2982;88;21;22;0;0;21;22
20467;3003;88;21;22;0;0;21;22
20469;3024;88;21;22;0;0;21;22
20470;3045;88;21;22;0;0;21;22
20472;3066;88;21;22;0;0;21;22
20474;3087;88;21;22;0;0;21;22
20478;3108;88;21;22;0;0;21;22
20480;3129;88;21;22;0;0;21;22
20486;3150;88;21;22;0;0;21;22
20489;3171;88;21;22;0;0;21;22
20491;3192;88;21;22;0;0;21;22
20492;3213;88;21;22;0;0;21;22
20493;3234;88;21;22;0;0;21;22
20495;3255;88;21;22;0;0;21;22
20497;3276;88;21;22;0;0;21;22
20498;3297;88;21;22;0;0;21;22
20500;3318;88;21;22;0;0;21;22
20502;3339;88;21;22;0;0;21;22
20504;3360;88;21;22;0;0;21;22
20505;3381;88;21;22;0;0;21;22
20506;3402;88;21;22;0;0;21;22
20508;3423;88;21;22;0;0;21;22
20511;3444;88;21;22;0;0;21;22
20513;3465;88;21;22;0;0;21;22
20515;3486;88;21;22;0;0;21;22
20516;3507;88;21;22;0;0;21;22
20517;3528;88;21;22;0;0;21;22
20518;3549;88;21;22;0;0;21;22
20520;3570;88;21;22;0;0;21;22
20521;3591;88;21;22;0;0;21;22
20522;3612;88;21;22;0;0;21;22
20523;3633;88;21;22;0;0;21;22
20524;3654;88;21;22;0;0;21;22
20525;3675;88;21;22;0;0;21;22
20537;3696;88;21;22;0;0;21;22
20538;3717;88;21;22;0;0;21;22
20540;3738;88;21;22;0;0;21;22
20542;3759;88;21;22;0;0;21;22
20544;3780;88;21;22;0;0;21;22
20545;3801;88;21;22;0;0;21;22
20547;3822;88;21;22;0;0;21;22
20551;3843;88;21;22;0;0;21;22
20552;3864;88;21;22;0;0;21;22
20553;3885;88;21;22;0;0;21;22
20556;3906;88;21;22;0;0;21;22
20558;3927;88;21;22;0;0;21;22
20559;3948;88;21;22;0;0;21;22
20565;3969;88;21;22;0;0;21;22
20570;3990;88;21;22;0;0;21;22
20572;4011;88;21;22;0;0;21;22
20581;4032;88;21;22;0;0;21;22
20588;4053;88;21;22;0;0;21;22
20594;4074;88;21;22;0;0;21;22
20596;0;110;21;22;0;0;21;22
20597;21;110;21;22;0;0;21;22
20598;42;110;21;22;0;0;21;22
20599;63;110;21;22;0;0;21;22
20603;84;110;21;22;0;0;21;22
20605;105;110;21;22;0;0;21;22
20606;126;110;21;22;0;0;21;22
20607;147;110;21;22;0;0;21;22
20608;168;110;21;22;0;0;21;22
20613;189;110;21;22;0;0;21;22
20616;210;110;21;22;0;0;21;22
20621;231;110;21;22;0;0;21;22
20625;252;110;21;22;0;0;21;22
20630;273;110;21;22;0;0;21;22
20632;294;110;21;22;0;0;21;22
20633;315;110;21;22;0;0;21;22
20634;336;110;21;22;0;0;21;22
20636;357;110;21;22;0;0;21;22
20642;378;110;21;22;0;0;21;22
20643;399;110;21;22;0;0;21;22
20645;420;110;21;22;0;0;21;22
20647;441;110;21;22;0;0;21;22
20648;462;110;21;22;0;0;21;22
20649;483;110;21;22;0;0;21;22
20652;504;110;21;22;0;0;21;22
20653;525;110;21;22;0;0;21;22
20655;546;110;21;22;0;0;21;22
20658;567;110;21;22;0;0;21;22
20659;588;110;21;22;0;0;21;22
20660;609;110;21;22;0;0;21;22
20661;630;110;21;22;0;0;21;22
20663;651;110;21;22;0;0;21;22
20667;672;110;21;22;0;0;21;22
20670;693;110;21;22;0;0;21;22
20674;714;110;21;22;0;0;21;22
20677;735;110;21;22;0;0;21;22
20679;756;110;21;22;0;0;21;22
20681;777;110;21;22;0;0;21;22
20685;798;110;21;22;0;0;21;22
20687;819;110;21;22;0;0;21;22
20689;840;110;21;22;0;0;21;22
20693;861;110;21;22;0;0;21;22
20694;882;110;21;22;0;0;21;22
20698;903;110;21;22;0;0;21;22
20709;924;110;21;22;0;0;21;22
20711;945;110;21;22;0;0;21;22
20712;966;110;21;22;0;0;21;22
20717;987;110;21;22;0;0;21;22
20718;1008;110;21;22;0;0;21;22
20720;1029;110;21;22;0;0;21;22
20721;1050;110;21;22;0;0;21;22
20723;1071;110;21;22;0;0;21;22
20725;1092;110;21;22;0;0;21;22
20729;1113;110;21;22;0;0;21;22
20731;1134;110;21;22;0;0;21;22
20736;1155;110;21;22;0;0;21;22
20738;1176;110;21;22;0;0;21;22
20740;1197;110;21;22;0;0;21;22
20742;1218;110;21;22;0;0;21;22
20744;1239;110;21;22;0;0;21;22
20745;1260;110;21;22;0;0;21;22
20747;1281;110;21;22;0;0;21;22
20752;1302;110;21;22;0;0;21;22
20754;1323;110;21;22;0;0;21;22
20756;1344;110;21;22;0;0;21;22
20757;1365;110;21;22;0;0;21;22
20760;1386;110;21;22;0;0;21;22
20767;1407;110;21;22;0;0;21;22
20769;1428;110;21;22;0;0;21;22
20778;1449;110;21;22;0;0;21;22
20786;1470;110;21;22;0;0;21;22
20791;1491;110;21;22;0;0;21;22
20792;1512;110;21;22;0;0;21;22
20794;1533;110;21;22;0;0;21;22
20795;1554;110;21;22;0;0;21;22
20796;1575;110;21;22;0;0;21;22
20799;1596;110;21;22;0;0;21;22
20800;1617;110;21;22;0;0;21;22
20801;1638;110;21;22;0;0;21;22
20803;1659;110;21;22;0;0;21;22
20804;1680;110;21;22;0;0;21;22
20805;1701;110;21;22;0;0;21;22
20806;1722;110;21;22;0;0;21;22
20807;1743;110;21;22;0;0;21;22
20808;1764;110;21;22;0;0;21;22
20809;1785;110;21;22;0;0;21;22
20811;1806;110;21;22;0;0;21;22
20812;1827;110;21;22;0;0;21;22
20813;1848;110;21;22;0;0;21;22
20816;1869;110;21;22;0;0;21;22
20817;1890;110;21;22;0;0;21;22
20818;1911;110;21;22;0;0;21;22
20820;1932;110;21;22;0;0;21;22
20821;1953;110;21;22;0;0;21;22
20822;1974;110;21;22;0;0;21;22
20823;1995;110;21;22;0;0;21;22
20826;2016;110;21;22;0;0;21;22
20828;2037;110;21;22;0;0;21;22
20834;2058;110;21;22;0;0;21;22
20837;2079;110;21;22;0;0;21;22
20839;2100;110;21;22;0;0;21;22
20840;2121;110;21;22;0;0;21;22
20841;2142;110;21;22;0;0;21;22
20843;2163;110;21;22;0;0;21;22
20844;2184;110;21;22;0;0;21;22
20845;2205;110;21;22;0;0;21;22
20846;2226;110;21;22;0;0;21;22
20848;2247;110;21;22;0;0;21;22
20849;2268;110;21;22;0;0;21;22
20851;2289;110;21;22;0;0;21;22
20852;2310;110;21;22;0;0;21;22
20853;2331;110;21;22;0;0;21;22
20854;2352;110;21;22;0;0;21;22
20855;2373;110;21;22;0;0;21;22
20856;2394;110;21;22;0;0;21;22
20857;2415;110;21;22;0;0;21;22
20859;2436;110;21;22;0;0;21;22
20860;2457;110;21;22;0;0;21;22
20861;2478;110;21;22;0;0;21;22
20864;2499;110;21;22;0;0;21;22
20869;2520;110;21;22;0;0;21;22
20870;2541;110;21;22;0;0;21;22
20871;2562;110;21;22;0;0;21;22
20872;2583;110;21;22;0;0;21;22
20873;2604;110;21;22;0;0;21;22
20874;2625;110;21;22;0;0;21;22
20876;2646;110;21;22;0;0;21;22
20877;2667;110;21;22;0;0;21;22
20881;2688;110;21;22;0;0;21;22
20882;2709;110;21;22;0;0;21;22
20885;2730;110;21;22;0;0;21;22
20887;2751;110;21;22;0;0;21;22
20889;2772;110;21;22;0;0;21;22
20891;2793;110;21;22;0;0;21;22
20892;2814;110;21;22;0;0;21;22
20896;2835;110;21;22;0;0;21;22
20898;2856;110;21;22;0;0;21;22
20900;2877;110;21;22;0;0;21;22
20901;2898;110;21;22;0;0;21;22
20906;2919;110;21;22;0;0;21;22
20908;2940;110;21;22;0;0;21;22
20911;2961;110;21;22;0;0;21;22
20912;2982;110;21;22;0;0;21;22
20914;3003;110;21;22;0;0;21;22
20915;3024;110;21;22;0;0;21;22
20917;3045;110;21;22;0;0;21;22
20918;3066;110;21;22;0;0;21;22
20919;3087;110;21;22;0;0;21;22
20923;3108;110;21;22;0;0;21;22
20924;3129;110;21;22;0;0;21;22
20925;3150;110;21;22;0;0;21;22
20928;3171;110;21;22;0;0;21;22
20932;3192;110;21;22;0;0;21;22
20934;3213;110;21;22;0;0;21;22
20935;3234;110;21;22;0;0;21;22
20936;3255;110;21;22;0;0;21;22
20937;3276;110;21;22;0;0;21;22
20939;3297;110;21;22;0;0;21;22
20940;3318;110;21;22;0;0;21;22
20941;3339;110;21;22;0;0;21;22
20943;3360;110;21;22;0;0;21;22
20945;3381;110;21;22;0;0;21;22
20955;3402;110;21;22;0;0;21;22
20956;3423;110;21;22;0;0;21;22
20957;3444;110;21;22;0;0;21;22
20960;3465;110;21;22;0;0;21;22
20961;3486;110;21;22;0;0;21;22
20964;3507;110;21;22;0;0;21;22
20966;3528;110;21;22;0;0;21;22
20971;3549;110;21;22;0;0;21;22
20973;3570;110;21;22;0;0;21;22
20975;3591;110;21;22;0;0;21;22
20976;3612;110;21;22;0;0;21;22
20977;3633;110;21;22;0;0;21;22
20979;3654;110;21;22;0;0;21;22
20982;3675;110;21;22;0;0;21;22
20984;3696;110;21;22;0;0;21;22
20985;3717;110;21;22;0;0;21;22
20986;3738;110;21;22;0;0;21;22
20987;3759;110;21;22;0;0;21;22
20988;3780;110;21;22;0;0;21;22
20989;3801;110;21;22;0;0;21;22
20991;3822;110;21;22;0;0;21;22
20992;3843;110;21;22;0;0;21;22
20993;3864;110;21;22;0;0;21;22
20995;3885;110;21;22;0;0;21;22
20998;3906;110;21;22;0;0;21;22
20999;3927;110;21;22;0;0;21;22
21000;3948;110;21;22;0;0;21;22
21002;3969;110;21;22;0;0;21;22
21005;3990;110;21;22;0;0;21;22
21006;4011;110;21;22;0;0;21;22
21009;4032;110;21;22;0;0;21;22
21010;4053;110;21;22;0;0;21;22
21014;4074;110;21;22;0;0;21;22
21015;0;132;21;22;0;0;21;22
21016;21;132;21;22;0;0;21;22
21017;42;132;21;22;0;0;21;22
21018;63;132;21;22;0;0;21;22
21019;84;132;21;22;0;0;21;22
21021;105;132;21;22;0;0;21;22
21024;126;132;21;22;0;0;21;22
21028;147;132;21;22;0;0;21;22
21029;168;132;21;22;0;0;21;22
21032;189;132;21;22;0;0;21;22
21033;210;132;21;22;0;0;21;22
21034;231;132;21;22;0;0;21;22
21035;252;132;21;22;0;0;21;22
21037;273;132;21;22;0;0;21;22
21038;294;132;21;22;0;0;21;22
21040;315;132;21;22;0;0;21;22
21042;336;132;21;22;0;0;21;22
21043;357;132;21;22;0;0;21;22
21046;378;132;21;22;0;0;21;22
21047;399;132;21;22;0;0;21;22
21048;420;132;21;22;0;0;21;22
21049;441;132;21;22;0;0;21;22
21050;462;132;21;22;0;0;21;22
21051;483;132;21;22;0;0;21;22
21053;504;132;21;22;0;0;21;22
21055;525;132;21;22;0;0;21;22
21056;546;132;21;22;0;0;21;22
21057;567;132;21;22;0;0;21;22
21058;588;132;21;22;0;0;21;22
21059;609;132;21;22;0;0;21;22
21060;630;132;21;22;0;0;21;22
21063;651;132;21;22;0;0;21;22
21065;672;132;21;22;0;0;21;22
21066;693;132;21;22;0;0;21;22
21067;714;132;21;22;0;0;21;22
21068;735;132;21;22;0;0;21;22
21069;756;132;21;22;0;0;21;22
21070;777;132;21;22;0;0;21;22
21072;798;132;21;22;0;0;21;22
21073;819;132;21;22;0;0;21;22
21074;840;132;21;22;0;0;21;22
21076;861;132;21;22;0;0;21;22
21078;882;132;21;22;0;0;21;22
21083;903;132;21;22;0;0;21;22
21084;924;132;21;22;0;0;21;22
21085;945;132;21;22;0;0;21;22
21086;966;132;21;22;0;0;21;22
21089;987;132;21;22;0;0;21;22
21091;1008;132;21;22;0;0;21;22
21092;1029;132;21;22;0;0;21;22
21093;1050;132;21;22;0;0;21;22
21095;1071;132;21;22;0;0;21;22
21097;1092;132;21;22;0;0;21;22
21098;1113;132;21;22;0;0;21;22
21102;1134;132;21;22;0;0;21;22
21103;1155;132;21;22;0;0;21;22
21104;1176;132;21;22;0;0;21;22
21106;1197;132;21;22;0;0;21;22
21108;1218;132;21;22;0;0;21;22
21109;1239;132;21;22;0;0;21;22
21111;1260;132;21;22;0;0;21;22
21117;1281;132;21;22;0;0;21;22
21119;1302;132;21;22;0;0;21;22
21120;1323;132;21;22;0;0;21;22
21121;1344;132;21;22;0;0;21;22
21123;1365;132;21;22;0;0;21;22
21124;1386;132;21;22;0;0;21;22
21127;1407;132;21;22;0;0;21;22
21128;1428;132;21;22;0;0;21;22
21129;1449;132;21;22;0;0;21;22
21130;1470;132;21;22;0;0;21;22
21132;1491;132;21;22;0;0;21;22
21133;1512;132;21;22;0;0;21;22
21137;1533;132;21;22;0;0;21;22
21139;1554;132;21;22;0;0;21;22
21147;1575;132;21;22;0;0;21;22
21148;1596;132;21;22;0;0;21;22
21149;1617;132;21;22;0;0;21;22
21150;1638;132;21;22;0;0;21;22
21151;1659;132;21;22;0;0;21;22
21152;1680;132;21;22;0;0;21;22
21153;1701;132;21;22;0;0;21;22
21154;1722;132;21;22;0;0;21;22
21155;1743;132;21;22;0;0;21;22
21160;1764;132;21;22;0;0;21;22
21161;1785;132;21;22;0;0;21;22
21162;1806;132;21;22;0;0;21;22
21163;1827;132;21;22;0;0;21;22
21164;1848;132;21;22;0;0;21;22
21165;1869;132;21;22;0;0;21;22
21169;1890;132;21;22;0;0;21;22
21170;1911;132;21;22;0;0;21;22
21171;1932;132;21;22;0;0;21;22
21172;1953;132;21;22;0;0;21;22
21177;1974;132;21;22;0;0;21;22
21179;1995;132;21;22;0;0;21;22
21180;2016;132;21;22;0;0;21;22
21182;2037;132;21;22;0;0;21;22
21183;2058;132;21;22;0;0;21;22
21185;2079;132;21;22;0;0;21;22
21187;2100;132;21;22;0;0;21;22
21189;2121;132;21;22;0;0;21;22
21191;2142;132;21;22;0;0;21;22
21192;2163;132;21;22;0;0;21;22
21193;2184;132;21;22;0;0;21;22
21195;2205;132;21;22;0;0;21;22
21200;2226;132;21;22;0;0;21;22
21202;2247;132;21;22;0;0;21;22
21205;2268;132;21;22;0;0;21;22
21206;2289;132;21;22;0;0;21;22
21208;2310;132;21;22;0;0;21;22
21209;2331;132;21;22;0;0;21;22
21211;2352;132;21;22;0;0;21;22
21213;2373;132;21;22;0;0;21;22
21214;2394;132;21;22;0;0;21;22
21215;2415;132;21;22;0;0;21;22
21218;2436;132;21;22;0;0;21;22
21220;2457;132;21;22;0;0;21;22
21223;2478;132;21;22;0;0;21;22
21232;2499;132;21;22;0;0;21;22
21233;2520;132;21;22;0;0;21;22
21234;2541;132;21;22;0;0;21;22
21235;2562;132;21;22;0;0;21;22
21237;2583;132;21;22;0;0;21;22
21240;2604;132;21;22;0;0;21;22
21241;2625;132;21;22;0;0;21;22
21242;2646;132;21;22;0;0;21;22
21243;2667;132;21;22;0;0;21;22
21246;2688;132;21;22;0;0;21;22
21247;2709;132;21;22;0;0;21;22
21248;2730;132;21;22;0;0;21;22
21250;2751;132;21;22;0;0;21;22
21253;2772;132;21;22;0;0;21;22
21254;2793;132;21;22;0;0;21;22
21256;2814;132;21;22;0;0;21;22
21261;2835;132;21;22;0;0;21;22
21263;2856;132;21;22;0;0;21;22
21264;2877;132;21;22;0;0;21;22
21269;2898;132;21;22;0;0;21;22
21270;2919;132;21;22;0;0;21;22
21271;2940;132;21;22;0;0;21;22
21273;2961;132;21;22;0;0;21;22
21276;2982;132;21;22;0;0;21;22
21277;3003;132;21;22;0;0;21;22
21280;3024;132;21;22;0;0;21;22
21281;3045;132;21;22;0;0;21;22
21283;3066;132;21;22;0;0;21;22
21286;3087;132;21;22;0;0;21;22
21290;3108;132;21;22;0;0;21;22
21293;3129;132;21;22;0;0;21;22
21294;3150;132;21;22;0;0;21;22
21295;3171;132;21;22;0;0;21;22
21297;3192;132;21;22;0;0;21;22
21305;3213;132;21;22;0;0;21;22
21306;3234;132;21;22;0;0;21;22
21307;3255;132;21;22;0;0;21;22
21310;3276;132;21;22;0;0;21;22
21311;3297;132;21;22;0;0;21;22
21312;3318;132;21;22;0;0;21;22
21313;3339;132;21;22;0;0;21;22
21315;3360;132;21;22;0;0;21;22
21317;3381;132;21;22;0;0;21;22
21319;3402;132;21;22;0;0;21;22
21320;3423;132;21;22;0;0;21;22
21321;3444;132;21;22;0;0;21;22
21322;3465;132;21;22;0;0;21;22
21325;3486;132;21;22;0;0;21;22
21326;3507;132;21;22;0;0;21;22
21327;3528;132;21;22;0;0;21;22
21329;3549;132;21;22;0;0;21;22
21330;3570;132;21;22;0;0;21;22
21331;3591;132;21;22;0;0;21;22
21332;3612;132;21;22;0;0;21;22
21333;3633;132;21;22;0;0;21;22
21334;3654;132;21;22;0;0;21;22
21335;3675;132;21;22;0;0;21;22
21336;3696;132;21;22;0;0;21;22
21338;3717;132;21;22;0;0;21;22
21340;3738;132;21;22;0;0;21;22
21342;3759;132;21;22;0;0;21;22
21343;3780;132;21;22;0;0;21;22
21344;3801;132;21;22;0;0;21;22
21345;3822;132;21;22;0;0;21;22
21346;3843;132;21;22;0;0;21;22
21347;3864;132;21;22;0;0;21;22
21348;3885;132;21;22;0;0;21;22
21350;3906;132;21;22;0;0;21;22
21351;3927;132;21;22;0;0;21;22
21355;3948;132;21;22;0;0;21;22
21358;3969;132;21;22;0;0;21;22
21359;3990;132;21;22;0;0;21;22
21360;4011;132;21;22;0;0;21;22
21361;4032;132;21;22;0;0;21;22
21363;4053;132;21;22;0;0;21;22
21364;4074;132;21;22;0;0;21;22
21365;0;154;21;22;0;0;21;22
21367;21;154;21;22;0;0;21;22
21368;42;154;21;22;0;0;21;22
21369;63;154;21;22;0;0;21;22
21371;84;154;21;22;0;0;21;22
21375;105;154;21;22;0;0;21;22
21378;126;154;21;22;0;0;21;22
21380;147;154;21;22;0;0;21;22
21381;168;154;21;22;0;0;21;22
21382;189;154;21;22;0;0;21;22
21385;210;154;21;22;0;0;21;22
21387;231;154;21;22;0;0;21;22
21388;252;154;21;22;0;0;21;22
21389;273;154;21;22;0;0;21;22
21397;294;154;21;22;0;0;21;22
21400;315;154;21;22;0;0;21;22
21401;336;154;21;22;0;0;21;22
21402;357;154;21;22;0;0;21;22
21405;378;154;21;22;0;0;21;22
21407;399;154;21;22;0;0;21;22
21410;420;154;21;22;0;0;21;22
21413;441;154;21;22;0;0;21;22
21414;462;154;21;22;0;0;21;22
21416;483;154;21;22;0;0;21;22
21417;504;154;21;22;0;0;21;22
21421;525;154;21;22;0;0;21;22
21422;546;154;21;22;0;0;21;22
21426;567;154;21;22;0;0;21;22
21427;588;154;21;22;0;0;21;22
21435;609;154;21;22;0;0;21;22
21438;630;154;21;22;0;0;21;22
21439;651;154;21;22;0;0;21;22
21440;672;154;21;22;0;0;21;22
21441;693;154;21;22;0;0;21;22
21442;714;154;21;22;0;0;21;22
21443;735;154;21;22;0;0;21;22
21446;756;154;21;22;0;0;21;22
21448;777;154;21;22;0;0;21;22
21449;798;154;21;22;0;0;21;22
21450;819;154;21;22;0;0;21;22
21451;840;154;21;22;0;0;21;22
21452;861;154;21;22;0;0;21;22
21453;882;154;21;22;0;0;21;22
21454;903;154;21;22;0;0;21;22
21457;924;154;21;22;0;0;21;22
21460;945;154;21;22;0;0;21;22
21462;966;154;21;22;0;0;21;22
21463;987;154;21;22;0;0;21;22
21464;1008;154;21;22;0;0;21;22
21465;1029;154;21;22;0;0;21;22
21467;1050;154;21;22;0;0;21;22
21471;1071;154;21;22;0;0;21;22
21472;1092;154;21;22;0;0;21;22
21474;1113;154;21;22;0;0;21;22
21475;1134;154;21;22;0;0;21;22
21476;1155;154;21;22;0;0;21;22
21477;1176;154;21;22;0;0;21;22
21478;1197;154;21;22;0;0;21;22
21480;1218;154;21;22;0;0;21;22
21481;1239;154;21;22;0;0;21;22
21482;1260;154;21;22;0;0;21;22
21483;1281;154;21;22;0;0;21;22
21484;1302;154;21;22;0;0;21;22
21485;1323;154;21;22;0;0;21;22
21486;1344;154;21;22;0;0;21;22
21487;1365;154;21;22;0;0;21;22
21488;1386;154;21;22;0;0;21;22
21489;1407;154;21;22;0;0;21;22
21490;1428;154;21;22;0;0;21;22
21491;1449;154;21;22;0;0;21;22
21493;1470;154;21;22;0;0;21;22
21494;1491;154;21;22;0;0;21;22
21495;1512;154;21;22;0;0;21;22
21496;1533;154;21;22;0;0;21;22
21497;1554;154;21;22;0;0;21;22
21499;1575;154;21;22;0;0;21;22
21500;1596;154;21;22;0;0;21;22
21501;1617;154;21;22;0;0;21;22
21505;1638;154;21;22;0;0;21;22
21507;1659;154;21;22;0;0;21;22
21508;1680;154;21;22;0;0;21;22
21510;1701;154;21;22;0;0;21;22
21512;1722;154;21;22;0;0;21;22
21513;1743;154;21;22;0;0;21;22
21514;1764;154;21;22;0;0;21;22
21515;1785;154;21;22;0;0;21;22
21516;1806;154;21;22;0;0;21;22
21517;1827;154;21;22;0;0;21;22
21518;1848;154;21;22;0;0;21;22
21519;1869;154;21;22;0;0;21;22
21520;1890;154;21;22;0;0;21;22
21521;1911;154;21;22;0;0;21;22
21522;1932;154;21;22;0;0;21;22
21523;1953;154;21;22;0;0;21;22
21525;1974;154;21;22;0;0;21;22
21526;1995;154;21;22;0;0;21;22
21527;2016;154;21;22;0;0;21;22
21531;2037;154;21;22;0;0;21;22
21532;2058;154;21;22;0;0;21;22
21533;2079;154;21;22;0;0;21;22
21534;2100;154;21;22;0;0;21;22
21535;2121;154;21;22;0;0;21;22
21536;2142;154;21;22;0;0;21;22
21537;2163;154;21;22;0;0;21;22
21539;2184;154;21;22;0;0;21;22
21542;2205;154;21;22;0;0;21;22
21543;2226;154;21;22;0;0;21;22
21544;2247;154;21;22;0;0;21;22
21545;2268;154;21;22;0;0;21;22
21547;2289;154;21;22;0;0;21;22
21548;2310;154;21;22;0;0;21;22
21549;2331;154;21;22;0;0;21;22
21550;2352;154;21;22;0;0;21;22
21551;2373;154;21;22;0;0;21;22
21553;2394;154;21;22;0;0;21;22
21554;2415;154;21;22;0;0;21;22
21555;2436;154;21;22;0;0;21;22
21556;2457;154;21;22;0;0;21;22
21557;2478;154;21;22;0;0;21;22
21558;2499;154;21;22;0;0;21;22
21560;2520;154;21;22;0;0;21;22
21561;2541;154;21;22;0;0;21;22
21562;2562;154;21;22;0;0;21;22
21563;2583;154;21;22;0;0;21;22
21564;2604;154;21;22;0;0;21;22
21565;2625;154;21;22;0;0;21;22
21566;2646;154;21;22;0;0;21;22
21568;2667;154;21;22;0;0;21;22
21570;2688;154;21;22;0;0;21;22
21571;2709;154;21;22;0;0;21;22
21574;2730;154;21;22;0;0;21;22
21576;2751;154;21;22;0;0;21;22
21577;2772;154;21;22;0;0;21;22
21578;2793;154;21;22;0;0;21;22
21579;2814;154;21;22;0;0;21;22
21582;2835;154;21;22;0;0;21;22
21584;2856;154;21;22;0;0;21;22
21586;2877;154;21;22;0;0;21;22
21587;2898;154;21;22;0;0;21;22
21588;2919;154;21;22;0;0;21;22
21589;2940;154;21;22;0;0;21;22
21590;2961;154;21;22;0;0;21;22
21591;2982;154;21;22;0;0;21;22
21592;3003;154;21;22;0;0;21;22
21595;3024;154;21;22;0;0;21;22
21596;3045;154;21;22;0;0;21;22
21602;3066;154;21;22;0;0;21;22
21603;3087;154;21;22;0;0;21;22
21604;3108;154;21;22;0;0;21;22
21606;3129;154;21;22;0;0;21;22
21608;3150;154;21;22;0;0;21;22
21610;3171;154;21;22;0;0;21;22
21613;3192;154;21;22;0;0;21;22
21615;3213;154;21;22;0;0;21;22
21617;3234;154;21;22;0;0;21;22
21618;3255;154;21;22;0;0;21;22
21619;3276;154;21;22;0;0;21;22
21621;3297;154;21;22;0;0;21;22
21622;3318;154;21;22;0;0;21;22
21623;3339;154;21;22;0;0;21;22
21624;3360;154;21;22;0;0;21;22
21627;3381;154;21;22;0;0;21;22
21628;3402;154;21;22;0;0;21;22
21629;3423;154;21;22;0;0;21;22
21632;3444;154;21;22;0;0;21;22
21634;3465;154;21;22;0;0;21;22
21636;3486;154;21;22;0;0;21;22
21638;3507;154;21;22;0;0;21;22
21643;3528;154;21;22;0;0;21;22
21644;3549;154;21;22;0;0;21;22
21646;3570;154;21;22;0;0;21;22
21647;3591;154;21;22;0;0;21;22
21648;3612;154;21;22;0;0;21;22
21650;3633;154;21;22;0;0;21;22
21652;3654;154;21;22;0;0;21;22
21653;3675;154;21;22;0;0;21;22
21654;3696;154;21;22;0;0;21;22
21657;3717;154;21;22;0;0;21;22
21658;3738;154;21;22;0;0;21;22
21659;3759;154;21;22;0;0;21;22
21661;3780;154;21;22;0;0;21;22
21667;3801;154;21;22;0;0;21;22
21668;3822;154;21;22;0;0;21;22
21670;3843;154;21;22;0;0;21;22
21671;3864;154;21;22;0;0;21;22
21672;3885;154;21;22;0;0;21;22
21673;3906;154;21;22;0;0;21;22
21674;3927;154;21;22;0;0;21;22
21675;3948;154;21;22;0;0;21;22
21676;3969;154;21;22;0;0;21;22
21679;3990;154;21;22;0;0;21;22
21681;4011;154;21;22;0;0;21;22
21682;4032;154;21;22;0;0;21;22
21683;4053;154;21;22;0;0;21;22
21684;4074;154;21;22;0;0;21;22
21688;0;176;21;22;0;0;21;22
21691;21;176;21;22;0;0;21;22
21693;42;176;21;22;0;0;21;22
21695;63;176;21;22;0;0;21;22
21696;84;176;21;22;0;0;21;22
21697;105;176;21;22;0;0;21;22
21698;126;176;21;22;0;0;21;22
21700;147;176;21;22;0;0;21;22
21702;168;176;21;22;0;0;21;22
21703;189;176;21;22;0;0;21;22
21704;210;176;21;22;0;0;21;22
21705;231;176;21;22;0;0;21;22
21708;252;176;21;22;0;0;21;22
21709;273;176;21;22;0;0;21;22
21710;294;176;21;22;0;0;21;22
21711;315;176;21;22;0;0;21;22
21712;336;176;21;22;0;0;21;22
21713;357;176;21;22;0;0;21;22
21714;378;176;21;22;0;0;21;22
21715;399;176;21;22;0;0;21;22
21716;420;176;21;22;0;0;21;22
21717;441;176;21;22;0;0;21;22
21719;462;176;21;22;0;0;21;22
21721;483;176;21;22;0;0;21;22
21722;504;176;21;22;0;0;21;22
21725;525;176;21;22;0;0;21;22
21726;546;176;21;22;0;0;21;22
21727;567;176;21;22;0;0;21;22
21729;588;176;21;22;0;0;21;22
21730;609;176;21;22;0;0;21;22
21733;630;176;21;22;0;0;21;22
21734;651;176;21;22;0;0;21;22
21735;672;176;21;22;0;0;21;22
21736;693;176;21;22;0;0;21;22
21737;714;176;21;22;0;0;21;22
21738;735;176;21;22;0;0;21;22
21741;756;176;21;22;0;0;21;22
21742;777;176;21;22;0;0;21;22
21746;798;176;21;22;0;0;21;22
21748;819;176;21;22;0;0;21;22
21754;840;176;21;22;0;0;21;22
21756;861;176;21;22;0;0;21;22
21757;882;176;21;22;0;0;21;22
21761;903;176;21;22;0;0;21;22
21764;924;176;21;22;0;0;21;22
21766;945;176;21;22;0;0;21;22
21767;966;176;21;22;0;0;21;22
21769;987;176;21;22;0;0;21;22
21770;1008;176;21;22;0;0;21;22
21775;1029;176;21;22;0;0;21;22
21776;1050;176;21;22;0;0;21;22
21777;1071;176;21;22;0;0;21;22
21780;1092;176;21;22;0;0;21;22
21786;1113;176;21;22;0;0;21;22
21787;1134;176;21;22;0;0;21;22
21792;1155;176;21;22;0;0;21;22
21794;1176;176;21;22;0;0;21;22
21795;1197;176;21;22;0;0;21;22
21796;1218;176;21;22;0;0;21;22
21799;1239;176;21;22;0;0;21;22
21804;1260;176;21;22;0;0;21;22
21806;1281;176;21;22;0;0;21;22
21807;1302;176;21;22;0;0;21;22
21808;1323;176;21;22;0;0;21;22
21809;1344;176;21;22;0;0;21;22
21811;1365;176;21;22;0;0;21;22
21813;1386;176;21;22;0;0;21;22
21815;1407;176;21;22;0;0;21;22
21816;1428;176;21;22;0;0;21;22
21820;1449;176;21;22;0;0;21;22
21822;1470;176;21;22;0;0;21;22
21823;1491;176;21;22;0;0;21;22
21825;1512;176;21;22;0;0;21;22
21827;1533;176;21;22;0;0;21;22
21828;1554;176;21;22;0;0;21;22
21830;1575;176;21;22;0;0;21;22
21833;1596;176;21;22;0;0;21;22
21834;1617;176;21;22;0;0;21;22
21839;1638;176;21;22;0;0;21;22
21840;1659;176;21;22;0;0;21;22
21843;1680;176;21;22;0;0;21;22
21845;1701;176;21;22;0;0;21;22
21846;1722;176;21;22;0;0;21;22
21847;1743;176;21;22;0;0;21;22
21852;1764;176;21;22;0;0;21;22
21854;1785;176;21;22;0;0;21;22
21855;1806;176;21;22;0;0;21;22
21857;1827;176;21;22;0;0;21;22
21859;1848;176;21;22;0;0;21;22
21860;1869;176;21;22;0;0;21;22
21861;1890;176;21;22;0;0;21;22
21862;1911;176;21;22;0;0;21;22
21863;1932;176;21;22;0;0;21;22
21866;1953;176;21;22;0;0;21;22
21868;1974;176;21;22;0;0;21;22
21869;1995;176;21;22;0;0;21;22
21870;2016;176;21;22;0;0;21;22
21872;2037;176;21;22;0;0;21;22
21877;2058;176;21;22;0;0;21;22
21878;2079;176;21;22;0;0;21;22
21879;2100;176;21;22;0;0;21;22
21880;2121;176;21;22;0;0;21;22
21883;2142;176;21;22;0;0;21;22
21884;2163;176;21;22;0;0;21;22
21886;2184;176;21;22;0;0;21;22
21888;2205;176;21;22;0;0;21;22
21889;2226;176;21;22;0;0;21;22
21890;2247;176;21;22;0;0;21;22
21891;2268;176;21;22;0;0;21;22
21892;2289;176;21;22;0;0;21;22
21895;2310;176;21;22;0;0;21;22
21896;2331;176;21;22;0;0;21;22
21897;2352;176;21;22;0;0;21;22
21898;2373;176;21;22;0;0;21;22
21899;2394;176;21;22;0;0;21;22
21903;2415;176;21;22;0;0;21;22
21905;2436;176;21;22;0;0;21;22
21908;2457;176;21;22;0;0;21;22
21912;2478;176;21;22;0;0;21;22
21913;2499;176;21;22;0;0;21;22
21914;2520;176;21;22;0;0;21;22
21916;2541;176;21;22;0;0;21;22
21917;2562;176;21;22;0;0;21;22
21919;2583;176;21;22;0;0;21;22
21927;2604;176;21;22;0;0;21;22
21929;2625;176;21;22;0;0;21;22
21930;2646;176;21;22;0;0;21;22
21931;2667;176;21;22;0;0;21;22
21932;2688;176;21;22;0;0;21;22
21934;2709;176;21;22;0;0;21;22
21937;2730;176;21;22;0;0;21;22
21938;2751;176;21;22;0;0;21;22
21939;2772;176;21;22;0;0;21;22
21941;2793;176;21;22;0;0;21;22
21942;2814;176;21;22;0;0;21;22
21943;2835;176;21;22;0;0;21;22
21945;2856;176;21;22;0;0;21;22
21947;2877;176;21;22;0;0;21;22
21949;2898;176;21;22;0;0;21;22
21950;2919;176;21;22;0;0;21;22
21956;2940;176;21;22;0;0;21;22
21957;2961;176;21;22;0;0;21;22
21958;2982;176;21;22;0;0;21;22
21959;3003;176;21;22;0;0;21;22
21961;3024;176;21;22;0;0;21;22
21964;3045;176;21;22;0;0;21;22
21965;3066;176;21;22;0;0;21;22
21966;3087;176;21;22;0;0;21;22
21968;3108;176;21;22;0;0;21;22
21969;3129;176;21;22;0;0;21;22
21970;3150;176;21;22;0;0;21;22
21971;3171;176;21;22;0;0;21;22
21972;3192;176;21;22;0;0;21;22
21974;3213;176;21;22;0;0;21;22
21976;3234;176;21;22;0;0;21;22
21978;3255;176;21;22;0;0;21;22
21980;3276;176;21;22;0;0;21;22
21981;3297;176;21;22;0;0;21;22
21982;3318;176;21;22;0;0;21;22
21983;3339;176;21;22;0;0;21;22
21985;3360;176;21;22;0;0;21;22
21987;3381;176;21;22;0;0;21;22
21988;3402;176;21;22;0;0;21;22
21989;3423;176;21;22;0;0;21;22
21990;3444;176;21;22;0;0;21;22
21992;3465;176;21;22;0;0;21;22
21993;3486;176;21;22;0;0;21;22
21994;3507;176;21;22;0;0;21;22
21995;3528;176;21;22;0;0;21;22
21996;3549;176;21;22;0;0;21;22
21999;3570;176;21;22;0;0;21;22
22002;3591;176;21;22;0;0;21;22
22003;3612;176;21;22;0;0;21;22
22005;3633;176;21;22;0;0;21;22
22006;3654;176;21;22;0;0;21;22
22007;3675;176;21;22;0;0;21;22
22013;3696;176;21;22;0;0;21;22
22014;3717;176;21;22;0;0;21;22
22016;3738;176;21;22;0;0;21;22
22017;3759;176;21;22;0;0;21;22
22022;3780;176;21;22;0;0;21;22
22024;3801;176;21;22;0;0;21;22
22025;3822;176;21;22;0;0;21;22
22028;3843;176;21;22;0;0;21;22
22029;3864;176;21;22;0;0;21;22
22030;3885;176;21;22;0;0;21;22
22036;3906;176;21;22;0;0;21;22
22038;3927;176;21;22;0;0;21;22
22039;3948;176;21;22;0;0;21;22
22040;3969;176;21;22;0;0;21;22
22042;3990;176;21;22;0;0;21;22
22043;4011;176;21;22;0;0;21;22
22044;4032;176;21;22;0;0;21;22
22046;4053;176;21;22;0;0;21;22
22047;4074;176;21;22;0;0;21;22
22049;0;198;21;22;0;0;21;22
22051;21;198;21;22;0;0;21;22
22052;42;198;21;22;0;0;21;22
22055;63;198;21;22;0;0;21;22
22057;84;198;21;22;0;0;21;22
22060;105;198;21;22;0;0;21;22
22061;126;198;21;22;0;0;21;22
22062;147;198;21;22;0;0;21;22
22063;168;198;21;22;0;0;21;22
22064;189;198;21;22;0;0;21;22
22065;210;198;21;22;0;0;21;22
22066;231;198;21;22;0;0;21;22
22068;252;198;21;22;0;0;21;22
22069;273;198;21;22;0;0;21;22
22070;294;198;21;22;0;0;21;22
22072;315;198;21;22;0;0;21;22
22073;336;198;21;22;0;0;21;22
22075;357;198;21;22;0;0;21;22
22079;378;198;21;22;0;0;21;22
22081;399;198;21;22;0;0;21;22
22085;420;198;21;22;0;0;21;22
22092;441;198;21;22;0;0;21;22
22093;462;198;21;22;0;0;21;22
22094;483;198;21;22;0;0;21;22
22096;504;198;21;22;0;0;21;22
22099;525;198;21;22;0;0;21;22
22100;546;198;21;22;0;0;21;22
22103;567;198;21;22;0;0;21;22
22104;588;198;21;22;0;0;21;22
22105;609;198;21;22;0;0;21;22
22106;630;198;21;22;0;0;21;22
22108;651;198;21;22;0;0;21;22
22109;672;198;21;22;0;0;21;22
22112;693;198;21;22;0;0;21;22
22114;714;198;21;22;0;0;21;22
22116;735;198;21;22;0;0;21;22
22117;756;198;21;22;0;0;21;22
22118;777;198;21;22;0;0;21;22
22120;798;198;21;22;0;0;21;22
22121;819;198;21;22;0;0;21;22
22122;840;198;21;22;0;0;21;22
22123;861;198;21;22;0;0;21;22
22124;882;198;21;22;0;0;21;22
22127;903;198;21;22;0;0;21;22
22129;924;198;21;22;0;0;21;22
22130;945;198;21;22;0;0;21;22
22132;966;198;21;22;0;0;21;22
22134;987;198;21;22;0;0;21;22
22136;1008;198;21;22;0;0;21;22
22137;1029;198;21;22;0;0;21;22
22139;1050;198;21;22;0;0;21;22
22140;1071;198;21;22;0;0;21;22
22144;1092;198;21;22;0;0;21;22
22148;1113;198;21;22;0;0;21;22
22149;1134;198;21;22;0;0;21;22
22150;1155;198;21;22;0;0;21;22
22151;1176;198;21;22;0;0;21;22
22158;1197;198;21;22;0;0;21;22
22159;1218;198;21;22;0;0;21;22
22160;1239;198;21;22;0;0;21;22
22163;1260;198;21;22;0;0;21;22
22165;1281;198;21;22;0;0;21;22
22169;1302;198;21;22;0;0;21;22
22179;1323;198;21;22;0;0;21;22
22181;1344;198;21;22;0;0;21;22
22182;1365;198;21;22;0;0;21;22
22183;1386;198;21;22;0;0;21;22
22184;1407;198;21;22;0;0;21;22
22190;1428;198;21;22;0;0;21;22
22191;1449;198;21;22;0;0;21;22
22195;1470;198;21;22;0;0;21;22
22196;1491;198;21;22;0;0;21;22
22198;1512;198;21;22;0;0;21;22
22199;1533;198;21;22;0;0;21;22
22204;1554;198;21;22;0;0;21;22
22208;1575;198;21;22;0;0;21;22
22209;1596;198;21;22;0;0;21;22
22210;1617;198;21;22;0;0;21;22
22216;1638;198;21;22;0;0;21;22
22217;1659;198;21;22;0;0;21;22
22218;1680;198;21;22;0;0;21;22
22220;1701;198;21;22;0;0;21;22
22221;1722;198;21;22;0;0;21;22
22225;1743;198;21;22;0;0;21;22
22228;1764;198;21;22;0;0;21;22
22234;1785;198;21;22;0;0;21;22
22235;1806;198;21;22;0;0;21;22
22237;1827;198;21;22;0;0;21;22
22238;1848;198;21;22;0;0;21;22
22239;1869;198;21;22;0;0;21;22
22240;1890;198;21;22;0;0;21;22
22241;1911;198;21;22;0;0;21;22
22242;1932;198;21;22;0;0;21;22
22243;1953;198;21;22;0;0;21;22
22244;1974;198;21;22;0;0;21;22
22250;1995;198;21;22;0;0;21;22
22251;2016;198;21;22;0;0;21;22
22253;2037;198;21;22;0;0;21;22
22256;2058;198;21;22;0;0;21;22
22257;2079;198;21;22;0;0;21;22
22258;2100;198;21;22;0;0;21;22
22259;2121;198;21;22;0;0;21;22
22260;2142;198;21;22;0;0;21;22
22261;2163;198;21;22;0;0;21;22
22263;2184;198;21;22;0;0;21;22
22265;2205;198;21;22;0;0;21;22
22266;2226;198;21;22;0;0;21;22
22269;2247;198;21;22;0;0;21;22
22270;2268;198;21;22;0;0;21;22
22271;2289;198;21;22;0;0;21;22
22275;2310;198;21;22;0;0;21;22
22276;2331;198;21;22;0;0;21;22
22278;2352;198;21;22;0;0;21;22
22279;2373;198;21;22;0;0;21;22
22280;2394;198;21;22;0;0;21;22
22281;2415;198;21;22;0;0;21;22
22282;2436;198;21;22;0;0;21;22
22283;2457;198;21;22;0;0;21;22
22285;2478;198;21;22;0;0;21;22
22287;2499;198;21;22;0;0;21;22
22290;2520;198;21;22;0;0;21;22
22291;2541;198;21;22;0;0;21;22
22294;2562;198;21;22;0;0;21;22
22296;2583;198;21;22;0;0;21;22
22300;2604;198;21;22;0;0;21;22
22303;2625;198;21;22;0;0;21;22
22307;2646;198;21;22;0;0;21;22
22311;2667;198;21;22;0;0;21;22
22312;2688;198;21;22;0;0;21;22
22313;2709;198;21;22;0;0;21;22
22314;2730;198;21;22;0;0;21;22
22316;2751;198;21;22;0;0;21;22
22317;2772;198;21;22;0;0;21;22
22318;2793;198;21;22;0;0;21;22
22319;2814;198;21;22;0;0;21;22
22320;2835;198;21;22;0;0;21;22
22323;2856;198;21;22;0;0;21;22
22329;2877;198;21;22;0;0;21;22
22330;2898;198;21;22;0;0;21;22
22331;2919;198;21;22;0;0;21;22
22334;2940;198;21;22;0;0;21;22
22336;2961;198;21;22;0;0;21;22
22338;2982;198;21;22;0;0;21;22
22343;3003;198;21;22;0;0;21;22
22346;3024;198;21;22;0;0;21;22
22348;3045;198;21;22;0;0;21;22
22349;3066;198;21;22;0;0;21;22
22350;3087;198;21;22;0;0;21;22
22351;3108;198;21;22;0;0;21;22
22352;3129;198;21;22;0;0;21;22
22353;3150;198;21;22;0;0;21;22
22359;3171;198;21;22;0;0;21;22
22362;3192;198;21;22;0;0;21;22
22363;3213;198;21;22;0;0;21;22
22365;3234;198;21;22;0;0;21;22
22366;3255;198;21;22;0;0;21;22
22367;3276;198;21;22;0;0;21;22
22368;3297;198;21;22;0;0;21;22
22369;3318;198;21;22;0;0;21;22
22372;3339;198;21;22;0;0;21;22
22374;3360;198;21;22;0;0;21;22
22376;3381;198;21;22;0;0;21;22
22377;3402;198;21;22;0;0;21;22
22378;3423;198;21;22;0;0;21;22
22379;3444;198;21;22;0;0;21;22
22381;3465;198;21;22;0;0;21;22
22383;3486;198;21;22;0;0;21;22
22384;3507;198;21;22;0;0;21;22
22387;3528;198;21;22;0;0;21;22
22391;3549;198;21;22;0;0;21;22
22395;3570;198;21;22;0;0;21;22
22396;3591;198;21;22;0;0;21;22
22402;3612;198;21;22;0;0;21;22
22403;3633;198;21;22;0;0;21;22
22404;3654;198;21;22;0;0;21;22
22406;3675;198;21;22;0;0;21;22
22411;3696;198;21;22;0;0;21;22
22412;3717;198;21;22;0;0;21;22
22418;3738;198;21;22;0;0;21;22
22419;3759;198;21;22;0;0;21;22
22427;3780;198;21;22;0;0;21;22
22432;3801;198;21;22;0;0;21;22
22433;3822;198;21;22;0;0;21;22
22434;3843;198;21;22;0;0;21;22
22435;3864;198;21;22;0;0;21;22
22436;3885;198;21;22;0;0;21;22
22438;3906;198;21;22;0;0;21;22
22439;3927;198;21;22;0;0;21;22
22441;3948;198;21;22;0;0;21;22
22443;3969;198;21;22;0;0;21;22
22445;3990;198;21;22;0;0;21;22
22446;4011;198;21;22;0;0;21;22
22449;4032;198;21;22;0;0;21;22
22453;4053;198;21;22;0;0;21;22
22456;4074;198;21;22;0;0;21;22
22466;0;220;21;22;0;0;21;22
22467;21;220;21;22;0;0;21;22
22475;42;220;21;22;0;0;21;22
22478;63;220;21;22;0;0;21;22
22482;84;220;21;22;0;0;21;22
22484;105;220;21;22;0;0;21;22
22485;126;220;21;22;0;0;21;22
22488;147;220;21;22;0;0;21;22
22489;168;220;21;22;0;0;21;22
22490;189;220;21;22;0;0;21;22
22493;210;220;21;22;0;0;21;22
22495;231;220;21;22;0;0;21;22
22496;252;220;21;22;0;0;21;22
22497;273;220;21;22;0;0;21;22
22500;294;220;21;22;0;0;21;22
22509;315;220;21;22;0;0;21;22
22511;336;220;21;22;0;0;21;22
22516;357;220;21;22;0;0;21;22
22517;378;220;21;22;0;0;21;22
22519;399;220;21;22;0;0;21;22
22520;420;220;21;22;0;0;21;22
22521;441;220;21;22;0;0;21;22
22522;462;220;21;22;0;0;21;22
22524;483;220;21;22;0;0;21;22
22525;504;220;21;22;0;0;21;22
22528;525;220;21;22;0;0;21;22
22530;546;220;21;22;0;0;21;22
22533;567;220;21;22;0;0;21;22
22534;588;220;21;22;0;0;21;22
22535;609;220;21;22;0;0;21;22
22537;630;220;21;22;0;0;21;22
22538;651;220;21;22;0;0;21;22
22539;672;220;21;22;0;0;21;22
22541;693;220;21;22;0;0;21;22
22545;714;220;21;22;0;0;21;22
22549;735;220;21;22;0;0;21;22
22553;756;220;21;22;0;0;21;22
22557;777;220;21;22;0;0;21;22
22558;798;220;21;22;0;0;21;22
22560;819;220;21;22;0;0;21;22
22561;840;220;21;22;0;0;21;22
22563;861;220;21;22;0;0;21;22
22564;882;220;21;22;0;0;21;22
22566;903;220;21;22;0;0;21;22
22570;924;220;21;22;0;0;21;22
22575;945;220;21;22;0;0;21;22
22576;966;220;21;22;0;0;21;22
22577;987;220;21;22;0;0;21;22
22580;1008;220;21;22;0;0;21;22
22581;1029;220;21;22;0;0;21;22
22591;1050;220;21;22;0;0;21;22
22592;1071;220;21;22;0;0;21;22
22593;1092;220;21;22;0;0;21;22
22596;1113;220;21;22;0;0;21;22
22598;1134;220;21;22;0;0;21;22
22602;1155;220;21;22;0;0;21;22
22603;1176;220;21;22;0;0;21;22
22604;1197;220;21;22;0;0;21;22
22605;1218;220;21;22;0;0;21;22
22609;1239;220;21;22;0;0;21;22
22610;1260;220;21;22;0;0;21;22
22612;1281;220;21;22;0;0;21;22
22615;1302;220;21;22;0;0;21;22
22616;1323;220;21;22;0;0;21;22
22618;1344;220;21;22;0;0;21;22
22622;1365;220;21;22;0;0;21;22
22625;1386;220;21;22;0;0;21;22
22626;1407;220;21;22;0;0;21;22
22628;1428;220;21;22;0;0;21;22
22633;1449;220;21;22;0;0;21;22
22635;1470;220;21;22;0;0;21;22
22636;1491;220;21;22;0;0;21;22
22637;1512;220;21;22;0;0;21;22
22645;1533;220;21;22;0;0;21;22
22649;1554;220;21;22;0;0;21;22
22654;1575;220;21;22;0;0;21;22
22656;1596;220;21;22;0;0;21;22
22657;1617;220;21;22;0;0;21;22
22659;1638;220;21;22;0;0;21;22
22661;1659;220;21;22;0;0;21;22
22665;1680;220;21;22;0;0;21;22
22666;1701;220;21;22;0;0;21;22
22673;1722;220;21;22;0;0;21;22
22674;1743;220;21;22;0;0;21;22
22675;1764;220;21;22;0;0;21;22
22679;1785;220;21;22;0;0;21;22
22680;1806;220;21;22;0;0;21;22
22681;1827;220;21;22;0;0;21;22
22684;1848;220;21;22;0;0;21;22
22686;1869;220;21;22;0;0;21;22
22687;1890;220;21;22;0;0;21;22
22694;1911;220;21;22;0;0;21;22
22696;1932;220;21;22;0;0;21;22
22697;1953;220;21;22;0;0;21;22
22702;1974;220;21;22;0;0;21;22
22707;1995;220;21;22;0;0;21;22
22715;2016;220;21;22;0;0;21;22
22716;2037;220;21;22;0;0;21;22
22718;2058;220;21;22;0;0;21;22
22721;2079;220;21;22;0;0;21;22
22722;2100;220;21;22;0;0;21;22
22725;2121;220;21;22;0;0;21;22
22726;2142;220;21;22;0;0;21;22
22727;2163;220;21;22;0;0;21;22
22730;2184;220;21;22;0;0;21;22
22732;2205;220;21;22;0;0;21;22
22737;2226;220;21;22;0;0;21;22
22739;2247;220;21;22;0;0;21;22
22741;2268;220;21;22;0;0;21;22
22744;2289;220;21;22;0;0;21;22
22745;2310;220;21;22;0;0;21;22
22746;2331;220;21;22;0;0;21;22
22750;2352;220;21;22;0;0;21;22
22751;2373;220;21;22;0;0;21;22
22754;2394;220;21;22;0;0;21;22
22756;2415;220;21;22;0;0;21;22
22761;2436;220;21;22;0;0;21;22
22763;2457;220;21;22;0;0;21;22
22764;2478;220;21;22;0;0;21;22
22766;2499;220;21;22;0;0;21;22
22767;2520;220;21;22;0;0;21;22
22768;2541;220;21;22;0;0;21;22
22769;2562;220;21;22;0;0;21;22
22770;2583;220;21;22;0;0;21;22
22771;2604;220;21;22;0;0;21;22
22774;2625;220;21;22;0;0;21;22
22777;2646;220;21;22;0;0;21;22
22778;2667;220;21;22;0;0;21;22
22781;2688;220;21;22;0;0;21;22
22788;2709;220;21;22;0;0;21;22
22791;2730;220;21;22;0;0;21;22
22793;2751;220;21;22;0;0;21;22
22797;2772;220;21;22;0;0;21;22
22799;2793;220;21;22;0;0;21;22
22804;2814;220;21;22;0;0;21;22
22805;2835;220;21;22;0;0;21;22
22806;2856;220;21;22;0;0;21;22
22809;2877;220;21;22;0;0;21;22
22810;2898;220;21;22;0;0;21;22
22812;2919;220;21;22;0;0;21;22
22815;2940;220;21;22;0;0;21;22
22816;2961;220;21;22;0;0;21;22
22818;2982;220;21;22;0;0;21;22
22820;3003;220;21;22;0;0;21;22
22821;3024;220;21;22;0;0;21;22
22823;3045;220;21;22;0;0;21;22
22825;3066;220;21;22;0;0;21;22
22826;3087;220;21;22;0;0;21;22
22827;3108;220;21;22;0;0;21;22
22828;3129;220;21;22;0;0;21;22
22829;3150;220;21;22;0;0;21;22
22830;3171;220;21;22;0;0;21;22
22831;3192;220;21;22;0;0;21;22
22833;3213;220;21;22;0;0;21;22
22836;3234;220;21;22;0;0;21;22
22839;3255;220;21;22;0;0;21;22
22840;3276;220;21;22;0;0;21;22
22841;3297;220;21;22;0;0;21;22
22842;3318;220;21;22;0;0;21;22
22844;3339;220;21;22;0;0;21;22
22846;3360;220;21;22;0;0;21;22
22849;3381;220;21;22;0;0;21;22
22850;3402;220;21;22;0;0;21;22
22852;3423;220;21;22;0;0;21;22
22855;3444;220;21;22;0;0;21;22
22856;3465;220;21;22;0;0;21;22
22857;3486;220;21;22;0;0;21;22
22859;3507;220;21;22;0;0;21;22
22860;3528;220;21;22;0;0;21;22
22862;3549;220;21;22;0;0;21;22
22863;3570;220;21;22;0;0;21;22
22864;3591;220;21;22;0;0;21;22
22865;3612;220;21;22;0;0;21;22
22868;3633;220;21;22;0;0;21;22
22869;3654;220;21;22;0;0;21;22
22870;3675;220;21;22;0;0;21;22
22871;3696;220;21;22;0;0;21;22
22872;3717;220;21;22;0;0;21;22
22874;3738;220;21;22;0;0;21;22
22880;3759;220;21;22;0;0;21;22
22882;3780;220;21;22;0;0;21;22
22885;3801;220;21;22;0;0;21;22
22887;3822;220;21;22;0;0;21;22
22888;3843;220;21;22;0;0;21;22
22889;3864;220;21;22;0;0;21;22
22890;3885;220;21;22;0;0;21;22
22893;3906;220;21;22;0;0;21;22
22894;3927;220;21;22;0;0;21;22
22899;3948;220;21;22;0;0;21;22
22900;3969;220;21;22;0;0;21;22
22902;3990;220;21;22;0;0;21;22
22904;4011;220;21;22;0;0;21;22
22905;4032;220;21;22;0;0;21;22
22909;4053;220;21;22;0;0;21;22
22913;4074;220;21;22;0;0;21;22
22914;0;242;21;22;0;0;21;22
22915;21;242;21;22;0;0;21;22
22916;42;242;21;22;0;0;21;22
22918;63;242;21;22;0;0;21;22
22919;84;242;21;22;0;0;21;22
22920;105;242;21;22;0;0;21;22
22922;126;242;21;22;0;0;21;22
22925;147;242;21;22;0;0;21;22
22930;168;242;21;22;0;0;21;22
22931;189;242;21;22;0;0;21;22
22934;210;242;21;22;0;0;21;22
22935;231;242;21;22;0;0;21;22
22937;252;242;21;22;0;0;21;22
22941;273;242;21;22;0;0;21;22
22942;294;242;21;22;0;0;21;22
22947;315;242;21;22;0;0;21;22
22948;336;242;21;22;0;0;21;22
22949;357;242;21;22;0;0;21;22
22952;378;242;21;22;0;0;21;22
22953;399;242;21;22;0;0;21;22
22954;420;242;21;22;0;0;21;22
22955;441;242;21;22;0;0;21;22
22956;462;242;21;22;0;0;21;22
22958;483;242;21;22;0;0;21;22
22959;504;242;21;22;0;0;21;22
22962;525;242;21;22;0;0;21;22
22963;546;242;21;22;0;0;21;22
22969;567;242;21;22;0;0;21;22
22970;588;242;21;22;0;0;21;22
22971;609;242;21;22;0;0;21;22
22974;630;242;21;22;0;0;21;22
22982;651;242;21;22;0;0;21;22
22985;672;242;21;22;0;0;21;22
22986;693;242;21;22;0;0;21;22
22987;714;242;21;22;0;0;21;22
22989;735;242;21;22;0;0;21;22
22992;756;242;21;22;0;0;21;22
22993;777;242;21;22;0;0;21;22
22994;798;242;21;22;0;0;21;22
22995;819;242;21;22;0;0;21;22
22996;840;242;21;22;0;0;21;22
22999;861;242;21;22;0;0;21;22
23000;882;242;21;22;0;0;21;22
23002;903;242;21;22;0;0;21;22
23004;924;242;21;22;0;0;21;22
23005;945;242;21;22;0;0;21;22
23011;966;242;21;22;0;0;21;22
23013;987;242;21;22;0;0;21;22
23014;1008;242;21;22;0;0;21;22
23016;1029;242;21;22;0;0;21;22
23018;1050;242;21;22;0;0;21;22
23019;1071;242;21;22;0;0;21;22
23020;1092;242;21;22;0;0;21;22
23022;1113;242;21;22;0;0;21;22
23033;1134;242;21;22;0;0;21;22
23035;1155;242;21;22;0;0;21;22
23039;1176;242;21;22;0;0;21;22
23041;1197;242;21;22;0;0;21;22
23043;1218;242;21;22;0;0;21;22
23044;1239;242;21;22;0;0;21;22
23045;1260;242;21;22;0;0;21;22
23046;1281;242;21;22;0;0;21;22
23047;1302;242;21;22;0;0;21;22
23048;1323;242;21;22;0;0;21;22
23049;1344;242;21;22;0;0;21;22
23052;1365;242;21;22;0;0;21;22
23057;1386;242;21;22;0;0;21;22
23059;1407;242;21;22;0;0;21;22
23064;1428;242;21;22;0;0;21;22
23067;1449;242;21;22;0;0;21;22
23068;1470;242;21;22;0;0;21;22
23071;1491;242;21;22;0;0;21;22
23072;1512;242;21;22;0;0;21;22
23075;1533;242;21;22;0;0;21;22
23077;1554;242;21;22;0;0;21;22
23081;1575;242;21;22;0;0;21;22
23087;1596;242;21;22;0;0;21;22
23089;1617;242;21;22;0;0;21;22
23090;1638;242;21;22;0;0;21;22
23092;1659;242;21;22;0;0;21;22
23094;1680;242;21;22;0;0;21;22
23100;1701;242;21;22;0;0;21;22
23104;1722;242;21;22;0;0;21;22
23105;1743;242;21;22;0;0;21;22
23110;1764;242;21;22;0;0;21;22
23113;1785;242;21;22;0;0;21;22
23114;1806;242;21;22;0;0;21;22
23125;1827;242;21;22;0;0;21;22
23130;1848;242;21;22;0;0;21;22
23138;1869;242;21;22;0;0;21;22
23142;1890;242;21;22;0;0;21;22
23143;1911;242;21;22;0;0;21;22
23146;1932;242;21;22;0;0;21;22
23149;1953;242;21;22;0;0;21;22
23156;1974;242;21;22;0;0;21;22
23157;1995;242;21;22;0;0;21;22
23158;2016;242;21;22;0;0;21;22
23159;2037;242;21;22;0;0;21;22
23162;2058;242;21;22;0;0;21;22
23167;2079;242;21;22;0;0;21;22
23186;2100;242;21;22;0;0;21;22
23194;2121;242;21;22;0;0;21;22
23195;2142;242;21;22;0;0;21;22
23196;2163;242;21;22;0;0;21;22
23207;2184;242;21;22;0;0;21;22
23210;2205;242;21;22;0;0;21;22
23213;2226;242;21;22;0;0;21;22
23215;2247;242;21;22;0;0;21;22
23218;2268;242;21;22;0;0;21;22
23219;2289;242;21;22;0;0;21;22
23221;2310;242;21;22;0;0;21;22
23224;2331;242;21;22;0;0;21;22
23228;2352;242;21;22;0;0;21;22
23229;2373;242;21;22;0;0;21;22
23230;2394;242;21;22;0;0;21;22
23231;2415;242;21;22;0;0;21;22
23233;2436;242;21;22;0;0;21;22
23234;2457;242;21;22;0;0;21;22
23236;2478;242;21;22;0;0;21;22
23241;2499;242;21;22;0;0;21;22
23243;2520;242;21;22;0;0;21;22
23244;2541;242;21;22;0;0;21;22
23250;2562;242;21;22;0;0;21;22
23252;2583;242;21;22;0;0;21;22
23254;2604;242;21;22;0;0;21;22
23255;2625;242;21;22;0;0;21;22
23256;2646;242;21;22;0;0;21;22
23258;2667;242;21;22;0;0;21;22
23264;2688;242;21;22;0;0;21;22
23265;2709;242;21;22;0;0;21;22
23267;2730;242;21;22;0;0;21;22
23270;2751;242;21;22;0;0;21;22
23273;2772;242;21;22;0;0;21;22
23275;2793;242;21;22;0;0;21;22
23281;2814;242;21;22;0;0;21;22
23285;2835;242;21;22;0;0;21;22
23290;2856;242;21;22;0;0;21;22
23291;2877;242;21;22;0;0;21;22
23304;2898;242;21;22;0;0;21;22
23305;2919;242;21;22;0;0;21;22
23307;2940;242;21;22;0;0;21;22
23308;2961;242;21;22;0;0;21;22
23311;2982;242;21;22;0;0;21;22
23318;3003;242;21;22;0;0;21;22
23319;3024;242;21;22;0;0;21;22
23321;3045;242;21;22;0;0;21;22
23325;3066;242;21;22;0;0;21;22
23329;3087;242;21;22;0;0;21;22
23330;3108;242;21;22;0;0;21;22
23332;3129;242;21;22;0;0;21;22
23338;3150;242;21;22;0;0;21;22
23344;3171;242;21;22;0;0;21;22
23348;3192;242;21;22;0;0;21;22
23351;3213;242;21;22;0;0;21;22
23352;3234;242;21;22;0;0;21;22
23360;3255;242;21;22;0;0;21;22
23363;3276;242;21;22;0;0;21;22
23372;3297;242;21;22;0;0;21;22
23376;3318;242;21;22;0;0;21;22
23377;3339;242;21;22;0;0;21;22
23379;3360;242;21;22;0;0;21;22
23380;3381;242;21;22;0;0;21;22
23381;3402;242;21;22;0;0;21;22
23383;3423;242;21;22;0;0;21;22
23384;3444;242;21;22;0;0;21;22
23385;3465;242;21;22;0;0;21;22
23386;3486;242;21;22;0;0;21;22
23387;3507;242;21;22;0;0;21;22
23388;3528;242;21;22;0;0;21;22
23389;3549;242;21;22;0;0;21;22
23391;3570;242;21;22;0;0;21;22
23394;3591;242;21;22;0;0;21;22
23395;3612;242;21;22;0;0;21;22
23396;3633;242;21;22;0;0;21;22
23397;3654;242;21;22;0;0;21;22
23398;3675;242;21;22;0;0;21;22
23401;3696;242;21;22;0;0;21;22
23402;3717;242;21;22;0;0;21;22
23403;3738;242;21;22;0;0;21;22
23404;3759;242;21;22;0;0;21;22
23408;3780;242;21;22;0;0;21;22
23409;3801;242;21;22;0;0;21;22
23411;3822;242;21;22;0;0;21;22
23413;3843;242;21;22;0;0;21;22
23416;3864;242;21;22;0;0;21;22
23418;3885;242;21;22;0;0;21;22
23421;3906;242;21;22;0;0;21;22
23423;3927;242;21;22;0;0;21;22
23425;3948;242;21;22;0;0;21;22
23427;3969;242;21;22;0;0;21;22
23429;3990;242;21;22;0;0;21;22
23431;4011;242;21;22;0;0;21;22
23432;4032;242;21;22;0;0;21;22
23433;4053;242;21;22;0;0;21;22
23435;4074;242;21;22;0;0;21;22
23436;0;264;21;22;0;0;21;22
23439;21;264;21;22;0;0;21;22
23443;42;264;21;22;0;0;21;22
23444;63;264;21;22;0;0;21;22
23445;84;264;21;22;0;0;21;22
23447;105;264;21;22;0;0;21;22
23448;126;264;21;22;0;0;21;22
23449;147;264;21;22;0;0;21;22
23450;168;264;21;22;0;0;21;22
23451;189;264;21;22;0;0;21;22
23452;210;264;21;22;0;0;21;22
23453;231;264;21;22;0;0;21;22
23454;252;264;21;22;0;0;21;22
23455;273;264;21;22;0;0;21;22
23456;294;264;21;22;0;0;21;22
23457;315;264;21;22;0;0;21;22
23458;336;264;21;22;0;0;21;22
23459;357;264;21;22;0;0;21;22
23460;378;264;21;22;0;0;21;22
23461;399;264;21;22;0;0;21;22
23462;420;264;21;22;0;0;21;22
23466;441;264;21;22;0;0;21;22
23467;462;264;21;22;0;0;21;22
23470;483;264;21;22;0;0;21;22
23472;504;264;21;22;0;0;21;22
23475;525;264;21;22;0;0;21;22
23476;546;264;21;22;0;0;21;22
23477;567;264;21;22;0;0;21;22
23478;588;264;21;22;0;0;21;22
23480;609;264;21;22;0;0;21;22
23481;630;264;21;22;0;0;21;22
23485;651;264;21;22;0;0;21;22
23486;672;264;21;22;0;0;21;22
23487;693;264;21;22;0;0;21;22
23490;714;264;21;22;0;0;21;22
23492;735;264;21;22;0;0;21;22
23493;756;264;21;22;0;0;21;22
23494;777;264;21;22;0;0;21;22
23495;798;264;21;22;0;0;21;22
23500;819;264;21;22;0;0;21;22
23504;840;264;21;22;0;0;21;22
23506;861;264;21;22;0;0;21;22
23507;882;264;21;22;0;0;21;22
23515;903;264;21;22;0;0;21;22
23517;924;264;21;22;0;0;21;22
23518;945;264;21;22;0;0;21;22
23519;966;264;21;22;0;0;21;22
23521;987;264;21;22;0;0;21;22
23522;1008;264;21;22;0;0;21;22
23524;1029;264;21;22;0;0;21;22
23525;1050;264;21;22;0;0;21;22
23526;1071;264;21;22;0;0;21;22
23527;1092;264;21;22;0;0;21;22
23528;1113;264;21;22;0;0;21;22
23529;1134;264;21;22;0;0;21;22
23531;1155;264;21;22;0;0;21;22
23532;1176;264;21;22;0;0;21;22
23534;1197;264;21;22;0;0;21;22
23536;1218;264;21;22;0;0;21;22
23541;1239;264;21;22;0;0;21;22
23542;1260;264;21;22;0;0;21;22
23544;1281;264;21;22;0;0;21;22
23545;1302;264;21;22;0;0;21;22
23546;1323;264;21;22;0;0;21;22
23547;1344;264;21;22;0;0;21;22
23548;1365;264;21;22;0;0;21;22
23550;1386;264;21;22;0;0;21;22
23551;1407;264;21;22;0;0;21;22
23553;1428;264;21;22;0;0;21;22
23554;1449;264;21;22;0;0;21;22
23556;1470;264;21;22;0;0;21;22
23558;1491;264;21;22;0;0;21;22
23559;1512;264;21;22;0;0;21;22
23560;1533;264;21;22;0;0;21;22
23561;1554;264;21;22;0;0;21;22
23562;1575;264;21;22;0;0;21;22
23563;1596;264;21;22;0;0;21;22
23565;1617;264;21;22;0;0;21;22
23566;1638;264;21;22;0;0;21;22
23567;1659;264;21;22;0;0;21;22
23569;1680;264;21;22;0;0;21;22
23571;1701;264;21;22;0;0;21;22
23572;1722;264;21;22;0;0;21;22
23573;1743;264;21;22;0;0;21;22
23574;1764;264;21;22;0;0;21;22
23576;1785;264;21;22;0;0;21;22
23578;1806;264;21;22;0;0;21;22
23580;1827;264;21;22;0;0;21;22
23581;1848;264;21;22;0;0;21;22
23588;1869;264;21;22;0;0;21;22
23589;1890;264;21;22;0;0;21;22
23591;1911;264;21;22;0;0;21;22
23594;1932;264;21;22;0;0;21;22
23596;1953;264;21;22;0;0;21;22
23601;1974;264;21;22;0;0;21;22
23602;1995;264;21;22;0;0;21;22
23604;2016;264;21;22;0;0;21;22
23607;2037;264;21;22;0;0;21;22
23608;2058;264;21;22;0;0;21;22
23609;2079;264;21;22;0;0;21;22
23610;2100;264;21;22;0;0;21;22
23611;2121;264;21;22;0;0;21;22
23612;2142;264;21;22;0;0;21;22
23613;2163;264;21;22;0;0;21;22
23614;2184;264;21;22;0;0;21;22
23615;2205;264;21;22;0;0;21;22
23616;2226;264;21;22;0;0;21;22
23617;2247;264;21;22;0;0;21;22
23618;2268;264;21;22;0;0;21;22
23621;2289;264;21;22;0;0;21;22
23622;2310;264;21;22;0;0;21;22
23624;2331;264;21;22;0;0;21;22
23625;2352;264;21;22;0;0;21;22
23626;2373;264;21;22;0;0;21;22
23627;2394;264;21;22;0;0;21;22
23629;2415;264;21;22;0;0;21;22
23630;2436;264;21;22;0;0;21;22
23631;2457;264;21;22;0;0;21;22
23632;2478;264;21;22;0;0;21;22
23633;2499;264;21;22;0;0;21;22
23637;2520;264;21;22;0;0;21;22
23640;2541;264;21;22;0;0;21;22
23641;2562;264;21;22;0;0;21;22
23644;2583;264;21;22;0;0;21;22
23646;2604;264;21;22;0;0;21;22
23648;2625;264;21;22;0;0;21;22
23649;2646;264;21;22;0;0;21;22
23650;2667;264;21;22;0;0;21;22
23651;2688;264;21;22;0;0;21;22
23652;2709;264;21;22;0;0;21;22
23653;2730;264;21;22;0;0;21;22
23654;2751;264;21;22;0;0;21;22
23656;2772;264;21;22;0;0;21;22
23660;2793;264;21;22;0;0;21;22
23663;2814;264;21;22;0;0;21;22
23665;2835;264;21;22;0;0;21;22
23673;2856;264;21;22;0;0;21;22
23674;2877;264;21;22;0;0;21;22
23676;2898;264;21;22;0;0;21;22
23679;2919;264;21;22;0;0;21;22
23681;2940;264;21;22;0;0;21;22
23682;2961;264;21;22;0;0;21;22
23688;2982;264;21;22;0;0;21;22
23692;3003;264;21;22;0;0;21;22
23696;3024;264;21;22;0;0;21;22
23697;3045;264;21;22;0;0;21;22
23700;3066;264;21;22;0;0;21;22
23702;3087;264;21;22;0;0;21;22
23703;3108;264;21;22;0;0;21;22
23704;3129;264;21;22;0;0;21;22
23706;3150;264;21;22;0;0;21;22
23707;3171;264;21;22;0;0;21;22
23713;3192;264;21;22;0;0;21;22
23714;3213;264;21;22;0;0;21;22
23715;3234;264;21;22;0;0;21;22
23721;3255;264;21;22;0;0;21;22
23723;3276;264;21;22;0;0;21;22
23724;3297;264;21;22;0;0;21;22
23725;3318;264;21;22;0;0;21;22
23729;3339;264;21;22;0;0;21;22
23731;3360;264;21;22;0;0;21;22
23735;3381;264;21;22;0;0;21;22
23736;3402;264;21;22;0;0;21;22
23743;3423;264;21;22;0;0;21;22
23745;3444;264;21;22;0;0;21;22
23748;3465;264;21;22;0;0;21;22
23751;3486;264;21;22;0;0;21;22
23755;3507;264;21;22;0;0;21;22
23762;3528;264;21;22;0;0;21;22
23769;3549;264;21;22;0;0;21;22
23776;3570;264;21;22;0;0;21;22
23777;3591;264;21;22;0;0;21;22
23779;3612;264;21;22;0;0;21;22
23780;3633;264;21;22;0;0;21;22
23781;3654;264;21;22;0;0;21;22
23782;3675;264;21;22;0;0;21;22
23784;3696;264;21;22;0;0;21;22
23786;3717;264;21;22;0;0;21;22
23789;3738;264;21;22;0;0;21;22
23792;3759;264;21;22;0;0;21;22
23796;3780;264;21;22;0;0;21;22
23798;3801;264;21;22;0;0;21;22
23803;3822;264;21;22;0;0;21;22
23805;3843;264;21;22;0;0;21;22
23809;3864;264;21;22;0;0;21;22
23810;3885;264;21;22;0;0;21;22
23811;3906;264;21;22;0;0;21;22
23814;3927;264;21;22;0;0;21;22
23815;3948;264;21;22;0;0;21;22
23821;3969;264;21;22;0;0;21;22
23822;3990;264;21;22;0;0;21;22
23825;4011;264;21;22;0;0;21;22
23828;4032;264;21;22;0;0;21;22
23830;4053;264;21;22;0;0;21;22
23831;4074;264;21;22;0;0;21;22
23833;0;286;21;22;0;0;21;22
23834;21;286;21;22;0;0;21;22
23835;42;286;21;22;0;0;21;22
23842;63;286;21;22;0;0;21;22
23844;84;286;21;22;0;0;21;22
23846;105;286;21;22;0;0;21;22
23849;126;286;21;22;0;0;21;22
23853;147;286;21;22;0;0;21;22
23854;168;286;21;22;0;0;21;22
23859;189;286;21;22;0;0;21;22
23860;210;286;21;22;0;0;21;22
23869;231;286;21;22;0;0;21;22
23879;252;286;21;22;0;0;21;22
23882;273;286;21;22;0;0;21;22
23883;294;286;21;22;0;0;21;22
23884;315;286;21;22;0;0;21;22
23886;336;286;21;22;0;0;21;22
23888;357;286;21;22;0;0;21;22
23894;378;286;21;22;0;0;21;22
23896;399;286;21;22;0;0;21;22
23897;420;286;21;22;0;0;21;22
23899;441;286;21;22;0;0;21;22
23901;462;286;21;22;0;0;21;22
23912;483;286;21;22;0;0;21;22
23913;504;286;21;22;0;0;21;22
23915;525;286;21;22;0;0;21;22
23916;546;286;21;22;0;0;21;22
23919;567;286;21;22;0;0;21;22
23924;588;286;21;22;0;0;21;22
23936;609;286;21;22;0;0;21;22
23937;630;286;21;22;0;0;21;22
23938;651;286;21;22;0;0;21;22
23940;672;286;21;22;0;0;21;22
23943;693;286;21;22;0;0;21;22
23956;714;286;21;22;0;0;21;22
23959;735;286;21;22;0;0;21;22
23961;756;286;21;22;0;0;21;22
23965;777;286;21;22;0;0;21;22
23968;798;286;21;22;0;0;21;22
23975;819;286;21;22;0;0;21;22
23991;840;286;21;22;0;0;21;22
23992;861;286;21;22;0;0;21;22
23994;882;286;21;22;0;0;21;22
23996;903;286;21;22;0;0;21;22
23997;924;286;21;22;0;0;21;22
24005;945;286;21;22;0;0;21;22
24009;966;286;21;22;0;0;21;22
24011;987;286;21;22;0;0;21;22
24013;1008;286;21;22;0;0;21;22
24018;1029;286;21;22;0;0;21;22
24020;1050;286;21;22;0;0;21;22
24022;1071;286;21;22;0;0;21;22
24029;1092;286;21;22;0;0;21;22
24030;1113;286;21;22;0;0;21;22
24033;1134;286;21;22;0;0;21;22
24034;1155;286;21;22;0;0;21;22
24035;1176;286;21;22;0;0;21;22
24037;1197;286;21;22;0;0;21;22
24038;1218;286;21;22;0;0;21;22
24039;1239;286;21;22;0;0;21;22
24040;1260;286;21;22;0;0;21;22
24041;1281;286;21;22;0;0;21;22
24043;1302;286;21;22;0;0;21;22
24046;1323;286;21;22;0;0;21;22
24047;1344;286;21;22;0;0;21;22
24048;1365;286;21;22;0;0;21;22
24049;1386;286;21;22;0;0;21;22
24050;1407;286;21;22;0;0;21;22
24051;1428;286;21;22;0;0;21;22
24052;1449;286;21;22;0;0;21;22
24055;1470;286;21;22;0;0;21;22
24057;1491;286;21;22;0;0;21;22
24059;1512;286;21;22;0;0;21;22
24061;1533;286;21;22;0;0;21;22
24062;1554;286;21;22;0;0;21;22
24065;1575;286;21;22;0;0;21;22
24066;1596;286;21;22;0;0;21;22
24067;1617;286;21;22;0;0;21;22
24069;1638;286;21;22;0;0;21;22
24070;1659;286;21;22;0;0;21;22
24072;1680;286;21;22;0;0;21;22
24076;1701;286;21;22;0;0;21;22
24079;1722;286;21;22;0;0;21;22
24080;1743;286;21;22;0;0;21;22
24081;1764;286;21;22;0;0;21;22
24084;1785;286;21;22;0;0;21;22
24085;1806;286;21;22;0;0;21;22
24086;1827;286;21;22;0;0;21;22
24088;1848;286;21;22;0;0;21;22
24089;1869;286;21;22;0;0;21;22
24090;1890;286;21;22;0;0;21;22
24091;1911;286;21;22;0;0;21;22
24092;1932;286;21;22;0;0;21;22
24093;1953;286;21;22;0;0;21;22
24101;1974;286;21;22;0;0;21;22
24102;1995;286;21;22;0;0;21;22
24103;2016;286;21;22;0;0;21;22
24107;2037;286;21;22;0;0;21;22
24109;2058;286;21;22;0;0;21;22
24110;2079;286;21;22;0;0;21;22
24111;2100;286;21;22;0;0;21;22
24112;2121;286;21;22;0;0;21;22
24115;2142;286;21;22;0;0;21;22
24118;2163;286;21;22;0;0;21;22
24119;2184;286;21;22;0;0;21;22
24120;2205;286;21;22;0;0;21;22
24123;2226;286;21;22;0;0;21;22
24124;2247;286;21;22;0;0;21;22
24125;2268;286;21;22;0;0;21;22
24128;2289;286;21;22;0;0;21;22
24130;2310;286;21;22;0;0;21;22
24131;2331;286;21;22;0;0;21;22
24132;2352;286;21;22;0;0;21;22
24133;2373;286;21;22;0;0;21;22
24140;2394;286;21;22;0;0;21;22
24148;2415;286;21;22;0;0;21;22
24149;2436;286;21;22;0;0;21;22
24151;2457;286;21;22;0;0;21;22
24152;2478;286;21;22;0;0;21;22
24155;2499;286;21;22;0;0;21;22
24158;2520;286;21;22;0;0;21;22
24159;2541;286;21;22;0;0;21;22
24161;2562;286;21;22;0;0;21;22
24162;2583;286;21;22;0;0;21;22
24163;2604;286;21;22;0;0;21;22
24171;2625;286;21;22;0;0;21;22
24178;2646;286;21;22;0;0;21;22
24179;2667;286;21;22;0;0;21;22
24180;2688;286;21;22;0;0;21;22
24182;2709;286;21;22;0;0;21;22
24184;2730;286;21;22;0;0;21;22
24185;2751;286;21;22;0;0;21;22
24186;2772;286;21;22;0;0;21;22
24187;2793;286;21;22;0;0;21;22
24188;2814;286;21;22;0;0;21;22
24189;2835;286;21;22;0;0;21;22
24190;2856;286;21;22;0;0;21;22
24191;2877;286;21;22;0;0;21;22
24193;2898;286;21;22;0;0;21;22
24195;2919;286;21;22;0;0;21;22
24196;2940;286;21;22;0;0;21;22
24198;2961;286;21;22;0;0;21;22
24199;2982;286;21;22;0;0;21;22
24202;3003;286;21;22;0;0;21;22
24203;3024;286;21;22;0;0;21;22
24207;3045;286;21;22;0;0;21;22
24208;3066;286;21;22;0;0;21;22
24209;3087;286;21;22;0;0;21;22
24211;3108;286;21;22;0;0;21;22
24212;3129;286;21;22;0;0;21;22
24213;3150;286;21;22;0;0;21;22
24214;3171;286;21;22;0;0;21;22
24215;3192;286;21;22;0;0;21;22
24217;3213;286;21;22;0;0;21;22
24218;3234;286;21;22;0;0;21;22
24220;3255;286;21;22;0;0;21;22
24222;3276;286;21;22;0;0;21;22
24223;3297;286;21;22;0;0;21;22
24224;3318;286;21;22;0;0;21;22
24229;3339;286;21;22;0;0;21;22
24230;3360;286;21;22;0;0;21;22
24231;3381;286;21;22;0;0;21;22
24235;3402;286;21;22;0;0;21;22
24237;3423;286;21;22;0;0;21;22
24244;3444;286;21;22;0;0;21;22
24245;3465;286;21;22;0;0;21;22
24246;3486;286;21;22;0;0;21;22
24247;3507;286;21;22;0;0;21;22
24248;3528;286;21;22;0;0;21;22
24249;3549;286;21;22;0;0;21;22
24254;3570;286;21;22;0;0;21;22
24257;3591;286;21;22;0;0;21;22
24258;3612;286;21;22;0;0;21;22
24259;3633;286;21;22;0;0;21;22
24260;3654;286;21;22;0;0;21;22
24264;3675;286;21;22;0;0;21;22
24265;3696;286;21;22;0;0;21;22
24266;3717;286;21;22;0;0;21;22
24275;3738;286;21;22;0;0;21;22
24278;3759;286;21;22;0;0;21;22
24279;3780;286;21;22;0;0;21;22
24282;3801;286;21;22;0;0;21;22
24283;3822;286;21;22;0;0;21;22
24285;3843;286;21;22;0;0;21;22
24287;3864;286;21;22;0;0;21;22
24288;3885;286;21;22;0;0;21;22
24289;3906;286;21;22;0;0;21;22
24290;3927;286;21;22;0;0;21;22
24291;3948;286;21;22;0;0;21;22
24296;3969;286;21;22;0;0;21;22
24297;3990;286;21;22;0;0;21;22
24298;4011;286;21;22;0;0;21;22
24300;4032;286;21;22;0;0;21;22
24307;4053;286;21;22;0;0;21;22
24310;4074;286;21;22;0;0;21;22
24311;0;308;21;22;0;0;21;22
24312;21;308;21;22;0;0;21;22
24314;42;308;21;22;0;0;21;22
24319;63;308;21;22;0;0;21;22
24320;84;308;21;22;0;0;21;22
24321;105;308;21;22;0;0;21;22
24322;126;308;21;22;0;0;21;22
24323;147;308;21;22;0;0;21;22
24324;168;308;21;22;0;0;21;22
24328;189;308;21;22;0;0;21;22
24330;210;308;21;22;0;0;21;22
24331;231;308;21;22;0;0;21;22
24335;252;308;21;22;0;0;21;22
24336;273;308;21;22;0;0;21;22
24337;294;308;21;22;0;0;21;22
24338;315;308;21;22;0;0;21;22
24339;336;308;21;22;0;0;21;22
24340;357;308;21;22;0;0;21;22
24341;378;308;21;22;0;0;21;22
24343;399;308;21;22;0;0;21;22
24344;420;308;21;22;0;0;21;22
24347;441;308;21;22;0;0;21;22
24351;462;308;21;22;0;0;21;22
24352;483;308;21;22;0;0;21;22
24357;504;308;21;22;0;0;21;22
24358;525;308;21;22;0;0;21;22
24359;546;308;21;22;0;0;21;22
24361;567;308;21;22;0;0;21;22
24365;588;308;21;22;0;0;21;22
24367;609;308;21;22;0;0;21;22
24369;630;308;21;22;0;0;21;22
24373;651;308;21;22;0;0;21;22
24375;672;308;21;22;0;0;21;22
24377;693;308;21;22;0;0;21;22
24378;714;308;21;22;0;0;21;22
24380;735;308;21;22;0;0;21;22
24382;756;308;21;22;0;0;21;22
24384;777;308;21;22;0;0;21;22
24390;798;308;21;22;0;0;21;22
24392;819;308;21;22;0;0;21;22
24396;840;308;21;22;0;0;21;22
24398;861;308;21;22;0;0;21;22
24402;882;308;21;22;0;0;21;22
24403;903;308;21;22;0;0;21;22
24405;924;308;21;22;0;0;21;22
24407;945;308;21;22;0;0;21;22
24408;966;308;21;22;0;0;21;22
24409;987;308;21;22;0;0;21;22
24412;1008;308;21;22;0;0;21;22
24413;1029;308;21;22;0;0;21;22
24414;1050;308;21;22;0;0;21;22
24418;1071;308;21;22;0;0;21;22
24420;1092;308;21;22;0;0;21;22
24421;1113;308;21;22;0;0;21;22
24422;1134;308;21;22;0;0;21;22
24423;1155;308;21;22;0;0;21;22
24425;1176;308;21;22;0;0;21;22
24426;1197;308;21;22;0;0;21;22
24427;1218;308;21;22;0;0;21;22
24428;1239;308;21;22;0;0;21;22
24429;1260;308;21;22;0;0;21;22
24432;1281;308;21;22;0;0;21;22
24433;1302;308;21;22;0;0;21;22
24435;1323;308;21;22;0;0;21;22
24439;1344;308;21;22;0;0;21;22
24441;1365;308;21;22;0;0;21;22
24443;1386;308;21;22;0;0;21;22
24444;1407;308;21;22;0;0;21;22
24447;1428;308;21;22;0;0;21;22
24448;1449;308;21;22;0;0;21;22
24449;1470;308;21;22;0;0;21;22
24450;1491;308;21;22;0;0;21;22
24452;1512;308;21;22;0;0;21;22
24453;1533;308;21;22;0;0;21;22
24455;1554;308;21;22;0;0;21;22
24456;1575;308;21;22;0;0;21;22
24457;1596;308;21;22;0;0;21;22
24458;1617;308;21;22;0;0;21;22
24459;1638;308;21;22;0;0;21;22
24460;1659;308;21;22;0;0;21;22
24464;1680;308;21;22;0;0;21;22
24465;1701;308;21;22;0;0;21;22
24466;1722;308;21;22;0;0;21;22
24467;1743;308;21;22;0;0;21;22
24469;1764;308;21;22;0;0;21;22
24471;1785;308;21;22;0;0;21;22
24472;1806;308;21;22;0;0;21;22
24473;1827;308;21;22;0;0;21;22
24476;1848;308;21;22;0;0;21;22
24478;1869;308;21;22;0;0;21;22
24480;1890;308;21;22;0;0;21;22
24481;1911;308;21;22;0;0;21;22
24488;1932;308;21;22;0;0;21;22
24489;1953;308;21;22;0;0;21;22
24490;1974;308;21;22;0;0;21;22
24492;1995;308;21;22;0;0;21;22
24493;2016;308;21;22;0;0;21;22
24494;2037;308;21;22;0;0;21;22
24499;2058;308;21;22;0;0;21;22
24500;2079;308;21;22;0;0;21;22
24501;2100;308;21;22;0;0;21;22
24503;2121;308;21;22;0;0;21;22
24505;2142;308;21;22;0;0;21;22
24508;2163;308;21;22;0;0;21;22
24509;2184;308;21;22;0;0;21;22
24515;2205;308;21;22;0;0;21;22
24517;2226;308;21;22;0;0;21;22
24518;2247;308;21;22;0;0;21;22
24524;2268;308;21;22;0;0;21;22
24525;2289;308;21;22;0;0;21;22
24527;2310;308;21;22;0;0;21;22
24528;2331;308;21;22;0;0;21;22
24529;2352;308;21;22;0;0;21;22
24530;2373;308;21;22;0;0;21;22
24534;2394;308;21;22;0;0;21;22
24535;2415;308;21;22;0;0;21;22
24536;2436;308;21;22;0;0;21;22
24537;2457;308;21;22;0;0;21;22
24540;2478;308;21;22;0;0;21;22
24541;2499;308;21;22;0;0;21;22
24544;2520;308;21;22;0;0;21;22
24545;2541;308;21;22;0;0;21;22
24548;2562;308;21;22;0;0;21;22
24551;2583;308;21;22;0;0;21;22
24554;2604;308;21;22;0;0;21;22
24555;2625;308;21;22;0;0;21;22
24557;2646;308;21;22;0;0;21;22
24558;2667;308;21;22;0;0;21;22
24561;2688;308;21;22;0;0;21;22
24565;2709;308;21;22;0;0;21;22
24568;2730;308;21;22;0;0;21;22
24571;2751;308;21;22;0;0;21;22
24573;2772;308;21;22;0;0;21;22
24574;2793;308;21;22;0;0;21;22
24575;2814;308;21;22;0;0;21;22
24576;2835;308;21;22;0;0;21;22
24577;2856;308;21;22;0;0;21;22
24578;2877;308;21;22;0;0;21;22
24579;2898;308;21;22;0;0;21;22
24580;2919;308;21;22;0;0;21;22
24581;2940;308;21;22;0;0;21;22
24582;2961;308;21;22;0;0;21;22
24589;2982;308;21;22;0;0;21;22
24590;3003;308;21;22;0;0;21;22
24591;3024;308;21;22;0;0;21;22
24594;3045;308;21;22;0;0;21;22
24596;3066;308;21;22;0;0;21;22
24597;3087;308;21;22;0;0;21;22
24598;3108;308;21;22;0;0;21;22
24601;3129;308;21;22;0;0;21;22
24603;3150;308;21;22;0;0;21;22
24604;3171;308;21;22;0;0;21;22
24605;3192;308;21;22;0;0;21;22
24608;3213;308;21;22;0;0;21;22
24609;3234;308;21;22;0;0;21;22
24613;3255;308;21;22;0;0;21;22
24614;3276;308;21;22;0;0;21;22
24615;3297;308;21;22;0;0;21;22
24616;3318;308;21;22;0;0;21;22
24617;3339;308;21;22;0;0;21;22
24618;3360;308;21;22;0;0;21;22
24619;3381;308;21;22;0;0;21;22
24623;3402;308;21;22;0;0;21;22
24629;3423;308;21;22;0;0;21;22
24635;3444;308;21;22;0;0;21;22
24636;3465;308;21;22;0;0;21;22
24639;3486;308;21;22;0;0;21;22
24641;3507;308;21;22;0;0;21;22
24642;3528;308;21;22;0;0;21;22
24643;3549;308;21;22;0;0;21;22
24646;3570;308;21;22;0;0;21;22
24651;3591;308;21;22;0;0;21;22
24653;3612;308;21;22;0;0;21;22
24656;3633;308;21;22;0;0;21;22
24658;3654;308;21;22;0;0;21;22
24659;3675;308;21;22;0;0;21;22
24661;3696;308;21;22;0;0;21;22
24665;3717;308;21;22;0;0;21;22
24666;3738;308;21;22;0;0;21;22
24672;3759;308;21;22;0;0;21;22
24674;3780;308;21;22;0;0;21;22
24675;3801;308;21;22;0;0;21;22
24676;3822;308;21;22;0;0;21;22
24677;3843;308;21;22;0;0;21;22
24679;3864;308;21;22;0;0;21;22
24680;3885;308;21;22;0;0;21;22
24681;3906;308;21;22;0;0;21;22
24682;3927;308;21;22;0;0;21;22
24683;3948;308;21;22;0;0;21;22
24684;3969;308;21;22;0;0;21;22
24685;3990;308;21;22;0;0;21;22
24687;4011;308;21;22;0;0;21;22
24688;4032;308;21;22;0;0;21;22
24691;4053;308;21;22;0;0;21;22
24693;4074;308;21;22;0;0;21;22
24694;0;330;21;22;0;0;21;22
24696;21;330;21;22;0;0;21;22
24697;42;330;21;22;0;0;21;22
24698;63;330;21;22;0;0;21;22
24699;84;330;21;22;0;0;21;22
24700;105;330;21;22;0;0;21;22
24701;126;330;21;22;0;0;21;22
24703;147;330;21;22;0;0;21;22
24708;168;330;21;22;0;0;21;22
24709;189;330;21;22;0;0;21;22
24713;210;330;21;22;0;0;21;22
24716;231;330;21;22;0;0;21;22
24717;252;330;21;22;0;0;21;22
24722;273;330;21;22;0;0;21;22
24724;294;330;21;22;0;0;21;22
24726;315;330;21;22;0;0;21;22
24730;336;330;21;22;0;0;21;22
24731;357;330;21;22;0;0;21;22
24733;378;330;21;22;0;0;21;22
24735;399;330;21;22;0;0;21;22
24736;420;330;21;22;0;0;21;22
24739;441;330;21;22;0;0;21;22
24741;462;330;21;22;0;0;21;22
24742;483;330;21;22;0;0;21;22
24744;504;330;21;22;0;0;21;22
24745;525;330;21;22;0;0;21;22
24746;546;330;21;22;0;0;21;22
24747;567;330;21;22;0;0;21;22
24748;588;330;21;22;0;0;21;22
24749;609;330;21;22;0;0;21;22
24751;630;330;21;22;0;0;21;22
24753;651;330;21;22;0;0;21;22
24754;672;330;21;22;0;0;21;22
24756;693;330;21;22;0;0;21;22
24757;714;330;21;22;0;0;21;22
24758;735;330;21;22;0;0;21;22
24760;756;330;21;22;0;0;21;22
24763;777;330;21;22;0;0;21;22
24764;798;330;21;22;0;0;21;22
24765;819;330;21;22;0;0;21;22
24766;840;330;21;22;0;0;21;22
24772;861;330;21;22;0;0;21;22
24773;882;330;21;22;0;0;21;22
24774;903;330;21;22;0;0;21;22
24775;924;330;21;22;0;0;21;22
24778;945;330;21;22;0;0;21;22
24779;966;330;21;22;0;0;21;22
24785;987;330;21;22;0;0;21;22
24787;1008;330;21;22;0;0;21;22
24789;1029;330;21;22;0;0;21;22
24792;1050;330;21;22;0;0;21;22
24794;1071;330;21;22;0;0;21;22
24796;1092;330;21;22;0;0;21;22
24797;1113;330;21;22;0;0;21;22
24799;1134;330;21;22;0;0;21;22
24800;1155;330;21;22;0;0;21;22
24801;1176;330;21;22;0;0;21;22
24806;1197;330;21;22;0;0;21;22
24807;1218;330;21;22;0;0;21;22
24808;1239;330;21;22;0;0;21;22
24809;1260;330;21;22;0;0;21;22
24811;1281;330;21;22;0;0;21;22
24812;1302;330;21;22;0;0;21;22
24813;1323;330;21;22;0;0;21;22
24814;1344;330;21;22;0;0;21;22
24815;1365;330;21;22;0;0;21;22
24816;1386;330;21;22;0;0;21;22
24817;1407;330;21;22;0;0;21;22
24818;1428;330;21;22;0;0;21;22
24819;1449;330;21;22;0;0;21;22
24820;1470;330;21;22;0;0;21;22
24822;1491;330;21;22;0;0;21;22
24825;1512;330;21;22;0;0;21;22
24826;1533;330;21;22;0;0;21;22
24827;1554;330;21;22;0;0;21;22
24832;1575;330;21;22;0;0;21;22
24833;1596;330;21;22;0;0;21;22
24838;1617;330;21;22;0;0;21;22
24840;1638;330;21;22;0;0;21;22
24841;1659;330;21;22;0;0;21;22
24846;1680;330;21;22;0;0;21;22
24847;1701;330;21;22;0;0;21;22
24850;1722;330;21;22;0;0;21;22
24852;1743;330;21;22;0;0;21;22
24853;1764;330;21;22;0;0;21;22
24858;1785;330;21;22;0;0;21;22
24859;1806;330;21;22;0;0;21;22
24860;1827;330;21;22;0;0;21;22
24863;1848;330;21;22;0;0;21;22
24864;1869;330;21;22;0;0;21;22
24867;1890;330;21;22;0;0;21;22
24868;1911;330;21;22;0;0;21;22
24870;1932;330;21;22;0;0;21;22
24871;1953;330;21;22;0;0;21;22
24872;1974;330;21;22;0;0;21;22
24875;1995;330;21;22;0;0;21;22
24884;2016;330;21;22;0;0;21;22
24887;2037;330;21;22;0;0;21;22
24894;2058;330;21;22;0;0;21;22
24895;2079;330;21;22;0;0;21;22
24900;2100;330;21;22;0;0;21;22
24903;2121;330;21;22;0;0;21;22
24904;2142;330;21;22;0;0;21;22
24906;2163;330;21;22;0;0;21;22
24907;2184;330;21;22;0;0;21;22
24908;2205;330;21;22;0;0;21;22
24909;2226;330;21;22;0;0;21;22
24910;2247;330;21;22;0;0;21;22
24913;2268;330;21;22;0;0;21;22
24915;2289;330;21;22;0;0;21;22
24917;2310;330;21;22;0;0;21;22
24920;2331;330;21;22;0;0;21;22
24922;2352;330;21;22;0;0;21;22
24925;2373;330;21;22;0;0;21;22
24927;2394;330;21;22;0;0;21;22
24930;2415;330;21;22;0;0;21;22
24931;2436;330;21;22;0;0;21;22
24935;2457;330;21;22;0;0;21;22
24936;2478;330;21;22;0;0;21;22
24938;2499;330;21;22;0;0;21;22
24939;2520;330;21;22;0;0;21;22
24942;2541;330;21;22;0;0;21;22
24944;2562;330;21;22;0;0;21;22
24947;2583;330;21;22;0;0;21;22
24949;2604;330;21;22;0;0;21;22
24950;2625;330;21;22;0;0;21;22
24951;2646;330;21;22;0;0;21;22
24958;2667;330;21;22;0;0;21;22
24962;2688;330;21;22;0;0;21;22
24970;2709;330;21;22;0;0;21;22
24971;2730;330;21;22;0;0;21;22
24974;2751;330;21;22;0;0;21;22
24976;2772;330;21;22;0;0;21;22
24977;2793;330;21;22;0;0;21;22
24978;2814;330;21;22;0;0;21;22
24980;2835;330;21;22;0;0;21;22
24986;2856;330;21;22;0;0;21;22
24987;2877;330;21;22;0;0;21;22
24996;2898;330;21;22;0;0;21;22
24999;2919;330;21;22;0;0;21;22
25000;2940;330;21;22;0;0;21;22
25001;2961;330;21;22;0;0;21;22
25003;2982;330;21;22;0;0;21;22
25004;3003;330;21;22;0;0;21;22
25006;3024;330;21;22;0;0;21;22
25010;3045;330;21;22;0;0;21;22
25014;3066;330;21;22;0;0;21;22
25022;3087;330;21;22;0;0;21;22
25026;3108;330;21;22;0;0;21;22
25031;3129;330;21;22;0;0;21;22
25032;3150;330;21;22;0;0;21;22
25033;3171;330;21;22;0;0;21;22
25034;3192;330;21;22;0;0;21;22
25035;3213;330;21;22;0;0;21;22
25036;3234;330;21;22;0;0;21;22
25037;3255;330;21;22;0;0;21;22
25040;3276;330;21;22;0;0;21;22
25041;3297;330;21;22;0;0;21;22
25042;3318;330;21;22;0;0;21;22
25044;3339;330;21;22;0;0;21;22
25055;3360;330;21;22;0;0;21;22
25059;3381;330;21;22;0;0;21;22
25062;3402;330;21;22;0;0;21;22
25064;3423;330;21;22;0;0;21;22
25074;3444;330;21;22;0;0;21;22
25077;3465;330;21;22;0;0;21;22
25078;3486;330;21;22;0;0;21;22
25079;3507;330;21;22;0;0;21;22
25080;3528;330;21;22;0;0;21;22
25082;3549;330;21;22;0;0;21;22
25084;3570;330;21;22;0;0;21;22
25086;3591;330;21;22;0;0;21;22
25087;3612;330;21;22;0;0;21;22
25088;3633;330;21;22;0;0;21;22
25094;3654;330;21;22;0;0;21;22
25095;3675;330;21;22;0;0;21;22
25096;3696;330;21;22;0;0;21;22
25098;3717;330;21;22;0;0;21;22
25100;3738;330;21;22;0;0;21;22
25101;3759;330;21;22;0;0;21;22
25102;3780;330;21;22;0;0;21;22
25103;3801;330;21;22;0;0;21;22
25104;3822;330;21;22;0;0;21;22
25105;3843;330;21;22;0;0;21;22
25106;3864;330;21;22;0;0;21;22
25108;3885;330;21;22;0;0;21;22
25109;3906;330;21;22;0;0;21;22
25110;3927;330;21;22;0;0;21;22
25111;3948;330;21;22;0;0;21;22
25112;3969;330;21;22;0;0;21;22
25114;3990;330;21;22;0;0;21;22
25115;4011;330;21;22;0;0;21;22
25119;4032;330;21;22;0;0;21;22
25121;4053;330;21;22;0;0;21;22
25122;4074;330;21;22;0;0;21;22
25125;0;352;21;22;0;0;21;22
25126;21;352;21;22;0;0;21;22
25127;42;352;21;22;0;0;21;22
25129;63;352;21;22;0;0;21;22
25130;84;352;21;22;0;0;21;22
25132;105;352;21;22;0;0;21;22
25134;126;352;21;22;0;0;21;22
25135;147;352;21;22;0;0;21;22
25136;168;352;21;22;0;0;21;22
25138;189;352;21;22;0;0;21;22
25139;210;352;21;22;0;0;21;22
25140;231;352;21;22;0;0;21;22
25142;252;352;21;22;0;0;21;22
25143;273;352;21;22;0;0;21;22
25144;294;352;21;22;0;0;21;22
25147;315;352;21;22;0;0;21;22
25149;336;352;21;22;0;0;21;22
25150;357;352;21;22;0;0;21;22
25151;378;352;21;22;0;0;21;22
25152;399;352;21;22;0;0;21;22
25153;420;352;21;22;0;0;21;22
25155;441;352;21;22;0;0;21;22
25159;462;352;21;22;0;0;21;22
25160;483;352;21;22;0;0;21;22
25161;504;352;21;22;0;0;21;22
25163;525;352;21;22;0;0;21;22
25165;546;352;21;22;0;0;21;22
25166;567;352;21;22;0;0;21;22
25169;588;352;21;22;0;0;21;22
25170;609;352;21;22;0;0;21;22
25171;630;352;21;22;0;0;21;22
25172;651;352;21;22;0;0;21;22
25173;672;352;21;22;0;0;21;22
25176;693;352;21;22;0;0;21;22
25179;714;352;21;22;0;0;21;22
25182;735;352;21;22;0;0;21;22
25185;756;352;21;22;0;0;21;22
25187;777;352;21;22;0;0;21;22
25190;798;352;21;22;0;0;21;22
25191;819;352;21;22;0;0;21;22
25193;840;352;21;22;0;0;21;22
25194;861;352;21;22;0;0;21;22
25195;882;352;21;22;0;0;21;22
25196;903;352;21;22;0;0;21;22
25197;924;352;21;22;0;0;21;22
25198;945;352;21;22;0;0;21;22
25199;966;352;21;22;0;0;21;22
25200;987;352;21;22;0;0;21;22
25201;1008;352;21;22;0;0;21;22
25203;1029;352;21;22;0;0;21;22
25206;1050;352;21;22;0;0;21;22
25209;1071;352;21;22;0;0;21;22
25212;1092;352;21;22;0;0;21;22
25214;1113;352;21;22;0;0;21;22
25215;1134;352;21;22;0;0;21;22
25216;1155;352;21;22;0;0;21;22
25220;1176;352;21;22;0;0;21;22
25225;1197;352;21;22;0;0;21;22
25226;1218;352;21;22;0;0;21;22
25233;1239;352;21;22;0;0;21;22
25234;1260;352;21;22;0;0;21;22
25235;1281;352;21;22;0;0;21;22
25236;1302;352;21;22;0;0;21;22
25237;1323;352;21;22;0;0;21;22
25238;1344;352;21;22;0;0;21;22
25239;1365;352;21;22;0;0;21;22
25240;1386;352;21;22;0;0;21;22
25242;1407;352;21;22;0;0;21;22
25243;1428;352;21;22;0;0;21;22
25244;1449;352;21;22;0;0;21;22
25246;1470;352;21;22;0;0;21;22
25247;1491;352;21;22;0;0;21;22
25248;1512;352;21;22;0;0;21;22
25249;1533;352;21;22;0;0;21;22
25250;1554;352;21;22;0;0;21;22
25252;1575;352;21;22;0;0;21;22
25253;1596;352;21;22;0;0;21;22
25256;1617;352;21;22;0;0;21;22
25259;1638;352;21;22;0;0;21;22
25260;1659;352;21;22;0;0;21;22
25265;1680;352;21;22;0;0;21;22
25269;1701;352;21;22;0;0;21;22
25273;1722;352;21;22;0;0;21;22
25275;1743;352;21;22;0;0;21;22
25276;1764;352;21;22;0;0;21;22
25277;1785;352;21;22;0;0;21;22
25279;1806;352;21;22;0;0;21;22
25282;1827;352;21;22;0;0;21;22
25283;1848;352;21;22;0;0;21;22
25284;1869;352;21;22;0;0;21;22
25285;1890;352;21;22;0;0;21;22
25286;1911;352;21;22;0;0;21;22
25287;1932;352;21;22;0;0;21;22
25288;1953;352;21;22;0;0;21;22
25289;1974;352;21;22;0;0;21;22
25290;1995;352;21;22;0;0;21;22
25291;2016;352;21;22;0;0;21;22
25292;2037;352;21;22;0;0;21;22
25293;2058;352;21;22;0;0;21;22
25294;2079;352;21;22;0;0;21;22
25295;2100;352;21;22;0;0;21;22
25296;2121;352;21;22;0;0;21;22
25298;2142;352;21;22;0;0;21;22
25299;2163;352;21;22;0;0;21;22
25300;2184;352;21;22;0;0;21;22
25302;2205;352;21;22;0;0;21;22
25303;2226;352;21;22;0;0;21;22
25304;2247;352;21;22;0;0;21;22
25305;2268;352;21;22;0;0;21;22
25306;2289;352;21;22;0;0;21;22
25307;2310;352;21;22;0;0;21;22
25308;2331;352;21;22;0;0;21;22
25309;2352;352;21;22;0;0;21;22
25311;2373;352;21;22;0;0;21;22
25312;2394;352;21;22;0;0;21;22
25313;2415;352;21;22;0;0;21;22
25314;2436;352;21;22;0;0;21;22
25315;2457;352;21;22;0;0;21;22
25316;2478;352;21;22;0;0;21;22
25317;2499;352;21;22;0;0;21;22
25318;2520;352;21;22;0;0;21;22
25319;2541;352;21;22;0;0;21;22
25320;2562;352;21;22;0;0;21;22
25321;2583;352;21;22;0;0;21;22
25324;2604;352;21;22;0;0;21;22
25325;2625;352;21;22;0;0;21;22
25326;2646;352;21;22;0;0;21;22
25327;2667;352;21;22;0;0;21;22
25329;2688;352;21;22;0;0;21;22
25331;2709;352;21;22;0;0;21;22
25332;2730;352;21;22;0;0;21;22
25334;2751;352;21;22;0;0;21;22
25335;2772;352;21;22;0;0;21;22
25340;2793;352;21;22;0;0;21;22
25341;2814;352;21;22;0;0;21;22
25342;2835;352;21;22;0;0;21;22
25343;2856;352;21;22;0;0;21;22
25345;2877;352;21;22;0;0;21;22
25346;2898;352;21;22;0;0;21;22
25351;2919;352;21;22;0;0;21;22
25352;2940;352;21;22;0;0;21;22
25353;2961;352;21;22;0;0;21;22
25358;2982;352;21;22;0;0;21;22
25361;3003;352;21;22;0;0;21;22
25366;3024;352;21;22;0;0;21;22
25369;3045;352;21;22;0;0;21;22
25370;3066;352;21;22;0;0;21;22
25371;3087;352;21;22;0;0;21;22
25373;3108;352;21;22;0;0;21;22
25374;3129;352;21;22;0;0;21;22
25375;3150;352;21;22;0;0;21;22
25376;3171;352;21;22;0;0;21;22
25377;3192;352;21;22;0;0;21;22
25379;3213;352;21;22;0;0;21;22
25380;3234;352;21;22;0;0;21;22
25381;3255;352;21;22;0;0;21;22
25382;3276;352;21;22;0;0;21;22
25384;3297;352;21;22;0;0;21;22
25386;3318;352;21;22;0;0;21;22
25387;3339;352;21;22;0;0;21;22
25391;3360;352;21;22;0;0;21;22
25394;3381;352;21;22;0;0;21;22
25401;3402;352;21;22;0;0;21;22
25402;3423;352;21;22;0;0;21;22
25404;3444;352;21;22;0;0;21;22
25405;3465;352;21;22;0;0;21;22
25406;3486;352;21;22;0;0;21;22
25407;3507;352;21;22;0;0;21;22
25410;3528;352;21;22;0;0;21;22
25411;3549;352;21;22;0;0;21;22
25413;3570;352;21;22;0;0;21;22
25414;3591;352;21;22;0;0;21;22
25417;3612;352;21;22;0;0;21;22
25419;3633;352;21;22;0;0;21;22
25420;3654;352;21;22;0;0;21;22
25421;3675;352;21;22;0;0;21;22
25422;3696;352;21;22;0;0;21;22
25423;3717;352;21;22;0;0;21;22
25424;3738;352;21;22;0;0;21;22
25429;3759;352;21;22;0;0;21;22
25431;3780;352;21;22;0;0;21;22
25436;3801;352;21;22;0;0;21;22
25438;3822;352;21;22;0;0;21;22
25439;3843;352;21;22;0;0;21;22
25441;3864;352;21;22;0;0;21;22
25442;3885;352;21;22;0;0;21;22
25443;3906;352;21;22;0;0;21;22
25447;3927;352;21;22;0;0;21;22
25448;3948;352;21;22;0;0;21;22
25449;3969;352;21;22;0;0;21;22
25451;3990;352;21;22;0;0;21;22
25453;4011;352;21;22;0;0;21;22
25454;4032;352;21;22;0;0;21;22
25455;4053;352;21;22;0;0;21;22
25457;4074;352;21;22;0;0;21;22
25458;0;374;21;22;0;0;21;22
25462;21;374;21;22;0;0;21;22
25463;42;374;21;22;0;0;21;22
25466;63;374;21;22;0;0;21;22
25467;84;374;21;22;0;0;21;22
25469;105;374;21;22;0;0;21;22
25472;126;374;21;22;0;0;21;22
25474;147;374;21;22;0;0;21;22
25475;168;374;21;22;0;0;21;22
25476;189;374;21;22;0;0;21;22
25479;210;374;21;22;0;0;21;22
25480;231;374;21;22;0;0;21;22
25481;252;374;21;22;0;0;21;22
25482;273;374;21;22;0;0;21;22
25484;294;374;21;22;0;0;21;22
25487;315;374;21;22;0;0;21;22
25488;336;374;21;22;0;0;21;22
25490;357;374;21;22;0;0;21;22
25491;378;374;21;22;0;0;21;22
25494;399;374;21;22;0;0;21;22
25496;420;374;21;22;0;0;21;22
25497;441;374;21;22;0;0;21;22
25499;462;374;21;22;0;0;21;22
25504;483;374;21;22;0;0;21;22
25505;504;374;21;22;0;0;21;22
25506;525;374;21;22;0;0;21;22
25507;546;374;21;22;0;0;21;22
25509;567;374;21;22;0;0;21;22
25511;588;374;21;22;0;0;21;22
25512;609;374;21;22;0;0;21;22
25513;630;374;21;22;0;0;21;22
25514;651;374;21;22;0;0;21;22
25516;672;374;21;22;0;0;21;22
25518;693;374;21;22;0;0;21;22
25520;714;374;21;22;0;0;21;22
25521;735;374;21;22;0;0;21;22
25522;756;374;21;22;0;0;21;22
25523;777;374;21;22;0;0;21;22
25524;798;374;21;22;0;0;21;22
25527;819;374;21;22;0;0;21;22
25528;840;374;21;22;0;0;21;22
25530;861;374;21;22;0;0;21;22
25532;882;374;21;22;0;0;21;22
25534;903;374;21;22;0;0;21;22
25536;924;374;21;22;0;0;21;22
25540;945;374;21;22;0;0;21;22
25542;966;374;21;22;0;0;21;22
25545;987;374;21;22;0;0;21;22
25549;1008;374;21;22;0;0;21;22
25551;1029;374;21;22;0;0;21;22
25552;1050;374;21;22;0;0;21;22
25554;1071;374;21;22;0;0;21;22
25558;1092;374;21;22;0;0;21;22
25562;1113;374;21;22;0;0;21;22
25563;1134;374;21;22;0;0;21;22
25568;1155;374;21;22;0;0;21;22
25569;1176;374;21;22;0;0;21;22
25571;1197;374;21;22;0;0;21;22
25577;1218;374;21;22;0;0;21;22
25578;1239;374;21;22;0;0;21;22
25581;1260;374;21;22;0;0;21;22
25582;1281;374;21;22;0;0;21;22
25587;1302;374;21;22;0;0;21;22
25588;1323;374;21;22;0;0;21;22
25590;1344;374;21;22;0;0;21;22
25592;1365;374;21;22;0;0;21;22
25593;1386;374;21;22;0;0;21;22
25594;1407;374;21;22;0;0;21;22
25597;1428;374;21;22;0;0;21;22
25599;1449;374;21;22;0;0;21;22
25600;1470;374;21;22;0;0;21;22
25601;1491;374;21;22;0;0;21;22
25602;1512;374;21;22;0;0;21;22
25605;1533;374;21;22;0;0;21;22
25606;1554;374;21;22;0;0;21;22
25611;1575;374;21;22;0;0;21;22
25613;1596;374;21;22;0;0;21;22
25615;1617;374;21;22;0;0;21;22
25616;1638;374;21;22;0;0;21;22
25619;1659;374;21;22;0;0;21;22
25620;1680;374;21;22;0;0;21;22
25622;1701;374;21;22;0;0;21;22
25623;1722;374;21;22;0;0;21;22
25627;1743;374;21;22;0;0;21;22
25628;1764;374;21;22;0;0;21;22
25630;1785;374;21;22;0;0;21;22
25631;1806;374;21;22;0;0;21;22
25632;1827;374;21;22;0;0;21;22
25633;1848;374;21;22;0;0;21;22
25637;1869;374;21;22;0;0;21;22
25638;1890;374;21;22;0;0;21;22
25639;1911;374;21;22;0;0;21;22
25642;1932;374;21;22;0;0;21;22
25644;1953;374;21;22;0;0;21;22
25645;1974;374;21;22;0;0;21;22
25647;1995;374;21;22;0;0;21;22
25652;2016;374;21;22;0;0;21;22
25654;2037;374;21;22;0;0;21;22
25658;2058;374;21;22;0;0;21;22
25661;2079;374;21;22;0;0;21;22
25662;2100;374;21;22;0;0;21;22
25664;2121;374;21;22;0;0;21;22
25665;2142;374;21;22;0;0;21;22
25666;2163;374;21;22;0;0;21;22
25668;2184;374;21;22;0;0;21;22
25669;2205;374;21;22;0;0;21;22
25670;2226;374;21;22;0;0;21;22
25671;2247;374;21;22;0;0;21;22
25672;2268;374;21;22;0;0;21;22
25674;2289;374;21;22;0;0;21;22
25675;2310;374;21;22;0;0;21;22
25681;2331;374;21;22;0;0;21;22
25682;2352;374;21;22;0;0;21;22
25684;2373;374;21;22;0;0;21;22
25688;2394;374;21;22;0;0;21;22
25692;2415;374;21;22;0;0;21;22
25694;2436;374;21;22;0;0;21;22
25695;2457;374;21;22;0;0;21;22
25699;2478;374;21;22;0;0;21;22
25703;2499;374;21;22;0;0;21;22
25705;2520;374;21;22;0;0;21;22
25709;2541;374;21;22;0;0;21;22
25710;2562;374;21;22;0;0;21;22
25711;2583;374;21;22;0;0;21;22
25715;2604;374;21;22;0;0;21;22
25718;2625;374;21;22;0;0;21;22
25720;2646;374;21;22;0;0;21;22
25721;2667;374;21;22;0;0;21;22
25722;2688;374;21;22;0;0;21;22
25723;2709;374;21;22;0;0;21;22
25725;2730;374;21;22;0;0;21;22
25730;2751;374;21;22;0;0;21;22
25731;2772;374;21;22;0;0;21;22
25732;2793;374;21;22;0;0;21;22
25733;2814;374;21;22;0;0;21;22
25735;2835;374;21;22;0;0;21;22
25736;2856;374;21;22;0;0;21;22
25744;2877;374;21;22;0;0;21;22
25745;2898;374;21;22;0;0;21;22
25746;2919;374;21;22;0;0;21;22
25747;2940;374;21;22;0;0;21;22
25749;2961;374;21;22;0;0;21;22
25753;2982;374;21;22;0;0;21;22
25754;3003;374;21;22;0;0;21;22
25758;3024;374;21;22;0;0;21;22
25762;3045;374;21;22;0;0;21;22
25763;3066;374;21;22;0;0;21;22
25764;3087;374;21;22;0;0;21;22
25765;3108;374;21;22;0;0;21;22
25769;3129;374;21;22;0;0;21;22
25771;3150;374;21;22;0;0;21;22
25772;3171;374;21;22;0;0;21;22
25773;3192;374;21;22;0;0;21;22
25774;3213;374;21;22;0;0;21;22
25776;3234;374;21;22;0;0;21;22
25778;3255;374;21;22;0;0;21;22
25779;3276;374;21;22;0;0;21;22
25781;3297;374;21;22;0;0;21;22
25783;3318;374;21;22;0;0;21;22
25784;3339;374;21;22;0;0;21;22
25786;3360;374;21;22;0;0;21;22
25787;3381;374;21;22;0;0;21;22
25788;3402;374;21;22;0;0;21;22
25790;3423;374;21;22;0;0;21;22
25791;3444;374;21;22;0;0;21;22
25792;3465;374;21;22;0;0;21;22
25793;3486;374;21;22;0;0;21;22
25794;3507;374;21;22;0;0;21;22
25796;3528;374;21;22;0;0;21;22
25797;3549;374;21;22;0;0;21;22
25799;3570;374;21;22;0;0;21;22
25802;3591;374;21;22;0;0;21;22
25803;3612;374;21;22;0;0;21;22
25805;3633;374;21;22;0;0;21;22
25806;3654;374;21;22;0;0;21;22
25810;3675;374;21;22;0;0;21;22
25812;3696;374;21;22;0;0;21;22
25816;3717;374;21;22;0;0;21;22
25818;3738;374;21;22;0;0;21;22
25822;3759;374;21;22;0;0;21;22
25824;3780;374;21;22;0;0;21;22
25825;3801;374;21;22;0;0;21;22
25826;3822;374;21;22;0;0;21;22
25827;3843;374;21;22;0;0;21;22
25828;3864;374;21;22;0;0;21;22
25830;3885;374;21;22;0;0;21;22
25835;3906;374;21;22;0;0;21;22
25836;3927;374;21;22;0;0;21;22
25839;3948;374;21;22;0;0;21;22
25840;3969;374;21;22;0;0;21;22
25841;3990;374;21;22;0;0;21;22
25842;4011;374;21;22;0;0;21;22
25844;4032;374;21;22;0;0;21;22
25847;4053;374;21;22;0;0;21;22
25850;4074;374;21;22;0;0;21;22
25851;0;396;21;22;0;0;21;22
25852;21;396;21;22;0;0;21;22
25854;42;396;21;22;0;0;21;22
25856;63;396;21;22;0;0;21;22
25860;84;396;21;22;0;0;21;22
25862;105;396;21;22;0;0;21;22
25865;126;396;21;22;0;0;21;22
25871;147;396;21;22;0;0;21;22
25874;168;396;21;22;0;0;21;22
25876;189;396;21;22;0;0;21;22
25878;210;396;21;22;0;0;21;22
25880;231;396;21;22;0;0;21;22
25881;252;396;21;22;0;0;21;22
25883;273;396;21;22;0;0;21;22
25884;294;396;21;22;0;0;21;22
25885;315;396;21;22;0;0;21;22
25890;336;396;21;22;0;0;21;22
25891;357;396;21;22;0;0;21;22
25892;378;396;21;22;0;0;21;22
25893;399;396;21;22;0;0;21;22
25898;420;396;21;22;0;0;21;22
25899;441;396;21;22;0;0;21;22
25900;462;396;21;22;0;0;21;22
25902;483;396;21;22;0;0;21;22
25903;504;396;21;22;0;0;21;22
25910;525;396;21;22;0;0;21;22
25912;546;396;21;22;0;0;21;22
25913;567;396;21;22;0;0;21;22
25915;588;396;21;22;0;0;21;22
25918;609;396;21;22;0;0;21;22
25919;630;396;21;22;0;0;21;22
25925;651;396;21;22;0;0;21;22
25928;672;396;21;22;0;0;21;22
25929;693;396;21;22;0;0;21;22
25932;714;396;21;22;0;0;21;22
25935;735;396;21;22;0;0;21;22
25937;756;396;21;22;0;0;21;22
25941;777;396;21;22;0;0;21;22
25942;798;396;21;22;0;0;21;22
25943;819;396;21;22;0;0;21;22
25944;840;396;21;22;0;0;21;22
25945;861;396;21;22;0;0;21;22
25947;882;396;21;22;0;0;21;22
25949;903;396;21;22;0;0;21;22
25950;924;396;21;22;0;0;21;22
25954;945;396;21;22;0;0;21;22
25955;966;396;21;22;0;0;21;22
25958;987;396;21;22;0;0;21;22
25959;1008;396;21;22;0;0;21;22
25963;1029;396;21;22;0;0;21;22
25964;1050;396;21;22;0;0;21;22
25968;1071;396;21;22;0;0;21;22
25970;1092;396;21;22;0;0;21;22
25972;1113;396;21;22;0;0;21;22
25973;1134;396;21;22;0;0;21;22
25975;1155;396;21;22;0;0;21;22
25976;1176;396;21;22;0;0;21;22
25979;1197;396;21;22;0;0;21;22
25986;1218;396;21;22;0;0;21;22
25987;1239;396;21;22;0;0;21;22
25991;1260;396;21;22;0;0;21;22
25993;1281;396;21;22;0;0;21;22
25995;1302;396;21;22;0;0;21;22
25996;1323;396;21;22;0;0;21;22
25998;1344;396;21;22;0;0;21;22
26000;1365;396;21;22;0;0;21;22
26001;1386;396;21;22;0;0;21;22
26003;1407;396;21;22;0;0;21;22
26005;1428;396;21;22;0;0;21;22
26007;1449;396;21;22;0;0;21;22
26009;1470;396;21;22;0;0;21;22
26011;1491;396;21;22;0;0;21;22
26012;1512;396;21;22;0;0;21;22
26015;1533;396;21;22;0;0;21;22
26017;1554;396;21;22;0;0;21;22
26020;1575;396;21;22;0;0;21;22
26021;1596;396;21;22;0;0;21;22
26023;1617;396;21;22;0;0;21;22
26025;1638;396;21;22;0;0;21;22
26027;1659;396;21;22;0;0;21;22
26028;1680;396;21;22;0;0;21;22
26029;1701;396;21;22;0;0;21;22
26031;1722;396;21;22;0;0;21;22
26032;1743;396;21;22;0;0;21;22
26039;1764;396;21;22;0;0;21;22
26041;1785;396;21;22;0;0;21;22
26044;1806;396;21;22;0;0;21;22
26045;1827;396;21;22;0;0;21;22
26049;1848;396;21;22;0;0;21;22
26051;1869;396;21;22;0;0;21;22
26052;1890;396;21;22;0;0;21;22
26053;1911;396;21;22;0;0;21;22
26054;1932;396;21;22;0;0;21;22
26059;1953;396;21;22;0;0;21;22
26060;1974;396;21;22;0;0;21;22
26062;1995;396;21;22;0;0;21;22
26063;2016;396;21;22;0;0;21;22
26066;2037;396;21;22;0;0;21;22
26070;2058;396;21;22;0;0;21;22
26071;2079;396;21;22;0;0;21;22
26075;2100;396;21;22;0;0;21;22
26080;2121;396;21;22;0;0;21;22
26082;2142;396;21;22;0;0;21;22
26085;2163;396;21;22;0;0;21;22
26086;2184;396;21;22;0;0;21;22
26087;2205;396;21;22;0;0;21;22
26088;2226;396;21;22;0;0;21;22
26089;2247;396;21;22;0;0;21;22
26092;2268;396;21;22;0;0;21;22
26093;2289;396;21;22;0;0;21;22
26094;2310;396;21;22;0;0;21;22
26095;2331;396;21;22;0;0;21;22
26096;2352;396;21;22;0;0;21;22
26097;2373;396;21;22;0;0;21;22
26102;2394;396;21;22;0;0;21;22
26103;2415;396;21;22;0;0;21;22
26104;2436;396;21;22;0;0;21;22
26106;2457;396;21;22;0;0;21;22
26107;2478;396;21;22;0;0;21;22
26112;2499;396;21;22;0;0;21;22
26114;2520;396;21;22;0;0;21;22
26115;2541;396;21;22;0;0;21;22
26118;2562;396;21;22;0;0;21;22
26119;2583;396;21;22;0;0;21;22
26121;2604;396;21;22;0;0;21;22
26122;2625;396;21;22;0;0;21;22
26124;2646;396;21;22;0;0;21;22
26126;2667;396;21;22;0;0;21;22
26127;2688;396;21;22;0;0;21;22
26131;2709;396;21;22;0;0;21;22
26132;2730;396;21;22;0;0;21;22
26133;2751;396;21;22;0;0;21;22
26137;2772;396;21;22;0;0;21;22
26141;2793;396;21;22;0;0;21;22
26142;2814;396;21;22;0;0;21;22
26143;2835;396;21;22;0;0;21;22
26144;2856;396;21;22;0;0;21;22
26149;2877;396;21;22;0;0;21;22
26151;2898;396;21;22;0;0;21;22
26152;2919;396;21;22;0;0;21;22
26157;2940;396;21;22;0;0;21;22
26159;2961;396;21;22;0;0;21;22
26161;2982;396;21;22;0;0;21;22
26164;3003;396;21;22;0;0;21;22
26165;3024;396;21;22;0;0;21;22
26166;3045;396;21;22;0;0;21;22
26172;3066;396;21;22;0;0;21;22
26174;3087;396;21;22;0;0;21;22
26177;3108;396;21;22;0;0;21;22
26178;3129;396;21;22;0;0;21;22
26179;3150;396;21;22;0;0;21;22
26185;3171;396;21;22;0;0;21;22
26187;3192;396;21;22;0;0;21;22
26188;3213;396;21;22;0;0;21;22
26191;3234;396;21;22;0;0;21;22
26194;3255;396;21;22;0;0;21;22
26195;3276;396;21;22;0;0;21;22
26196;3297;396;21;22;0;0;21;22
26197;3318;396;21;22;0;0;21;22
26198;3339;396;21;22;0;0;21;22
26199;3360;396;21;22;0;0;21;22
26202;3381;396;21;22;0;0;21;22
26205;3402;396;21;22;0;0;21;22
26206;3423;396;21;22;0;0;21;22
26207;3444;396;21;22;0;0;21;22
26209;3465;396;21;22;0;0;21;22
26212;3486;396;21;22;0;0;21;22
26214;3507;396;21;22;0;0;21;22
26216;3528;396;21;22;0;0;21;22
26217;3549;396;21;22;0;0;21;22
26220;3570;396;21;22;0;0;21;22
26222;3591;396;21;22;0;0;21;22
26223;3612;396;21;22;0;0;21;22
26224;3633;396;21;22;0;0;21;22
26228;3654;396;21;22;0;0;21;22
26230;3675;396;21;22;0;0;21;22
26231;3696;396;21;22;0;0;21;22
26234;3717;396;21;22;0;0;21;22
26238;3738;396;21;22;0;0;21;22
26241;3759;396;21;22;0;0;21;22
26242;3780;396;21;22;0;0;21;22
26244;3801;396;21;22;0;0;21;22
26247;3822;396;21;22;0;0;21;22
26248;3843;396;21;22;0;0;21;22
26249;3864;396;21;22;0;0;21;22
26252;3885;396;21;22;0;0;21;22
26257;3906;396;21;22;0;0;21;22
26262;3927;396;21;22;0;0;21;22
26263;3948;396;21;22;0;0;21;22
26269;3969;396;21;22;0;0;21;22
26274;3990;396;21;22;0;0;21;22
26278;4011;396;21;22;0;0;21;22
26279;4032;396;21;22;0;0;21;22
26280;4053;396;21;22;0;0;21;22
26283;4074;396;21;22;0;0;21;22
26286;0;418;21;22;0;0;21;22
26289;21;418;21;22;0;0;21;22
26292;42;418;21;22;0;0;21;22
26297;63;418;21;22;0;0;21;22
26302;84;418;21;22;0;0;21;22
26308;105;418;21;22;0;0;21;22
26310;126;418;21;22;0;0;21;22
26311;147;418;21;22;0;0;21;22
26313;168;418;21;22;0;0;21;22
26326;189;418;21;22;0;0;21;22
26329;210;418;21;22;0;0;21;22
26331;231;418;21;22;0;0;21;22
26332;252;418;21;22;0;0;21;22
26333;273;418;21;22;0;0;21;22
26336;294;418;21;22;0;0;21;22
26342;315;418;21;22;0;0;21;22
26345;336;418;21;22;0;0;21;22
26348;357;418;21;22;0;0;21;22
26352;378;418;21;22;0;0;21;22
26354;399;418;21;22;0;0;21;22
26355;420;418;21;22;0;0;21;22
26356;441;418;21;22;0;0;21;22
26359;462;418;21;22;0;0;21;22
26360;483;418;21;22;0;0;21;22
26361;504;418;21;22;0;0;21;22
26364;525;418;21;22;0;0;21;22
26365;546;418;21;22;0;0;21;22
26366;567;418;21;22;0;0;21;22
26367;588;418;21;22;0;0;21;22
26368;609;418;21;22;0;0;21;22
26371;630;418;21;22;0;0;21;22
26376;651;418;21;22;0;0;21;22
26377;672;418;21;22;0;0;21;22
26379;693;418;21;22;0;0;21;22
26381;714;418;21;22;0;0;21;22
26384;735;418;21;22;0;0;21;22
26388;756;418;21;22;0;0;21;22
26389;777;418;21;22;0;0;21;22
26391;798;418;21;22;0;0;21;22
26395;819;418;21;22;0;0;21;22
26397;840;418;21;22;0;0;21;22
26399;861;418;21;22;0;0;21;22
26406;882;418;21;22;0;0;21;22
26407;903;418;21;22;0;0;21;22
26408;924;418;21;22;0;0;21;22
26410;945;418;21;22;0;0;21;22
26411;966;418;21;22;0;0;21;22
26412;987;418;21;22;0;0;21;22
26413;1008;418;21;22;0;0;21;22
26414;1029;418;21;22;0;0;21;22
26415;1050;418;21;22;0;0;21;22
26417;1071;418;21;22;0;0;21;22
26420;1092;418;21;22;0;0;21;22
26421;1113;418;21;22;0;0;21;22
26426;1134;418;21;22;0;0;21;22
26429;1155;418;21;22;0;0;21;22
26432;1176;418;21;22;0;0;21;22
26434;1197;418;21;22;0;0;21;22
26435;1218;418;21;22;0;0;21;22
26438;1239;418;21;22;0;0;21;22
26440;1260;418;21;22;0;0;21;22
26441;1281;418;21;22;0;0;21;22
26444;1302;418;21;22;0;0;21;22
26446;1323;418;21;22;0;0;21;22
26447;1344;418;21;22;0;0;21;22
26448;1365;418;21;22;0;0;21;22
26449;1386;418;21;22;0;0;21;22
26451;1407;418;21;22;0;0;21;22
26454;1428;418;21;22;0;0;21;22
26460;1449;418;21;22;0;0;21;22
26462;1470;418;21;22;0;0;21;22
26463;1491;418;21;22;0;0;21;22
26464;1512;418;21;22;0;0;21;22
26465;1533;418;21;22;0;0;21;22
26469;1554;418;21;22;0;0;21;22
26472;1575;418;21;22;0;0;21;22
26474;1596;418;21;22;0;0;21;22
26477;1617;418;21;22;0;0;21;22
26479;1638;418;21;22;0;0;21;22
26480;1659;418;21;22;0;0;21;22
26481;1680;418;21;22;0;0;21;22
26482;1701;418;21;22;0;0;21;22
26483;1722;418;21;22;0;0;21;22
26485;1743;418;21;22;0;0;21;22
26487;1764;418;21;22;0;0;21;22
26491;1785;418;21;22;0;0;21;22
26492;1806;418;21;22;0;0;21;22
26494;1827;418;21;22;0;0;21;22
26495;1848;418;21;22;0;0;21;22
26497;1869;418;21;22;0;0;21;22
26500;1890;418;21;22;0;0;21;22
26503;1911;418;21;22;0;0;21;22
26505;1932;418;21;22;0;0;21;22
26507;1953;418;21;22;0;0;21;22
26512;1974;418;21;22;0;0;21;22
26514;1995;418;21;22;0;0;21;22
26515;2016;418;21;22;0;0;21;22
26517;2037;418;21;22;0;0;21;22
26519;2058;418;21;22;0;0;21;22
26522;2079;418;21;22;0;0;21;22
26524;2100;418;21;22;0;0;21;22
26525;2121;418;21;22;0;0;21;22
26526;2142;418;21;22;0;0;21;22
26528;2163;418;21;22;0;0;21;22
26530;2184;418;21;22;0;0;21;22
26531;2205;418;21;22;0;0;21;22
26533;2226;418;21;22;0;0;21;22
26535;2247;418;21;22;0;0;21;22
26536;2268;418;21;22;0;0;21;22
26538;2289;418;21;22;0;0;21;22
26539;2310;418;21;22;0;0;21;22
26541;2331;418;21;22;0;0;21;22
26543;2352;418;21;22;0;0;21;22
26544;2373;418;21;22;0;0;21;22
26547;2394;418;21;22;0;0;21;22
26548;2415;418;21;22;0;0;21;22
26549;2436;418;21;22;0;0;21;22
26550;2457;418;21;22;0;0;21;22
26551;2478;418;21;22;0;0;21;22
26552;2499;418;21;22;0;0;21;22
26560;2520;418;21;22;0;0;21;22
26561;2541;418;21;22;0;0;21;22
26564;2562;418;21;22;0;0;21;22
26568;2583;418;21;22;0;0;21;22
26575;2604;418;21;22;0;0;21;22
26576;2625;418;21;22;0;0;21;22
26577;2646;418;21;22;0;0;21;22
26578;2667;418;21;22;0;0;21;22
26579;2688;418;21;22;0;0;21;22
26580;2709;418;21;22;0;0;21;22
26584;2730;418;21;22;0;0;21;22
26585;2751;418;21;22;0;0;21;22
26586;2772;418;21;22;0;0;21;22
26588;2793;418;21;22;0;0;21;22
26589;2814;418;21;22;0;0;21;22
26590;2835;418;21;22;0;0;21;22
26592;2856;418;21;22;0;0;21;22
26594;2877;418;21;22;0;0;21;22
26597;2898;418;21;22;0;0;21;22
26601;2919;418;21;22;0;0;21;22
26604;2940;418;21;22;0;0;21;22
26607;2961;418;21;22;0;0;21;22
26608;2982;418;21;22;0;0;21;22
26609;3003;418;21;22;0;0;21;22
26611;3024;418;21;22;0;0;21;22
26612;3045;418;21;22;0;0;21;22
26613;3066;418;21;22;0;0;21;22
26618;3087;418;21;22;0;0;21;22
26619;3108;418;21;22;0;0;21;22
26621;3129;418;21;22;0;0;21;22
26623;3150;418;21;22;0;0;21;22
26624;3171;418;21;22;0;0;21;22
26627;3192;418;21;22;0;0;21;22
26628;3213;418;21;22;0;0;21;22
26629;3234;418;21;22;0;0;21;22
26631;3255;418;21;22;0;0;21;22
26632;3276;418;21;22;0;0;21;22
26633;3297;418;21;22;0;0;21;22
26634;3318;418;21;22;0;0;21;22
26635;3339;418;21;22;0;0;21;22
26636;3360;418;21;22;0;0;21;22
26638;3381;418;21;22;0;0;21;22
26639;3402;418;21;22;0;0;21;22
26641;3423;418;21;22;0;0;21;22
26643;3444;418;21;22;0;0;21;22
26646;3465;418;21;22;0;0;21;22
26647;3486;418;21;22;0;0;21;22
26653;3507;418;21;22;0;0;21;22
26655;3528;418;21;22;0;0;21;22
26657;3549;418;21;22;0;0;21;22
26665;3570;418;21;22;0;0;21;22
26666;3591;418;21;22;0;0;21;22
26673;3612;418;21;22;0;0;21;22
26674;3633;418;21;22;0;0;21;22
26675;3654;418;21;22;0;0;21;22
26679;3675;418;21;22;0;0;21;22
26680;3696;418;21;22;0;0;21;22
26681;3717;418;21;22;0;0;21;22
26684;3738;418;21;22;0;0;21;22
26685;3759;418;21;22;0;0;21;22
26686;3780;418;21;22;0;0;21;22
26688;3801;418;21;22;0;0;21;22
26689;3822;418;21;22;0;0;21;22
26690;3843;418;21;22;0;0;21;22
26691;3864;418;21;22;0;0;21;22
26693;3885;418;21;22;0;0;21;22
26694;3906;418;21;22;0;0;21;22
26696;3927;418;21;22;0;0;21;22
26697;3948;418;21;22;0;0;21;22
26700;3969;418;21;22;0;0;21;22
26702;3990;418;21;22;0;0;21;22
26704;4011;418;21;22;0;0;21;22
26705;4032;418;21;22;0;0;21;22
26707;4053;418;21;22;0;0;21;22
26708;4074;418;21;22;0;0;21;22
26709;0;440;21;22;0;0;21;22
26716;21;440;21;22;0;0;21;22
26717;42;440;21;22;0;0;21;22
26719;63;440;21;22;0;0;21;22
26720;84;440;21;22;0;0;21;22
26721;105;440;21;22;0;0;21;22
26722;126;440;21;22;0;0;21;22
26723;147;440;21;22;0;0;21;22
26724;168;440;21;22;0;0;21;22
26725;189;440;21;22;0;0;21;22
26726;210;440;21;22;0;0;21;22
26727;231;440;21;22;0;0;21;22
26728;252;440;21;22;0;0;21;22
26729;273;440;21;22;0;0;21;22
26731;294;440;21;22;0;0;21;22
26740;315;440;21;22;0;0;21;22
26742;336;440;21;22;0;0;21;22
26743;357;440;21;22;0;0;21;22
26751;378;440;21;22;0;0;21;22
26753;399;440;21;22;0;0;21;22
26755;420;440;21;22;0;0;21;22
26757;441;440;21;22;0;0;21;22
26758;462;440;21;22;0;0;21;22
26767;483;440;21;22;0;0;21;22
26771;504;440;21;22;0;0;21;22
26772;525;440;21;22;0;0;21;22
26775;546;440;21;22;0;0;21;22
26776;567;440;21;22;0;0;21;22
26781;588;440;21;22;0;0;21;22
26783;609;440;21;22;0;0;21;22
26786;630;440;21;22;0;0;21;22
26790;651;440;21;22;0;0;21;22
26791;672;440;21;22;0;0;21;22
26792;693;440;21;22;0;0;21;22
26795;714;440;21;22;0;0;21;22
26797;735;440;21;22;0;0;21;22
26799;756;440;21;22;0;0;21;22
26800;777;440;21;22;0;0;21;22
26803;798;440;21;22;0;0;21;22
26805;819;440;21;22;0;0;21;22
26815;840;440;21;22;0;0;21;22
26816;861;440;21;22;0;0;21;22
26817;882;440;21;22;0;0;21;22
26818;903;440;21;22;0;0;21;22
26820;924;440;21;22;0;0;21;22
26821;945;440;21;22;0;0;21;22
26825;966;440;21;22;0;0;21;22
26827;987;440;21;22;0;0;21;22
26829;1008;440;21;22;0;0;21;22
26834;1029;440;21;22;0;0;21;22
26835;1050;440;21;22;0;0;21;22
26837;1071;440;21;22;0;0;21;22
26838;1092;440;21;22;0;0;21;22
26839;1113;440;21;22;0;0;21;22
26840;1134;440;21;22;0;0;21;22
26842;1155;440;21;22;0;0;21;22
26845;1176;440;21;22;0;0;21;22
26847;1197;440;21;22;0;0;21;22
26848;1218;440;21;22;0;0;21;22
26851;1239;440;21;22;0;0;21;22
26855;1260;440;21;22;0;0;21;22
26862;1281;440;21;22;0;0;21;22
26864;1302;440;21;22;0;0;21;22
26865;1323;440;21;22;0;0;21;22
26866;1344;440;21;22;0;0;21;22
26869;1365;440;21;22;0;0;21;22
26873;1386;440;21;22;0;0;21;22
26874;1407;440;21;22;0;0;21;22
26875;1428;440;21;22;0;0;21;22
26876;1449;440;21;22;0;0;21;22
26881;1470;440;21;22;0;0;21;22
26885;1491;440;21;22;0;0;21;22
26891;1512;440;21;22;0;0;21;22
26893;1533;440;21;22;0;0;21;22
26894;1554;440;21;22;0;0;21;22
26895;1575;440;21;22;0;0;21;22
26896;1596;440;21;22;0;0;21;22
26898;1617;440;21;22;0;0;21;22
26908;1638;440;21;22;0;0;21;22
26911;1659;440;21;22;0;0;21;22
26912;1680;440;21;22;0;0;21;22
26916;1701;440;21;22;0;0;21;22
26922;1722;440;21;22;0;0;21;22
26925;1743;440;21;22;0;0;21;22
26928;1764;440;21;22;0;0;21;22
26932;1785;440;21;22;0;0;21;22
26937;1806;440;21;22;0;0;21;22
26941;1827;440;21;22;0;0;21;22
26943;1848;440;21;22;0;0;21;22
26946;1869;440;21;22;0;0;21;22
26954;1890;440;21;22;0;0;21;22
26963;1911;440;21;22;0;0;21;22
26964;1932;440;21;22;0;0;21;22
26970;1953;440;21;22;0;0;21;22
26973;1974;440;21;22;0;0;21;22
26974;1995;440;21;22;0;0;21;22
26976;2016;440;21;22;0;0;21;22
26978;2037;440;21;22;0;0;21;22
26979;2058;440;21;22;0;0;21;22
26982;2079;440;21;22;0;0;21;22
26984;2100;440;21;22;0;0;21;22
26987;2121;440;21;22;0;0;21;22
26989;2142;440;21;22;0;0;21;22
26990;2163;440;21;22;0;0;21;22
26991;2184;440;21;22;0;0;21;22
26997;2205;440;21;22;0;0;21;22
26999;2226;440;21;22;0;0;21;22
27000;2247;440;21;22;0;0;21;22
27001;2268;440;21;22;0;0;21;22
27004;2289;440;21;22;0;0;21;22
27005;2310;440;21;22;0;0;21;22
27010;2331;440;21;22;0;0;21;22
27012;2352;440;21;22;0;0;21;22
27014;2373;440;21;22;0;0;21;22
27016;2394;440;21;22;0;0;21;22
27017;2415;440;21;22;0;0;21;22
27028;2436;440;21;22;0;0;21;22
27029;2457;440;21;22;0;0;21;22
27030;2478;440;21;22;0;0;21;22
27032;2499;440;21;22;0;0;21;22
27035;2520;440;21;22;0;0;21;22
27036;2541;440;21;22;0;0;21;22
27047;2562;440;21;22;0;0;21;22
27048;2583;440;21;22;0;0;21;22
27051;2604;440;21;22;0;0;21;22
27053;2625;440;21;22;0;0;21;22
27054;2646;440;21;22;0;0;21;22
27057;2667;440;21;22;0;0;21;22
27060;2688;440;21;22;0;0;21;22
27063;2709;440;21;22;0;0;21;22
27067;2730;440;21;22;0;0;21;22
27071;2751;440;21;22;0;0;21;22
27073;2772;440;21;22;0;0;21;22
27075;2793;440;21;22;0;0;21;22
27082;2814;440;21;22;0;0;21;22
27083;2835;440;21;22;0;0;21;22
27084;2856;440;21;22;0;0;21;22
27085;2877;440;21;22;0;0;21;22
27086;2898;440;21;22;0;0;21;22
27088;2919;440;21;22;0;0;21;22
27091;2940;440;21;22;0;0;21;22
27092;2961;440;21;22;0;0;21;22
27096;2982;440;21;22;0;0;21;22
27097;3003;440;21;22;0;0;21;22
27099;3024;440;21;22;0;0;21;22
27103;3045;440;21;22;0;0;21;22
27104;3066;440;21;22;0;0;21;22
27108;3087;440;21;22;0;0;21;22
27111;3108;440;21;22;0;0;21;22
27112;3129;440;21;22;0;0;21;22
27117;3150;440;21;22;0;0;21;22
27122;3171;440;21;22;0;0;21;22
27123;3192;440;21;22;0;0;21;22
27133;3213;440;21;22;0;0;21;22
27135;3234;440;21;22;0;0;21;22
27137;3255;440;21;22;0;0;21;22
27138;3276;440;21;22;0;0;21;22
27141;3297;440;21;22;0;0;21;22
27146;3318;440;21;22;0;0;21;22
27155;3339;440;21;22;0;0;21;22
27159;3360;440;21;22;0;0;21;22
27160;3381;440;21;22;0;0;21;22
27161;3402;440;21;22;0;0;21;22
27166;3423;440;21;22;0;0;21;22
27167;3444;440;21;22;0;0;21;22
27169;3465;440;21;22;0;0;21;22
27171;3486;440;21;22;0;0;21;22
27176;3507;440;21;22;0;0;21;22
27177;3528;440;21;22;0;0;21;22
27178;3549;440;21;22;0;0;21;22
27183;3570;440;21;22;0;0;21;22
27185;3591;440;21;22;0;0;21;22
27189;3612;440;21;22;0;0;21;22
27192;3633;440;21;22;0;0;21;22
27193;3654;440;21;22;0;0;21;22
27194;3675;440;21;22;0;0;21;22
27197;3696;440;21;22;0;0;21;22
27198;3717;440;21;22;0;0;21;22
27204;3738;440;21;22;0;0;21;22
27206;3759;440;21;22;0;0;21;22
27207;3780;440;21;22;0;0;21;22
27208;3801;440;21;22;0;0;21;22
27211;3822;440;21;22;0;0;21;22
27216;3843;440;21;22;0;0;21;22
27224;3864;440;21;22;0;0;21;22
27225;3885;440;21;22;0;0;21;22
27226;3906;440;21;22;0;0;21;22
27227;3927;440;21;22;0;0;21;22
27231;3948;440;21;22;0;0;21;22
27233;3969;440;21;22;0;0;21;22
27234;3990;440;21;22;0;0;21;22
27243;4011;440;21;22;0;0;21;22
27248;4032;440;21;22;0;0;21;22
27249;4053;440;21;22;0;0;21;22
27257;4074;440;21;22;0;0;21;22
27260;0;462;21;22;0;0;21;22
27263;21;462;21;22;0;0;21;22
27264;42;462;21;22;0;0;21;22
27265;63;462;21;22;0;0;21;22
27268;84;462;21;22;0;0;21;22
27273;105;462;21;22;0;0;21;22
27278;126;462;21;22;0;0;21;22
27280;147;462;21;22;0;0;21;22
27284;168;462;21;22;0;0;21;22
27287;189;462;21;22;0;0;21;22
27292;210;462;21;22;0;0;21;22
27296;231;462;21;22;0;0;21;22
27298;252;462;21;22;0;0;21;22
27299;273;462;21;22;0;0;21;22
27301;294;462;21;22;0;0;21;22
27305;315;462;21;22;0;0;21;22
27308;336;462;21;22;0;0;21;22
27310;357;462;21;22;0;0;21;22
27311;378;462;21;22;0;0;21;22
27315;399;462;21;22;0;0;21;22
27320;420;462;21;22;0;0;21;22
27323;441;462;21;22;0;0;21;22
27326;462;462;21;22;0;0;21;22
27331;483;462;21;22;0;0;21;22
27347;504;462;21;22;0;0;21;22
27354;525;462;21;22;0;0;21;22
27355;546;462;21;22;0;0;21;22
27357;567;462;21;22;0;0;21;22
27358;588;462;21;22;0;0;21;22
27359;609;462;21;22;0;0;21;22
27365;630;462;21;22;0;0;21;22
27367;651;462;21;22;0;0;21;22
27368;672;462;21;22;0;0;21;22
27370;693;462;21;22;0;0;21;22
27371;714;462;21;22;0;0;21;22
27379;735;462;21;22;0;0;21;22
27384;756;462;21;22;0;0;21;22
27386;777;462;21;22;0;0;21;22
27387;798;462;21;22;0;0;21;22
27396;819;462;21;22;0;0;21;22
27402;840;462;21;22;0;0;21;22
27407;861;462;21;22;0;0;21;22
27410;882;462;21;22;0;0;21;22
27414;903;462;21;22;0;0;21;22
27422;924;462;21;22;0;0;21;22
27424;945;462;21;22;0;0;21;22
27425;966;462;21;22;0;0;21;22
27426;987;462;21;22;0;0;21;22
27427;1008;462;21;22;0;0;21;22
27428;1029;462;21;22;0;0;21;22
27431;1050;462;21;22;0;0;21;22
27442;1071;462;21;22;0;0;21;22
27447;1092;462;21;22;0;0;21;22
27448;1113;462;21;22;0;0;21;22
27450;1134;462;21;22;0;0;21;22
27453;1155;462;21;22;0;0;21;22
27454;1176;462;21;22;0;0;21;22
27459;1197;462;21;22;0;0;21;22
27462;1218;462;21;22;0;0;21;22
27463;1239;462;21;22;0;0;21;22
27465;1260;462;21;22;0;0;21;22
27468;1281;462;21;22;0;0;21;22
27470;1302;462;21;22;0;0;21;22
27472;1323;462;21;22;0;0;21;22
27475;1344;462;21;22;0;0;21;22
27476;1365;462;21;22;0;0;21;22
27481;1386;462;21;22;0;0;21;22
27487;1407;462;21;22;0;0;21;22
27489;1428;462;21;22;0;0;21;22
27490;1449;462;21;22;0;0;21;22
27491;1470;462;21;22;0;0;21;22
27492;1491;462;21;22;0;0;21;22
27493;1512;462;21;22;0;0;21;22
27494;1533;462;21;22;0;0;21;22
27495;1554;462;21;22;0;0;21;22
27497;1575;462;21;22;0;0;21;22
27498;1596;462;21;22;0;0;21;22
27503;1617;462;21;22;0;0;21;22
27506;1638;462;21;22;0;0;21;22
27507;1659;462;21;22;0;0;21;22
27508;1680;462;21;22;0;0;21;22
27511;1701;462;21;22;0;0;21;22
27512;1722;462;21;22;0;0;21;22
27513;1743;462;21;22;0;0;21;22
27515;1764;462;21;22;0;0;21;22
27516;1785;462;21;22;0;0;21;22
27519;1806;462;21;22;0;0;21;22
27521;1827;462;21;22;0;0;21;22
27522;1848;462;21;22;0;0;21;22
27523;1869;462;21;22;0;0;21;22
27524;1890;462;21;22;0;0;21;22
27526;1911;462;21;22;0;0;21;22
27527;1932;462;21;22;0;0;21;22
27529;1953;462;21;22;0;0;21;22
27530;1974;462;21;22;0;0;21;22
27531;1995;462;21;22;0;0;21;22
27533;2016;462;21;22;0;0;21;22
27538;2037;462;21;22;0;0;21;22
27539;2058;462;21;22;0;0;21;22
27542;2079;462;21;22;0;0;21;22
27544;2100;462;21;22;0;0;21;22
27546;2121;462;21;22;0;0;21;22
27547;2142;462;21;22;0;0;21;22
27550;2163;462;21;22;0;0;21;22
27553;2184;462;21;22;0;0;21;22
27554;2205;462;21;22;0;0;21;22
27556;2226;462;21;22;0;0;21;22
27562;2247;462;21;22;0;0;21;22
27563;2268;462;21;22;0;0;21;22
27565;2289;462;21;22;0;0;21;22
27566;2310;462;21;22;0;0;21;22
27567;2331;462;21;22;0;0;21;22
27570;2352;462;21;22;0;0;21;22
27571;2373;462;21;22;0;0;21;22
27572;2394;462;21;22;0;0;21;22
27573;2415;462;21;22;0;0;21;22
27575;2436;462;21;22;0;0;21;22
27578;2457;462;21;22;0;0;21;22
27579;2478;462;21;22;0;0;21;22
27580;2499;462;21;22;0;0;21;22
27583;2520;462;21;22;0;0;21;22
27584;2541;462;21;22;0;0;21;22
27585;2562;462;21;22;0;0;21;22
27586;2583;462;21;22;0;0;21;22
27589;2604;462;21;22;0;0;21;22
27590;2625;462;21;22;0;0;21;22
27595;2646;462;21;22;0;0;21;22
27597;2667;462;21;22;0;0;21;22
27598;2688;462;21;22;0;0;21;22
27599;2709;462;21;22;0;0;21;22
27602;2730;462;21;22;0;0;21;22
27603;2751;462;21;22;0;0;21;22
27604;2772;462;21;22;0;0;21;22
27605;2793;462;21;22;0;0;21;22
27606;2814;462;21;22;0;0;21;22
27607;2835;462;21;22;0;0;21;22
27609;2856;462;21;22;0;0;21;22
27611;2877;462;21;22;0;0;21;22
27617;2898;462;21;22;0;0;21;22
27626;2919;462;21;22;0;0;21;22
27627;2940;462;21;22;0;0;21;22
27628;2961;462;21;22;0;0;21;22
27631;2982;462;21;22;0;0;21;22
27635;3003;462;21;22;0;0;21;22
27641;3024;462;21;22;0;0;21;22
27645;3045;462;21;22;0;0;21;22
27653;3066;462;21;22;0;0;21;22
27654;3087;462;21;22;0;0;21;22
27655;3108;462;21;22;0;0;21;22
27656;3129;462;21;22;0;0;21;22
27660;3150;462;21;22;0;0;21;22
27661;3171;462;21;22;0;0;21;22
27663;3192;462;21;22;0;0;21;22
27664;3213;462;21;22;0;0;21;22
27665;3234;462;21;22;0;0;21;22
27667;3255;462;21;22;0;0;21;22
27668;3276;462;21;22;0;0;21;22
27670;3297;462;21;22;0;0;21;22
27671;3318;462;21;22;0;0;21;22
27672;3339;462;21;22;0;0;21;22
27673;3360;462;21;22;0;0;21;22
27674;3381;462;21;22;0;0;21;22
27675;3402;462;21;22;0;0;21;22
27679;3423;462;21;22;0;0;21;22
27681;3444;462;21;22;0;0;21;22
27682;3465;462;21;22;0;0;21;22
27683;3486;462;21;22;0;0;21;22
27684;3507;462;21;22;0;0;21;22
27686;3528;462;21;22;0;0;21;22
27687;3549;462;21;22;0;0;21;22
27688;3570;462;21;22;0;0;21;22
27689;3591;462;21;22;0;0;21;22
27690;3612;462;21;22;0;0;21;22
27691;3633;462;21;22;0;0;21;22
27692;3654;462;21;22;0;0;21;22
27694;3675;462;21;22;0;0;21;22
27695;3696;462;21;22;0;0;21;22
27696;3717;462;21;22;0;0;21;22
27698;3738;462;21;22;0;0;21;22
27699;3759;462;21;22;0;0;21;22
27700;3780;462;21;22;0;0;21;22
27701;3801;462;21;22;0;0;21;22
27703;3822;462;21;22;0;0;21;22
27704;3843;462;21;22;0;0;21;22
27705;3864;462;21;22;0;0;21;22
27710;3885;462;21;22;0;0;21;22
27712;3906;462;21;22;0;0;21;22
27713;3927;462;21;22;0;0;21;22
27714;3948;462;21;22;0;0;21;22
27718;3969;462;21;22;0;0;21;22
27719;3990;462;21;22;0;0;21;22
27721;4011;462;21;22;0;0;21;22
27722;4032;462;21;22;0;0;21;22
27726;4053;462;21;22;0;0;21;22
27728;4074;462;21;22;0;0;21;22
27732;0;484;21;22;0;0;21;22
27733;21;484;21;22;0;0;21;22
27735;42;484;21;22;0;0;21;22
27737;63;484;21;22;0;0;21;22
27738;84;484;21;22;0;0;21;22
27739;105;484;21;22;0;0;21;22
27740;126;484;21;22;0;0;21;22
27741;147;484;21;22;0;0;21;22
27742;168;484;21;22;0;0;21;22
27743;189;484;21;22;0;0;21;22
27744;210;484;21;22;0;0;21;22
27745;231;484;21;22;0;0;21;22
27748;252;484;21;22;0;0;21;22
27752;273;484;21;22;0;0;21;22
27753;294;484;21;22;0;0;21;22
27754;315;484;21;22;0;0;21;22
27760;336;484;21;22;0;0;21;22
27761;357;484;21;22;0;0;21;22
27762;378;484;21;22;0;0;21;22
27764;399;484;21;22;0;0;21;22
27766;420;484;21;22;0;0;21;22
27769;441;484;21;22;0;0;21;22
27770;462;484;21;22;0;0;21;22
27773;483;484;21;22;0;0;21;22
27774;504;484;21;22;0;0;21;22
27777;525;484;21;22;0;0;21;22
27778;546;484;21;22;0;0;21;22
27779;567;484;21;22;0;0;21;22
27781;588;484;21;22;0;0;21;22
27782;609;484;21;22;0;0;21;22
27784;630;484;21;22;0;0;21;22
27785;651;484;21;22;0;0;21;22
27788;672;484;21;22;0;0;21;22
27791;693;484;21;22;0;0;21;22
27792;714;484;21;22;0;0;21;22
27794;735;484;21;22;0;0;21;22
27795;756;484;21;22;0;0;21;22
27796;777;484;21;22;0;0;21;22
27798;798;484;21;22;0;0;21;22
27801;819;484;21;22;0;0;21;22
27802;840;484;21;22;0;0;21;22
27803;861;484;21;22;0;0;21;22
27807;882;484;21;22;0;0;21;22
27809;903;484;21;22;0;0;21;22
27810;924;484;21;22;0;0;21;22
27811;945;484;21;22;0;0;21;22
27812;966;484;21;22;0;0;21;22
27813;987;484;21;22;0;0;21;22
27814;1008;484;21;22;0;0;21;22
27815;1029;484;21;22;0;0;21;22
27816;1050;484;21;22;0;0;21;22
27817;1071;484;21;22;0;0;21;22
27818;1092;484;21;22;0;0;21;22
27819;1113;484;21;22;0;0;21;22
27821;1134;484;21;22;0;0;21;22
27822;1155;484;21;22;0;0;21;22
27825;1176;484;21;22;0;0;21;22
27827;1197;484;21;22;0;0;21;22
27832;1218;484;21;22;0;0;21;22
27833;1239;484;21;22;0;0;21;22
27834;1260;484;21;22;0;0;21;22
27835;1281;484;21;22;0;0;21;22
27836;1302;484;21;22;0;0;21;22
27837;1323;484;21;22;0;0;21;22
27838;1344;484;21;22;0;0;21;22
27839;1365;484;21;22;0;0;21;22
27841;1386;484;21;22;0;0;21;22
27844;1407;484;21;22;0;0;21;22
27845;1428;484;21;22;0;0;21;22
27849;1449;484;21;22;0;0;21;22
27850;1470;484;21;22;0;0;21;22
27852;1491;484;21;22;0;0;21;22
27856;1512;484;21;22;0;0;21;22
27859;1533;484;21;22;0;0;21;22
27860;1554;484;21;22;0;0;21;22
27861;1575;484;21;22;0;0;21;22
27862;1596;484;21;22;0;0;21;22
27863;1617;484;21;22;0;0;21;22
27867;1638;484;21;22;0;0;21;22
27870;1659;484;21;22;0;0;21;22
27872;1680;484;21;22;0;0;21;22
27873;1701;484;21;22;0;0;21;22
27874;1722;484;21;22;0;0;21;22
27875;1743;484;21;22;0;0;21;22
27877;1764;484;21;22;0;0;21;22
27880;1785;484;21;22;0;0;21;22
27882;1806;484;21;22;0;0;21;22
27883;1827;484;21;22;0;0;21;22
27886;1848;484;21;22;0;0;21;22
27887;1869;484;21;22;0;0;21;22
27888;1890;484;21;22;0;0;21;22
27889;1911;484;21;22;0;0;21;22
27891;1932;484;21;22;0;0;21;22
27893;1953;484;21;22;0;0;21;22
27895;1974;484;21;22;0;0;21;22
27896;1995;484;21;22;0;0;21;22
27898;2016;484;21;22;0;0;21;22
27899;2037;484;21;22;0;0;21;22
27900;2058;484;21;22;0;0;21;22
27901;2079;484;21;22;0;0;21;22
27902;2100;484;21;22;0;0;21;22
27905;2121;484;21;22;0;0;21;22
27908;2142;484;21;22;0;0;21;22
27911;2163;484;21;22;0;0;21;22
27915;2184;484;21;22;0;0;21;22
27916;2205;484;21;22;0;0;21;22
27918;2226;484;21;22;0;0;21;22
27920;2247;484;21;22;0;0;21;22
27922;2268;484;21;22;0;0;21;22
27927;2289;484;21;22;0;0;21;22
27929;2310;484;21;22;0;0;21;22
27931;2331;484;21;22;0;0;21;22
27934;2352;484;21;22;0;0;21;22
27941;2373;484;21;22;0;0;21;22
27943;2394;484;21;22;0;0;21;22
27945;2415;484;21;22;0;0;21;22
27946;2436;484;21;22;0;0;21;22
27947;2457;484;21;22;0;0;21;22
27950;2478;484;21;22;0;0;21;22
27953;2499;484;21;22;0;0;21;22
27954;2520;484;21;22;0;0;21;22
27955;2541;484;21;22;0;0;21;22
27957;2562;484;21;22;0;0;21;22
27958;2583;484;21;22;0;0;21;22
27961;2604;484;21;22;0;0;21;22
27963;2625;484;21;22;0;0;21;22
27964;2646;484;21;22;0;0;21;22
27965;2667;484;21;22;0;0;21;22
27966;2688;484;21;22;0;0;21;22
27969;2709;484;21;22;0;0;21;22
27971;2730;484;21;22;0;0;21;22
27972;2751;484;21;22;0;0;21;22
27973;2772;484;21;22;0;0;21;22
27974;2793;484;21;22;0;0;21;22
27975;2814;484;21;22;0;0;21;22
27978;2835;484;21;22;0;0;21;22
27979;2856;484;21;22;0;0;21;22
27981;2877;484;21;22;0;0;21;22
27982;2898;484;21;22;0;0;21;22
27983;2919;484;21;22;0;0;21;22
27985;2940;484;21;22;0;0;21;22
27986;2961;484;21;22;0;0;21;22
27987;2982;484;21;22;0;0;21;22
27988;3003;484;21;22;0;0;21;22
27989;3024;484;21;22;0;0;21;22
27993;3045;484;21;22;0;0;21;22
27994;3066;484;21;22;0;0;21;22
27996;3087;484;21;22;0;0;21;22
27998;3108;484;21;22;0;0;21;22
28000;3129;484;21;22;0;0;21;22
28001;3150;484;21;22;0;0;21;22
28003;3171;484;21;22;0;0;21;22
28005;3192;484;21;22;0;0;21;22
28006;3213;484;21;22;0;0;21;22
28009;3234;484;21;22;0;0;21;22
28010;3255;484;21;22;0;0;21;22
28012;3276;484;21;22;0;0;21;22
28014;3297;484;21;22;0;0;21;22
28015;3318;484;21;22;0;0;21;22
28020;3339;484;21;22;0;0;21;22
28023;3360;484;21;22;0;0;21;22
28024;3381;484;21;22;0;0;21;22
28025;3402;484;21;22;0;0;21;22
28034;3423;484;21;22;0;0;21;22
28037;3444;484;21;22;0;0;21;22
28039;3465;484;21;22;0;0;21;22
28040;3486;484;21;22;0;0;21;22
28041;3507;484;21;22;0;0;21;22
28044;3528;484;21;22;0;0;21;22
28046;3549;484;21;22;0;0;21;22
28049;3570;484;21;22;0;0;21;22
28051;3591;484;21;22;0;0;21;22
28052;3612;484;21;22;0;0;21;22
28053;3633;484;21;22;0;0;21;22
28057;3654;484;21;22;0;0;21;22
28059;3675;484;21;22;0;0;21;22
28061;3696;484;21;22;0;0;21;22
28062;3717;484;21;22;0;0;21;22
28063;3738;484;21;22;0;0;21;22
28064;3759;484;21;22;0;0;21;22
28065;3780;484;21;22;0;0;21;22
28067;3801;484;21;22;0;0;21;22
28068;3822;484;21;22;0;0;21;22
28070;3843;484;21;22;0;0;21;22
28071;3864;484;21;22;0;0;21;22
28072;3885;484;21;22;0;0;21;22
28073;3906;484;21;22;0;0;21;22
28074;3927;484;21;22;0;0;21;22
28075;3948;484;21;22;0;0;21;22
28078;3969;484;21;22;0;0;21;22
28079;3990;484;21;22;0;0;21;22
28082;4011;484;21;22;0;0;21;22
28085;4032;484;21;22;0;0;21;22
28088;4053;484;21;22;0;0;21;22
28092;4074;484;21;22;0;0;21;22
28095;0;506;21;22;0;0;21;22
28096;21;506;21;22;0;0;21;22
28100;42;506;21;22;0;0;21;22
28101;63;506;21;22;0;0;21;22
28102;84;506;21;22;0;0;21;22
28103;105;506;21;22;0;0;21;22
28107;126;506;21;22;0;0;21;22
28108;147;506;21;22;0;0;21;22
28113;168;506;21;22;0;0;21;22
28114;189;506;21;22;0;0;21;22
28118;210;506;21;22;0;0;21;22
28120;231;506;21;22;0;0;21;22
28121;252;506;21;22;0;0;21;22
28122;273;506;21;22;0;0;21;22
28125;294;506;21;22;0;0;21;22
28126;315;506;21;22;0;0;21;22
28128;336;506;21;22;0;0;21;22
28129;357;506;21;22;0;0;21;22
28132;378;506;21;22;0;0;21;22
28133;399;506;21;22;0;0;21;22
28134;420;506;21;22;0;0;21;22
28136;441;506;21;22;0;0;21;22
28137;462;506;21;22;0;0;21;22
28138;483;506;21;22;0;0;21;22
28139;504;506;21;22;0;0;21;22
28140;525;506;21;22;0;0;21;22
28142;546;506;21;22;0;0;21;22
28145;567;506;21;22;0;0;21;22
28147;588;506;21;22;0;0;21;22
28149;609;506;21;22;0;0;21;22
28150;630;506;21;22;0;0;21;22
28151;651;506;21;22;0;0;21;22
28153;672;506;21;22;0;0;21;22
28154;693;506;21;22;0;0;21;22
28155;714;506;21;22;0;0;21;22
28156;735;506;21;22;0;0;21;22
28165;756;506;21;22;0;0;21;22
28167;777;506;21;22;0;0;21;22
28168;798;506;21;22;0;0;21;22
28169;819;506;21;22;0;0;21;22
28170;840;506;21;22;0;0;21;22
28171;861;506;21;22;0;0;21;22
28172;882;506;21;22;0;0;21;22
28173;903;506;21;22;0;0;21;22
28174;924;506;21;22;0;0;21;22
28176;945;506;21;22;0;0;21;22
28177;966;506;21;22;0;0;21;22
28179;987;506;21;22;0;0;21;22
28180;1008;506;21;22;0;0;21;22
28183;1029;506;21;22;0;0;21;22
28185;1050;506;21;22;0;0;21;22
28186;1071;506;21;22;0;0;21;22
28187;1092;506;21;22;0;0;21;22
28189;1113;506;21;22;0;0;21;22
28192;1134;506;21;22;0;0;21;22
28193;1155;506;21;22;0;0;21;22
28195;1176;506;21;22;0;0;21;22
28196;1197;506;21;22;0;0;21;22
28197;1218;506;21;22;0;0;21;22
28198;1239;506;21;22;0;0;21;22
28201;1260;506;21;22;0;0;21;22
28203;1281;506;21;22;0;0;21;22
28204;1302;506;21;22;0;0;21;22
28205;1323;506;21;22;0;0;21;22
28207;1344;506;21;22;0;0;21;22
28210;1365;506;21;22;0;0;21;22
28212;1386;506;21;22;0;0;21;22
28216;1407;506;21;22;0;0;21;22
28218;1428;506;21;22;0;0;21;22
28222;1449;506;21;22;0;0;21;22
28227;1470;506;21;22;0;0;21;22
28228;1491;506;21;22;0;0;21;22
28233;1512;506;21;22;0;0;21;22
28234;1533;506;21;22;0;0;21;22
28237;1554;506;21;22;0;0;21;22
28238;1575;506;21;22;0;0;21;22
28244;1596;506;21;22;0;0;21;22
28246;1617;506;21;22;0;0;21;22
28248;1638;506;21;22;0;0;21;22
28251;1659;506;21;22;0;0;21;22
28252;1680;506;21;22;0;0;21;22
28255;1701;506;21;22;0;0;21;22
28263;1722;506;21;22;0;0;21;22
28267;1743;506;21;22;0;0;21;22
28270;1764;506;21;22;0;0;21;22
28271;1785;506;21;22;0;0;21;22
28274;1806;506;21;22;0;0;21;22
28275;1827;506;21;22;0;0;21;22
28286;1848;506;21;22;0;0;21;22
28287;1869;506;21;22;0;0;21;22
28288;1890;506;21;22;0;0;21;22
28291;1911;506;21;22;0;0;21;22
28293;1932;506;21;22;0;0;21;22
28294;1953;506;21;22;0;0;21;22
28296;1974;506;21;22;0;0;21;22
28297;1995;506;21;22;0;0;21;22
28303;2016;506;21;22;0;0;21;22
28304;2037;506;21;22;0;0;21;22
28310;2058;506;21;22;0;0;21;22
28312;2079;506;21;22;0;0;21;22
28316;2100;506;21;22;0;0;21;22
28317;2121;506;21;22;0;0;21;22
28319;2142;506;21;22;0;0;21;22
28322;2163;506;21;22;0;0;21;22
28325;2184;506;21;22;0;0;21;22
28327;2205;506;21;22;0;0;21;22
28330;2226;506;21;22;0;0;21;22
28331;2247;506;21;22;0;0;21;22
28335;2268;506;21;22;0;0;21;22
28337;2289;506;21;22;0;0;21;22
28338;2310;506;21;22;0;0;21;22
28340;2331;506;21;22;0;0;21;22
28342;2352;506;21;22;0;0;21;22
28343;2373;506;21;22;0;0;21;22
28346;2394;506;21;22;0;0;21;22
28347;2415;506;21;22;0;0;21;22
28348;2436;506;21;22;0;0;21;22
28349;2457;506;21;22;0;0;21;22
28353;2478;506;21;22;0;0;21;22
28354;2499;506;21;22;0;0;21;22
28355;2520;506;21;22;0;0;21;22
28356;2541;506;21;22;0;0;21;22
28357;2562;506;21;22;0;0;21;22
28359;2583;506;21;22;0;0;21;22
28361;2604;506;21;22;0;0;21;22
28363;2625;506;21;22;0;0;21;22
28364;2646;506;21;22;0;0;21;22
28366;2667;506;21;22;0;0;21;22
28367;2688;506;21;22;0;0;21;22
28369;2709;506;21;22;0;0;21;22
28371;2730;506;21;22;0;0;21;22
28372;2751;506;21;22;0;0;21;22
28373;2772;506;21;22;0;0;21;22
28375;2793;506;21;22;0;0;21;22
28378;2814;506;21;22;0;0;21;22
28381;2835;506;21;22;0;0;21;22
28382;2856;506;21;22;0;0;21;22
28383;2877;506;21;22;0;0;21;22
28385;2898;506;21;22;0;0;21;22
28386;2919;506;21;22;0;0;21;22
28388;2940;506;21;22;0;0;21;22
28389;2961;506;21;22;0;0;21;22
28390;2982;506;21;22;0;0;21;22
28392;3003;506;21;22;0;0;21;22
28393;3024;506;21;22;0;0;21;22
28394;3045;506;21;22;0;0;21;22
28395;3066;506;21;22;0;0;21;22
28396;3087;506;21;22;0;0;21;22
28399;3108;506;21;22;0;0;21;22
28402;3129;506;21;22;0;0;21;22
28404;3150;506;21;22;0;0;21;22
28407;3171;506;21;22;0;0;21;22
28408;3192;506;21;22;0;0;21;22
28409;3213;506;21;22;0;0;21;22
28414;3234;506;21;22;0;0;21;22
28415;3255;506;21;22;0;0;21;22
28417;3276;506;21;22;0;0;21;22
28418;3297;506;21;22;0;0;21;22
28422;3318;506;21;22;0;0;21;22
28424;3339;506;21;22;0;0;21;22
28425;3360;506;21;22;0;0;21;22
28431;3381;506;21;22;0;0;21;22
28435;3402;506;21;22;0;0;21;22
28436;3423;506;21;22;0;0;21;22
28437;3444;506;21;22;0;0;21;22
28442;3465;506;21;22;0;0;21;22
28448;3486;506;21;22;0;0;21;22
28450;3507;506;21;22;0;0;21;22
28451;3528;506;21;22;0;0;21;22
28457;3549;506;21;22;0;0;21;22
28458;3570;506;21;22;0;0;21;22
28459;3591;506;21;22;0;0;21;22
28460;3612;506;21;22;0;0;21;22
28461;3633;506;21;22;0;0;21;22
28463;3654;506;21;22;0;0;21;22
28465;3675;506;21;22;0;0;21;22
28466;3696;506;21;22;0;0;21;22
28467;3717;506;21;22;0;0;21;22
28469;3738;506;21;22;0;0;21;22
28470;3759;506;21;22;0;0;21;22
28472;3780;506;21;22;0;0;21;22
28478;3801;506;21;22;0;0;21;22
28479;3822;506;21;22;0;0;21;22
28481;3843;506;21;22;0;0;21;22
28487;3864;506;21;22;0;0;21;22
28491;3885;506;21;22;0;0;21;22
28493;3906;506;21;22;0;0;21;22
28495;3927;506;21;22;0;0;21;22
28497;3948;506;21;22;0;0;21;22
28500;3969;506;21;22;0;0;21;22
28504;3990;506;21;22;0;0;21;22
28507;4011;506;21;22;0;0;21;22
28508;4032;506;21;22;0;0;21;22
28510;4053;506;21;22;0;0;21;22
28511;4074;506;21;22;0;0;21;22
28514;0;528;21;22;0;0;21;22
28516;21;528;21;22;0;0;21;22
28518;42;528;21;22;0;0;21;22
28525;63;528;21;22;0;0;21;22
28526;84;528;21;22;0;0;21;22
28527;105;528;21;22;0;0;21;22
28528;126;528;21;22;0;0;21;22
28530;147;528;21;22;0;0;21;22
28532;168;528;21;22;0;0;21;22
28535;189;528;21;22;0;0;21;22
28536;210;528;21;22;0;0;21;22
28538;231;528;21;22;0;0;21;22
28540;252;528;21;22;0;0;21;22
28543;273;528;21;22;0;0;21;22
28544;294;528;21;22;0;0;21;22
28546;315;528;21;22;0;0;21;22
28548;336;528;21;22;0;0;21;22
28550;357;528;21;22;0;0;21;22
28551;378;528;21;22;0;0;21;22
28552;399;528;21;22;0;0;21;22
28553;420;528;21;22;0;0;21;22
28556;441;528;21;22;0;0;21;22
28557;462;528;21;22;0;0;21;22
28558;483;528;21;22;0;0;21;22
28567;504;528;21;22;0;0;21;22
28572;525;528;21;22;0;0;21;22
28576;546;528;21;22;0;0;21;22
28577;567;528;21;22;0;0;21;22
28579;588;528;21;22;0;0;21;22
28580;609;528;21;22;0;0;21;22
28581;630;528;21;22;0;0;21;22
28583;651;528;21;22;0;0;21;22
28590;672;528;21;22;0;0;21;22
28591;693;528;21;22;0;0;21;22
28593;714;528;21;22;0;0;21;22
28595;735;528;21;22;0;0;21;22
28598;756;528;21;22;0;0;21;22
28601;777;528;21;22;0;0;21;22
28608;798;528;21;22;0;0;21;22
28609;819;528;21;22;0;0;21;22
28610;840;528;21;22;0;0;21;22
28611;861;528;21;22;0;0;21;22
28617;882;528;21;22;0;0;21;22
28625;903;528;21;22;0;0;21;22
28626;924;528;21;22;0;0;21;22
28629;945;528;21;22;0;0;21;22
28632;966;528;21;22;0;0;21;22
28635;987;528;21;22;0;0;21;22
28638;1008;528;21;22;0;0;21;22
28639;1029;528;21;22;0;0;21;22
28640;1050;528;21;22;0;0;21;22
28641;1071;528;21;22;0;0;21;22
28644;1092;528;21;22;0;0;21;22
28651;1113;528;21;22;0;0;21;22
28652;1134;528;21;22;0;0;21;22
28654;1155;528;21;22;0;0;21;22
28655;1176;528;21;22;0;0;21;22
28656;1197;528;21;22;0;0;21;22
28657;1218;528;21;22;0;0;21;22
28666;1239;528;21;22;0;0;21;22
28668;1260;528;21;22;0;0;21;22
28670;1281;528;21;22;0;0;21;22
28677;1302;528;21;22;0;0;21;22
28678;1323;528;21;22;0;0;21;22
28681;1344;528;21;22;0;0;21;22
28683;1365;528;21;22;0;0;21;22
28687;1386;528;21;22;0;0;21;22
28689;1407;528;21;22;0;0;21;22
28693;1428;528;21;22;0;0;21;22
28696;1449;528;21;22;0;0;21;22
28698;1470;528;21;22;0;0;21;22
28699;1491;528;21;22;0;0;21;22
28701;1512;528;21;22;0;0;21;22
28703;1533;528;21;22;0;0;21;22
28707;1554;528;21;22;0;0;21;22
28710;1575;528;21;22;0;0;21;22
28711;1596;528;21;22;0;0;21;22
28712;1617;528;21;22;0;0;21;22
28716;1638;528;21;22;0;0;21;22
28720;1659;528;21;22;0;0;21;22
28722;1680;528;21;22;0;0;21;22
28734;1701;528;21;22;0;0;21;22
28739;1722;528;21;22;0;0;21;22
28748;1743;528;21;22;0;0;21;22
28751;1764;528;21;22;0;0;21;22
28753;1785;528;21;22;0;0;21;22
28757;1806;528;21;22;0;0;21;22
28760;1827;528;21;22;0;0;21;22
28765;1848;528;21;22;0;0;21;22
28766;1869;528;21;22;0;0;21;22
28771;1890;528;21;22;0;0;21;22
28772;1911;528;21;22;0;0;21;22
28777;1932;528;21;22;0;0;21;22
28779;1953;528;21;22;0;0;21;22
28781;1974;528;21;22;0;0;21;22
28783;1995;528;21;22;0;0;21;22
28784;2016;528;21;22;0;0;21;22
28789;2037;528;21;22;0;0;21;22
28790;2058;528;21;22;0;0;21;22
28792;2079;528;21;22;0;0;21;22
28796;2100;528;21;22;0;0;21;22
28797;2121;528;21;22;0;0;21;22
28798;2142;528;21;22;0;0;21;22
28799;2163;528;21;22;0;0;21;22
28800;2184;528;21;22;0;0;21;22
28801;2205;528;21;22;0;0;21;22
28805;2226;528;21;22;0;0;21;22
28809;2247;528;21;22;0;0;21;22
28810;2268;528;21;22;0;0;21;22
28814;2289;528;21;22;0;0;21;22
28818;2310;528;21;22;0;0;21;22
28820;2331;528;21;22;0;0;21;22
28821;2352;528;21;22;0;0;21;22
28822;2373;528;21;22;0;0;21;22
28824;2394;528;21;22;0;0;21;22
28825;2415;528;21;22;0;0;21;22
28828;2436;528;21;22;0;0;21;22
28829;2457;528;21;22;0;0;21;22
28836;2478;528;21;22;0;0;21;22
28843;2499;528;21;22;0;0;21;22
28844;2520;528;21;22;0;0;21;22
28845;2541;528;21;22;0;0;21;22
28846;2562;528;21;22;0;0;21;22
28847;2583;528;21;22;0;0;21;22
28849;2604;528;21;22;0;0;21;22
28851;2625;528;21;22;0;0;21;22
28855;2646;528;21;22;0;0;21;22
28856;2667;528;21;22;0;0;21;22
28857;2688;528;21;22;0;0;21;22
28858;2709;528;21;22;0;0;21;22
28859;2730;528;21;22;0;0;21;22
28860;2751;528;21;22;0;0;21;22
28861;2772;528;21;22;0;0;21;22
28862;2793;528;21;22;0;0;21;22
28864;2814;528;21;22;0;0;21;22
28865;2835;528;21;22;0;0;21;22
28866;2856;528;21;22;0;0;21;22
28867;2877;528;21;22;0;0;21;22
28872;2898;528;21;22;0;0;21;22
28874;2919;528;21;22;0;0;21;22
28879;2940;528;21;22;0;0;21;22
28884;2961;528;21;22;0;0;21;22
28888;2982;528;21;22;0;0;21;22
28889;3003;528;21;22;0;0;21;22
28891;3024;528;21;22;0;0;21;22
28892;3045;528;21;22;0;0;21;22
28895;3066;528;21;22;0;0;21;22
28900;3087;528;21;22;0;0;21;22
28902;3108;528;21;22;0;0;21;22
28903;3129;528;21;22;0;0;21;22
28904;3150;528;21;22;0;0;21;22
28905;3171;528;21;22;0;0;21;22
28907;3192;528;21;22;0;0;21;22
28908;3213;528;21;22;0;0;21;22
28909;3234;528;21;22;0;0;21;22
28911;3255;528;21;22;0;0;21;22
28916;3276;528;21;22;0;0;21;22
28919;3297;528;21;22;0;0;21;22
28921;3318;528;21;22;0;0;21;22
28925;3339;528;21;22;0;0;21;22
28926;3360;528;21;22;0;0;21;22
28937;3381;528;21;22;0;0;21;22
28938;3402;528;21;22;0;0;21;22
28944;3423;528;21;22;0;0;21;22
28947;3444;528;21;22;0;0;21;22
28949;3465;528;21;22;0;0;21;22
28950;3486;528;21;22;0;0;21;22
28951;3507;528;21;22;0;0;21;22
28952;3528;528;21;22;0;0;21;22
28953;3549;528;21;22;0;0;21;22
28954;3570;528;21;22;0;0;21;22
28956;3591;528;21;22;0;0;21;22
28961;3612;528;21;22;0;0;21;22
28962;3633;528;21;22;0;0;21;22
28966;3654;528;21;22;0;0;21;22
28975;3675;528;21;22;0;0;21;22
28976;3696;528;21;22;0;0;21;22
28977;3717;528;21;22;0;0;21;22
28982;3738;528;21;22;0;0;21;22
28988;3759;528;21;22;0;0;21;22
28997;3780;528;21;22;0;0;21;22
28998;3801;528;21;22;0;0;21;22
29001;3822;528;21;22;0;0;21;22
29002;3843;528;21;22;0;0;21;22
29004;3864;528;21;22;0;0;21;22
29006;3885;528;21;22;0;0;21;22
29010;3906;528;21;22;0;0;21;22
29017;3927;528;21;22;0;0;21;22
29020;3948;528;21;22;0;0;21;22
29022;3969;528;21;22;0;0;21;22
29024;3990;528;21;22;0;0;21;22
29026;4011;528;21;22;0;0;21;22
29028;4032;528;21;22;0;0;21;22
29029;4053;528;21;22;0;0;21;22
29030;4074;528;21;22;0;0;21;22
29031;0;550;21;22;0;0;21;22
29032;21;550;21;22;0;0;21;22
29033;42;550;21;22;0;0;21;22
29036;63;550;21;22;0;0;21;22
29038;84;550;21;22;0;0;21;22
29042;105;550;21;22;0;0;21;22
29043;126;550;21;22;0;0;21;22
29048;147;550;21;22;0;0;21;22
29050;168;550;21;22;0;0;21;22
29053;189;550;21;22;0;0;21;22
29060;210;550;21;22;0;0;21;22
29066;231;550;21;22;0;0;21;22
29071;252;550;21;22;0;0;21;22
29074;273;550;21;22;0;0;21;22
29076;294;550;21;22;0;0;21;22
29079;315;550;21;22;0;0;21;22
29080;336;550;21;22;0;0;21;22
29081;357;550;21;22;0;0;21;22
29084;378;550;21;22;0;0;21;22
29087;399;550;21;22;0;0;21;22
29088;420;550;21;22;0;0;21;22
29093;441;550;21;22;0;0;21;22
29096;462;550;21;22;0;0;21;22
29100;483;550;21;22;0;0;21;22
29105;504;550;21;22;0;0;21;22
29109;525;550;21;22;0;0;21;22
29113;546;550;21;22;0;0;21;22
29118;567;550;21;22;0;0;21;22
29121;588;550;21;22;0;0;21;22
29123;609;550;21;22;0;0;21;22
29124;630;550;21;22;0;0;21;22
29128;651;550;21;22;0;0;21;22
29129;672;550;21;22;0;0;21;22
29130;693;550;21;22;0;0;21;22
29134;714;550;21;22;0;0;21;22
29138;735;550;21;22;0;0;21;22
29140;756;550;21;22;0;0;21;22
29141;777;550;21;22;0;0;21;22
29145;798;550;21;22;0;0;21;22
29148;819;550;21;22;0;0;21;22
29151;840;550;21;22;0;0;21;22
29152;861;550;21;22;0;0;21;22
29157;882;550;21;22;0;0;21;22
29158;903;550;21;22;0;0;21;22
29159;924;550;21;22;0;0;21;22
29164;945;550;21;22;0;0;21;22
29165;966;550;21;22;0;0;21;22
29166;987;550;21;22;0;0;21;22
29172;1008;550;21;22;0;0;21;22
29177;1029;550;21;22;0;0;21;22
29179;1050;550;21;22;0;0;21;22
29180;1071;550;21;22;0;0;21;22
29182;1092;550;21;22;0;0;21;22
29183;1113;550;21;22;0;0;21;22
29190;1134;550;21;22;0;0;21;22
29197;1155;550;21;22;0;0;21;22
29200;1176;550;21;22;0;0;21;22
29211;1197;550;21;22;0;0;21;22
29213;1218;550;21;22;0;0;21;22
29224;1239;550;21;22;0;0;21;22
29226;1260;550;21;22;0;0;21;22
29228;1281;550;21;22;0;0;21;22
29229;1302;550;21;22;0;0;21;22
29232;1323;550;21;22;0;0;21;22
29233;1344;550;21;22;0;0;21;22
29237;1365;550;21;22;0;0;21;22
29238;1386;550;21;22;0;0;21;22
29239;1407;550;21;22;0;0;21;22
29240;1428;550;21;22;0;0;21;22
29241;1449;550;21;22;0;0;21;22
29242;1470;550;21;22;0;0;21;22
29243;1491;550;21;22;0;0;21;22
29245;1512;550;21;22;0;0;21;22
29246;1533;550;21;22;0;0;21;22
29247;1554;550;21;22;0;0;21;22
29249;1575;550;21;22;0;0;21;22
29250;1596;550;21;22;0;0;21;22
29254;1617;550;21;22;0;0;21;22
29255;1638;550;21;22;0;0;21;22
29256;1659;550;21;22;0;0;21;22
29260;1680;550;21;22;0;0;21;22
29261;1701;550;21;22;0;0;21;22
29266;1722;550;21;22;0;0;21;22
29270;1743;550;21;22;0;0;21;22
29272;1764;550;21;22;0;0;21;22
29273;1785;550;21;22;0;0;21;22
29275;1806;550;21;22;0;0;21;22
29277;1827;550;21;22;0;0;21;22
29279;1848;550;21;22;0;0;21;22
29280;1869;550;21;22;0;0;21;22
29281;1890;550;21;22;0;0;21;22
29282;1911;550;21;22;0;0;21;22
29284;1932;550;21;22;0;0;21;22
29286;1953;550;21;22;0;0;21;22
29287;1974;550;21;22;0;0;21;22
29289;1995;550;21;22;0;0;21;22
29294;2016;550;21;22;0;0;21;22
29295;2037;550;21;22;0;0;21;22
29298;2058;550;21;22;0;0;21;22
29300;2079;550;21;22;0;0;21;22
29301;2100;550;21;22;0;0;21;22
29305;2121;550;21;22;0;0;21;22
29306;2142;550;21;22;0;0;21;22
29309;2163;550;21;22;0;0;21;22
29310;2184;550;21;22;0;0;21;22
29312;2205;550;21;22;0;0;21;22
29313;2226;550;21;22;0;0;21;22
29316;2247;550;21;22;0;0;21;22
29322;2268;550;21;22;0;0;21;22
29323;2289;550;21;22;0;0;21;22
29325;2310;550;21;22;0;0;21;22
29327;2331;550;21;22;0;0;21;22
29330;2352;550;21;22;0;0;21;22
29334;2373;550;21;22;0;0;21;22
29339;2394;550;21;22;0;0;21;22
29343;2415;550;21;22;0;0;21;22
29344;2436;550;21;22;0;0;21;22
29346;2457;550;21;22;0;0;21;22
29351;2478;550;21;22;0;0;21;22
29356;2499;550;21;22;0;0;21;22
29359;2520;550;21;22;0;0;21;22
29360;2541;550;21;22;0;0;21;22
29366;2562;550;21;22;0;0;21;22
29367;2583;550;21;22;0;0;21;22
29368;2604;550;21;22;0;0;21;22
29369;2625;550;21;22;0;0;21;22
29376;2646;550;21;22;0;0;21;22
29377;2667;550;21;22;0;0;21;22
29378;2688;550;21;22;0;0;21;22
29380;2709;550;21;22;0;0;21;22
29384;2730;550;21;22;0;0;21;22
29389;2751;550;21;22;0;0;21;22
29390;2772;550;21;22;0;0;21;22
29392;2793;550;21;22;0;0;21;22
29394;2814;550;21;22;0;0;21;22
29399;2835;550;21;22;0;0;21;22
29401;2856;550;21;22;0;0;21;22
29406;2877;550;21;22;0;0;21;22
29408;2898;550;21;22;0;0;21;22
29409;2919;550;21;22;0;0;21;22
29416;2940;550;21;22;0;0;21;22
29417;2961;550;21;22;0;0;21;22
29420;2982;550;21;22;0;0;21;22
29421;3003;550;21;22;0;0;21;22
29422;3024;550;21;22;0;0;21;22
29423;3045;550;21;22;0;0;21;22
29424;3066;550;21;22;0;0;21;22
29425;3087;550;21;22;0;0;21;22
29426;3108;550;21;22;0;0;21;22
29427;3129;550;21;22;0;0;21;22
29431;3150;550;21;22;0;0;21;22
29432;3171;550;21;22;0;0;21;22
29433;3192;550;21;22;0;0;21;22
29434;3213;550;21;22;0;0;21;22
29435;3234;550;21;22;0;0;21;22
29436;3255;550;21;22;0;0;21;22
29437;3276;550;21;22;0;0;21;22
29441;3297;550;21;22;0;0;21;22
29443;3318;550;21;22;0;0;21;22
29454;3339;550;21;22;0;0;21;22
29459;3360;550;21;22;0;0;21;22
29461;3381;550;21;22;0;0;21;22
29462;3402;550;21;22;0;0;21;22
29463;3423;550;21;22;0;0;21;22
29465;3444;550;21;22;0;0;21;22
29467;3465;550;21;22;0;0;21;22
29468;3486;550;21;22;0;0;21;22
29469;3507;550;21;22;0;0;21;22
29470;3528;550;21;22;0;0;21;22
29471;3549;550;21;22;0;0;21;22
29473;3570;550;21;22;0;0;21;22
29474;3591;550;21;22;0;0;21;22
29477;3612;550;21;22;0;0;21;22
29481;3633;550;21;22;0;0;21;22
29482;3654;550;21;22;0;0;21;22
29483;3675;550;21;22;0;0;21;22
29484;3696;550;21;22;0;0;21;22
29486;3717;550;21;22;0;0;21;22
29489;3738;550;21;22;0;0;21;22
29492;3759;550;21;22;0;0;21;22
29494;3780;550;21;22;0;0;21;22
29495;3801;550;21;22;0;0;21;22
29496;3822;550;21;22;0;0;21;22
29497;3843;550;21;22;0;0;21;22
29499;3864;550;21;22;0;0;21;22
29502;3885;550;21;22;0;0;21;22
29503;3906;550;21;22;0;0;21;22
29505;3927;550;21;22;0;0;21;22
29507;3948;550;21;22;0;0;21;22
29508;3969;550;21;22;0;0;21;22
29509;3990;550;21;22;0;0;21;22
29518;4011;550;21;22;0;0;21;22
29520;4032;550;21;22;0;0;21;22
29522;4053;550;21;22;0;0;21;22
29527;4074;550;21;22;0;0;21;22
29536;0;572;21;22;0;0;21;22
29539;21;572;21;22;0;0;21;22
29544;42;572;21;22;0;0;21;22
29546;63;572;21;22;0;0;21;22
29547;84;572;21;22;0;0;21;22
29548;105;572;21;22;0;0;21;22
29549;126;572;21;22;0;0;21;22
29552;147;572;21;22;0;0;21;22
29554;168;572;21;22;0;0;21;22
29556;189;572;21;22;0;0;21;22
29557;210;572;21;22;0;0;21;22
29559;231;572;21;22;0;0;21;22
29560;252;572;21;22;0;0;21;22
29562;273;572;21;22;0;0;21;22
29563;294;572;21;22;0;0;21;22
29564;315;572;21;22;0;0;21;22
29566;336;572;21;22;0;0;21;22
29568;357;572;21;22;0;0;21;22
29572;378;572;21;22;0;0;21;22
29575;399;572;21;22;0;0;21;22
29577;420;572;21;22;0;0;21;22
29579;441;572;21;22;0;0;21;22
29582;462;572;21;22;0;0;21;22
29585;483;572;21;22;0;0;21;22
29590;504;572;21;22;0;0;21;22
29593;525;572;21;22;0;0;21;22
29595;546;572;21;22;0;0;21;22
29596;567;572;21;22;0;0;21;22
29599;588;572;21;22;0;0;21;22
29600;609;572;21;22;0;0;21;22
29601;630;572;21;22;0;0;21;22
29602;651;572;21;22;0;0;21;22
29605;672;572;21;22;0;0;21;22
29606;693;572;21;22;0;0;21;22
29608;714;572;21;22;0;0;21;22
29609;735;572;21;22;0;0;21;22
29611;756;572;21;22;0;0;21;22
29613;777;572;21;22;0;0;21;22
29614;798;572;21;22;0;0;21;22
29615;819;572;21;22;0;0;21;22
29616;840;572;21;22;0;0;21;22
29618;861;572;21;22;0;0;21;22
29619;882;572;21;22;0;0;21;22
29623;903;572;21;22;0;0;21;22
29626;924;572;21;22;0;0;21;22
29627;945;572;21;22;0;0;21;22
29632;966;572;21;22;0;0;21;22
29634;987;572;21;22;0;0;21;22
29640;1008;572;21;22;0;0;21;22
29641;1029;572;21;22;0;0;21;22
29642;1050;572;21;22;0;0;21;22
29645;1071;572;21;22;0;0;21;22
29647;1092;572;21;22;0;0;21;22
29648;1113;572;21;22;0;0;21;22
29649;1134;572;21;22;0;0;21;22
29657;1155;572;21;22;0;0;21;22
29662;1176;572;21;22;0;0;21;22
29664;1197;572;21;22;0;0;21;22
29667;1218;572;21;22;0;0;21;22
29669;1239;572;21;22;0;0;21;22
29671;1260;572;21;22;0;0;21;22
29673;1281;572;21;22;0;0;21;22
29674;1302;572;21;22;0;0;21;22
29677;1323;572;21;22;0;0;21;22
29678;1344;572;21;22;0;0;21;22
29680;1365;572;21;22;0;0;21;22
29682;1386;572;21;22;0;0;21;22
29690;1407;572;21;22;0;0;21;22
29694;1428;572;21;22;0;0;21;22
29699;1449;572;21;22;0;0;21;22
29701;1470;572;21;22;0;0;21;22
29702;1491;572;21;22;0;0;21;22
29703;1512;572;21;22;0;0;21;22
29705;1533;572;21;22;0;0;21;22
29706;1554;572;21;22;0;0;21;22
29709;1575;572;21;22;0;0;21;22
29711;1596;572;21;22;0;0;21;22
29712;1617;572;21;22;0;0;21;22
29719;1638;572;21;22;0;0;21;22
29722;1659;572;21;22;0;0;21;22
29723;1680;572;21;22;0;0;21;22
29729;1701;572;21;22;0;0;21;22
29730;1722;572;21;22;0;0;21;22
29732;1743;572;21;22;0;0;21;22
29733;1764;572;21;22;0;0;21;22
29734;1785;572;21;22;0;0;21;22
29736;1806;572;21;22;0;0;21;22
29738;1827;572;21;22;0;0;21;22
29739;1848;572;21;22;0;0;21;22
29740;1869;572;21;22;0;0;21;22
29742;1890;572;21;22;0;0;21;22
29743;1911;572;21;22;0;0;21;22
29744;1932;572;21;22;0;0;21;22
29747;1953;572;21;22;0;0;21;22
29748;1974;572;21;22;0;0;21;22
29749;1995;572;21;22;0;0;21;22
29750;2016;572;21;22;0;0;21;22
29754;2037;572;21;22;0;0;21;22
29756;2058;572;21;22;0;0;21;22
29759;2079;572;21;22;0;0;21;22
29761;2100;572;21;22;0;0;21;22
29764;2121;572;21;22;0;0;21;22
29769;2142;572;21;22;0;0;21;22
29771;2163;572;21;22;0;0;21;22
29781;2184;572;21;22;0;0;21;22
29783;2205;572;21;22;0;0;21;22
29785;2226;572;21;22;0;0;21;22
29786;2247;572;21;22;0;0;21;22
29787;2268;572;21;22;0;0;21;22
29788;2289;572;21;22;0;0;21;22
29790;2310;572;21;22;0;0;21;22
29791;2331;572;21;22;0;0;21;22
29792;2352;572;21;22;0;0;21;22
29795;2373;572;21;22;0;0;21;22
29796;2394;572;21;22;0;0;21;22
29801;2415;572;21;22;0;0;21;22
29802;2436;572;21;22;0;0;21;22
29805;2457;572;21;22;0;0;21;22
29807;2478;572;21;22;0;0;21;22
29808;2499;572;21;22;0;0;21;22
29814;2520;572;21;22;0;0;21;22
29822;2541;572;21;22;0;0;21;22
29824;2562;572;21;22;0;0;21;22
29825;2583;572;21;22;0;0;21;22
29827;2604;572;21;22;0;0;21;22
29831;2625;572;21;22;0;0;21;22
29832;2646;572;21;22;0;0;21;22
29833;2667;572;21;22;0;0;21;22
29835;2688;572;21;22;0;0;21;22
29838;2709;572;21;22;0;0;21;22
29840;2730;572;21;22;0;0;21;22
29848;2751;572;21;22;0;0;21;22
29852;2772;572;21;22;0;0;21;22
29854;2793;572;21;22;0;0;21;22
29855;2814;572;21;22;0;0;21;22
29856;2835;572;21;22;0;0;21;22
29859;2856;572;21;22;0;0;21;22
29863;2877;572;21;22;0;0;21;22
29864;2898;572;21;22;0;0;21;22
29865;2919;572;21;22;0;0;21;22
29866;2940;572;21;22;0;0;21;22
29867;2961;572;21;22;0;0;21;22
29872;2982;572;21;22;0;0;21;22
29882;3003;572;21;22;0;0;21;22
29885;3024;572;21;22;0;0;21;22
29887;3045;572;21;22;0;0;21;22
29898;3066;572;21;22;0;0;21;22
29903;3087;572;21;22;0;0;21;22
29906;3108;572;21;22;0;0;21;22
29908;3129;572;21;22;0;0;21;22
29912;3150;572;21;22;0;0;21;22
29914;3171;572;21;22;0;0;21;22
29916;3192;572;21;22;0;0;21;22
29918;3213;572;21;22;0;0;21;22
29920;3234;572;21;22;0;0;21;22
29922;3255;572;21;22;0;0;21;22
29923;3276;572;21;22;0;0;21;22
29924;3297;572;21;22;0;0;21;22
29926;3318;572;21;22;0;0;21;22
29934;3339;572;21;22;0;0;21;22
29935;3360;572;21;22;0;0;21;22
29940;3381;572;21;22;0;0;21;22
29942;3402;572;21;22;0;0;21;22
29943;3423;572;21;22;0;0;21;22
29951;3444;572;21;22;0;0;21;22
29956;3465;572;21;22;0;0;21;22
29964;3486;572;21;22;0;0;21;22
29965;3507;572;21;22;0;0;21;22
29967;3528;572;21;22;0;0;21;22
29969;3549;572;21;22;0;0;21;22
29973;3570;572;21;22;0;0;21;22
29976;3591;572;21;22;0;0;21;22
29978;3612;572;21;22;0;0;21;22
29980;3633;572;21;22;0;0;21;22
29983;3654;572;21;22;0;0;21;22
29986;3675;572;21;22;0;0;21;22
29987;3696;572;21;22;0;0;21;22
29989;3717;572;21;22;0;0;21;22
29990;3738;572;21;22;0;0;21;22
29992;3759;572;21;22;0;0;21;22
29993;3780;572;21;22;0;0;21;22
29995;3801;572;21;22;0;0;21;22
29996;3822;572;21;22;0;0;21;22
29997;3843;572;21;22;0;0;21;22
29999;3864;572;21;22;0;0;21;22
30000;3885;572;21;22;0;0;21;22
30001;3906;572;21;22;0;0;21;22
30002;3927;572;21;22;0;0;21;22
30003;3948;572;21;22;0;0;21;22
30005;3969;572;21;22;0;0;21;22
30007;3990;572;21;22;0;0;21;22
30008;4011;572;21;22;0;0;21;22
30010;4032;572;21;22;0;0;21;22
30011;4053;572;21;22;0;0;21;22
30014;4074;572;21;22;0;0;21;22
30016;0;594;21;22;0;0;21;22
30021;21;594;21;22;0;0;21;22
30024;42;594;21;22;0;0;21;22
30027;63;594;21;22;0;0;21;22
30028;84;594;21;22;0;0;21;22
30030;105;594;21;22;0;0;21;22
30031;126;594;21;22;0;0;21;22
30033;147;594;21;22;0;0;21;22
30036;168;594;21;22;0;0;21;22
30041;189;594;21;22;0;0;21;22
30042;210;594;21;22;0;0;21;22
30043;231;594;21;22;0;0;21;22
30044;252;594;21;22;0;0;21;22
30045;273;594;21;22;0;0;21;22
30050;294;594;21;22;0;0;21;22
30053;315;594;21;22;0;0;21;22
30054;336;594;21;22;0;0;21;22
30056;357;594;21;22;0;0;21;22
30058;378;594;21;22;0;0;21;22
30059;399;594;21;22;0;0;21;22
30060;420;594;21;22;0;0;21;22
30064;441;594;21;22;0;0;21;22
30066;462;594;21;22;0;0;21;22
30067;483;594;21;22;0;0;21;22
30068;504;594;21;22;0;0;21;22
30070;525;594;21;22;0;0;21;22
30072;546;594;21;22;0;0;21;22
30073;567;594;21;22;0;0;21;22
30079;588;594;21;22;0;0;21;22
30083;609;594;21;22;0;0;21;22
30086;630;594;21;22;0;0;21;22
30087;651;594;21;22;0;0;21;22
30090;672;594;21;22;0;0;21;22
30091;693;594;21;22;0;0;21;22
30094;714;594;21;22;0;0;21;22
30095;735;594;21;22;0;0;21;22
30097;756;594;21;22;0;0;21;22
30100;777;594;21;22;0;0;21;22
30102;798;594;21;22;0;0;21;22
30103;819;594;21;22;0;0;21;22
30105;840;594;21;22;0;0;21;22
30106;861;594;21;22;0;0;21;22
30109;882;594;21;22;0;0;21;22
30111;903;594;21;22;0;0;21;22
30112;924;594;21;22;0;0;21;22
30113;945;594;21;22;0;0;21;22
30114;966;594;21;22;0;0;21;22
30115;987;594;21;22;0;0;21;22
30116;1008;594;21;22;0;0;21;22
30117;1029;594;21;22;0;0;21;22
30122;1050;594;21;22;0;0;21;22
30123;1071;594;21;22;0;0;21;22
30124;1092;594;21;22;0;0;21;22
30125;1113;594;21;22;0;0;21;22
30126;1134;594;21;22;0;0;21;22
30127;1155;594;21;22;0;0;21;22
30129;1176;594;21;22;0;0;21;22
30130;1197;594;21;22;0;0;21;22
30131;1218;594;21;22;0;0;21;22
30132;1239;594;21;22;0;0;21;22
30133;1260;594;21;22;0;0;21;22
30136;1281;594;21;22;0;0;21;22
30137;1302;594;21;22;0;0;21;22
30140;1323;594;21;22;0;0;21;22
30141;1344;594;21;22;0;0;21;22
30142;1365;594;21;22;0;0;21;22
30144;1386;594;21;22;0;0;21;22
30146;1407;594;21;22;0;0;21;22
30149;1428;594;21;22;0;0;21;22
30151;1449;594;21;22;0;0;21;22
30152;1470;594;21;22;0;0;21;22
30153;1491;594;21;22;0;0;21;22
30154;1512;594;21;22;0;0;21;22
30157;1533;594;21;22;0;0;21;22
30162;1554;594;21;22;0;0;21;22
30164;1575;594;21;22;0;0;21;22
30165;1596;594;21;22;0;0;21;22
30168;1617;594;21;22;0;0;21;22
30169;1638;594;21;22;0;0;21;22
30171;1659;594;21;22;0;0;21;22
30174;1680;594;21;22;0;0;21;22
30176;1701;594;21;22;0;0;21;22
30178;1722;594;21;22;0;0;21;22
30179;1743;594;21;22;0;0;21;22
30180;1764;594;21;22;0;0;21;22
30182;1785;594;21;22;0;0;21;22
30183;1806;594;21;22;0;0;21;22
30184;1827;594;21;22;0;0;21;22
30185;1848;594;21;22;0;0;21;22
30186;1869;594;21;22;0;0;21;22
30187;1890;594;21;22;0;0;21;22
30192;1911;594;21;22;0;0;21;22
30193;1932;594;21;22;0;0;21;22
30194;1953;594;21;22;0;0;21;22
30196;1974;594;21;22;0;0;21;22
30201;1995;594;21;22;0;0;21;22
30202;2016;594;21;22;0;0;21;22
30204;2037;594;21;22;0;0;21;22
30206;2058;594;21;22;0;0;21;22
30207;2079;594;21;22;0;0;21;22
30208;2100;594;21;22;0;0;21;22
30209;2121;594;21;22;0;0;21;22
30211;2142;594;21;22;0;0;21;22
30214;2163;594;21;22;0;0;21;22
30218;2184;594;21;22;0;0;21;22
30219;2205;594;21;22;0;0;21;22
30220;2226;594;21;22;0;0;21;22
30221;2247;594;21;22;0;0;21;22
30224;2268;594;21;22;0;0;21;22
30227;2289;594;21;22;0;0;21;22
30230;2310;594;21;22;0;0;21;22
30232;2331;594;21;22;0;0;21;22
30233;2352;594;21;22;0;0;21;22
30235;2373;594;21;22;0;0;21;22
30238;2394;594;21;22;0;0;21;22
30239;2415;594;21;22;0;0;21;22
30240;2436;594;21;22;0;0;21;22
30241;2457;594;21;22;0;0;21;22
30242;2478;594;21;22;0;0;21;22
30244;2499;594;21;22;0;0;21;22
30246;2520;594;21;22;0;0;21;22
30247;2541;594;21;22;0;0;21;22
30249;2562;594;21;22;0;0;21;22
30250;2583;594;21;22;0;0;21;22
30251;2604;594;21;22;0;0;21;22
30256;2625;594;21;22;0;0;21;22
30259;2646;594;21;22;0;0;21;22
30260;2667;594;21;22;0;0;21;22
30261;2688;594;21;22;0;0;21;22
30264;2709;594;21;22;0;0;21;22
30266;2730;594;21;22;0;0;21;22
30268;2751;594;21;22;0;0;21;22
30270;2772;594;21;22;0;0;21;22
30271;2793;594;21;22;0;0;21;22
30274;2814;594;21;22;0;0;21;22
30275;2835;594;21;22;0;0;21;22
30278;2856;594;21;22;0;0;21;22
30279;2877;594;21;22;0;0;21;22
30280;2898;594;21;22;0;0;21;22
30284;2919;594;21;22;0;0;21;22
30285;2940;594;21;22;0;0;21;22
30290;2961;594;21;22;0;0;21;22
30292;2982;594;21;22;0;0;21;22
30294;3003;594;21;22;0;0;21;22
30296;3024;594;21;22;0;0;21;22
30300;3045;594;21;22;0;0;21;22
30302;3066;594;21;22;0;0;21;22
30303;3087;594;21;22;0;0;21;22
30305;3108;594;21;22;0;0;21;22
30306;3129;594;21;22;0;0;21;22
30307;3150;594;21;22;0;0;21;22
30308;3171;594;21;22;0;0;21;22
30309;3192;594;21;22;0;0;21;22
30311;3213;594;21;22;0;0;21;22
30313;3234;594;21;22;0;0;21;22
30315;3255;594;21;22;0;0;21;22
30316;3276;594;21;22;0;0;21;22
30317;3297;594;21;22;0;0;21;22
30318;3318;594;21;22;0;0;21;22
30319;3339;594;21;22;0;0;21;22
30320;3360;594;21;22;0;0;21;22
30321;3381;594;21;22;0;0;21;22
30322;3402;594;21;22;0;0;21;22
30325;3423;594;21;22;0;0;21;22
30328;3444;594;21;22;0;0;21;22
30330;3465;594;21;22;0;0;21;22
30331;3486;594;21;22;0;0;21;22
30332;3507;594;21;22;0;0;21;22
30333;3528;594;21;22;0;0;21;22
30334;3549;594;21;22;0;0;21;22
30338;3570;594;21;22;0;0;21;22
30340;3591;594;21;22;0;0;21;22
30342;3612;594;21;22;0;0;21;22
30343;3633;594;21;22;0;0;21;22
30344;3654;594;21;22;0;0;21;22
30347;3675;594;21;22;0;0;21;22
30350;3696;594;21;22;0;0;21;22
30353;3717;594;21;22;0;0;21;22
30355;3738;594;21;22;0;0;21;22
30358;3759;594;21;22;0;0;21;22
30361;3780;594;21;22;0;0;21;22
30362;3801;594;21;22;0;0;21;22
30372;3822;594;21;22;0;0;21;22
30382;3843;594;21;22;0;0;21;22
30384;3864;594;21;22;0;0;21;22
30385;3885;594;21;22;0;0;21;22
30386;3906;594;21;22;0;0;21;22
30388;3927;594;21;22;0;0;21;22
30392;3948;594;21;22;0;0;21;22
30394;3969;594;21;22;0;0;21;22
30399;3990;594;21;22;0;0;21;22
30402;4011;594;21;22;0;0;21;22
30403;4032;594;21;22;0;0;21;22
30405;4053;594;21;22;0;0;21;22
30406;4074;594;21;22;0;0;21;22
30408;0;616;21;22;0;0;21;22
30409;21;616;21;22;0;0;21;22
30410;42;616;21;22;0;0;21;22
30413;63;616;21;22;0;0;21;22
30414;84;616;21;22;0;0;21;22
30415;105;616;21;22;0;0;21;22
30416;126;616;21;22;0;0;21;22
30417;147;616;21;22;0;0;21;22
30418;168;616;21;22;0;0;21;22
30420;189;616;21;22;0;0;21;22
30422;210;616;21;22;0;0;21;22
30423;231;616;21;22;0;0;21;22
30424;252;616;21;22;0;0;21;22
30427;273;616;21;22;0;0;21;22
30428;294;616;21;22;0;0;21;22
30430;315;616;21;22;0;0;21;22
30431;336;616;21;22;0;0;21;22
30433;357;616;21;22;0;0;21;22
30435;378;616;21;22;0;0;21;22
30436;399;616;21;22;0;0;21;22
30437;420;616;21;22;0;0;21;22
30438;441;616;21;22;0;0;21;22
30439;462;616;21;22;0;0;21;22
30442;483;616;21;22;0;0;21;22
30446;504;616;21;22;0;0;21;22
30447;525;616;21;22;0;0;21;22
30449;546;616;21;22;0;0;21;22
30450;567;616;21;22;0;0;21;22
30452;588;616;21;22;0;0;21;22
30456;609;616;21;22;0;0;21;22
30457;630;616;21;22;0;0;21;22
30460;651;616;21;22;0;0;21;22
30462;672;616;21;22;0;0;21;22
30465;693;616;21;22;0;0;21;22
30468;714;616;21;22;0;0;21;22
30471;735;616;21;22;0;0;21;22
30472;756;616;21;22;0;0;21;22
30473;777;616;21;22;0;0;21;22
30474;798;616;21;22;0;0;21;22
30475;819;616;21;22;0;0;21;22
30476;840;616;21;22;0;0;21;22
30477;861;616;21;22;0;0;21;22
30489;882;616;21;22;0;0;21;22
30490;903;616;21;22;0;0;21;22
30491;924;616;21;22;0;0;21;22
30495;945;616;21;22;0;0;21;22
30496;966;616;21;22;0;0;21;22
30501;987;616;21;22;0;0;21;22
30502;1008;616;21;22;0;0;21;22
30504;1029;616;21;22;0;0;21;22
30505;1050;616;21;22;0;0;21;22
30508;1071;616;21;22;0;0;21;22
30509;1092;616;21;22;0;0;21;22
30511;1113;616;21;22;0;0;21;22
30517;1134;616;21;22;0;0;21;22
30518;1155;616;21;22;0;0;21;22
30519;1176;616;21;22;0;0;21;22
30520;1197;616;21;22;0;0;21;22
30522;1218;616;21;22;0;0;21;22
30524;1239;616;21;22;0;0;21;22
30526;1260;616;21;22;0;0;21;22
30528;1281;616;21;22;0;0;21;22
30529;1302;616;21;22;0;0;21;22
30531;1323;616;21;22;0;0;21;22
30532;1344;616;21;22;0;0;21;22
30535;1365;616;21;22;0;0;21;22
30543;1386;616;21;22;0;0;21;22
30544;1407;616;21;22;0;0;21;22
30545;1428;616;21;22;0;0;21;22
30554;1449;616;21;22;0;0;21;22
30555;1470;616;21;22;0;0;21;22
30556;1491;616;21;22;0;0;21;22
30558;1512;616;21;22;0;0;21;22
30561;1533;616;21;22;0;0;21;22
30562;1554;616;21;22;0;0;21;22
30563;1575;616;21;22;0;0;21;22
30565;1596;616;21;22;0;0;21;22
30566;1617;616;21;22;0;0;21;22
30568;1638;616;21;22;0;0;21;22
30570;1659;616;21;22;0;0;21;22
30571;1680;616;21;22;0;0;21;22
30572;1701;616;21;22;0;0;21;22
30585;1722;616;21;22;0;0;21;22
30589;1743;616;21;22;0;0;21;22
30590;1764;616;21;22;0;0;21;22
30591;1785;616;21;22;0;0;21;22
30592;1806;616;21;22;0;0;21;22
30596;1827;616;21;22;0;0;21;22
30597;1848;616;21;22;0;0;21;22
30599;1869;616;21;22;0;0;21;22
30603;1890;616;21;22;0;0;21;22
30604;1911;616;21;22;0;0;21;22
30606;1932;616;21;22;0;0;21;22
30609;1953;616;21;22;0;0;21;22
30610;1974;616;21;22;0;0;21;22
30616;1995;616;21;22;0;0;21;22
30622;2016;616;21;22;0;0;21;22
30623;2037;616;21;22;0;0;21;22
30624;2058;616;21;22;0;0;21;22
30626;2079;616;21;22;0;0;21;22
30629;2100;616;21;22;0;0;21;22
30631;2121;616;21;22;0;0;21;22
30633;2142;616;21;22;0;0;21;22
30634;2163;616;21;22;0;0;21;22
30636;2184;616;21;22;0;0;21;22
30637;2205;616;21;22;0;0;21;22
30640;2226;616;21;22;0;0;21;22
30643;2247;616;21;22;0;0;21;22
30645;2268;616;21;22;0;0;21;22
30647;2289;616;21;22;0;0;21;22
30651;2310;616;21;22;0;0;21;22
30652;2331;616;21;22;0;0;21;22
30653;2352;616;21;22;0;0;21;22
30655;2373;616;21;22;0;0;21;22
30663;2394;616;21;22;0;0;21;22
30669;2415;616;21;22;0;0;21;22
30675;2436;616;21;22;0;0;21;22
30679;2457;616;21;22;0;0;21;22
30682;2478;616;21;22;0;0;21;22
30683;2499;616;21;22;0;0;21;22
30684;2520;616;21;22;0;0;21;22
30690;2541;616;21;22;0;0;21;22
30691;2562;616;21;22;0;0;21;22
30693;2583;616;21;22;0;0;21;22
30697;2604;616;21;22;0;0;21;22
30699;2625;616;21;22;0;0;21;22
30700;2646;616;21;22;0;0;21;22
30701;2667;616;21;22;0;0;21;22
30702;2688;616;21;22;0;0;21;22
30703;2709;616;21;22;0;0;21;22
30707;2730;616;21;22;0;0;21;22
30710;2751;616;21;22;0;0;21;22
30712;2772;616;21;22;0;0;21;22
30715;2793;616;21;22;0;0;21;22
30717;2814;616;21;22;0;0;21;22
30718;2835;616;21;22;0;0;21;22
30719;2856;616;21;22;0;0;21;22
30720;2877;616;21;22;0;0;21;22
30721;2898;616;21;22;0;0;21;22
30722;2919;616;21;22;0;0;21;22
30732;2940;616;21;22;0;0;21;22
30733;2961;616;21;22;0;0;21;22
30738;2982;616;21;22;0;0;21;22
30740;3003;616;21;22;0;0;21;22
30741;3024;616;21;22;0;0;21;22
30742;3045;616;21;22;0;0;21;22
30743;3066;616;21;22;0;0;21;22
30744;3087;616;21;22;0;0;21;22
30746;3108;616;21;22;0;0;21;22
30748;3129;616;21;22;0;0;21;22
30749;3150;616;21;22;0;0;21;22
30751;3171;616;21;22;0;0;21;22
30755;3192;616;21;22;0;0;21;22
30757;3213;616;21;22;0;0;21;22
30758;3234;616;21;22;0;0;21;22
30759;3255;616;21;22;0;0;21;22
30765;3276;616;21;22;0;0;21;22
30767;3297;616;21;22;0;0;21;22
30768;3318;616;21;22;0;0;21;22
30770;3339;616;21;22;0;0;21;22
30772;3360;616;21;22;0;0;21;22
30775;3381;616;21;22;0;0;21;22
30776;3402;616;21;22;0;0;21;22
30777;3423;616;21;22;0;0;21;22
30778;3444;616;21;22;0;0;21;22
30779;3465;616;21;22;0;0;21;22
30780;3486;616;21;22;0;0;21;22
30782;3507;616;21;22;0;0;21;22
30784;3528;616;21;22;0;0;21;22
30787;3549;616;21;22;0;0;21;22
30789;3570;616;21;22;0;0;21;22
30791;3591;616;21;22;0;0;21;22
30796;3612;616;21;22;0;0;21;22
30798;3633;616;21;22;0;0;21;22
30800;3654;616;21;22;0;0;21;22
30802;3675;616;21;22;0;0;21;22
30805;3696;616;21;22;0;0;21;22
30806;3717;616;21;22;0;0;21;22
30807;3738;616;21;22;0;0;21;22
30813;3759;616;21;22;0;0;21;22
30820;3780;616;21;22;0;0;21;22
30824;3801;616;21;22;0;0;21;22
30827;3822;616;21;22;0;0;21;22
30828;3843;616;21;22;0;0;21;22
30829;3864;616;21;22;0;0;21;22
30830;3885;616;21;22;0;0;21;22
30831;3906;616;21;22;0;0;21;22
30844;3927;616;21;22;0;0;21;22
30849;3948;616;21;22;0;0;21;22
30855;3969;616;21;22;0;0;21;22
30857;3990;616;21;22;0;0;21;22
30860;4011;616;21;22;0;0;21;22
30861;4032;616;21;22;0;0;21;22
30862;4053;616;21;22;0;0;21;22
30865;4074;616;21;22;0;0;21;22
30867;0;638;21;22;0;0;21;22
30871;21;638;21;22;0;0;21;22
30872;42;638;21;22;0;0;21;22
30874;63;638;21;22;0;0;21;22
30875;84;638;21;22;0;0;21;22
30876;105;638;21;22;0;0;21;22
30879;126;638;21;22;0;0;21;22
30881;147;638;21;22;0;0;21;22
30883;168;638;21;22;0;0;21;22
30887;189;638;21;22;0;0;21;22
30889;210;638;21;22;0;0;21;22
30893;231;638;21;22;0;0;21;22
30896;252;638;21;22;0;0;21;22
30897;273;638;21;22;0;0;21;22
30898;294;638;21;22;0;0;21;22
30899;315;638;21;22;0;0;21;22
30900;336;638;21;22;0;0;21;22
30904;357;638;21;22;0;0;21;22
30906;378;638;21;22;0;0;21;22
30908;399;638;21;22;0;0;21;22
30910;420;638;21;22;0;0;21;22
30913;441;638;21;22;0;0;21;22
30917;462;638;21;22;0;0;21;22
30922;483;638;21;22;0;0;21;22
30923;504;638;21;22;0;0;21;22
30928;525;638;21;22;0;0;21;22
30932;546;638;21;22;0;0;21;22
30933;567;638;21;22;0;0;21;22
30937;588;638;21;22;0;0;21;22
30938;609;638;21;22;0;0;21;22
30947;630;638;21;22;0;0;21;22
30951;651;638;21;22;0;0;21;22
30952;672;638;21;22;0;0;21;22
30956;693;638;21;22;0;0;21;22
30959;714;638;21;22;0;0;21;22
30962;735;638;21;22;0;0;21;22
30964;756;638;21;22;0;0;21;22
30967;777;638;21;22;0;0;21;22
30970;798;638;21;22;0;0;21;22
30973;819;638;21;22;0;0;21;22
30977;840;638;21;22;0;0;21;22
30981;861;638;21;22;0;0;21;22
30990;882;638;21;22;0;0;21;22
30995;903;638;21;22;0;0;21;22
31001;924;638;21;22;0;0;21;22
31014;945;638;21;22;0;0;21;22
31016;966;638;21;22;0;0;21;22
31018;987;638;21;22;0;0;21;22
31019;1008;638;21;22;0;0;21;22
31020;1029;638;21;22;0;0;21;22
31025;1050;638;21;22;0;0;21;22
31028;1071;638;21;22;0;0;21;22
31034;1092;638;21;22;0;0;21;22
31036;1113;638;21;22;0;0;21;22
31038;1134;638;21;22;0;0;21;22
31040;1155;638;21;22;0;0;21;22
31041;1176;638;21;22;0;0;21;22
31042;1197;638;21;22;0;0;21;22
31046;1218;638;21;22;0;0;21;22
31047;1239;638;21;22;0;0;21;22
31048;1260;638;21;22;0;0;21;22
31049;1281;638;21;22;0;0;21;22
31054;1302;638;21;22;0;0;21;22
31056;1323;638;21;22;0;0;21;22
31059;1344;638;21;22;0;0;21;22
31061;1365;638;21;22;0;0;21;22
31062;1386;638;21;22;0;0;21;22
31063;1407;638;21;22;0;0;21;22
31066;1428;638;21;22;0;0;21;22
31067;1449;638;21;22;0;0;21;22
31068;1470;638;21;22;0;0;21;22
31069;1491;638;21;22;0;0;21;22
31070;1512;638;21;22;0;0;21;22
31071;1533;638;21;22;0;0;21;22
31072;1554;638;21;22;0;0;21;22
31074;1575;638;21;22;0;0;21;22
31077;1596;638;21;22;0;0;21;22
31080;1617;638;21;22;0;0;21;22
31085;1638;638;21;22;0;0;21;22
31087;1659;638;21;22;0;0;21;22
31095;1680;638;21;22;0;0;21;22
31096;1701;638;21;22;0;0;21;22
31098;1722;638;21;22;0;0;21;22
31100;1743;638;21;22;0;0;21;22
31102;1764;638;21;22;0;0;21;22
31103;1785;638;21;22;0;0;21;22
31104;1806;638;21;22;0;0;21;22
31105;1827;638;21;22;0;0;21;22
31108;1848;638;21;22;0;0;21;22
31109;1869;638;21;22;0;0;21;22
31114;1890;638;21;22;0;0;21;22
31117;1911;638;21;22;0;0;21;22
31118;1932;638;21;22;0;0;21;22
31119;1953;638;21;22;0;0;21;22
31142;1974;638;21;22;0;0;21;22
31143;1995;638;21;22;0;0;21;22
31146;2016;638;21;22;0;0;21;22
31150;2037;638;21;22;0;0;21;22
31152;2058;638;21;22;0;0;21;22
31153;2079;638;21;22;0;0;21;22
31155;2100;638;21;22;0;0;21;22
31161;2121;638;21;22;0;0;21;22
31162;2142;638;21;22;0;0;21;22
31163;2163;638;21;22;0;0;21;22
31165;2184;638;21;22;0;0;21;22
31166;2205;638;21;22;0;0;21;22
31167;2226;638;21;22;0;0;21;22
31168;2247;638;21;22;0;0;21;22
31169;2268;638;21;22;0;0;21;22
31171;2289;638;21;22;0;0;21;22
31174;2310;638;21;22;0;0;21;22
31176;2331;638;21;22;0;0;21;22
31177;2352;638;21;22;0;0;21;22
31179;2373;638;21;22;0;0;21;22
31181;2394;638;21;22;0;0;21;22
31185;2415;638;21;22;0;0;21;22
31186;2436;638;21;22;0;0;21;22
31189;2457;638;21;22;0;0;21;22
31192;2478;638;21;22;0;0;21;22
31199;2499;638;21;22;0;0;21;22
31203;2520;638;21;22;0;0;21;22
31204;2541;638;21;22;0;0;21;22
31206;2562;638;21;22;0;0;21;22
31207;2583;638;21;22;0;0;21;22
31209;2604;638;21;22;0;0;21;22
31211;2625;638;21;22;0;0;21;22
31213;2646;638;21;22;0;0;21;22
31215;2667;638;21;22;0;0;21;22
31216;2688;638;21;22;0;0;21;22
31224;2709;638;21;22;0;0;21;22
31227;2730;638;21;22;0;0;21;22
31229;2751;638;21;22;0;0;21;22
31230;2772;638;21;22;0;0;21;22
31232;2793;638;21;22;0;0;21;22
31234;2814;638;21;22;0;0;21;22
31235;2835;638;21;22;0;0;21;22
31237;2856;638;21;22;0;0;21;22
31240;2877;638;21;22;0;0;21;22
31243;2898;638;21;22;0;0;21;22
31245;2919;638;21;22;0;0;21;22
31246;2940;638;21;22;0;0;21;22
31252;2961;638;21;22;0;0;21;22
31255;2982;638;21;22;0;0;21;22
31258;3003;638;21;22;0;0;21;22
31260;3024;638;21;22;0;0;21;22
31262;3045;638;21;22;0;0;21;22
31263;3066;638;21;22;0;0;21;22
31264;3087;638;21;22;0;0;21;22
31267;3108;638;21;22;0;0;21;22
31277;3129;638;21;22;0;0;21;22
31278;3150;638;21;22;0;0;21;22
31281;3171;638;21;22;0;0;21;22
31282;3192;638;21;22;0;0;21;22
31283;3213;638;21;22;0;0;21;22
31287;3234;638;21;22;0;0;21;22
31289;3255;638;21;22;0;0;21;22
31291;3276;638;21;22;0;0;21;22
31292;3297;638;21;22;0;0;21;22
31293;3318;638;21;22;0;0;21;22
31295;3339;638;21;22;0;0;21;22
31296;3360;638;21;22;0;0;21;22
31298;3381;638;21;22;0;0;21;22
31302;3402;638;21;22;0;0;21;22
31308;3423;638;21;22;0;0;21;22
31309;3444;638;21;22;0;0;21;22
31310;3465;638;21;22;0;0;21;22
31311;3486;638;21;22;0;0;21;22
31313;3507;638;21;22;0;0;21;22
31319;3528;638;21;22;0;0;21;22
31328;3549;638;21;22;0;0;21;22
31329;3570;638;21;22;0;0;21;22
31330;3591;638;21;22;0;0;21;22
31337;3612;638;21;22;0;0;21;22
31339;3633;638;21;22;0;0;21;22
31344;3654;638;21;22;0;0;21;22
31348;3675;638;21;22;0;0;21;22
31350;3696;638;21;22;0;0;21;22
31351;3717;638;21;22;0;0;21;22
31353;3738;638;21;22;0;0;21;22
31354;3759;638;21;22;0;0;21;22
31359;3780;638;21;22;0;0;21;22
31361;3801;638;21;22;0;0;21;22
31363;3822;638;21;22;0;0;21;22
31364;3843;638;21;22;0;0;21;22
31368;3864;638;21;22;0;0;21;22
31373;3885;638;21;22;0;0;21;22
31377;3906;638;21;22;0;0;21;22
31378;3927;638;21;22;0;0;21;22
31379;3948;638;21;22;0;0;21;22
31381;3969;638;21;22;0;0;21;22
31382;3990;638;21;22;0;0;21;22
31383;4011;638;21;22;0;0;21;22
31384;4032;638;21;22;0;0;21;22
31388;4053;638;21;22;0;0;21;22
31389;4074;638;21;22;0;0;21;22
31391;0;660;21;22;0;0;21;22
31392;21;660;21;22;0;0;21;22
31395;42;660;21;22;0;0;21;22
31397;63;660;21;22;0;0;21;22
31398;84;660;21;22;0;0;21;22
31400;105;660;21;22;0;0;21;22
31401;126;660;21;22;0;0;21;22
31402;147;660;21;22;0;0;21;22
31406;168;660;21;22;0;0;21;22
31407;189;660;21;22;0;0;21;22
31411;210;660;21;22;0;0;21;22
31416;231;660;21;22;0;0;21;22
31418;252;660;21;22;0;0;21;22
31423;273;660;21;22;0;0;21;22
31428;294;660;21;22;0;0;21;22
31429;315;660;21;22;0;0;21;22
31431;336;660;21;22;0;0;21;22
31432;357;660;21;22;0;0;21;22
31434;378;660;21;22;0;0;21;22
31435;399;660;21;22;0;0;21;22
31441;420;660;21;22;0;0;21;22
31446;441;660;21;22;0;0;21;22
31449;462;660;21;22;0;0;21;22
31452;483;660;21;22;0;0;21;22
31454;504;660;21;22;0;0;21;22
31455;525;660;21;22;0;0;21;22
31456;546;660;21;22;0;0;21;22
31459;567;660;21;22;0;0;21;22
31461;588;660;21;22;0;0;21;22
31462;609;660;21;22;0;0;21;22
31469;630;660;21;22;0;0;21;22
31471;651;660;21;22;0;0;21;22
31478;672;660;21;22;0;0;21;22
31481;693;660;21;22;0;0;21;22
31482;714;660;21;22;0;0;21;22
31485;735;660;21;22;0;0;21;22
31487;756;660;21;22;0;0;21;22
31491;777;660;21;22;0;0;21;22
31492;798;660;21;22;0;0;21;22
31494;819;660;21;22;0;0;21;22
31496;840;660;21;22;0;0;21;22
31498;861;660;21;22;0;0;21;22
31499;882;660;21;22;0;0;21;22
31503;903;660;21;22;0;0;21;22
31505;924;660;21;22;0;0;21;22
31508;945;660;21;22;0;0;21;22
31509;966;660;21;22;0;0;21;22
31513;987;660;21;22;0;0;21;22
31515;1008;660;21;22;0;0;21;22
31518;1029;660;21;22;0;0;21;22
31520;1050;660;21;22;0;0;21;22
31524;1071;660;21;22;0;0;21;22
31525;1092;660;21;22;0;0;21;22
31526;1113;660;21;22;0;0;21;22
31528;1134;660;21;22;0;0;21;22
31530;1155;660;21;22;0;0;21;22
31531;1176;660;21;22;0;0;21;22
31532;1197;660;21;22;0;0;21;22
31534;1218;660;21;22;0;0;21;22
31539;1239;660;21;22;0;0;21;22
31544;1260;660;21;22;0;0;21;22
31546;1281;660;21;22;0;0;21;22
31547;1302;660;21;22;0;0;21;22
31548;1323;660;21;22;0;0;21;22
31550;1344;660;21;22;0;0;21;22
31558;1365;660;21;22;0;0;21;22
31559;1386;660;21;22;0;0;21;22
31561;1407;660;21;22;0;0;21;22
31562;1428;660;21;22;0;0;21;22
31563;1449;660;21;22;0;0;21;22
31564;1470;660;21;22;0;0;21;22
31565;1491;660;21;22;0;0;21;22
31567;1512;660;21;22;0;0;21;22
31568;1533;660;21;22;0;0;21;22
31569;1554;660;21;22;0;0;21;22
31570;1575;660;21;22;0;0;21;22
31572;1596;660;21;22;0;0;21;22
31574;1617;660;21;22;0;0;21;22
31578;1638;660;21;22;0;0;21;22
31579;1659;660;21;22;0;0;21;22
31581;1680;660;21;22;0;0;21;22
31584;1701;660;21;22;0;0;21;22
31586;1722;660;21;22;0;0;21;22
31591;1743;660;21;22;0;0;21;22
31598;1764;660;21;22;0;0;21;22
31601;1785;660;21;22;0;0;21;22
31602;1806;660;21;22;0;0;21;22
31603;1827;660;21;22;0;0;21;22
31605;1848;660;21;22;0;0;21;22
31607;1869;660;21;22;0;0;21;22
31609;1890;660;21;22;0;0;21;22
31614;1911;660;21;22;0;0;21;22
31616;1932;660;21;22;0;0;21;22
31621;1953;660;21;22;0;0;21;22
31623;1974;660;21;22;0;0;21;22
31627;1995;660;21;22;0;0;21;22
31629;2016;660;21;22;0;0;21;22
31631;2037;660;21;22;0;0;21;22
31632;2058;660;21;22;0;0;21;22
31635;2079;660;21;22;0;0;21;22
31636;2100;660;21;22;0;0;21;22
31637;2121;660;21;22;0;0;21;22
31639;2142;660;21;22;0;0;21;22
31644;2163;660;21;22;0;0;21;22
31645;2184;660;21;22;0;0;21;22
31649;2205;660;21;22;0;0;21;22
31650;2226;660;21;22;0;0;21;22
31654;2247;660;21;22;0;0;21;22
31655;2268;660;21;22;0;0;21;22
31657;2289;660;21;22;0;0;21;22
31658;2310;660;21;22;0;0;21;22
31659;2331;660;21;22;0;0;21;22
31660;2352;660;21;22;0;0;21;22
31661;2373;660;21;22;0;0;21;22
31665;2394;660;21;22;0;0;21;22
31668;2415;660;21;22;0;0;21;22
31672;2436;660;21;22;0;0;21;22
31680;2457;660;21;22;0;0;21;22
31681;2478;660;21;22;0;0;21;22
31684;2499;660;21;22;0;0;21;22
31686;2520;660;21;22;0;0;21;22
31687;2541;660;21;22;0;0;21;22
31689;2562;660;21;22;0;0;21;22
31691;2583;660;21;22;0;0;21;22
31692;2604;660;21;22;0;0;21;22
31697;2625;660;21;22;0;0;21;22
31699;2646;660;21;22;0;0;21;22
31705;2667;660;21;22;0;0;21;22
31709;2688;660;21;22;0;0;21;22
31712;2709;660;21;22;0;0;21;22
31713;2730;660;21;22;0;0;21;22
31716;2751;660;21;22;0;0;21;22
31717;2772;660;21;22;0;0;21;22
31718;2793;660;21;22;0;0;21;22
31721;2814;660;21;22;0;0;21;22
31722;2835;660;21;22;0;0;21;22
31726;2856;660;21;22;0;0;21;22
31729;2877;660;21;22;0;0;21;22
31731;2898;660;21;22;0;0;21;22
31735;2919;660;21;22;0;0;21;22
31740;2940;660;21;22;0;0;21;22
31742;2961;660;21;22;0;0;21;22
31744;2982;660;21;22;0;0;21;22
31751;3003;660;21;22;0;0;21;22
31755;3024;660;21;22;0;0;21;22
31756;3045;660;21;22;0;0;21;22
31757;3066;660;21;22;0;0;21;22
31759;3087;660;21;22;0;0;21;22
31761;3108;660;21;22;0;0;21;22
31766;3129;660;21;22;0;0;21;22
31774;3150;660;21;22;0;0;21;22
31775;3171;660;21;22;0;0;21;22
31777;3192;660;21;22;0;0;21;22
31779;3213;660;21;22;0;0;21;22
31782;3234;660;21;22;0;0;21;22
31783;3255;660;21;22;0;0;21;22
31786;3276;660;21;22;0;0;21;22
31787;3297;660;21;22;0;0;21;22
31799;3318;660;21;22;0;0;21;22
31800;3339;660;21;22;0;0;21;22
31805;3360;660;21;22;0;0;21;22
31806;3381;660;21;22;0;0;21;22
31807;3402;660;21;22;0;0;21;22
31808;3423;660;21;22;0;0;21;22
31809;3444;660;21;22;0;0;21;22
31811;3465;660;21;22;0;0;21;22
31820;3486;660;21;22;0;0;21;22
31821;3507;660;21;22;0;0;21;22
31824;3528;660;21;22;0;0;21;22
31839;3549;660;21;22;0;0;21;22
31840;3570;660;21;22;0;0;21;22
31844;3591;660;21;22;0;0;21;22
31849;3612;660;21;22;0;0;21;22
31850;3633;660;21;22;0;0;21;22
31852;3654;660;21;22;0;0;21;22
31854;3675;660;21;22;0;0;21;22
31858;3696;660;21;22;0;0;21;22
31859;3717;660;21;22;0;0;21;22
31860;3738;660;21;22;0;0;21;22
31867;3759;660;21;22;0;0;21;22
31868;3780;660;21;22;0;0;21;22
31869;3801;660;21;22;0;0;21;22
31881;3822;660;21;22;0;0;21;22
31883;3843;660;21;22;0;0;21;22
31889;3864;660;21;22;0;0;21;22
31890;3885;660;21;22;0;0;21;22
31893;3906;660;21;22;0;0;21;22
31895;3927;660;21;22;0;0;21;22
31896;3948;660;21;22;0;0;21;22
31899;3969;660;21;22;0;0;21;22
31900;3990;660;21;22;0;0;21;22
31901;4011;660;21;22;0;0;21;22
31902;4032;660;21;22;0;0;21;22
31903;4053;660;21;22;0;0;21;22
31908;4074;660;21;22;0;0;21;22
31909;0;682;21;22;0;0;21;22
31911;21;682;21;22;0;0;21;22
31914;42;682;21;22;0;0;21;22
31918;63;682;21;22;0;0;21;22
31921;84;682;21;22;0;0;21;22
31922;105;682;21;22;0;0;21;22
31923;126;682;21;22;0;0;21;22
31925;147;682;21;22;0;0;21;22
31929;168;682;21;22;0;0;21;22
31932;189;682;21;22;0;0;21;22
31933;210;682;21;22;0;0;21;22
31934;231;682;21;22;0;0;21;22
31935;252;682;21;22;0;0;21;22
31937;273;682;21;22;0;0;21;22
31941;294;682;21;22;0;0;21;22
31946;315;682;21;22;0;0;21;22
31948;336;682;21;22;0;0;21;22
31949;357;682;21;22;0;0;21;22
31957;378;682;21;22;0;0;21;22
31958;399;682;21;22;0;0;21;22
31959;420;682;21;22;0;0;21;22
31961;441;682;21;22;0;0;21;22
31964;462;682;21;22;0;0;21;22
31965;483;682;21;22;0;0;21;22
31966;504;682;21;22;0;0;21;22
31967;525;682;21;22;0;0;21;22
31968;546;682;21;22;0;0;21;22
31975;567;682;21;22;0;0;21;22
31976;588;682;21;22;0;0;21;22
31983;609;682;21;22;0;0;21;22
31986;630;682;21;22;0;0;21;22
31988;651;682;21;22;0;0;21;22
31990;672;682;21;22;0;0;21;22
31992;693;682;21;22;0;0;21;22
31995;714;682;21;22;0;0;21;22
31998;735;682;21;22;0;0;21;22
32000;756;682;21;22;0;0;21;22
32002;777;682;21;22;0;0;21;22
32004;798;682;21;22;0;0;21;22
32005;819;682;21;22;0;0;21;22
32006;840;682;21;22;0;0;21;22
32007;861;682;21;22;0;0;21;22
32008;882;682;21;22;0;0;21;22
32009;903;682;21;22;0;0;21;22
32010;924;682;21;22;0;0;21;22
32011;945;682;21;22;0;0;21;22
32013;966;682;21;22;0;0;21;22
32016;987;682;21;22;0;0;21;22
32019;1008;682;21;22;0;0;21;22
32020;1029;682;21;22;0;0;21;22
32021;1050;682;21;22;0;0;21;22
32023;1071;682;21;22;0;0;21;22
32025;1092;682;21;22;0;0;21;22
32026;1113;682;21;22;0;0;21;22
32027;1134;682;21;22;0;0;21;22
32028;1155;682;21;22;0;0;21;22
32032;1176;682;21;22;0;0;21;22
32033;1197;682;21;22;0;0;21;22
32034;1218;682;21;22;0;0;21;22
32039;1239;682;21;22;0;0;21;22
32043;1260;682;21;22;0;0;21;22
32046;1281;682;21;22;0;0;21;22
32047;1302;682;21;22;0;0;21;22
32048;1323;682;21;22;0;0;21;22
32049;1344;682;21;22;0;0;21;22
32050;1365;682;21;22;0;0;21;22
32051;1386;682;21;22;0;0;21;22
32057;1407;682;21;22;0;0;21;22
32058;1428;682;21;22;0;0;21;22
32063;1449;682;21;22;0;0;21;22
32064;1470;682;21;22;0;0;21;22
32066;1491;682;21;22;0;0;21;22
32067;1512;682;21;22;0;0;21;22
32068;1533;682;21;22;0;0;21;22
32070;1554;682;21;22;0;0;21;22
32076;1575;682;21;22;0;0;21;22
32078;1596;682;21;22;0;0;21;22
32080;1617;682;21;22;0;0;21;22
32085;1638;682;21;22;0;0;21;22
32091;1659;682;21;22;0;0;21;22
32093;1680;682;21;22;0;0;21;22
32094;1701;682;21;22;0;0;21;22
32097;1722;682;21;22;0;0;21;22
32098;1743;682;21;22;0;0;21;22
32102;1764;682;21;22;0;0;21;22
32104;1785;682;21;22;0;0;21;22
32110;1806;682;21;22;0;0;21;22
32113;1827;682;21;22;0;0;21;22
32114;1848;682;21;22;0;0;21;22
32115;1869;682;21;22;0;0;21;22
32117;1890;682;21;22;0;0;21;22
32118;1911;682;21;22;0;0;21;22
32121;1932;682;21;22;0;0;21;22
32129;1953;682;21;22;0;0;21;22
32131;1974;682;21;22;0;0;21;22
32134;1995;682;21;22;0;0;21;22
32136;2016;682;21;22;0;0;21;22
32143;2037;682;21;22;0;0;21;22
32145;2058;682;21;22;0;0;21;22
32147;2079;682;21;22;0;0;21;22
32153;2100;682;21;22;0;0;21;22
32154;2121;682;21;22;0;0;21;22
32156;2142;682;21;22;0;0;21;22
32160;2163;682;21;22;0;0;21;22
32162;2184;682;21;22;0;0;21;22
32163;2205;682;21;22;0;0;21;22
32166;2226;682;21;22;0;0;21;22
32169;2247;682;21;22;0;0;21;22
32172;2268;682;21;22;0;0;21;22
32173;2289;682;21;22;0;0;21;22
32174;2310;682;21;22;0;0;21;22
32176;2331;682;21;22;0;0;21;22
32177;2352;682;21;22;0;0;21;22
32178;2373;682;21;22;0;0;21;22
32179;2394;682;21;22;0;0;21;22
32180;2415;682;21;22;0;0;21;22
32181;2436;682;21;22;0;0;21;22
32184;2457;682;21;22;0;0;21;22
32185;2478;682;21;22;0;0;21;22
32186;2499;682;21;22;0;0;21;22
32187;2520;682;21;22;0;0;21;22
32189;2541;682;21;22;0;0;21;22
32190;2562;682;21;22;0;0;21;22
32191;2583;682;21;22;0;0;21;22
32196;2604;682;21;22;0;0;21;22
32199;2625;682;21;22;0;0;21;22
32202;2646;682;21;22;0;0;21;22
32203;2667;682;21;22;0;0;21;22
32207;2688;682;21;22;0;0;21;22
32209;2709;682;21;22;0;0;21;22
32210;2730;682;21;22;0;0;21;22
32212;2751;682;21;22;0;0;21;22
32215;2772;682;21;22;0;0;21;22
32216;2793;682;21;22;0;0;21;22
32217;2814;682;21;22;0;0;21;22
32218;2835;682;21;22;0;0;21;22
32221;2856;682;21;22;0;0;21;22
32222;2877;682;21;22;0;0;21;22
32224;2898;682;21;22;0;0;21;22
32225;2919;682;21;22;0;0;21;22
32227;2940;682;21;22;0;0;21;22
32230;2961;682;21;22;0;0;21;22
32232;2982;682;21;22;0;0;21;22
32233;3003;682;21;22;0;0;21;22
32236;3024;682;21;22;0;0;21;22
32239;3045;682;21;22;0;0;21;22
32241;3066;682;21;22;0;0;21;22
32242;3087;682;21;22;0;0;21;22
32244;3108;682;21;22;0;0;21;22
32249;3129;682;21;22;0;0;21;22
32251;3150;682;21;22;0;0;21;22
32257;3171;682;21;22;0;0;21;22
32260;3192;682;21;22;0;0;21;22
32264;3213;682;21;22;0;0;21;22
32265;3234;682;21;22;0;0;21;22
32266;3255;682;21;22;0;0;21;22
32267;3276;682;21;22;0;0;21;22
32272;3297;682;21;22;0;0;21;22
32273;3318;682;21;22;0;0;21;22
32283;3339;682;21;22;0;0;21;22
32285;3360;682;21;22;0;0;21;22
32286;3381;682;21;22;0;0;21;22
32287;3402;682;21;22;0;0;21;22
32288;3423;682;21;22;0;0;21;22
32291;3444;682;21;22;0;0;21;22
32294;3465;682;21;22;0;0;21;22
32299;3486;682;21;22;0;0;21;22
32301;3507;682;21;22;0;0;21;22
32302;3528;682;21;22;0;0;21;22
32305;3549;682;21;22;0;0;21;22
32306;3570;682;21;22;0;0;21;22
32308;3591;682;21;22;0;0;21;22
32309;3612;682;21;22;0;0;21;22
32311;3633;682;21;22;0;0;21;22
32313;3654;682;21;22;0;0;21;22
32315;3675;682;21;22;0;0;21;22
32317;3696;682;21;22;0;0;21;22
32318;3717;682;21;22;0;0;21;22
32321;3738;682;21;22;0;0;21;22
32323;3759;682;21;22;0;0;21;22
32325;3780;682;21;22;0;0;21;22
32326;3801;682;21;22;0;0;21;22
32327;3822;682;21;22;0;0;21;22
32328;3843;682;21;22;0;0;21;22
32330;3864;682;21;22;0;0;21;22
32338;3885;682;21;22;0;0;21;22
32340;3906;682;21;22;0;0;21;22
32341;3927;682;21;22;0;0;21;22
32346;3948;682;21;22;0;0;21;22
32350;3969;682;21;22;0;0;21;22
32353;3990;682;21;22;0;0;21;22
32361;4011;682;21;22;0;0;21;22
32362;4032;682;21;22;0;0;21;22
32363;4053;682;21;22;0;0;21;22
32365;4074;682;21;22;0;0;21;22
32367;0;704;21;22;0;0;21;22
32368;21;704;21;22;0;0;21;22
32371;42;704;21;22;0;0;21;22
32377;63;704;21;22;0;0;21;22
32380;84;704;21;22;0;0;21;22
32381;105;704;21;22;0;0;21;22
32382;126;704;21;22;0;0;21;22
32386;147;704;21;22;0;0;21;22
32392;168;704;21;22;0;0;21;22
32396;189;704;21;22;0;0;21;22
32397;210;704;21;22;0;0;21;22
32399;231;704;21;22;0;0;21;22
32402;252;704;21;22;0;0;21;22
32403;273;704;21;22;0;0;21;22
32404;294;704;21;22;0;0;21;22
32406;315;704;21;22;0;0;21;22
32408;336;704;21;22;0;0;21;22
32411;357;704;21;22;0;0;21;22
32412;378;704;21;22;0;0;21;22
32416;399;704;21;22;0;0;21;22
32417;420;704;21;22;0;0;21;22
32418;441;704;21;22;0;0;21;22
32419;462;704;21;22;0;0;21;22
32420;483;704;21;22;0;0;21;22
32421;504;704;21;22;0;0;21;22
32422;525;704;21;22;0;0;21;22
32423;546;704;21;22;0;0;21;22
32424;567;704;21;22;0;0;21;22
32426;588;704;21;22;0;0;21;22
32427;609;704;21;22;0;0;21;22
32428;630;704;21;22;0;0;21;22
32429;651;704;21;22;0;0;21;22
32431;672;704;21;22;0;0;21;22
32432;693;704;21;22;0;0;21;22
32433;714;704;21;22;0;0;21;22
32434;735;704;21;22;0;0;21;22
32435;756;704;21;22;0;0;21;22
32436;777;704;21;22;0;0;21;22
32437;798;704;21;22;0;0;21;22
32438;819;704;21;22;0;0;21;22
32439;840;704;21;22;0;0;21;22
32440;861;704;21;22;0;0;21;22
32441;882;704;21;22;0;0;21;22
32442;903;704;21;22;0;0;21;22
32445;924;704;21;22;0;0;21;22
32446;945;704;21;22;0;0;21;22
32447;966;704;21;22;0;0;21;22
32448;987;704;21;22;0;0;21;22
32449;1008;704;21;22;0;0;21;22
32450;1029;704;21;22;0;0;21;22
32451;1050;704;21;22;0;0;21;22
32452;1071;704;21;22;0;0;21;22
32453;1092;704;21;22;0;0;21;22
32454;1113;704;21;22;0;0;21;22
32455;1134;704;21;22;0;0;21;22
32456;1155;704;21;22;0;0;21;22
32457;1176;704;21;22;0;0;21;22
32458;1197;704;21;22;0;0;21;22
32460;1218;704;21;22;0;0;21;22
32461;1239;704;21;22;0;0;21;22
32462;1260;704;21;22;0;0;21;22
32463;1281;704;21;22;0;0;21;22
32465;1302;704;21;22;0;0;21;22
32466;1323;704;21;22;0;0;21;22
32467;1344;704;21;22;0;0;21;22
32468;1365;704;21;22;0;0;21;22
32469;1386;704;21;22;0;0;21;22
32471;1407;704;21;22;0;0;21;22
32472;1428;704;21;22;0;0;21;22
32473;1449;704;21;22;0;0;21;22
32474;1470;704;21;22;0;0;21;22
32475;1491;704;21;22;0;0;21;22
32476;1512;704;21;22;0;0;21;22
32477;1533;704;21;22;0;0;21;22
32478;1554;704;21;22;0;0;21;22
32479;1575;704;21;22;0;0;21;22
32480;1596;704;21;22;0;0;21;22
32481;1617;704;21;22;0;0;21;22
32482;1638;704;21;22;0;0;21;22
32483;1659;704;21;22;0;0;21;22
32485;1680;704;21;22;0;0;21;22
32486;1701;704;21;22;0;0;21;22
32487;1722;704;21;22;0;0;21;22
32488;1743;704;21;22;0;0;21;22
32489;1764;704;21;22;0;0;21;22
32490;1785;704;21;22;0;0;21;22
32491;1806;704;21;22;0;0;21;22
32493;1827;704;21;22;0;0;21;22
32494;1848;704;21;22;0;0;21;22
32495;1869;704;21;22;0;0;21;22
32496;1890;704;21;22;0;0;21;22
32497;1911;704;21;22;0;0;21;22
32498;1932;704;21;22;0;0;21;22
32499;1953;704;21;22;0;0;21;22
32500;1974;704;21;22;0;0;21;22
32501;1995;704;21;22;0;0;21;22
32502;2016;704;21;22;0;0;21;22
32503;2037;704;21;22;0;0;21;22
32504;2058;704;21;22;0;0;21;22
32506;2079;704;21;22;0;0;21;22
32507;2100;704;21;22;0;0;21;22
32508;2121;704;21;22;0;0;21;22
32509;2142;704;21;22;0;0;21;22
32510;2163;704;21;22;0;0;21;22
32511;2184;704;21;22;0;0;21;22
32512;2205;704;21;22;0;0;21;22
32513;2226;704;21;22;0;0;21;22
32514;2247;704;21;22;0;0;21;22
32515;2268;704;21;22;0;0;21;22
32516;2289;704;21;22;0;0;21;22
32517;2310;704;21;22;0;0;21;22
32518;2331;704;21;22;0;0;21;22
32519;2352;704;21;22;0;0;21;22
32520;2373;704;21;22;0;0;21;22
32521;2394;704;21;22;0;0;21;22
32524;2415;704;21;22;0;0;21;22
32526;2436;704;21;22;0;0;21;22
32529;2457;704;21;22;0;0;21;22
32530;2478;704;21;22;0;0;21;22
32531;2499;704;21;22;0;0;21;22
32532;2520;704;21;22;0;0;21;22
32533;2541;704;21;22;0;0;21;22
32534;2562;704;21;22;0;0;21;22
32535;2583;704;21;22;0;0;21;22
32536;2604;704;21;22;0;0;21;22
32537;2625;704;21;22;0;0;21;22
32538;2646;704;21;22;0;0;21;22
32539;2667;704;21;22;0;0;21;22
32540;2688;704;21;22;0;0;21;22
32541;2709;704;21;22;0;0;21;22
32543;2730;704;21;22;0;0;21;22
32544;2751;704;21;22;0;0;21;22
32545;2772;704;21;22;0;0;21;22
32546;2793;704;21;22;0;0;21;22
32547;2814;704;21;22;0;0;21;22
32548;2835;704;21;22;0;0;21;22
32549;2856;704;21;22;0;0;21;22
32550;2877;704;21;22;0;0;21;22
32551;2898;704;21;22;0;0;21;22
32552;2919;704;21;22;0;0;21;22
32553;2940;704;21;22;0;0;21;22
32554;2961;704;21;22;0;0;21;22
32555;2982;704;21;22;0;0;21;22
32556;3003;704;21;22;0;0;21;22
32557;3024;704;21;22;0;0;21;22
32558;3045;704;21;22;0;0;21;22
32559;3066;704;21;22;0;0;21;22
32560;3087;704;21;22;0;0;21;22
32561;3108;704;21;22;0;0;21;22
32562;3129;704;21;22;0;0;21;22
32563;3150;704;21;22;0;0;21;22
32564;3171;704;21;22;0;0;21;22
32565;3192;704;21;22;0;0;21;22
32566;3213;704;21;22;0;0;21;22
32568;3234;704;21;22;0;0;21;22
32570;3255;704;21;22;0;0;21;22
32573;3276;704;21;22;0;0;21;22
32578;3297;704;21;22;0;0;21;22
32580;3318;704;21;22;0;0;21;22
32581;3339;704;21;22;0;0;21;22
32584;3360;704;21;22;0;0;21;22
32588;3381;704;21;22;0;0;21;22
32591;3402;704;21;22;0;0;21;22
32592;3423;704;21;22;0;0;21;22
32593;3444;704;21;22;0;0;21;22
32596;3465;704;21;22;0;0;21;22
32597;3486;704;21;22;0;0;21;22
32599;3507;704;21;22;0;0;21;22
32600;3528;704;21;22;0;0;21;22
32602;3549;704;21;22;0;0;21;22
32607;3570;704;21;22;0;0;21;22
32609;3591;704;21;22;0;0;21;22
32610;3612;704;21;22;0;0;21;22
32611;3633;704;21;22;0;0;21;22
32616;3654;704;21;22;0;0;21;22
32617;3675;704;21;22;0;0;21;22
32618;3696;704;21;22;0;0;21;22
32622;3717;704;21;22;0;0;21;22
32624;3738;704;21;22;0;0;21;22
32625;3759;704;21;22;0;0;21;22
32626;3780;704;21;22;0;0;21;22
32628;3801;704;21;22;0;0;21;22
32629;3822;704;21;22;0;0;21;22
32631;3843;704;21;22;0;0;21;22
32633;3864;704;21;22;0;0;21;22
32637;3885;704;21;22;0;0;21;22
32638;3906;704;21;22;0;0;21;22
32641;3927;704;21;22;0;0;21;22
32645;3948;704;21;22;0;0;21;22
32646;3969;704;21;22;0;0;21;22
32648;3990;704;21;22;0;0;21;22
32650;4011;704;21;22;0;0;21;22
32652;4032;704;21;22;0;0;21;22
32654;4053;704;21;22;0;0;21;22
32657;4074;704;21;22;0;0;21;22
32660;0;726;21;22;0;0;21;22
32666;21;726;21;22;0;0;21;22
32670;42;726;21;22;0;0;21;22
32671;63;726;21;22;0;0;21;22
32673;84;726;21;22;0;0;21;22
32676;105;726;21;22;0;0;21;22
32677;126;726;21;22;0;0;21;22
32679;147;726;21;22;0;0;21;22
32680;168;726;21;22;0;0;21;22
32681;189;726;21;22;0;0;21;22
32687;210;726;21;22;0;0;21;22
32688;231;726;21;22;0;0;21;22
32690;252;726;21;22;0;0;21;22
32694;273;726;21;22;0;0;21;22
32696;294;726;21;22;0;0;21;22
32697;315;726;21;22;0;0;21;22
32700;336;726;21;22;0;0;21;22
32701;357;726;21;22;0;0;21;22
32703;378;726;21;22;0;0;21;22
32705;399;726;21;22;0;0;21;22
32709;420;726;21;22;0;0;21;22
32714;441;726;21;22;0;0;21;22
32716;462;726;21;22;0;0;21;22
32718;483;726;21;22;0;0;21;22
32722;504;726;21;22;0;0;21;22
32724;525;726;21;22;0;0;21;22
32725;546;726;21;22;0;0;21;22
32728;567;726;21;22;0;0;21;22
32730;588;726;21;22;0;0;21;22
32735;609;726;21;22;0;0;21;22
32736;630;726;21;22;0;0;21;22
32737;651;726;21;22;0;0;21;22
32741;672;726;21;22;0;0;21;22
32742;693;726;21;22;0;0;21;22
32745;714;726;21;22;0;0;21;22
32748;735;726;21;22;0;0;21;22
32750;756;726;21;22;0;0;21;22
32752;777;726;21;22;0;0;21;22
32753;798;726;21;22;0;0;21;22
32755;819;726;21;22;0;0;21;22
32761;840;726;21;22;0;0;21;22
32762;861;726;21;22;0;0;21;22
32763;882;726;21;22;0;0;21;22
32764;903;726;21;22;0;0;21;22
32768;924;726;21;22;0;0;21;22
32769;945;726;21;22;0;0;21;22
32771;966;726;21;22;0;0;21;22
32772;987;726;21;22;0;0;21;22
32773;1008;726;21;22;0;0;21;22
32774;1029;726;21;22;0;0;21;22
32779;1050;726;21;22;0;0;21;22
32780;1071;726;21;22;0;0;21;22
32781;1092;726;21;22;0;0;21;22
32783;1113;726;21;22;0;0;21;22
32784;1134;726;21;22;0;0;21;22
32786;1155;726;21;22;0;0;21;22
32789;1176;726;21;22;0;0;21;22
32790;1197;726;21;22;0;0;21;22
32791;1218;726;21;22;0;0;21;22
32792;1239;726;21;22;0;0;21;22
32793;1260;726;21;22;0;0;21;22
32796;1281;726;21;22;0;0;21;22
32797;1302;726;21;22;0;0;21;22
32800;1323;726;21;22;0;0;21;22
32802;1344;726;21;22;0;0;21;22
32805;1365;726;21;22;0;0;21;22
32806;1386;726;21;22;0;0;21;22
32807;1407;726;21;22;0;0;21;22
32808;1428;726;21;22;0;0;21;22
32809;1449;726;21;22;0;0;21;22
32810;1470;726;21;22;0;0;21;22
32812;1491;726;21;22;0;0;21;22
32814;1512;726;21;22;0;0;21;22
32817;1533;726;21;22;0;0;21;22
32819;1554;726;21;22;0;0;21;22
32822;1575;726;21;22;0;0;21;22
32823;1596;726;21;22;0;0;21;22
32824;1617;726;21;22;0;0;21;22
32827;1638;726;21;22;0;0;21;22
32829;1659;726;21;22;0;0;21;22
32831;1680;726;21;22;0;0;21;22
32834;1701;726;21;22;0;0;21;22
32835;1722;726;21;22;0;0;21;22
32838;1743;726;21;22;0;0;21;22
32842;1764;726;21;22;0;0;21;22
32843;1785;726;21;22;0;0;21;22
32844;1806;726;21;22;0;0;21;22
32850;1827;726;21;22;0;0;21;22
32852;1848;726;21;22;0;0;21;22
32854;1869;726;21;22;0;0;21;22
32856;1890;726;21;22;0;0;21;22
32858;1911;726;21;22;0;0;21;22
32862;1932;726;21;22;0;0;21;22
32873;1953;726;21;22;0;0;21;22
32874;1974;726;21;22;0;0;21;22
32879;1995;726;21;22;0;0;21;22
32880;2016;726;21;22;0;0;21;22
32881;2037;726;21;22;0;0;21;22
32882;2058;726;21;22;0;0;21;22
32883;2079;726;21;22;0;0;21;22
32884;2100;726;21;22;0;0;21;22
32885;2121;726;21;22;0;0;21;22
32886;2142;726;21;22;0;0;21;22
32887;2163;726;21;22;0;0;21;22
32893;2184;726;21;22;0;0;21;22
32894;2205;726;21;22;0;0;21;22
32895;2226;726;21;22;0;0;21;22
32899;2247;726;21;22;0;0;21;22
32900;2268;726;21;22;0;0;21;22
32901;2289;726;21;22;0;0;21;22
32902;2310;726;21;22;0;0;21;22
32903;2331;726;21;22;0;0;21;22
32905;2352;726;21;22;0;0;21;22
32907;2373;726;21;22;0;0;21;22
32908;2394;726;21;22;0;0;21;22
32915;2415;726;21;22;0;0;21;22
32918;2436;726;21;22;0;0;21;22
32920;2457;726;21;22;0;0;21;22
32922;2478;726;21;22;0;0;21;22
32923;2499;726;21;22;0;0;21;22
32925;2520;726;21;22;0;0;21;22
32927;2541;726;21;22;0;0;21;22
32928;2562;726;21;22;0;0;21;22
32929;2583;726;21;22;0;0;21;22
32930;2604;726;21;22;0;0;21;22
32932;2625;726;21;22;0;0;21;22
32933;2646;726;21;22;0;0;21;22
32937;2667;726;21;22;0;0;21;22
32938;2688;726;21;22;0;0;21;22
32939;2709;726;21;22;0;0;21;22
32942;2730;726;21;22;0;0;21;22
32943;2751;726;21;22;0;0;21;22
32945;2772;726;21;22;0;0;21;22
32946;2793;726;21;22;0;0;21;22
32948;2814;726;21;22;0;0;21;22
32954;2835;726;21;22;0;0;21;22
32956;2856;726;21;22;0;0;21;22
32957;2877;726;21;22;0;0;21;22
32958;2898;726;21;22;0;0;21;22
32959;2919;726;21;22;0;0;21;22
32960;2940;726;21;22;0;0;21;22
32961;2961;726;21;22;0;0;21;22
32962;2982;726;21;22;0;0;21;22
32963;3003;726;21;22;0;0;21;22
32964;3024;726;21;22;0;0;21;22
32966;3045;726;21;22;0;0;21;22
32972;3066;726;21;22;0;0;21;22
32973;3087;726;21;22;0;0;21;22
32974;3108;726;21;22;0;0;21;22
32982;3129;726;21;22;0;0;21;22
32983;3150;726;21;22;0;0;21;22
32985;3171;726;21;22;0;0;21;22
32986;3192;726;21;22;0;0;21;22
32987;3213;726;21;22;0;0;21;22
32988;3234;726;21;22;0;0;21;22
32989;3255;726;21;22;0;0;21;22
32990;3276;726;21;22;0;0;21;22
32993;3297;726;21;22;0;0;21;22
32996;3318;726;21;22;0;0;21;22
32997;3339;726;21;22;0;0;21;22
32999;3360;726;21;22;0;0;21;22
33000;3381;726;21;22;0;0;21;22
33002;3402;726;21;22;0;0;21;22
33003;3423;726;21;22;0;0;21;22
33004;3444;726;21;22;0;0;21;22
33005;3465;726;21;22;0;0;21;22
33007;3486;726;21;22;0;0;21;22
33008;3507;726;21;22;0;0;21;22
33009;3528;726;21;22;0;0;21;22
33011;3549;726;21;22;0;0;21;22
33012;3570;726;21;22;0;0;21;22
33014;3591;726;21;22;0;0;21;22
33016;3612;726;21;22;0;0;21;22
33018;3633;726;21;22;0;0;21;22
33020;3654;726;21;22;0;0;21;22
33021;3675;726;21;22;0;0;21;22
33026;3696;726;21;22;0;0;21;22
33029;3717;726;21;22;0;0;21;22
33030;3738;726;21;22;0;0;21;22
33031;3759;726;21;22;0;0;21;22
33032;3780;726;21;22;0;0;21;22
33033;3801;726;21;22;0;0;21;22
33034;3822;726;21;22;0;0;21;22
33037;3843;726;21;22;0;0;21;22
33039;3864;726;21;22;0;0;21;22
33040;3885;726;21;22;0;0;21;22
33041;3906;726;21;22;0;0;21;22
33042;3927;726;21;22;0;0;21;22
33043;3948;726;21;22;0;0;21;22
33044;3969;726;21;22;0;0;21;22
33046;3990;726;21;22;0;0;21;22
33048;4011;726;21;22;0;0;21;22
33050;4032;726;21;22;0;0;21;22
33051;4053;726;21;22;0;0;21;22
33059;4074;726;21;22;0;0;21;22
33063;0;748;21;22;0;0;21;22
33067;21;748;21;22;0;0;21;22
33068;42;748;21;22;0;0;21;22
33071;63;748;21;22;0;0;21;22
33073;84;748;21;22;0;0;21;22
33074;105;748;21;22;0;0;21;22
33075;126;748;21;22;0;0;21;22
33080;147;748;21;22;0;0;21;22
33081;168;748;21;22;0;0;21;22
33086;189;748;21;22;0;0;21;22
33094;210;748;21;22;0;0;21;22
33096;231;748;21;22;0;0;21;22
33098;252;748;21;22;0;0;21;22
33099;273;748;21;22;0;0;21;22
33100;294;748;21;22;0;0;21;22
33102;315;748;21;22;0;0;21;22
33104;336;748;21;22;0;0;21;22
33105;357;748;21;22;0;0;21;22
33107;378;748;21;22;0;0;21;22
33108;399;748;21;22;0;0;21;22
33109;420;748;21;22;0;0;21;22
33110;441;748;21;22;0;0;21;22
33114;462;748;21;22;0;0;21;22
33120;483;748;21;22;0;0;21;22
33125;504;748;21;22;0;0;21;22
33126;525;748;21;22;0;0;21;22
33127;546;748;21;22;0;0;21;22
33129;567;748;21;22;0;0;21;22
33131;588;748;21;22;0;0;21;22
33133;609;748;21;22;0;0;21;22
33134;630;748;21;22;0;0;21;22
33136;651;748;21;22;0;0;21;22
33137;672;748;21;22;0;0;21;22
33139;693;748;21;22;0;0;21;22
33140;714;748;21;22;0;0;21;22
33144;735;748;21;22;0;0;21;22
33145;756;748;21;22;0;0;21;22
33146;777;748;21;22;0;0;21;22
33147;798;748;21;22;0;0;21;22
33148;819;748;21;22;0;0;21;22
33150;840;748;21;22;0;0;21;22
33151;861;748;21;22;0;0;21;22
33152;882;748;21;22;0;0;21;22
33154;903;748;21;22;0;0;21;22
33160;924;748;21;22;0;0;21;22
33162;945;748;21;22;0;0;21;22
33167;966;748;21;22;0;0;21;22
33169;987;748;21;22;0;0;21;22
33173;1008;748;21;22;0;0;21;22
33176;1029;748;21;22;0;0;21;22
33177;1050;748;21;22;0;0;21;22
33178;1071;748;21;22;0;0;21;22
33179;1092;748;21;22;0;0;21;22
33180;1113;748;21;22;0;0;21;22
33181;1134;748;21;22;0;0;21;22
33184;1155;748;21;22;0;0;21;22
33190;1176;748;21;22;0;0;21;22
33192;1197;748;21;22;0;0;21;22
33193;1218;748;21;22;0;0;21;22
33203;1239;748;21;22;0;0;21;22
33210;1260;748;21;22;0;0;21;22
33211;1281;748;21;22;0;0;21;22
33213;1302;748;21;22;0;0;21;22
33214;1323;748;21;22;0;0;21;22
33215;1344;748;21;22;0;0;21;22
33216;1365;748;21;22;0;0;21;22
33218;1386;748;21;22;0;0;21;22
33219;1407;748;21;22;0;0;21;22
33222;1428;748;21;22;0;0;21;22
33225;1449;748;21;22;0;0;21;22
33226;1470;748;21;22;0;0;21;22
33228;1491;748;21;22;0;0;21;22
33229;1512;748;21;22;0;0;21;22
33231;1533;748;21;22;0;0;21;22
33234;1554;748;21;22;0;0;21;22
33235;1575;748;21;22;0;0;21;22
33240;1596;748;21;22;0;0;21;22
33242;1617;748;21;22;0;0;21;22
33244;1638;748;21;22;0;0;21;22
33246;1659;748;21;22;0;0;21;22
33247;1680;748;21;22;0;0;21;22
33248;1701;748;21;22;0;0;21;22
33250;1722;748;21;22;0;0;21;22
33251;1743;748;21;22;0;0;21;22
33253;1764;748;21;22;0;0;21;22
33255;1785;748;21;22;0;0;21;22
33256;1806;748;21;22;0;0;21;22
33258;1827;748;21;22;0;0;21;22
33260;1848;748;21;22;0;0;21;22
33261;1869;748;21;22;0;0;21;22
33263;1890;748;21;22;0;0;21;22
33267;1911;748;21;22;0;0;21;22
33268;1932;748;21;22;0;0;21;22
33274;1953;748;21;22;0;0;21;22
33275;1974;748;21;22;0;0;21;22
33276;1995;748;21;22;0;0;21;22
33278;2016;748;21;22;0;0;21;22
33280;2037;748;21;22;0;0;21;22
33282;2058;748;21;22;0;0;21;22
33284;2079;748;21;22;0;0;21;22
33285;2100;748;21;22;0;0;21;22
33286;2121;748;21;22;0;0;21;22
33287;2142;748;21;22;0;0;21;22
33288;2163;748;21;22;0;0;21;22
33289;2184;748;21;22;0;0;21;22
33290;2205;748;21;22;0;0;21;22
33292;2226;748;21;22;0;0;21;22
33293;2247;748;21;22;0;0;21;22
33294;2268;748;21;22;0;0;21;22
33296;2289;748;21;22;0;0;21;22
33298;2310;748;21;22;0;0;21;22
33300;2331;748;21;22;0;0;21;22
33303;2352;748;21;22;0;0;21;22
33307;2373;748;21;22;0;0;21;22
33308;2394;748;21;22;0;0;21;22
33310;2415;748;21;22;0;0;21;22
33311;2436;748;21;22;0;0;21;22
33314;2457;748;21;22;0;0;21;22
33320;2478;748;21;22;0;0;21;22
33322;2499;748;21;22;0;0;21;22
33323;2520;748;21;22;0;0;21;22
33324;2541;748;21;22;0;0;21;22
33328;2562;748;21;22;0;0;21;22
33329;2583;748;21;22;0;0;21;22
33331;2604;748;21;22;0;0;21;22
33332;2625;748;21;22;0;0;21;22
33333;2646;748;21;22;0;0;21;22
33334;2667;748;21;22;0;0;21;22
33335;2688;748;21;22;0;0;21;22
33336;2709;748;21;22;0;0;21;22
33337;2730;748;21;22;0;0;21;22
33338;2751;748;21;22;0;0;21;22
33339;2772;748;21;22;0;0;21;22
33348;2793;748;21;22;0;0;21;22
33351;2814;748;21;22;0;0;21;22
33355;2835;748;21;22;0;0;21;22
33368;2856;748;21;22;0;0;21;22
33369;2877;748;21;22;0;0;21;22
33375;2898;748;21;22;0;0;21;22
33380;2919;748;21;22;0;0;21;22
33382;2940;748;21;22;0;0;21;22
33384;2961;748;21;22;0;0;21;22
33387;2982;748;21;22;0;0;21;22
33390;3003;748;21;22;0;0;21;22
33391;3024;748;21;22;0;0;21;22
33392;3045;748;21;22;0;0;21;22
33393;3066;748;21;22;0;0;21;22
33394;3087;748;21;22;0;0;21;22
33395;3108;748;21;22;0;0;21;22
33398;3129;748;21;22;0;0;21;22
33399;3150;748;21;22;0;0;21;22
33402;3171;748;21;22;0;0;21;22
33403;3192;748;21;22;0;0;21;22
33405;3213;748;21;22;0;0;21;22
33406;3234;748;21;22;0;0;21;22
33407;3255;748;21;22;0;0;21;22
33410;3276;748;21;22;0;0;21;22
33412;3297;748;21;22;0;0;21;22
33418;3318;748;21;22;0;0;21;22
33419;3339;748;21;22;0;0;21;22
33421;3360;748;21;22;0;0;21;22
33422;3381;748;21;22;0;0;21;22
33424;3402;748;21;22;0;0;21;22
33425;3423;748;21;22;0;0;21;22
33426;3444;748;21;22;0;0;21;22
33431;3465;748;21;22;0;0;21;22
33433;3486;748;21;22;0;0;21;22
33436;3507;748;21;22;0;0;21;22
33437;3528;748;21;22;0;0;21;22
33439;3549;748;21;22;0;0;21;22
33441;3570;748;21;22;0;0;21;22
33443;3591;748;21;22;0;0;21;22
33445;3612;748;21;22;0;0;21;22
33446;3633;748;21;22;0;0;21;22
33448;3654;748;21;22;0;0;21;22
33449;3675;748;21;22;0;0;21;22
33450;3696;748;21;22;0;0;21;22
33451;3717;748;21;22;0;0;21;22
33452;3738;748;21;22;0;0;21;22
33453;3759;748;21;22;0;0;21;22
33454;3780;748;21;22;0;0;21;22
33455;3801;748;21;22;0;0;21;22
33456;3822;748;21;22;0;0;21;22
33457;3843;748;21;22;0;0;21;22
33459;3864;748;21;22;0;0;21;22
33463;3885;748;21;22;0;0;21;22
33464;3906;748;21;22;0;0;21;22
33465;3927;748;21;22;0;0;21;22
33467;3948;748;21;22;0;0;21;22
33468;3969;748;21;22;0;0;21;22
33469;3990;748;21;22;0;0;21;22
33470;4011;748;21;22;0;0;21;22
33473;4032;748;21;22;0;0;21;22
33476;4053;748;21;22;0;0;21;22
33479;4074;748;21;22;0;0;21;22
33480;0;770;21;22;0;0;21;22
33483;21;770;21;22;0;0;21;22
33484;42;770;21;22;0;0;21;22
33485;63;770;21;22;0;0;21;22
33486;84;770;21;22;0;0;21;22
33487;105;770;21;22;0;0;21;22
33489;126;770;21;22;0;0;21;22
33490;147;770;21;22;0;0;21;22
33491;168;770;21;22;0;0;21;22
33492;189;770;21;22;0;0;21;22
33493;210;770;21;22;0;0;21;22
33495;231;770;21;22;0;0;21;22
33496;252;770;21;22;0;0;21;22
33499;273;770;21;22;0;0;21;22
33500;294;770;21;22;0;0;21;22
33502;315;770;21;22;0;0;21;22
33503;336;770;21;22;0;0;21;22
33505;357;770;21;22;0;0;21;22
33507;378;770;21;22;0;0;21;22
33508;399;770;21;22;0;0;21;22
33509;420;770;21;22;0;0;21;22
33510;441;770;21;22;0;0;21;22
33511;462;770;21;22;0;0;21;22
33515;483;770;21;22;0;0;21;22
33519;504;770;21;22;0;0;21;22
33521;525;770;21;22;0;0;21;22
33523;546;770;21;22;0;0;21;22
33524;567;770;21;22;0;0;21;22
33527;588;770;21;22;0;0;21;22
33529;609;770;21;22;0;0;21;22
33530;630;770;21;22;0;0;21;22
33531;651;770;21;22;0;0;21;22
33533;672;770;21;22;0;0;21;22
33536;693;770;21;22;0;0;21;22
33537;714;770;21;22;0;0;21;22
33538;735;770;21;22;0;0;21;22
33539;756;770;21;22;0;0;21;22
33540;777;770;21;22;0;0;21;22
33541;798;770;21;22;0;0;21;22
33542;819;770;21;22;0;0;21;22
33545;840;770;21;22;0;0;21;22
33548;861;770;21;22;0;0;21;22
33549;882;770;21;22;0;0;21;22
33550;903;770;21;22;0;0;21;22
33551;924;770;21;22;0;0;21;22
33553;945;770;21;22;0;0;21;22
33555;966;770;21;22;0;0;21;22
33556;987;770;21;22;0;0;21;22
33557;1008;770;21;22;0;0;21;22
33559;1029;770;21;22;0;0;21;22
33562;1050;770;21;22;0;0;21;22
33563;1071;770;21;22;0;0;21;22
33564;1092;770;21;22;0;0;21;22
33575;1113;770;21;22;0;0;21;22
33576;1134;770;21;22;0;0;21;22
33579;1155;770;21;22;0;0;21;22
33580;1176;770;21;22;0;0;21;22
33581;1197;770;21;22;0;0;21;22
33583;1218;770;21;22;0;0;21;22
33585;1239;770;21;22;0;0;21;22
33586;1260;770;21;22;0;0;21;22
33588;1281;770;21;22;0;0;21;22
33589;1302;770;21;22;0;0;21;22
33590;1323;770;21;22;0;0;21;22
33592;1344;770;21;22;0;0;21;22
33593;1365;770;21;22;0;0;21;22
33596;1386;770;21;22;0;0;21;22
33600;1407;770;21;22;0;0;21;22
33603;1428;770;21;22;0;0;21;22
33606;1449;770;21;22;0;0;21;22
33607;1470;770;21;22;0;0;21;22
33609;1491;770;21;22;0;0;21;22
33610;1512;770;21;22;0;0;21;22
33615;1533;770;21;22;0;0;21;22
33616;1554;770;21;22;0;0;21;22
33617;1575;770;21;22;0;0;21;22
33618;1596;770;21;22;0;0;21;22
33620;1617;770;21;22;0;0;21;22
33622;1638;770;21;22;0;0;21;22
33624;1659;770;21;22;0;0;21;22
33626;1680;770;21;22;0;0;21;22
33628;1701;770;21;22;0;0;21;22
33630;1722;770;21;22;0;0;21;22
33631;1743;770;21;22;0;0;21;22
33632;1764;770;21;22;0;0;21;22
33633;1785;770;21;22;0;0;21;22
33635;1806;770;21;22;0;0;21;22
33636;1827;770;21;22;0;0;21;22
33637;1848;770;21;22;0;0;21;22
33638;1869;770;21;22;0;0;21;22
33639;1890;770;21;22;0;0;21;22
33640;1911;770;21;22;0;0;21;22
33641;1932;770;21;22;0;0;21;22
33642;1953;770;21;22;0;0;21;22
33643;1974;770;21;22;0;0;21;22
33644;1995;770;21;22;0;0;21;22
33645;2016;770;21;22;0;0;21;22
33646;2037;770;21;22;0;0;21;22
33647;2058;770;21;22;0;0;21;22
33651;2079;770;21;22;0;0;21;22
33655;2100;770;21;22;0;0;21;22
33656;2121;770;21;22;0;0;21;22
33659;2142;770;21;22;0;0;21;22
33660;2163;770;21;22;0;0;21;22
33661;2184;770;21;22;0;0;21;22
33663;2205;770;21;22;0;0;21;22
33669;2226;770;21;22;0;0;21;22
33670;2247;770;21;22;0;0;21;22
33673;2268;770;21;22;0;0;21;22
33674;2289;770;21;22;0;0;21;22
33678;2310;770;21;22;0;0;21;22
33682;2331;770;21;22;0;0;21;22
33683;2352;770;21;22;0;0;21;22
33686;2373;770;21;22;0;0;21;22
33688;2394;770;21;22;0;0;21;22
33691;2415;770;21;22;0;0;21;22
33692;2436;770;21;22;0;0;21;22
33694;2457;770;21;22;0;0;21;22
33696;2478;770;21;22;0;0;21;22
33698;2499;770;21;22;0;0;21;22
33703;2520;770;21;22;0;0;21;22
33704;2541;770;21;22;0;0;21;22
33705;2562;770;21;22;0;0;21;22
33706;2583;770;21;22;0;0;21;22
33707;2604;770;21;22;0;0;21;22
33713;2625;770;21;22;0;0;21;22
33714;2646;770;21;22;0;0;21;22
33715;2667;770;21;22;0;0;21;22
33716;2688;770;21;22;0;0;21;22
33719;2709;770;21;22;0;0;21;22
33720;2730;770;21;22;0;0;21;22
33721;2751;770;21;22;0;0;21;22
33722;2772;770;21;22;0;0;21;22
33724;2793;770;21;22;0;0;21;22
33725;2814;770;21;22;0;0;21;22
33728;2835;770;21;22;0;0;21;22
33729;2856;770;21;22;0;0;21;22
33733;2877;770;21;22;0;0;21;22
33735;2898;770;21;22;0;0;21;22
33738;2919;770;21;22;0;0;21;22
33740;2940;770;21;22;0;0;21;22
33743;2961;770;21;22;0;0;21;22
33747;2982;770;21;22;0;0;21;22
33748;3003;770;21;22;0;0;21;22
33750;3024;770;21;22;0;0;21;22
33752;3045;770;21;22;0;0;21;22
33756;3066;770;21;22;0;0;21;22
33759;3087;770;21;22;0;0;21;22
33760;3108;770;21;22;0;0;21;22
33761;3129;770;21;22;0;0;21;22
33767;3150;770;21;22;0;0;21;22
33769;3171;770;21;22;0;0;21;22
33770;3192;770;21;22;0;0;21;22
33775;3213;770;21;22;0;0;21;22
33776;3234;770;21;22;0;0;21;22
33777;3255;770;21;22;0;0;21;22
33778;3276;770;21;22;0;0;21;22
33784;3297;770;21;22;0;0;21;22
33785;3318;770;21;22;0;0;21;22
33789;3339;770;21;22;0;0;21;22
33793;3360;770;21;22;0;0;21;22
33795;3381;770;21;22;0;0;21;22
33796;3402;770;21;22;0;0;21;22
33799;3423;770;21;22;0;0;21;22
33802;3444;770;21;22;0;0;21;22
33803;3465;770;21;22;0;0;21;22
33804;3486;770;21;22;0;0;21;22
33805;3507;770;21;22;0;0;21;22
33806;3528;770;21;22;0;0;21;22
33807;3549;770;21;22;0;0;21;22
33809;3570;770;21;22;0;0;21;22
33816;3591;770;21;22;0;0;21;22
33820;3612;770;21;22;0;0;21;22
33821;3633;770;21;22;0;0;21;22
33828;3654;770;21;22;0;0;21;22
33829;3675;770;21;22;0;0;21;22
33830;3696;770;21;22;0;0;21;22
33831;3717;770;21;22;0;0;21;22
33832;3738;770;21;22;0;0;21;22
33833;3759;770;21;22;0;0;21;22
33836;3780;770;21;22;0;0;21;22
33841;3801;770;21;22;0;0;21;22
33845;3822;770;21;22;0;0;21;22
33848;3843;770;21;22;0;0;21;22
33852;3864;770;21;22;0;0;21;22
33853;3885;770;21;22;0;0;21;22
33862;3906;770;21;22;0;0;21;22
33865;3927;770;21;22;0;0;21;22
33873;3948;770;21;22;0;0;21;22
33874;3969;770;21;22;0;0;21;22
33879;3990;770;21;22;0;0;21;22
33882;4011;770;21;22;0;0;21;22
33883;4032;770;21;22;0;0;21;22
33889;4053;770;21;22;0;0;21;22
33891;4074;770;21;22;0;0;21;22
33892;0;792;21;22;0;0;21;22
33894;21;792;21;22;0;0;21;22
33897;42;792;21;22;0;0;21;22
33899;63;792;21;22;0;0;21;22
33900;84;792;21;22;0;0;21;22
33901;105;792;21;22;0;0;21;22
33905;126;792;21;22;0;0;21;22
33907;147;792;21;22;0;0;21;22
33909;168;792;21;22;0;0;21;22
33910;189;792;21;22;0;0;21;22
33911;210;792;21;22;0;0;21;22
33912;231;792;21;22;0;0;21;22
33914;252;792;21;22;0;0;21;22
33922;273;792;21;22;0;0;21;22
33931;294;792;21;22;0;0;21;22
33932;315;792;21;22;0;0;21;22
33936;336;792;21;22;0;0;21;22
33939;357;792;21;22;0;0;21;22
33940;378;792;21;22;0;0;21;22
33943;399;792;21;22;0;0;21;22
33945;420;792;21;22;0;0;21;22
33948;441;792;21;22;0;0;21;22
33950;462;792;21;22;0;0;21;22
33951;483;792;21;22;0;0;21;22
33953;504;792;21;22;0;0;21;22
33967;525;792;21;22;0;0;21;22
33970;546;792;21;22;0;0;21;22
33972;567;792;21;22;0;0;21;22
33976;588;792;21;22;0;0;21;22
33977;609;792;21;22;0;0;21;22
33978;630;792;21;22;0;0;21;22
33979;651;792;21;22;0;0;21;22
33980;672;792;21;22;0;0;21;22
33981;693;792;21;22;0;0;21;22
33983;714;792;21;22;0;0;21;22
33984;735;792;21;22;0;0;21;22
33985;756;792;21;22;0;0;21;22
33988;777;792;21;22;0;0;21;22
33990;798;792;21;22;0;0;21;22
33993;819;792;21;22;0;0;21;22
33994;840;792;21;22;0;0;21;22
33995;861;792;21;22;0;0;21;22
33997;882;792;21;22;0;0;21;22
34000;903;792;21;22;0;0;21;22
34001;924;792;21;22;0;0;21;22
34003;945;792;21;22;0;0;21;22
34006;966;792;21;22;0;0;21;22
34013;987;792;21;22;0;0;21;22
34015;1008;792;21;22;0;0;21;22
34016;1029;792;21;22;0;0;21;22
34021;1050;792;21;22;0;0;21;22
34022;1071;792;21;22;0;0;21;22
34023;1092;792;21;22;0;0;21;22
34028;1113;792;21;22;0;0;21;22
34030;1134;792;21;22;0;0;21;22
34031;1155;792;21;22;0;0;21;22
34044;1176;792;21;22;0;0;21;22
34045;1197;792;21;22;0;0;21;22
34047;1218;792;21;22;0;0;21;22
34065;1239;792;21;22;0;0;21;22
34067;1260;792;21;22;0;0;21;22
34068;1281;792;21;22;0;0;21;22
34071;1302;792;21;22;0;0;21;22
34074;1323;792;21;22;0;0;21;22
34078;1344;792;21;22;0;0;21;22
34079;1365;792;21;22;0;0;21;22
34081;1386;792;21;22;0;0;21;22
34083;1407;792;21;22;0;0;21;22
34085;1428;792;21;22;0;0;21;22
34086;1449;792;21;22;0;0;21;22
34091;1470;792;21;22;0;0;21;22
34092;1491;792;21;22;0;0;21;22
34093;1512;792;21;22;0;0;21;22
34101;1533;792;21;22;0;0;21;22
34103;1554;792;21;22;0;0;21;22
34104;1575;792;21;22;0;0;21;22
34106;1596;792;21;22;0;0;21;22
34107;1617;792;21;22;0;0;21;22
34108;1638;792;21;22;0;0;21;22
34109;1659;792;21;22;0;0;21;22
34113;1680;792;21;22;0;0;21;22
34115;1701;792;21;22;0;0;21;22
34120;1722;792;21;22;0;0;21;22
34121;1743;792;21;22;0;0;21;22
34122;1764;792;21;22;0;0;21;22
34126;1785;792;21;22;0;0;21;22
34130;1806;792;21;22;0;0;21;22
34131;1827;792;21;22;0;0;21;22
34133;1848;792;21;22;0;0;21;22
34134;1869;792;21;22;0;0;21;22
34135;1890;792;21;22;0;0;21;22
34137;1911;792;21;22;0;0;21;22
34142;1932;792;21;22;0;0;21;22
34148;1953;792;21;22;0;0;21;22
34152;1974;792;21;22;0;0;21;22
34153;1995;792;21;22;0;0;21;22
34154;2016;792;21;22;0;0;21;22
34157;2037;792;21;22;0;0;21;22
34162;2058;792;21;22;0;0;21;22
34164;2079;792;21;22;0;0;21;22
34169;2100;792;21;22;0;0;21;22
34170;2121;792;21;22;0;0;21;22
34171;2142;792;21;22;0;0;21;22
34174;2163;792;21;22;0;0;21;22
34180;2184;792;21;22;0;0;21;22
34181;2205;792;21;22;0;0;21;22
34183;2226;792;21;22;0;0;21;22
34184;2247;792;21;22;0;0;21;22
34186;2268;792;21;22;0;0;21;22
34188;2289;792;21;22;0;0;21;22
34191;2310;792;21;22;0;0;21;22
34193;2331;792;21;22;0;0;21;22
34196;2352;792;21;22;0;0;21;22
34203;2373;792;21;22;0;0;21;22
34204;2394;792;21;22;0;0;21;22
34212;2415;792;21;22;0;0;21;22
34214;2436;792;21;22;0;0;21;22
34216;2457;792;21;22;0;0;21;22
34217;2478;792;21;22;0;0;21;22
34218;2499;792;21;22;0;0;21;22
34219;2520;792;21;22;0;0;21;22
34220;2541;792;21;22;0;0;21;22
34222;2562;792;21;22;0;0;21;22
34223;2583;792;21;22;0;0;21;22
34224;2604;792;21;22;0;0;21;22
34231;2625;792;21;22;0;0;21;22
34233;2646;792;21;22;0;0;21;22
34234;2667;792;21;22;0;0;21;22
34241;2688;792;21;22;0;0;21;22
34249;2709;792;21;22;0;0;21;22
34253;2730;792;21;22;0;0;21;22
34254;2751;792;21;22;0;0;21;22
34255;2772;792;21;22;0;0;21;22
34256;2793;792;21;22;0;0;21;22
34259;2814;792;21;22;0;0;21;22
34261;2835;792;21;22;0;0;21;22
34268;2856;792;21;22;0;0;21;22
34269;2877;792;21;22;0;0;21;22
34272;2898;792;21;22;0;0;21;22
34276;2919;792;21;22;0;0;21;22
34277;2940;792;21;22;0;0;21;22
34281;2961;792;21;22;0;0;21;22
34282;2982;792;21;22;0;0;21;22
34294;3003;792;21;22;0;0;21;22
34295;3024;792;21;22;0;0;21;22
34297;3045;792;21;22;0;0;21;22
34298;3066;792;21;22;0;0;21;22
34299;3087;792;21;22;0;0;21;22
34303;3108;792;21;22;0;0;21;22
34308;3129;792;21;22;0;0;21;22
34309;3150;792;21;22;0;0;21;22
34310;3171;792;21;22;0;0;21;22
34311;3192;792;21;22;0;0;21;22
34314;3213;792;21;22;0;0;21;22
34315;3234;792;21;22;0;0;21;22
34321;3255;792;21;22;0;0;21;22
34326;3276;792;21;22;0;0;21;22
34327;3297;792;21;22;0;0;21;22
34330;3318;792;21;22;0;0;21;22
34338;3339;792;21;22;0;0;21;22
34343;3360;792;21;22;0;0;21;22
34345;3381;792;21;22;0;0;21;22
34349;3402;792;21;22;0;0;21;22
34360;3423;792;21;22;0;0;21;22
34362;3444;792;21;22;0;0;21;22
34367;3465;792;21;22;0;0;21;22
34382;3486;792;21;22;0;0;21;22
34383;3507;792;21;22;0;0;21;22
34384;3528;792;21;22;0;0;21;22
34385;3549;792;21;22;0;0;21;22
34388;3570;792;21;22;0;0;21;22
34389;3591;792;21;22;0;0;21;22
34394;3612;792;21;22;0;0;21;22
34395;3633;792;21;22;0;0;21;22
34396;3654;792;21;22;0;0;21;22
34398;3675;792;21;22;0;0;21;22
34399;3696;792;21;22;0;0;21;22
34402;3717;792;21;22;0;0;21;22
34407;3738;792;21;22;0;0;21;22
34411;3759;792;21;22;0;0;21;22
34412;3780;792;21;22;0;0;21;22
34414;3801;792;21;22;0;0;21;22
34415;3822;792;21;22;0;0;21;22
34417;3843;792;21;22;0;0;21;22
34425;3864;792;21;22;0;0;21;22
34426;3885;792;21;22;0;0;21;22
34427;3906;792;21;22;0;0;21;22
34428;3927;792;21;22;0;0;21;22
34429;3948;792;21;22;0;0;21;22
34430;3969;792;21;22;0;0;21;22
34431;3990;792;21;22;0;0;21;22
34432;4011;792;21;22;0;0;21;22
34433;4032;792;21;22;0;0;21;22
34434;4053;792;21;22;0;0;21;22
34442;4074;792;21;22;0;0;21;22
34443;0;814;21;22;0;0;21;22
34444;21;814;21;22;0;0;21;22
34445;42;814;21;22;0;0;21;22
34451;63;814;21;22;0;0;21;22
34453;84;814;21;22;0;0;21;22
34455;105;814;21;22;0;0;21;22
34460;126;814;21;22;0;0;21;22
34461;147;814;21;22;0;0;21;22
34467;168;814;21;22;0;0;21;22
34468;189;814;21;22;0;0;21;22
34471;210;814;21;22;0;0;21;22
34472;231;814;21;22;0;0;21;22
34473;252;814;21;22;0;0;21;22
34474;273;814;21;22;0;0;21;22
34476;294;814;21;22;0;0;21;22
34479;315;814;21;22;0;0;21;22
34480;336;814;21;22;0;0;21;22
34481;357;814;21;22;0;0;21;22
34484;378;814;21;22;0;0;21;22
34485;399;814;21;22;0;0;21;22
34486;420;814;21;22;0;0;21;22
34496;441;814;21;22;0;0;21;22
34500;462;814;21;22;0;0;21;22
34502;483;814;21;22;0;0;21;22
34503;504;814;21;22;0;0;21;22
34505;525;814;21;22;0;0;21;22
34506;546;814;21;22;0;0;21;22
34507;567;814;21;22;0;0;21;22
34509;588;814;21;22;0;0;21;22
34510;609;814;21;22;0;0;21;22
34511;630;814;21;22;0;0;21;22
34512;651;814;21;22;0;0;21;22
34516;672;814;21;22;0;0;21;22
34520;693;814;21;22;0;0;21;22
34521;714;814;21;22;0;0;21;22
34523;735;814;21;22;0;0;21;22
34526;756;814;21;22;0;0;21;22
34527;777;814;21;22;0;0;21;22
34532;798;814;21;22;0;0;21;22
34537;819;814;21;22;0;0;21;22
34541;840;814;21;22;0;0;21;22
34542;861;814;21;22;0;0;21;22
34544;882;814;21;22;0;0;21;22
34545;903;814;21;22;0;0;21;22
34546;924;814;21;22;0;0;21;22
34547;945;814;21;22;0;0;21;22
34548;966;814;21;22;0;0;21;22
34552;987;814;21;22;0;0;21;22
34553;1008;814;21;22;0;0;21;22
34554;1029;814;21;22;0;0;21;22
34555;1050;814;21;22;0;0;21;22
34558;1071;814;21;22;0;0;21;22
34560;1092;814;21;22;0;0;21;22
34562;1113;814;21;22;0;0;21;22
34563;1134;814;21;22;0;0;21;22
34566;1155;814;21;22;0;0;21;22
34567;1176;814;21;22;0;0;21;22
34568;1197;814;21;22;0;0;21;22
34569;1218;814;21;22;0;0;21;22
34570;1239;814;21;22;0;0;21;22
34573;1260;814;21;22;0;0;21;22
34578;1281;814;21;22;0;0;21;22
34579;1302;814;21;22;0;0;21;22
34581;1323;814;21;22;0;0;21;22
34583;1344;814;21;22;0;0;21;22
34584;1365;814;21;22;0;0;21;22
34586;1386;814;21;22;0;0;21;22
34588;1407;814;21;22;0;0;21;22
34590;1428;814;21;22;0;0;21;22
34593;1449;814;21;22;0;0;21;22
34594;1470;814;21;22;0;0;21;22
34595;1491;814;21;22;0;0;21;22
34597;1512;814;21;22;0;0;21;22
34601;1533;814;21;22;0;0;21;22
34606;1554;814;21;22;0;0;21;22
34609;1575;814;21;22;0;0;21;22
34612;1596;814;21;22;0;0;21;22
34615;1617;814;21;22;0;0;21;22
34619;1638;814;21;22;0;0;21;22
34623;1659;814;21;22;0;0;21;22
34631;1680;814;21;22;0;0;21;22
34632;1701;814;21;22;0;0;21;22
34633;1722;814;21;22;0;0;21;22
34636;1743;814;21;22;0;0;21;22
34638;1764;814;21;22;0;0;21;22
34643;1785;814;21;22;0;0;21;22
34645;1806;814;21;22;0;0;21;22
34647;1827;814;21;22;0;0;21;22
34649;1848;814;21;22;0;0;21;22
34655;1869;814;21;22;0;0;21;22
34656;1890;814;21;22;0;0;21;22
34659;1911;814;21;22;0;0;21;22
34661;1932;814;21;22;0;0;21;22
34662;1953;814;21;22;0;0;21;22
34664;1974;814;21;22;0;0;21;22
34670;1995;814;21;22;0;0;21;22
34672;2016;814;21;22;0;0;21;22
34676;2037;814;21;22;0;0;21;22
34678;2058;814;21;22;0;0;21;22
34680;2079;814;21;22;0;0;21;22
34683;2100;814;21;22;0;0;21;22
34684;2121;814;21;22;0;0;21;22
34685;2142;814;21;22;0;0;21;22
34686;2163;814;21;22;0;0;21;22
34690;2184;814;21;22;0;0;21;22
34691;2205;814;21;22;0;0;21;22
34692;2226;814;21;22;0;0;21;22
34693;2247;814;21;22;0;0;21;22
34696;2268;814;21;22;0;0;21;22
34699;2289;814;21;22;0;0;21;22
34701;2310;814;21;22;0;0;21;22
34711;2331;814;21;22;0;0;21;22
34718;2352;814;21;22;0;0;21;22
34719;2373;814;21;22;0;0;21;22
34720;2394;814;21;22;0;0;21;22
34722;2415;814;21;22;0;0;21;22
34728;2436;814;21;22;0;0;21;22
34731;2457;814;21;22;0;0;21;22
34732;2478;814;21;22;0;0;21;22
34733;2499;814;21;22;0;0;21;22
34735;2520;814;21;22;0;0;21;22
34739;2541;814;21;22;0;0;21;22
34741;2562;814;21;22;0;0;21;22
34746;2583;814;21;22;0;0;21;22
34747;2604;814;21;22;0;0;21;22
34749;2625;814;21;22;0;0;21;22
34752;2646;814;21;22;0;0;21;22
34756;2667;814;21;22;0;0;21;22
34758;2688;814;21;22;0;0;21;22
34760;2709;814;21;22;0;0;21;22
34762;2730;814;21;22;0;0;21;22
34763;2751;814;21;22;0;0;21;22
34766;2772;814;21;22;0;0;21;22
34769;2793;814;21;22;0;0;21;22
34770;2814;814;21;22;0;0;21;22
34779;2835;814;21;22;0;0;21;22
34784;2856;814;21;22;0;0;21;22
34787;2877;814;21;22;0;0;21;22
34789;2898;814;21;22;0;0;21;22
34794;2919;814;21;22;0;0;21;22
34796;2940;814;21;22;0;0;21;22
34798;2961;814;21;22;0;0;21;22
34799;2982;814;21;22;0;0;21;22
34802;3003;814;21;22;0;0;21;22
34803;3024;814;21;22;0;0;21;22
34806;3045;814;21;22;0;0;21;22
34809;3066;814;21;22;0;0;21;22
34811;3087;814;21;22;0;0;21;22
34814;3108;814;21;22;0;0;21;22
34821;3129;814;21;22;0;0;21;22
34822;3150;814;21;22;0;0;21;22
34826;3171;814;21;22;0;0;21;22
34829;3192;814;21;22;0;0;21;22
34832;3213;814;21;22;0;0;21;22
34833;3234;814;21;22;0;0;21;22
34835;3255;814;21;22;0;0;21;22
34836;3276;814;21;22;0;0;21;22
34837;3297;814;21;22;0;0;21;22
34838;3318;814;21;22;0;0;21;22
34847;3339;814;21;22;0;0;21;22
34849;3360;814;21;22;0;0;21;22
34850;3381;814;21;22;0;0;21;22
34851;3402;814;21;22;0;0;21;22
34865;3423;814;21;22;0;0;21;22
34866;3444;814;21;22;0;0;21;22
34870;3465;814;21;22;0;0;21;22
34873;3486;814;21;22;0;0;21;22
34875;3507;814;21;22;0;0;21;22
34876;3528;814;21;22;0;0;21;22
34880;3549;814;21;22;0;0;21;22
34884;3570;814;21;22;0;0;21;22
34885;3591;814;21;22;0;0;21;22
34886;3612;814;21;22;0;0;21;22
34890;3633;814;21;22;0;0;21;22
34892;3654;814;21;22;0;0;21;22
34893;3675;814;21;22;0;0;21;22
34899;3696;814;21;22;0;0;21;22
34900;3717;814;21;22;0;0;21;22
34901;3738;814;21;22;0;0;21;22
34903;3759;814;21;22;0;0;21;22
34905;3780;814;21;22;0;0;21;22
34906;3801;814;21;22;0;0;21;22
34907;3822;814;21;22;0;0;21;22
34909;3843;814;21;22;0;0;21;22
34913;3864;814;21;22;0;0;21;22
34914;3885;814;21;22;0;0;21;22
34915;3906;814;21;22;0;0;21;22
34917;3927;814;21;22;0;0;21;22
34920;3948;814;21;22;0;0;21;22
34921;3969;814;21;22;0;0;21;22
34923;3990;814;21;22;0;0;21;22
34924;4011;814;21;22;0;0;21;22
34926;4032;814;21;22;0;0;21;22
34928;4053;814;21;22;0;0;21;22
34930;4074;814;21;22;0;0;21;22
34935;0;836;21;22;0;0;21;22
34937;21;836;21;22;0;0;21;22
34941;42;836;21;22;0;0;21;22
34942;63;836;21;22;0;0;21;22
34943;84;836;21;22;0;0;21;22
34945;105;836;21;22;0;0;21;22
34946;126;836;21;22;0;0;21;22
34948;147;836;21;22;0;0;21;22
34949;168;836;21;22;0;0;21;22
34952;189;836;21;22;0;0;21;22
34955;210;836;21;22;0;0;21;22
34957;231;836;21;22;0;0;21;22
34962;252;836;21;22;0;0;21;22
34963;273;836;21;22;0;0;21;22
34966;294;836;21;22;0;0;21;22
34972;315;836;21;22;0;0;21;22
34974;336;836;21;22;0;0;21;22
34978;357;836;21;22;0;0;21;22
34980;378;836;21;22;0;0;21;22
34986;399;836;21;22;0;0;21;22
34987;420;836;21;22;0;0;21;22
34989;441;836;21;22;0;0;21;22
34993;462;836;21;22;0;0;21;22
34999;483;836;21;22;0;0;21;22
35009;504;836;21;22;0;0;21;22
35010;525;836;21;22;0;0;21;22
35013;546;836;21;22;0;0;21;22
35014;567;836;21;22;0;0;21;22
35017;588;836;21;22;0;0;21;22
35018;609;836;21;22;0;0;21;22
35020;630;836;21;22;0;0;21;22
35022;651;836;21;22;0;0;21;22
35023;672;836;21;22;0;0;21;22
35026;693;836;21;22;0;0;21;22
35028;714;836;21;22;0;0;21;22
35029;735;836;21;22;0;0;21;22
35032;756;836;21;22;0;0;21;22
35033;777;836;21;22;0;0;21;22
35036;798;836;21;22;0;0;21;22
35037;819;836;21;22;0;0;21;22
35039;840;836;21;22;0;0;21;22
35041;861;836;21;22;0;0;21;22
35042;882;836;21;22;0;0;21;22
35044;903;836;21;22;0;0;21;22
35045;924;836;21;22;0;0;21;22
35048;945;836;21;22;0;0;21;22
35056;966;836;21;22;0;0;21;22
35057;987;836;21;22;0;0;21;22
35059;1008;836;21;22;0;0;21;22
35060;1029;836;21;22;0;0;21;22
35064;1050;836;21;22;0;0;21;22
35065;1071;836;21;22;0;0;21;22
35069;1092;836;21;22;0;0;21;22
35070;1113;836;21;22;0;0;21;22
35074;1134;836;21;22;0;0;21;22
35079;1155;836;21;22;0;0;21;22
35082;1176;836;21;22;0;0;21;22
35088;1197;836;21;22;0;0;21;22
35090;1218;836;21;22;0;0;21;22
35091;1239;836;21;22;0;0;21;22
35093;1260;836;21;22;0;0;21;22
35097;1281;836;21;22;0;0;21;22
35098;1302;836;21;22;0;0;21;22
35099;1323;836;21;22;0;0;21;22
35103;1344;836;21;22;0;0;21;22
35105;1365;836;21;22;0;0;21;22
35109;1386;836;21;22;0;0;21;22
35114;1407;836;21;22;0;0;21;22
35115;1428;836;21;22;0;0;21;22
35120;1449;836;21;22;0;0;21;22
35122;1470;836;21;22;0;0;21;22
35123;1491;836;21;22;0;0;21;22
35124;1512;836;21;22;0;0;21;22
35126;1533;836;21;22;0;0;21;22
35128;1554;836;21;22;0;0;21;22
35131;1575;836;21;22;0;0;21;22
35137;1596;836;21;22;0;0;21;22
35140;1617;836;21;22;0;0;21;22
35142;1638;836;21;22;0;0;21;22
35143;1659;836;21;22;0;0;21;22
35158;1680;836;21;22;0;0;21;22
35166;1701;836;21;22;0;0;21;22
35167;1722;836;21;22;0;0;21;22
35168;1743;836;21;22;0;0;21;22
35172;1764;836;21;22;0;0;21;22
35174;1785;836;21;22;0;0;21;22
35178;1806;836;21;22;0;0;21;22
35180;1827;836;21;22;0;0;21;22
35183;1848;836;21;22;0;0;21;22
35186;1869;836;21;22;0;0;21;22
35195;1890;836;21;22;0;0;21;22
35199;1911;836;21;22;0;0;21;22
35201;1932;836;21;22;0;0;21;22
35203;1953;836;21;22;0;0;21;22
35206;1974;836;21;22;0;0;21;22
35207;1995;836;21;22;0;0;21;22
35208;2016;836;21;22;0;0;21;22
35211;2037;836;21;22;0;0;21;22
35215;2058;836;21;22;0;0;21;22
35219;2079;836;21;22;0;0;21;22
35222;2100;836;21;22;0;0;21;22
35224;2121;836;21;22;0;0;21;22
35226;2142;836;21;22;0;0;21;22
35233;2163;836;21;22;0;0;21;22
35238;2184;836;21;22;0;0;21;22
35239;2205;836;21;22;0;0;21;22
35242;2226;836;21;22;0;0;21;22
35244;2247;836;21;22;0;0;21;22
35247;2268;836;21;22;0;0;21;22
35250;2289;836;21;22;0;0;21;22
35251;2310;836;21;22;0;0;21;22
35255;2331;836;21;22;0;0;21;22
35258;2352;836;21;22;0;0;21;22
35261;2373;836;21;22;0;0;21;22
35264;2394;836;21;22;0;0;21;22
35265;2415;836;21;22;0;0;21;22
35266;2436;836;21;22;0;0;21;22
35268;2457;836;21;22;0;0;21;22
35269;2478;836;21;22;0;0;21;22
35270;2499;836;21;22;0;0;21;22
35271;2520;836;21;22;0;0;21;22
35272;2541;836;21;22;0;0;21;22
35273;2562;836;21;22;0;0;21;22
35274;2583;836;21;22;0;0;21;22
35275;2604;836;21;22;0;0;21;22
35278;2625;836;21;22;0;0;21;22
35279;2646;836;21;22;0;0;21;22
35280;2667;836;21;22;0;0;21;22
35281;2688;836;21;22;0;0;21;22
35282;2709;836;21;22;0;0;21;22
35284;2730;836;21;22;0;0;21;22
35290;2751;836;21;22;0;0;21;22
35293;2772;836;21;22;0;0;21;22
35294;2793;836;21;22;0;0;21;22
35299;2814;836;21;22;0;0;21;22
35301;2835;836;21;22;0;0;21;22
35302;2856;836;21;22;0;0;21;22
35307;2877;836;21;22;0;0;21;22
35311;2898;836;21;22;0;0;21;22
35315;2919;836;21;22;0;0;21;22
35316;2940;836;21;22;0;0;21;22
35318;2961;836;21;22;0;0;21;22
35320;2982;836;21;22;0;0;21;22
35328;3003;836;21;22;0;0;21;22
35330;3024;836;21;22;0;0;21;22
35331;3045;836;21;22;0;0;21;22
35335;3066;836;21;22;0;0;21;22
35336;3087;836;21;22;0;0;21;22
35338;3108;836;21;22;0;0;21;22
35340;3129;836;21;22;0;0;21;22
35342;3150;836;21;22;0;0;21;22
35343;3171;836;21;22;0;0;21;22
35344;3192;836;21;22;0;0;21;22
35347;3213;836;21;22;0;0;21;22
35349;3234;836;21;22;0;0;21;22
35350;3255;836;21;22;0;0;21;22
35351;3276;836;21;22;0;0;21;22
35352;3297;836;21;22;0;0;21;22
35354;3318;836;21;22;0;0;21;22
35355;3339;836;21;22;0;0;21;22
35357;3360;836;21;22;0;0;21;22
35359;3381;836;21;22;0;0;21;22
35363;3402;836;21;22;0;0;21;22
35365;3423;836;21;22;0;0;21;22
35370;3444;836;21;22;0;0;21;22
35373;3465;836;21;22;0;0;21;22
35377;3486;836;21;22;0;0;21;22
35379;3507;836;21;22;0;0;21;22
35380;3528;836;21;22;0;0;21;22
35382;3549;836;21;22;0;0;21;22
35386;3570;836;21;22;0;0;21;22
35387;3591;836;21;22;0;0;21;22
35388;3612;836;21;22;0;0;21;22
35390;3633;836;21;22;0;0;21;22
35393;3654;836;21;22;0;0;21;22
35398;3675;836;21;22;0;0;21;22
35400;3696;836;21;22;0;0;21;22
35406;3717;836;21;22;0;0;21;22
35408;3738;836;21;22;0;0;21;22
35410;3759;836;21;22;0;0;21;22
35412;3780;836;21;22;0;0;21;22
35413;3801;836;21;22;0;0;21;22
35419;3822;836;21;22;0;0;21;22
35422;3843;836;21;22;0;0;21;22
35424;3864;836;21;22;0;0;21;22
35425;3885;836;21;22;0;0;21;22
35426;3906;836;21;22;0;0;21;22
35427;3927;836;21;22;0;0;21;22
35430;3948;836;21;22;0;0;21;22
35433;3969;836;21;22;0;0;21;22
35435;3990;836;21;22;0;0;21;22
35436;4011;836;21;22;0;0;21;22
35437;4032;836;21;22;0;0;21;22
35438;4053;836;21;22;0;0;21;22
35440;4074;836;21;22;0;0;21;22
35441;0;858;21;22;0;0;21;22
35442;21;858;21;22;0;0;21;22
35443;42;858;21;22;0;0;21;22
35445;63;858;21;22;0;0;21;22
35449;84;858;21;22;0;0;21;22
35452;105;858;21;22;0;0;21;22
35455;126;858;21;22;0;0;21;22
35460;147;858;21;22;0;0;21;22
35461;168;858;21;22;0;0;21;22
35462;189;858;21;22;0;0;21;22
35463;210;858;21;22;0;0;21;22
35465;231;858;21;22;0;0;21;22
35466;252;858;21;22;0;0;21;22
35468;273;858;21;22;0;0;21;22
35469;294;858;21;22;0;0;21;22
35473;315;858;21;22;0;0;21;22
35474;336;858;21;22;0;0;21;22
35475;357;858;21;22;0;0;21;22
35477;378;858;21;22;0;0;21;22
35480;399;858;21;22;0;0;21;22
35482;420;858;21;22;0;0;21;22
35486;441;858;21;22;0;0;21;22
35488;462;858;21;22;0;0;21;22
35489;483;858;21;22;0;0;21;22
35491;504;858;21;22;0;0;21;22
35492;525;858;21;22;0;0;21;22
35493;546;858;21;22;0;0;21;22
35494;567;858;21;22;0;0;21;22
35496;588;858;21;22;0;0;21;22
35498;609;858;21;22;0;0;21;22
35500;630;858;21;22;0;0;21;22
35501;651;858;21;22;0;0;21;22
35504;672;858;21;22;0;0;21;22
35506;693;858;21;22;0;0;21;22
35510;714;858;21;22;0;0;21;22
35513;735;858;21;22;0;0;21;22
35516;756;858;21;22;0;0;21;22
35519;777;858;21;22;0;0;21;22
35522;798;858;21;22;0;0;21;22
35524;819;858;21;22;0;0;21;22
35527;840;858;21;22;0;0;21;22
35529;861;858;21;22;0;0;21;22
35531;882;858;21;22;0;0;21;22
35533;903;858;21;22;0;0;21;22
35535;924;858;21;22;0;0;21;22
35537;945;858;21;22;0;0;21;22
35538;966;858;21;22;0;0;21;22
35542;987;858;21;22;0;0;21;22
35543;1008;858;21;22;0;0;21;22
35547;1029;858;21;22;0;0;21;22
35548;1050;858;21;22;0;0;21;22
35550;1071;858;21;22;0;0;21;22
35553;1092;858;21;22;0;0;21;22
35554;1113;858;21;22;0;0;21;22
35556;1134;858;21;22;0;0;21;22
35558;1155;858;21;22;0;0;21;22
35559;1176;858;21;22;0;0;21;22
35563;1197;858;21;22;0;0;21;22
35565;1218;858;21;22;0;0;21;22
35566;1239;858;21;22;0;0;21;22
35569;1260;858;21;22;0;0;21;22
35571;1281;858;21;22;0;0;21;22
35574;1302;858;21;22;0;0;21;22
35575;1323;858;21;22;0;0;21;22
35576;1344;858;21;22;0;0;21;22
35578;1365;858;21;22;0;0;21;22
35580;1386;858;21;22;0;0;21;22
35582;1407;858;21;22;0;0;21;22
35584;1428;858;21;22;0;0;21;22
35585;1449;858;21;22;0;0;21;22
35586;1470;858;21;22;0;0;21;22
35588;1491;858;21;22;0;0;21;22
35589;1512;858;21;22;0;0;21;22
35591;1533;858;21;22;0;0;21;22
35594;1554;858;21;22;0;0;21;22
35598;1575;858;21;22;0;0;21;22
35600;1596;858;21;22;0;0;21;22
35604;1617;858;21;22;0;0;21;22
35606;1638;858;21;22;0;0;21;22
35607;1659;858;21;22;0;0;21;22
35609;1680;858;21;22;0;0;21;22
35610;1701;858;21;22;0;0;21;22
35611;1722;858;21;22;0;0;21;22
35613;1743;858;21;22;0;0;21;22
35616;1764;858;21;22;0;0;21;22
35617;1785;858;21;22;0;0;21;22
35618;1806;858;21;22;0;0;21;22
35624;1827;858;21;22;0;0;21;22
35627;1848;858;21;22;0;0;21;22
35628;1869;858;21;22;0;0;21;22
35635;1890;858;21;22;0;0;21;22
35641;1911;858;21;22;0;0;21;22
35646;1932;858;21;22;0;0;21;22
35649;1953;858;21;22;0;0;21;22
35657;1974;858;21;22;0;0;21;22
35662;1995;858;21;22;0;0;21;22
35663;2016;858;21;22;0;0;21;22
35670;2037;858;21;22;0;0;21;22
35672;2058;858;21;22;0;0;21;22
35673;2079;858;21;22;0;0;21;22
35674;2100;858;21;22;0;0;21;22
35676;2121;858;21;22;0;0;21;22
35679;2142;858;21;22;0;0;21;22
35686;2163;858;21;22;0;0;21;22
35691;2184;858;21;22;0;0;21;22
35692;2205;858;21;22;0;0;21;22
35695;2226;858;21;22;0;0;21;22
35696;2247;858;21;22;0;0;21;22
35697;2268;858;21;22;0;0;21;22
35698;2289;858;21;22;0;0;21;22
35700;2310;858;21;22;0;0;21;22
35703;2331;858;21;22;0;0;21;22
35709;2352;858;21;22;0;0;21;22
35712;2373;858;21;22;0;0;21;22
35722;2394;858;21;22;0;0;21;22
35724;2415;858;21;22;0;0;21;22
35726;2436;858;21;22;0;0;21;22
35730;2457;858;21;22;0;0;21;22
35731;2478;858;21;22;0;0;21;22
35733;2499;858;21;22;0;0;21;22
35734;2520;858;21;22;0;0;21;22
35738;2541;858;21;22;0;0;21;22
35740;2562;858;21;22;0;0;21;22
35742;2583;858;21;22;0;0;21;22
35745;2604;858;21;22;0;0;21;22
35746;2625;858;21;22;0;0;21;22
35747;2646;858;21;22;0;0;21;22
35748;2667;858;21;22;0;0;21;22
35749;2688;858;21;22;0;0;21;22
35750;2709;858;21;22;0;0;21;22
35751;2730;858;21;22;0;0;21;22
35752;2751;858;21;22;0;0;21;22
35753;2772;858;21;22;0;0;21;22
35754;2793;858;21;22;0;0;21;22
35755;2814;858;21;22;0;0;21;22
35757;2835;858;21;22;0;0;21;22
35758;2856;858;21;22;0;0;21;22
35759;2877;858;21;22;0;0;21;22
35760;2898;858;21;22;0;0;21;22
35762;2919;858;21;22;0;0;21;22
35763;2940;858;21;22;0;0;21;22
35764;2961;858;21;22;0;0;21;22
35765;2982;858;21;22;0;0;21;22
35766;3003;858;21;22;0;0;21;22
35767;3024;858;21;22;0;0;21;22
35768;3045;858;21;22;0;0;21;22
35769;3066;858;21;22;0;0;21;22
35770;3087;858;21;22;0;0;21;22
35772;3108;858;21;22;0;0;21;22
35773;3129;858;21;22;0;0;21;22
35774;3150;858;21;22;0;0;21;22
35775;3171;858;21;22;0;0;21;22
35776;3192;858;21;22;0;0;21;22
35777;3213;858;21;22;0;0;21;22
35778;3234;858;21;22;0;0;21;22
35779;3255;858;21;22;0;0;21;22
35780;3276;858;21;22;0;0;21;22
35781;3297;858;21;22;0;0;21;22
35782;3318;858;21;22;0;0;21;22
35784;3339;858;21;22;0;0;21;22
35785;3360;858;21;22;0;0;21;22
35786;3381;858;21;22;0;0;21;22
35787;3402;858;21;22;0;0;21;22
35788;3423;858;21;22;0;0;21;22
35789;3444;858;21;22;0;0;21;22
35791;3465;858;21;22;0;0;21;22
35793;3486;858;21;22;0;0;21;22
35794;3507;858;21;22;0;0;21;22
35795;3528;858;21;22;0;0;21;22
35796;3549;858;21;22;0;0;21;22
35797;3570;858;21;22;0;0;21;22
35798;3591;858;21;22;0;0;21;22
35799;3612;858;21;22;0;0;21;22
35800;3633;858;21;22;0;0;21;22
35801;3654;858;21;22;0;0;21;22
35802;3675;858;21;22;0;0;21;22
35803;3696;858;21;22;0;0;21;22
35804;3717;858;21;22;0;0;21;22
35805;3738;858;21;22;0;0;21;22
35806;3759;858;21;22;0;0;21;22
35807;3780;858;21;22;0;0;21;22
35808;3801;858;21;22;0;0;21;22
35809;3822;858;21;22;0;0;21;22
35810;3843;858;21;22;0;0;21;22
35811;3864;858;21;22;0;0;21;22
35812;3885;858;21;22;0;0;21;22
35813;3906;858;21;22;0;0;21;22
35814;3927;858;21;22;0;0;21;22
35815;3948;858;21;22;0;0;21;22
35816;3969;858;21;22;0;0;21;22
35817;3990;858;21;22;0;0;21;22
35819;4011;858;21;22;0;0;21;22
35820;4032;858;21;22;0;0;21;22
35821;4053;858;21;22;0;0;21;22
35822;4074;858;21;22;0;0;21;22
35823;0;880;21;22;0;0;21;22
35824;21;880;21;22;0;0;21;22
35825;42;880;21;22;0;0;21;22
35826;63;880;21;22;0;0;21;22
35827;84;880;21;22;0;0;21;22
35828;105;880;21;22;0;0;21;22
35829;126;880;21;22;0;0;21;22
35830;147;880;21;22;0;0;21;22
35831;168;880;21;22;0;0;21;22
35832;189;880;21;22;0;0;21;22
35833;210;880;21;22;0;0;21;22
35834;231;880;21;22;0;0;21;22
35835;252;880;21;22;0;0;21;22
35836;273;880;21;22;0;0;21;22
35837;294;880;21;22;0;0;21;22
35838;315;880;21;22;0;0;21;22
35839;336;880;21;22;0;0;21;22
35840;357;880;21;22;0;0;21;22
35841;378;880;21;22;0;0;21;22
35842;399;880;21;22;0;0;21;22
35843;420;880;21;22;0;0;21;22
35844;441;880;21;22;0;0;21;22
35845;462;880;21;22;0;0;21;22
35846;483;880;21;22;0;0;21;22
35847;504;880;21;22;0;0;21;22
35848;525;880;21;22;0;0;21;22
35850;546;880;21;22;0;0;21;22
35851;567;880;21;22;0;0;21;22
35852;588;880;21;22;0;0;21;22
35853;609;880;21;22;0;0;21;22
35854;630;880;21;22;0;0;21;22
35855;651;880;21;22;0;0;21;22
35856;672;880;21;22;0;0;21;22
35857;693;880;21;22;0;0;21;22
35858;714;880;21;22;0;0;21;22
35859;735;880;21;22;0;0;21;22
35860;756;880;21;22;0;0;21;22
35861;777;880;21;22;0;0;21;22
35862;798;880;21;22;0;0;21;22
35863;819;880;21;22;0;0;21;22
35864;840;880;21;22;0;0;21;22
35865;861;880;21;22;0;0;21;22
35866;882;880;21;22;0;0;21;22
35867;903;880;21;22;0;0;21;22
35868;924;880;21;22;0;0;21;22
35869;945;880;21;22;0;0;21;22
35871;966;880;21;22;0;0;21;22
35872;987;880;21;22;0;0;21;22
35873;1008;880;21;22;0;0;21;22
35874;1029;880;21;22;0;0;21;22
35875;1050;880;21;22;0;0;21;22
35876;1071;880;21;22;0;0;21;22
35877;1092;880;21;22;0;0;21;22
35878;1113;880;21;22;0;0;21;22
35879;1134;880;21;22;0;0;21;22
35880;1155;880;21;22;0;0;21;22
35881;1176;880;21;22;0;0;21;22
35882;1197;880;21;22;0;0;21;22
35884;1218;880;21;22;0;0;21;22
35885;1239;880;21;22;0;0;21;22
35886;1260;880;21;22;0;0;21;22
35887;1281;880;21;22;0;0;21;22
35888;1302;880;21;22;0;0;21;22
35889;1323;880;21;22;0;0;21;22
35890;1344;880;21;22;0;0;21;22
35891;1365;880;21;22;0;0;21;22
35892;1386;880;21;22;0;0;21;22
35893;1407;880;21;22;0;0;21;22
35894;1428;880;21;22;0;0;21;22
35895;1449;880;21;22;0;0;21;22
35903;1470;880;21;22;0;0;21;22
35905;1491;880;21;22;0;0;21;22
35910;1512;880;21;22;0;0;21;22
35911;1533;880;21;22;0;0;21;22
35912;1554;880;21;22;0;0;21;22
35913;1575;880;21;22;0;0;21;22
35914;1596;880;21;22;0;0;21;22
35916;1617;880;21;22;0;0;21;22
35918;1638;880;21;22;0;0;21;22
35920;1659;880;21;22;0;0;21;22
35924;1680;880;21;22;0;0;21;22
35925;1701;880;21;22;0;0;21;22
35929;1722;880;21;22;0;0;21;22
35930;1743;880;21;22;0;0;21;22
35937;1764;880;21;22;0;0;21;22
35938;1785;880;21;22;0;0;21;22
35944;1806;880;21;22;0;0;21;22
35946;1827;880;21;22;0;0;21;22
35947;1848;880;21;22;0;0;21;22
35948;1869;880;21;22;0;0;21;22
35955;1890;880;21;22;0;0;21;22
35960;1911;880;21;22;0;0;21;22
35961;1932;880;21;22;0;0;21;22
35962;1953;880;21;22;0;0;21;22
35970;1974;880;21;22;0;0;21;22
35973;1995;880;21;22;0;0;21;22
35977;2016;880;21;22;0;0;21;22
35978;2037;880;21;22;0;0;21;22
35980;2058;880;21;22;0;0;21;22
35981;2079;880;21;22;0;0;21;22
35987;2100;880;21;22;0;0;21;22
35988;2121;880;21;22;0;0;21;22
35992;2142;880;21;22;0;0;21;22
35997;2163;880;21;22;0;0;21;22
35998;2184;880;21;22;0;0;21;22
36000;2205;880;21;22;0;0;21;22
36001;2226;880;21;22;0;0;21;22
36002;2247;880;21;22;0;0;21;22
36007;2268;880;21;22;0;0;21;22
36008;2289;880;21;22;0;0;21;22
36009;2310;880;21;22;0;0;21;22
36010;2331;880;21;22;0;0;21;22
36011;2352;880;21;22;0;0;21;22
36012;2373;880;21;22;0;0;21;22
36015;2394;880;21;22;0;0;21;22
36016;2415;880;21;22;0;0;21;22
36018;2436;880;21;22;0;0;21;22
36019;2457;880;21;22;0;0;21;22
36020;2478;880;21;22;0;0;21;22
36022;2499;880;21;22;0;0;21;22
36023;2520;880;21;22;0;0;21;22
36024;2541;880;21;22;0;0;21;22
36026;2562;880;21;22;0;0;21;22
36027;2583;880;21;22;0;0;21;22
36028;2604;880;21;22;0;0;21;22
36029;2625;880;21;22;0;0;21;22
36031;2646;880;21;22;0;0;21;22
36032;2667;880;21;22;0;0;21;22
36033;2688;880;21;22;0;0;21;22
36034;2709;880;21;22;0;0;21;22
36035;2730;880;21;22;0;0;21;22
36036;2751;880;21;22;0;0;21;22
36037;2772;880;21;22;0;0;21;22
36039;2793;880;21;22;0;0;21;22
36040;2814;880;21;22;0;0;21;22
36042;2835;880;21;22;0;0;21;22
36049;2856;880;21;22;0;0;21;22
36050;2877;880;21;22;0;0;21;22
36051;2898;880;21;22;0;0;21;22
36053;2919;880;21;22;0;0;21;22
36058;2940;880;21;22;0;0;21;22
36059;2961;880;21;22;0;0;21;22
36060;2982;880;21;22;0;0;21;22
36062;3003;880;21;22;0;0;21;22
36064;3024;880;21;22;0;0;21;22
36065;3045;880;21;22;0;0;21;22
36066;3066;880;21;22;0;0;21;22
36067;3087;880;21;22;0;0;21;22
36068;3108;880;21;22;0;0;21;22
36070;3129;880;21;22;0;0;21;22
36071;3150;880;21;22;0;0;21;22
36074;3171;880;21;22;0;0;21;22
36075;3192;880;21;22;0;0;21;22
36076;3213;880;21;22;0;0;21;22
36077;3234;880;21;22;0;0;21;22
36084;3255;880;21;22;0;0;21;22
36088;3276;880;21;22;0;0;21;22
36090;3297;880;21;22;0;0;21;22
36091;3318;880;21;22;0;0;21;22
36092;3339;880;21;22;0;0;21;22
36093;3360;880;21;22;0;0;21;22
36094;3381;880;21;22;0;0;21;22
36100;3402;880;21;22;0;0;21;22
36101;3423;880;21;22;0;0;21;22
36104;3444;880;21;22;0;0;21;22
36106;3465;880;21;22;0;0;21;22
36109;3486;880;21;22;0;0;21;22
36111;3507;880;21;22;0;0;21;22
36115;3528;880;21;22;0;0;21;22
36118;3549;880;21;22;0;0;21;22
36119;3570;880;21;22;0;0;21;22
36123;3591;880;21;22;0;0;21;22
36125;3612;880;21;22;0;0;21;22
36126;3633;880;21;22;0;0;21;22
36127;3654;880;21;22;0;0;21;22
36129;3675;880;21;22;0;0;21;22
36130;3696;880;21;22;0;0;21;22
36131;3717;880;21;22;0;0;21;22
36132;3738;880;21;22;0;0;21;22
36133;3759;880;21;22;0;0;21;22
36134;3780;880;21;22;0;0;21;22
36135;3801;880;21;22;0;0;21;22
36136;3822;880;21;22;0;0;21;22
36137;3843;880;21;22;0;0;21;22
36138;3864;880;21;22;0;0;21;22
36139;3885;880;21;22;0;0;21;22
36140;3906;880;21;22;0;0;21;22
36141;3927;880;21;22;0;0;21;22
36142;3948;880;21;22;0;0;21;22
36143;3969;880;21;22;0;0;21;22
36144;3990;880;21;22;0;0;21;22
36145;4011;880;21;22;0;0;21;22
36146;4032;880;21;22;0;0;21;22
36147;4053;880;21;22;0;0;21;22
36148;4074;880;21;22;0;0;21;22
36149;0;902;21;22;0;0;21;22
36150;21;902;21;22;0;0;21;22
36151;42;902;21;22;0;0;21;22
36152;63;902;21;22;0;0;21;22
36153;84;902;21;22;0;0;21;22
36154;105;902;21;22;0;0;21;22
36155;126;902;21;22;0;0;21;22
36156;147;902;21;22;0;0;21;22
36157;168;902;21;22;0;0;21;22
36158;189;902;21;22;0;0;21;22
36159;210;902;21;22;0;0;21;22
36161;231;902;21;22;0;0;21;22
36162;252;902;21;22;0;0;21;22
36163;273;902;21;22;0;0;21;22
36164;294;902;21;22;0;0;21;22
36165;315;902;21;22;0;0;21;22
36167;336;902;21;22;0;0;21;22
36168;357;902;21;22;0;0;21;22
36169;378;902;21;22;0;0;21;22
36170;399;902;21;22;0;0;21;22
36171;420;902;21;22;0;0;21;22
36172;441;902;21;22;0;0;21;22
36173;462;902;21;22;0;0;21;22
36174;483;902;21;22;0;0;21;22
36175;504;902;21;22;0;0;21;22
36176;525;902;21;22;0;0;21;22
36179;546;902;21;22;0;0;21;22
36180;567;902;21;22;0;0;21;22
36181;588;902;21;22;0;0;21;22
36182;609;902;21;22;0;0;21;22
36184;630;902;21;22;0;0;21;22
36185;651;902;21;22;0;0;21;22
36186;672;902;21;22;0;0;21;22
36187;693;902;21;22;0;0;21;22
36188;714;902;21;22;0;0;21;22
36189;735;902;21;22;0;0;21;22
36190;756;902;21;22;0;0;21;22
36191;777;902;21;22;0;0;21;22
36192;798;902;21;22;0;0;21;22
36193;819;902;21;22;0;0;21;22
36194;840;902;21;22;0;0;21;22
36195;861;902;21;22;0;0;21;22
36196;882;902;21;22;0;0;21;22
36198;903;902;21;22;0;0;21;22
36199;924;902;21;22;0;0;21;22
36203;945;902;21;22;0;0;21;22
36205;966;902;21;22;0;0;21;22
36208;987;902;21;22;0;0;21;22
36211;1008;902;21;22;0;0;21;22
36212;1029;902;21;22;0;0;21;22
36213;1050;902;21;22;0;0;21;22
36214;1071;902;21;22;0;0;21;22
36215;1092;902;21;22;0;0;21;22
36225;1113;902;21;22;0;0;21;22
36228;1134;902;21;22;0;0;21;22
36229;1155;902;21;22;0;0;21;22
36234;1176;902;21;22;0;0;21;22
36235;1197;902;21;22;0;0;21;22
36241;1218;902;21;22;0;0;21;22
36244;1239;902;21;22;0;0;21;22
36245;1260;902;21;22;0;0;21;22
36249;1281;902;21;22;0;0;21;22
36255;1302;902;21;22;0;0;21;22
36259;1323;902;21;22;0;0;21;22
36264;1344;902;21;22;0;0;21;22
36273;1365;902;21;22;0;0;21;22
36274;1386;902;21;22;0;0;21;22
36275;1407;902;21;22;0;0;21;22
36276;1428;902;21;22;0;0;21;22
36277;1449;902;21;22;0;0;21;22
36280;1470;902;21;22;0;0;21;22
36282;1491;902;21;22;0;0;21;22
36284;1512;902;21;22;0;0;21;22
36286;1533;902;21;22;0;0;21;22
36287;1554;902;21;22;0;0;21;22
36291;1575;902;21;22;0;0;21;22
36292;1596;902;21;22;0;0;21;22
36294;1617;902;21;22;0;0;21;22
36299;1638;902;21;22;0;0;21;22
36300;1659;902;21;22;0;0;21;22
36302;1680;902;21;22;0;0;21;22
36303;1701;902;21;22;0;0;21;22
36304;1722;902;21;22;0;0;21;22
36305;1743;902;21;22;0;0;21;22
36310;1764;902;21;22;0;0;21;22
36311;1785;902;21;22;0;0;21;22
36314;1806;902;21;22;0;0;21;22
36315;1827;902;21;22;0;0;21;22
36317;1848;902;21;22;0;0;21;22
36318;1869;902;21;22;0;0;21;22
36319;1890;902;21;22;0;0;21;22
36321;1911;902;21;22;0;0;21;22
36323;1932;902;21;22;0;0;21;22
36324;1953;902;21;22;0;0;21;22
36328;1974;902;21;22;0;0;21;22
36330;1995;902;21;22;0;0;21;22
36332;2016;902;21;22;0;0;21;22
36335;2037;902;21;22;0;0;21;22
36339;2058;902;21;22;0;0;21;22
36341;2079;902;21;22;0;0;21;22
36342;2100;902;21;22;0;0;21;22
36343;2121;902;21;22;0;0;21;22
36344;2142;902;21;22;0;0;21;22
36345;2163;902;21;22;0;0;21;22
36346;2184;902;21;22;0;0;21;22
36347;2205;902;21;22;0;0;21;22
36348;2226;902;21;22;0;0;21;22
36357;2247;902;21;22;0;0;21;22
36361;2268;902;21;22;0;0;21;22
36362;2289;902;21;22;0;0;21;22
36364;2310;902;21;22;0;0;21;22
36367;2331;902;21;22;0;0;21;22
36368;2352;902;21;22;0;0;21;22
36370;2373;902;21;22;0;0;21;22
36372;2394;902;21;22;0;0;21;22
36381;2415;902;21;22;0;0;21;22
36382;2436;902;21;22;0;0;21;22
36383;2457;902;21;22;0;0;21;22
36386;2478;902;21;22;0;0;21;22
36393;2499;902;21;22;0;0;21;22
36394;2520;902;21;22;0;0;21;22
36395;2541;902;21;22;0;0;21;22
36396;2562;902;21;22;0;0;21;22
36398;2583;902;21;22;0;0;21;22
36399;2604;902;21;22;0;0;21;22
36400;2625;902;21;22;0;0;21;22
36401;2646;902;21;22;0;0;21;22
36404;2667;902;21;22;0;0;21;22
36405;2688;902;21;22;0;0;21;22
36409;2709;902;21;22;0;0;21;22
36410;2730;902;21;22;0;0;21;22
36413;2751;902;21;22;0;0;21;22
36416;2772;902;21;22;0;0;21;22
36417;2793;902;21;22;0;0;21;22
36418;2814;902;21;22;0;0;21;22
36420;2835;902;21;22;0;0;21;22
36423;2856;902;21;22;0;0;21;22
36424;2877;902;21;22;0;0;21;22
36425;2898;902;21;22;0;0;21;22
36426;2919;902;21;22;0;0;21;22
36427;2940;902;21;22;0;0;21;22
36428;2961;902;21;22;0;0;21;22
36432;2982;902;21;22;0;0;21;22
36433;3003;902;21;22;0;0;21;22
36434;3024;902;21;22;0;0;21;22
36435;3045;902;21;22;0;0;21;22
36437;3066;902;21;22;0;0;21;22
36441;3087;902;21;22;0;0;21;22
36442;3108;902;21;22;0;0;21;22
36447;3129;902;21;22;0;0;21;22
36451;3150;902;21;22;0;0;21;22
36452;3171;902;21;22;0;0;21;22
36454;3192;902;21;22;0;0;21;22
36457;3213;902;21;22;0;0;21;22
36460;3234;902;21;22;0;0;21;22
36461;3255;902;21;22;0;0;21;22
36464;3276;902;21;22;0;0;21;22
36466;3297;902;21;22;0;0;21;22
36468;3318;902;21;22;0;0;21;22
36470;3339;902;21;22;0;0;21;22
36474;3360;902;21;22;0;0;21;22
36476;3381;902;21;22;0;0;21;22
36477;3402;902;21;22;0;0;21;22
36478;3423;902;21;22;0;0;21;22
36479;3444;902;21;22;0;0;21;22
36481;3465;902;21;22;0;0;21;22
36482;3486;902;21;22;0;0;21;22
36485;3507;902;21;22;0;0;21;22
36487;3528;902;21;22;0;0;21;22
36489;3549;902;21;22;0;0;21;22
36490;3570;902;21;22;0;0;21;22
36491;3591;902;21;22;0;0;21;22
36493;3612;902;21;22;0;0;21;22
36495;3633;902;21;22;0;0;21;22
36496;3654;902;21;22;0;0;21;22
36497;3675;902;21;22;0;0;21;22
36498;3696;902;21;22;0;0;21;22
36499;3717;902;21;22;0;0;21;22
36501;3738;902;21;22;0;0;21;22
36506;3759;902;21;22;0;0;21;22
36508;3780;902;21;22;0;0;21;22
36510;3801;902;21;22;0;0;21;22
36513;3822;902;21;22;0;0;21;22
36517;3843;902;21;22;0;0;21;22
36518;3864;902;21;22;0;0;21;22
36522;3885;902;21;22;0;0;21;22
36523;3906;902;21;22;0;0;21;22
36524;3927;902;21;22;0;0;21;22
36527;3948;902;21;22;0;0;21;22
36530;3969;902;21;22;0;0;21;22
36538;3990;902;21;22;0;0;21;22
36544;4011;902;21;22;0;0;21;22
36554;4032;902;21;22;0;0;21;22
36555;4053;902;21;22;0;0;21;22
36556;4074;902;21;22;0;0;21;22
36557;0;924;21;22;0;0;21;22
36562;21;924;21;22;0;0;21;22
36564;42;924;21;22;0;0;21;22
36571;63;924;21;22;0;0;21;22
36575;84;924;21;22;0;0;21;22
36578;105;924;21;22;0;0;21;22
36587;126;924;21;22;0;0;21;22
36594;147;924;21;22;0;0;21;22
36600;168;924;21;22;0;0;21;22
36603;189;924;21;22;0;0;21;22
36604;210;924;21;22;0;0;21;22
36605;231;924;21;22;0;0;21;22
36606;252;924;21;22;0;0;21;22
36611;273;924;21;22;0;0;21;22
36613;294;924;21;22;0;0;21;22
36617;315;924;21;22;0;0;21;22
36618;336;924;21;22;0;0;21;22
36626;357;924;21;22;0;0;21;22
36627;378;924;21;22;0;0;21;22
36628;399;924;21;22;0;0;21;22
36629;420;924;21;22;0;0;21;22
36635;441;924;21;22;0;0;21;22
36636;462;924;21;22;0;0;21;22
36637;483;924;21;22;0;0;21;22
36638;504;924;21;22;0;0;21;22
36639;525;924;21;22;0;0;21;22
36645;546;924;21;22;0;0;21;22
36646;567;924;21;22;0;0;21;22
36649;588;924;21;22;0;0;21;22
36650;609;924;21;22;0;0;21;22
36655;630;924;21;22;0;0;21;22
36659;651;924;21;22;0;0;21;22
36664;672;924;21;22;0;0;21;22
36667;693;924;21;22;0;0;21;22
36670;714;924;21;22;0;0;21;22
36671;735;924;21;22;0;0;21;22
36674;756;924;21;22;0;0;21;22
36676;777;924;21;22;0;0;21;22
36677;798;924;21;22;0;0;21;22
36678;819;924;21;22;0;0;21;22
36679;840;924;21;22;0;0;21;22
36681;861;924;21;22;0;0;21;22
36685;882;924;21;22;0;0;21;22
36686;903;924;21;22;0;0;21;22
36692;924;924;21;22;0;0;21;22
36693;945;924;21;22;0;0;21;22
36703;966;924;21;22;0;0;21;22
36705;987;924;21;22;0;0;21;22
36708;1008;924;21;22;0;0;21;22
36710;1029;924;21;22;0;0;21;22
36711;1050;924;21;22;0;0;21;22
36712;1071;924;21;22;0;0;21;22
36713;1092;924;21;22;0;0;21;22
36715;1113;924;21;22;0;0;21;22
36716;1134;924;21;22;0;0;21;22
36717;1155;924;21;22;0;0;21;22
36718;1176;924;21;22;0;0;21;22
36719;1197;924;21;22;0;0;21;22
36720;1218;924;21;22;0;0;21;22
36721;1239;924;21;22;0;0;21;22
36722;1260;924;21;22;0;0;21;22
36723;1281;924;21;22;0;0;21;22
36724;1302;924;21;22;0;0;21;22
36726;1323;924;21;22;0;0;21;22
36728;1344;924;21;22;0;0;21;22
36731;1365;924;21;22;0;0;21;22
36732;1386;924;21;22;0;0;21;22
36733;1407;924;21;22;0;0;21;22
36734;1428;924;21;22;0;0;21;22
36735;1449;924;21;22;0;0;21;22
36738;1470;924;21;22;0;0;21;22
36739;1491;924;21;22;0;0;21;22
36740;1512;924;21;22;0;0;21;22
36741;1533;924;21;22;0;0;21;22
36742;1554;924;21;22;0;0;21;22
36743;1575;924;21;22;0;0;21;22
36744;1596;924;21;22;0;0;21;22
36745;1617;924;21;22;0;0;21;22
36746;1638;924;21;22;0;0;21;22
36747;1659;924;21;22;0;0;21;22
36749;1680;924;21;22;0;0;21;22
36750;1701;924;21;22;0;0;21;22
36751;1722;924;21;22;0;0;21;22
36752;1743;924;21;22;0;0;21;22
36753;1764;924;21;22;0;0;21;22
36755;1785;924;21;22;0;0;21;22
36756;1806;924;21;22;0;0;21;22
36757;1827;924;21;22;0;0;21;22
36758;1848;924;21;22;0;0;21;22
36759;1869;924;21;22;0;0;21;22
36760;1890;924;21;22;0;0;21;22
36761;1911;924;21;22;0;0;21;22
36762;1932;924;21;22;0;0;21;22
36763;1953;924;21;22;0;0;21;22
36764;1974;924;21;22;0;0;21;22
36766;1995;924;21;22;0;0;21;22
36767;2016;924;21;22;0;0;21;22
36771;2037;924;21;22;0;0;21;22
36774;2058;924;21;22;0;0;21;22
36776;2079;924;21;22;0;0;21;22
36777;2100;924;21;22;0;0;21;22
36779;2121;924;21;22;0;0;21;22
36781;2142;924;21;22;0;0;21;22
36782;2163;924;21;22;0;0;21;22
36783;2184;924;21;22;0;0;21;22
36784;2205;924;21;22;0;0;21;22
36785;2226;924;21;22;0;0;21;22
36786;2247;924;21;22;0;0;21;22
36793;2268;924;21;22;0;0;21;22
36794;2289;924;21;22;0;0;21;22
36796;2310;924;21;22;0;0;21;22
36797;2331;924;21;22;0;0;21;22
36798;2352;924;21;22;0;0;21;22
36801;2373;924;21;22;0;0;21;22
36802;2394;924;21;22;0;0;21;22
36804;2415;924;21;22;0;0;21;22
36805;2436;924;21;22;0;0;21;22
36807;2457;924;21;22;0;0;21;22
36808;2478;924;21;22;0;0;21;22
36814;2499;924;21;22;0;0;21;22
36816;2520;924;21;22;0;0;21;22
36817;2541;924;21;22;0;0;21;22
36818;2562;924;21;22;0;0;21;22
36819;2583;924;21;22;0;0;21;22
36820;2604;924;21;22;0;0;21;22
36821;2625;924;21;22;0;0;21;22
36824;2646;924;21;22;0;0;21;22
36825;2667;924;21;22;0;0;21;22
36827;2688;924;21;22;0;0;21;22
36828;2709;924;21;22;0;0;21;22
36829;2730;924;21;22;0;0;21;22
36830;2751;924;21;22;0;0;21;22
36831;2772;924;21;22;0;0;21;22
36834;2793;924;21;22;0;0;21;22
36836;2814;924;21;22;0;0;21;22
36837;2835;924;21;22;0;0;21;22
36838;2856;924;21;22;0;0;21;22
36840;2877;924;21;22;0;0;21;22
36841;2898;924;21;22;0;0;21;22
36842;2919;924;21;22;0;0;21;22
36843;2940;924;21;22;0;0;21;22
36845;2961;924;21;22;0;0;21;22
36846;2982;924;21;22;0;0;21;22
36848;3003;924;21;22;0;0;21;22
36851;3024;924;21;22;0;0;21;22
36852;3045;924;21;22;0;0;21;22
36855;3066;924;21;22;0;0;21;22
36856;3087;924;21;22;0;0;21;22
36857;3108;924;21;22;0;0;21;22
36858;3129;924;21;22;0;0;21;22
36861;3150;924;21;22;0;0;21;22
36864;3171;924;21;22;0;0;21;22
36865;3192;924;21;22;0;0;21;22
36866;3213;924;21;22;0;0;21;22
36867;3234;924;21;22;0;0;21;22
36868;3255;924;21;22;0;0;21;22
36869;3276;924;21;22;0;0;21;22
36870;3297;924;21;22;0;0;21;22
36873;3318;924;21;22;0;0;21;22
36874;3339;924;21;22;0;0;21;22
36875;3360;924;21;22;0;0;21;22
36877;3381;924;21;22;0;0;21;22
36879;3402;924;21;22;0;0;21;22
36880;3423;924;21;22;0;0;21;22
36881;3444;924;21;22;0;0;21;22
36882;3465;924;21;22;0;0;21;22
36883;3486;924;21;22;0;0;21;22
36884;3507;924;21;22;0;0;21;22
36885;3528;924;21;22;0;0;21;22
36886;3549;924;21;22;0;0;21;22
36887;3570;924;21;22;0;0;21;22
36889;3591;924;21;22;0;0;21;22
36890;3612;924;21;22;0;0;21;22
36891;3633;924;21;22;0;0;21;22
36893;3654;924;21;22;0;0;21;22
36894;3675;924;21;22;0;0;21;22
36895;3696;924;21;22;0;0;21;22
36896;3717;924;21;22;0;0;21;22
36897;3738;924;21;22;0;0;21;22
36898;3759;924;21;22;0;0;21;22
36899;3780;924;21;22;0;0;21;22
36902;3801;924;21;22;0;0;21;22
36909;3822;924;21;22;0;0;21;22
36910;3843;924;21;22;0;0;21;22
36911;3864;924;21;22;0;0;21;22
36913;3885;924;21;22;0;0;21;22
36914;3906;924;21;22;0;0;21;22
36917;3927;924;21;22;0;0;21;22
36918;3948;924;21;22;0;0;21;22
36920;3969;924;21;22;0;0;21;22
36923;3990;924;21;22;0;0;21;22
36924;4011;924;21;22;0;0;21;22
36926;4032;924;21;22;0;0;21;22
36929;4053;924;21;22;0;0;21;22
36930;4074;924;21;22;0;0;21;22
36932;0;946;21;22;0;0;21;22
36933;21;946;21;22;0;0;21;22
36935;42;946;21;22;0;0;21;22
36938;63;946;21;22;0;0;21;22
36939;84;946;21;22;0;0;21;22
36941;105;946;21;22;0;0;21;22
36942;126;946;21;22;0;0;21;22
36943;147;946;21;22;0;0;21;22
36944;168;946;21;22;0;0;21;22
36945;189;946;21;22;0;0;21;22
36946;210;946;21;22;0;0;21;22
36947;231;946;21;22;0;0;21;22
36948;252;946;21;22;0;0;21;22
36949;273;946;21;22;0;0;21;22
36951;294;946;21;22;0;0;21;22
36953;315;946;21;22;0;0;21;22
36955;336;946;21;22;0;0;21;22
36956;357;946;21;22;0;0;21;22
36958;378;946;21;22;0;0;21;22
36960;399;946;21;22;0;0;21;22
36961;420;946;21;22;0;0;21;22
36962;441;946;21;22;0;0;21;22
36963;462;946;21;22;0;0;21;22
36965;483;946;21;22;0;0;21;22
36968;504;946;21;22;0;0;21;22
36969;525;946;21;22;0;0;21;22
36973;546;946;21;22;0;0;21;22
36974;567;946;21;22;0;0;21;22
36978;588;946;21;22;0;0;21;22
36980;609;946;21;22;0;0;21;22
36981;630;946;21;22;0;0;21;22
36983;651;946;21;22;0;0;21;22
36984;672;946;21;22;0;0;21;22
36986;693;946;21;22;0;0;21;22
36988;714;946;21;22;0;0;21;22
36989;735;946;21;22;0;0;21;22
36991;756;946;21;22;0;0;21;22
36992;777;946;21;22;0;0;21;22
36993;798;946;21;22;0;0;21;22
36994;819;946;21;22;0;0;21;22
36995;840;946;21;22;0;0;21;22
36996;861;946;21;22;0;0;21;22
36999;882;946;21;22;0;0;21;22
37000;903;946;21;22;0;0;21;22
37002;924;946;21;22;0;0;21;22
37003;945;946;21;22;0;0;21;22
37007;966;946;21;22;0;0;21;22
37008;987;946;21;22;0;0;21;22
37009;1008;946;21;22;0;0;21;22
37011;1029;946;21;22;0;0;21;22
37013;1050;946;21;22;0;0;21;22
37015;1071;946;21;22;0;0;21;22
37017;1092;946;21;22;0;0;21;22
37019;1113;946;21;22;0;0;21;22
37021;1134;946;21;22;0;0;21;22
37024;1155;946;21;22;0;0;21;22
37026;1176;946;21;22;0;0;21;22
37027;1197;946;21;22;0;0;21;22
37030;1218;946;21;22;0;0;21;22
37034;1239;946;21;22;0;0;21;22
37036;1260;946;21;22;0;0;21;22
37038;1281;946;21;22;0;0;21;22
37039;1302;946;21;22;0;0;21;22
37040;1323;946;21;22;0;0;21;22
37041;1344;946;21;22;0;0;21;22
37043;1365;946;21;22;0;0;21;22
37044;1386;946;21;22;0;0;21;22
37045;1407;946;21;22;0;0;21;22
37046;1428;946;21;22;0;0;21;22
37048;1449;946;21;22;0;0;21;22
37049;1470;946;21;22;0;0;21;22
37050;1491;946;21;22;0;0;21;22
37051;1512;946;21;22;0;0;21;22
37054;1533;946;21;22;0;0;21;22
37057;1554;946;21;22;0;0;21;22
37060;1575;946;21;22;0;0;21;22
37061;1596;946;21;22;0;0;21;22
37063;1617;946;21;22;0;0;21;22
37066;1638;946;21;22;0;0;21;22
37070;1659;946;21;22;0;0;21;22
37071;1680;946;21;22;0;0;21;22
37073;1701;946;21;22;0;0;21;22
37075;1722;946;21;22;0;0;21;22
37079;1743;946;21;22;0;0;21;22
37083;1764;946;21;22;0;0;21;22
37084;1785;946;21;22;0;0;21;22
37085;1806;946;21;22;0;0;21;22
37087;1827;946;21;22;0;0;21;22
37089;1848;946;21;22;0;0;21;22
37090;1869;946;21;22;0;0;21;22
37092;1890;946;21;22;0;0;21;22
37094;1911;946;21;22;0;0;21;22
37095;1932;946;21;22;0;0;21;22
37096;1953;946;21;22;0;0;21;22
37099;1974;946;21;22;0;0;21;22
37101;1995;946;21;22;0;0;21;22
37103;2016;946;21;22;0;0;21;22
37108;2037;946;21;22;0;0;21;22
37109;2058;946;21;22;0;0;21;22
37111;2079;946;21;22;0;0;21;22
37112;2100;946;21;22;0;0;21;22
37117;2121;946;21;22;0;0;21;22
37118;2142;946;21;22;0;0;21;22
37119;2163;946;21;22;0;0;21;22
37122;2184;946;21;22;0;0;21;22
37124;2205;946;21;22;0;0;21;22
37126;2226;946;21;22;0;0;21;22
37129;2247;946;21;22;0;0;21;22
37138;2268;946;21;22;0;0;21;22
37140;2289;946;21;22;0;0;21;22
37142;2310;946;21;22;0;0;21;22
37145;2331;946;21;22;0;0;21;22
37150;2352;946;21;22;0;0;21;22
37154;2373;946;21;22;0;0;21;22
37159;2394;946;21;22;0;0;21;22
37165;2415;946;21;22;0;0;21;22
37167;2436;946;21;22;0;0;21;22
37168;2457;946;21;22;0;0;21;22
37169;2478;946;21;22;0;0;21;22
37170;2499;946;21;22;0;0;21;22
37172;2520;946;21;22;0;0;21;22
37178;2541;946;21;22;0;0;21;22
37187;2562;946;21;22;0;0;21;22
37190;2583;946;21;22;0;0;21;22
37192;2604;946;21;22;0;0;21;22
37193;2625;946;21;22;0;0;21;22
37194;2646;946;21;22;0;0;21;22
37195;2667;946;21;22;0;0;21;22
37196;2688;946;21;22;0;0;21;22
37197;2709;946;21;22;0;0;21;22
37198;2730;946;21;22;0;0;21;22
37200;2751;946;21;22;0;0;21;22
37202;2772;946;21;22;0;0;21;22
37204;2793;946;21;22;0;0;21;22
37207;2814;946;21;22;0;0;21;22
37210;2835;946;21;22;0;0;21;22
37213;2856;946;21;22;0;0;21;22
37214;2877;946;21;22;0;0;21;22
37217;2898;946;21;22;0;0;21;22
37218;2919;946;21;22;0;0;21;22
37219;2940;946;21;22;0;0;21;22
37220;2961;946;21;22;0;0;21;22
37221;2982;946;21;22;0;0;21;22
37225;3003;946;21;22;0;0;21;22
37226;3024;946;21;22;0;0;21;22
37228;3045;946;21;22;0;0;21;22
37230;3066;946;21;22;0;0;21;22
37231;3087;946;21;22;0;0;21;22
37232;3108;946;21;22;0;0;21;22
37233;3129;946;21;22;0;0;21;22
37234;3150;946;21;22;0;0;21;22
37237;3171;946;21;22;0;0;21;22
37238;3192;946;21;22;0;0;21;22
37239;3213;946;21;22;0;0;21;22
37240;3234;946;21;22;0;0;21;22
37241;3255;946;21;22;0;0;21;22
37242;3276;946;21;22;0;0;21;22
37245;3297;946;21;22;0;0;21;22
37247;3318;946;21;22;0;0;21;22
37251;3339;946;21;22;0;0;21;22
37253;3360;946;21;22;0;0;21;22
37255;3381;946;21;22;0;0;21;22
37257;3402;946;21;22;0;0;21;22
37259;3423;946;21;22;0;0;21;22
37260;3444;946;21;22;0;0;21;22
37261;3465;946;21;22;0;0;21;22
37264;3486;946;21;22;0;0;21;22
37266;3507;946;21;22;0;0;21;22
37274;3528;946;21;22;0;0;21;22
37275;3549;946;21;22;0;0;21;22
37276;3570;946;21;22;0;0;21;22
37278;3591;946;21;22;0;0;21;22
37282;3612;946;21;22;0;0;21;22
37283;3633;946;21;22;0;0;21;22
37290;3654;946;21;22;0;0;21;22
37291;3675;946;21;22;0;0;21;22
37292;3696;946;21;22;0;0;21;22
37294;3717;946;21;22;0;0;21;22
37295;3738;946;21;22;0;0;21;22
37297;3759;946;21;22;0;0;21;22
37300;3780;946;21;22;0;0;21;22
37304;3801;946;21;22;0;0;21;22
37306;3822;946;21;22;0;0;21;22
37312;3843;946;21;22;0;0;21;22
37313;3864;946;21;22;0;0;21;22
37317;3885;946;21;22;0;0;21;22
37319;3906;946;21;22;0;0;21;22
37320;3927;946;21;22;0;0;21;22
37321;3948;946;21;22;0;0;21;22
37322;3969;946;21;22;0;0;21;22
37323;3990;946;21;22;0;0;21;22
37324;4011;946;21;22;0;0;21;22
37325;4032;946;21;22;0;0;21;22
37326;4053;946;21;22;0;0;21;22
37327;4074;946;21;22;0;0;21;22
37328;0;968;21;22;0;0;21;22
37329;21;968;21;22;0;0;21;22
37332;42;968;21;22;0;0;21;22
37333;63;968;21;22;0;0;21;22
37335;84;968;21;22;0;0;21;22
37336;105;968;21;22;0;0;21;22
37337;126;968;21;22;0;0;21;22
37340;147;968;21;22;0;0;21;22
37341;168;968;21;22;0;0;21;22
37347;189;968;21;22;0;0;21;22
37350;210;968;21;22;0;0;21;22
37351;231;968;21;22;0;0;21;22
37353;252;968;21;22;0;0;21;22
37356;273;968;21;22;0;0;21;22
37365;294;968;21;22;0;0;21;22
37367;315;968;21;22;0;0;21;22
37369;336;968;21;22;0;0;21;22
37376;357;968;21;22;0;0;21;22
37377;378;968;21;22;0;0;21;22
37384;399;968;21;22;0;0;21;22
37385;420;968;21;22;0;0;21;22
37389;441;968;21;22;0;0;21;22
37392;462;968;21;22;0;0;21;22
37393;483;968;21;22;0;0;21;22
37396;504;968;21;22;0;0;21;22
37397;525;968;21;22;0;0;21;22
37406;546;968;21;22;0;0;21;22
37411;567;968;21;22;0;0;21;22
37414;588;968;21;22;0;0;21;22
37421;609;968;21;22;0;0;21;22
37422;630;968;21;22;0;0;21;22
37424;651;968;21;22;0;0;21;22
37428;672;968;21;22;0;0;21;22
37431;693;968;21;22;0;0;21;22
37432;714;968;21;22;0;0;21;22
37433;735;968;21;22;0;0;21;22
37434;756;968;21;22;0;0;21;22
37437;777;968;21;22;0;0;21;22
37438;798;968;21;22;0;0;21;22
37439;819;968;21;22;0;0;21;22
37440;840;968;21;22;0;0;21;22
37444;861;968;21;22;0;0;21;22
37445;882;968;21;22;0;0;21;22
37446;903;968;21;22;0;0;21;22
37448;924;968;21;22;0;0;21;22
37449;945;968;21;22;0;0;21;22
37453;966;968;21;22;0;0;21;22
37457;987;968;21;22;0;0;21;22
37463;1008;968;21;22;0;0;21;22
37466;1029;968;21;22;0;0;21;22
37467;1050;968;21;22;0;0;21;22
37470;1071;968;21;22;0;0;21;22
37474;1092;968;21;22;0;0;21;22
37476;1113;968;21;22;0;0;21;22
37478;1134;968;21;22;0;0;21;22
37484;1155;968;21;22;0;0;21;22
37485;1176;968;21;22;0;0;21;22
37489;1197;968;21;22;0;0;21;22
37492;1218;968;21;22;0;0;21;22
37496;1239;968;21;22;0;0;21;22
37498;1260;968;21;22;0;0;21;22
37499;1281;968;21;22;0;0;21;22
37503;1302;968;21;22;0;0;21;22
37504;1323;968;21;22;0;0;21;22
37507;1344;968;21;22;0;0;21;22
37509;1365;968;21;22;0;0;21;22
37514;1386;968;21;22;0;0;21;22
37521;1407;968;21;22;0;0;21;22
37523;1428;968;21;22;0;0;21;22
37526;1449;968;21;22;0;0;21;22
37528;1470;968;21;22;0;0;21;22
37530;1491;968;21;22;0;0;21;22
37532;1512;968;21;22;0;0;21;22
37536;1533;968;21;22;0;0;21;22
37539;1554;968;21;22;0;0;21;22
37541;1575;968;21;22;0;0;21;22
37542;1596;968;21;22;0;0;21;22
37544;1617;968;21;22;0;0;21;22
37547;1638;968;21;22;0;0;21;22
37548;1659;968;21;22;0;0;21;22
37549;1680;968;21;22;0;0;21;22
37550;1701;968;21;22;0;0;21;22
37554;1722;968;21;22;0;0;21;22
37555;1743;968;21;22;0;0;21;22
37559;1764;968;21;22;0;0;21;22
37561;1785;968;21;22;0;0;21;22
37563;1806;968;21;22;0;0;21;22
37564;1827;968;21;22;0;0;21;22
37569;1848;968;21;22;0;0;21;22
37571;1869;968;21;22;0;0;21;22
37573;1890;968;21;22;0;0;21;22
37574;1911;968;21;22;0;0;21;22
37575;1932;968;21;22;0;0;21;22
37576;1953;968;21;22;0;0;21;22
37580;1974;968;21;22;0;0;21;22
37583;1995;968;21;22;0;0;21;22
37584;2016;968;21;22;0;0;21;22
37586;2037;968;21;22;0;0;21;22
37589;2058;968;21;22;0;0;21;22
37604;2079;968;21;22;0;0;21;22
37605;2100;968;21;22;0;0;21;22
37606;2121;968;21;22;0;0;21;22
37608;2142;968;21;22;0;0;21;22
37610;2163;968;21;22;0;0;21;22
37613;2184;968;21;22;0;0;21;22
37615;2205;968;21;22;0;0;21;22
37616;2226;968;21;22;0;0;21;22
37619;2247;968;21;22;0;0;21;22
37624;2268;968;21;22;0;0;21;22
37628;2289;968;21;22;0;0;21;22
37633;2310;968;21;22;0;0;21;22
37636;2331;968;21;22;0;0;21;22
37640;2352;968;21;22;0;0;21;22
37648;2373;968;21;22;0;0;21;22
37650;2394;968;21;22;0;0;21;22
37653;2415;968;21;22;0;0;21;22
37656;2436;968;21;22;0;0;21;22
37657;2457;968;21;22;0;0;21;22
37658;2478;968;21;22;0;0;21;22
37659;2499;968;21;22;0;0;21;22
37664;2520;968;21;22;0;0;21;22
37665;2541;968;21;22;0;0;21;22
37666;2562;968;21;22;0;0;21;22
37670;2583;968;21;22;0;0;21;22
37672;2604;968;21;22;0;0;21;22
37675;2625;968;21;22;0;0;21;22
37676;2646;968;21;22;0;0;21;22
37678;2667;968;21;22;0;0;21;22
37679;2688;968;21;22;0;0;21;22
37682;2709;968;21;22;0;0;21;22
37683;2730;968;21;22;0;0;21;22
37686;2751;968;21;22;0;0;21;22
37688;2772;968;21;22;0;0;21;22
37694;2793;968;21;22;0;0;21;22
37696;2814;968;21;22;0;0;21;22
37697;2835;968;21;22;0;0;21;22
37703;2856;968;21;22;0;0;21;22
37706;2877;968;21;22;0;0;21;22
37707;2898;968;21;22;0;0;21;22
37709;2919;968;21;22;0;0;21;22
37716;2940;968;21;22;0;0;21;22
37720;2961;968;21;22;0;0;21;22
37723;2982;968;21;22;0;0;21;22
37732;3003;968;21;22;0;0;21;22
37733;3024;968;21;22;0;0;21;22
37738;3045;968;21;22;0;0;21;22
37740;3066;968;21;22;0;0;21;22
37749;3087;968;21;22;0;0;21;22
37750;3108;968;21;22;0;0;21;22
37754;3129;968;21;22;0;0;21;22
37758;3150;968;21;22;0;0;21;22
37762;3171;968;21;22;0;0;21;22
37770;3192;968;21;22;0;0;21;22
37772;3213;968;21;22;0;0;21;22
37775;3234;968;21;22;0;0;21;22
37779;3255;968;21;22;0;0;21;22
37780;3276;968;21;22;0;0;21;22
37782;3297;968;21;22;0;0;21;22
37783;3318;968;21;22;0;0;21;22
37784;3339;968;21;22;0;0;21;22
37786;3360;968;21;22;0;0;21;22
37789;3381;968;21;22;0;0;21;22
37794;3402;968;21;22;0;0;21;22
37795;3423;968;21;22;0;0;21;22
37798;3444;968;21;22;0;0;21;22
37799;3465;968;21;22;0;0;21;22
37801;3486;968;21;22;0;0;21;22
37804;3507;968;21;22;0;0;21;22
37806;3528;968;21;22;0;0;21;22
37807;3549;968;21;22;0;0;21;22
37808;3570;968;21;22;0;0;21;22
37811;3591;968;21;22;0;0;21;22
37813;3612;968;21;22;0;0;21;22
37827;3633;968;21;22;0;0;21;22
37831;3654;968;21;22;0;0;21;22
37832;3675;968;21;22;0;0;21;22
37834;3696;968;21;22;0;0;21;22
37840;3717;968;21;22;0;0;21;22
37841;3738;968;21;22;0;0;21;22
37846;3759;968;21;22;0;0;21;22
37847;3780;968;21;22;0;0;21;22
37848;3801;968;21;22;0;0;21;22
37852;3822;968;21;22;0;0;21;22
37853;3843;968;21;22;0;0;21;22
37854;3864;968;21;22;0;0;21;22
37855;3885;968;21;22;0;0;21;22
37857;3906;968;21;22;0;0;21;22
37858;3927;968;21;22;0;0;21;22
37860;3948;968;21;22;0;0;21;22
37864;3969;968;21;22;0;0;21;22
37877;3990;968;21;22;0;0;21;22
37881;4011;968;21;22;0;0;21;22
37885;4032;968;21;22;0;0;21;22
37891;4053;968;21;22;0;0;21;22
37904;4074;968;21;22;0;0;21;22
37907;0;990;21;22;0;0;21;22
37908;21;990;21;22;0;0;21;22
37912;42;990;21;22;0;0;21;22
37913;63;990;21;22;0;0;21;22
37917;84;990;21;22;0;0;21;22
37927;105;990;21;22;0;0;21;22
37931;126;990;21;22;0;0;21;22
37934;147;990;21;22;0;0;21;22
37938;168;990;21;22;0;0;21;22
37939;189;990;21;22;0;0;21;22
37941;210;990;21;22;0;0;21;22
37944;231;990;21;22;0;0;21;22
37946;252;990;21;22;0;0;21;22
37950;273;990;21;22;0;0;21;22
37956;294;990;21;22;0;0;21;22
37962;315;990;21;22;0;0;21;22
37964;336;990;21;22;0;0;21;22
37969;357;990;21;22;0;0;21;22
37970;378;990;21;22;0;0;21;22
37972;399;990;21;22;0;0;21;22
37984;420;990;21;22;0;0;21;22
37987;441;990;21;22;0;0;21;22
37995;462;990;21;22;0;0;21;22
37997;483;990;21;22;0;0;21;22
38000;504;990;21;22;0;0;21;22
38001;525;990;21;22;0;0;21;22
38002;546;990;21;22;0;0;21;22
38004;567;990;21;22;0;0;21;22
38007;588;990;21;22;0;0;21;22
38009;609;990;21;22;0;0;21;22
38012;630;990;21;22;0;0;21;22
38013;651;990;21;22;0;0;21;22
38014;672;990;21;22;0;0;21;22
38015;693;990;21;22;0;0;21;22
38023;714;990;21;22;0;0;21;22
38024;735;990;21;22;0;0;21;22
38025;756;990;21;22;0;0;21;22
38026;777;990;21;22;0;0;21;22
38027;798;990;21;22;0;0;21;22
38028;819;990;21;22;0;0;21;22
38029;840;990;21;22;0;0;21;22
38030;861;990;21;22;0;0;21;22
38031;882;990;21;22;0;0;21;22
38034;903;990;21;22;0;0;21;22
38035;924;990;21;22;0;0;21;22
38037;945;990;21;22;0;0;21;22
38039;966;990;21;22;0;0;21;22
38041;987;990;21;22;0;0;21;22
38042;1008;990;21;22;0;0;21;22
38043;1029;990;21;22;0;0;21;22
38044;1050;990;21;22;0;0;21;22
38045;1071;990;21;22;0;0;21;22
38046;1092;990;21;22;0;0;21;22
38047;1113;990;21;22;0;0;21;22
38048;1134;990;21;22;0;0;21;22
38049;1155;990;21;22;0;0;21;22
38050;1176;990;21;22;0;0;21;22
38051;1197;990;21;22;0;0;21;22
38052;1218;990;21;22;0;0;21;22
38053;1239;990;21;22;0;0;21;22
38054;1260;990;21;22;0;0;21;22
38055;1281;990;21;22;0;0;21;22
38056;1302;990;21;22;0;0;21;22
38057;1323;990;21;22;0;0;21;22
38059;1344;990;21;22;0;0;21;22
38062;1365;990;21;22;0;0;21;22
38063;1386;990;21;22;0;0;21;22
38064;1407;990;21;22;0;0;21;22
38065;1428;990;21;22;0;0;21;22
38066;1449;990;21;22;0;0;21;22
38067;1470;990;21;22;0;0;21;22
38068;1491;990;21;22;0;0;21;22
38069;1512;990;21;22;0;0;21;22
38073;1533;990;21;22;0;0;21;22
38074;1554;990;21;22;0;0;21;22
38075;1575;990;21;22;0;0;21;22
38076;1596;990;21;22;0;0;21;22
38077;1617;990;21;22;0;0;21;22
38078;1638;990;21;22;0;0;21;22
38079;1659;990;21;22;0;0;21;22
38080;1680;990;21;22;0;0;21;22
38081;1701;990;21;22;0;0;21;22
38082;1722;990;21;22;0;0;21;22
38083;1743;990;21;22;0;0;21;22
38084;1764;990;21;22;0;0;21;22
38085;1785;990;21;22;0;0;21;22
38086;1806;990;21;22;0;0;21;22
38088;1827;990;21;22;0;0;21;22
38089;1848;990;21;22;0;0;21;22
38090;1869;990;21;22;0;0;21;22
38091;1890;990;21;22;0;0;21;22
38092;1911;990;21;22;0;0;21;22
38093;1932;990;21;22;0;0;21;22
38094;1953;990;21;22;0;0;21;22
38096;1974;990;21;22;0;0;21;22
38097;1995;990;21;22;0;0;21;22
38098;2016;990;21;22;0;0;21;22
38103;2037;990;21;22;0;0;21;22
38105;2058;990;21;22;0;0;21;22
38107;2079;990;21;22;0;0;21;22
38108;2100;990;21;22;0;0;21;22
38109;2121;990;21;22;0;0;21;22
38111;2142;990;21;22;0;0;21;22
38112;2163;990;21;22;0;0;21;22
38113;2184;990;21;22;0;0;21;22
38114;2205;990;21;22;0;0;21;22
38115;2226;990;21;22;0;0;21;22
38116;2247;990;21;22;0;0;21;22
38119;2268;990;21;22;0;0;21;22
38120;2289;990;21;22;0;0;21;22
38121;2310;990;21;22;0;0;21;22
38122;2331;990;21;22;0;0;21;22
38123;2352;990;21;22;0;0;21;22
38124;2373;990;21;22;0;0;21;22
38125;2394;990;21;22;0;0;21;22
38126;2415;990;21;22;0;0;21;22
38127;2436;990;21;22;0;0;21;22
38128;2457;990;21;22;0;0;21;22
38129;2478;990;21;22;0;0;21;22
38130;2499;990;21;22;0;0;21;22
38131;2520;990;21;22;0;0;21;22
38133;2541;990;21;22;0;0;21;22
38134;2562;990;21;22;0;0;21;22
38135;2583;990;21;22;0;0;21;22
38136;2604;990;21;22;0;0;21;22
38138;2625;990;21;22;0;0;21;22
38139;2646;990;21;22;0;0;21;22
38140;2667;990;21;22;0;0;21;22
38142;2688;990;21;22;0;0;21;22
38143;2709;990;21;22;0;0;21;22
38144;2730;990;21;22;0;0;21;22
38145;2751;990;21;22;0;0;21;22
38146;2772;990;21;22;0;0;21;22
38147;2793;990;21;22;0;0;21;22
38148;2814;990;21;22;0;0;21;22
38149;2835;990;21;22;0;0;21;22
38150;2856;990;21;22;0;0;21;22
38151;2877;990;21;22;0;0;21;22
38152;2898;990;21;22;0;0;21;22
38153;2919;990;21;22;0;0;21;22
38155;2940;990;21;22;0;0;21;22
38156;2961;990;21;22;0;0;21;22
38159;2982;990;21;22;0;0;21;22
38160;3003;990;21;22;0;0;21;22
38161;3024;990;21;22;0;0;21;22
38162;3045;990;21;22;0;0;21;22
38164;3066;990;21;22;0;0;21;22
38165;3087;990;21;22;0;0;21;22
38167;3108;990;21;22;0;0;21;22
38169;3129;990;21;22;0;0;21;22
38170;3150;990;21;22;0;0;21;22
38171;3171;990;21;22;0;0;21;22
38172;3192;990;21;22;0;0;21;22
38173;3213;990;21;22;0;0;21;22
38174;3234;990;21;22;0;0;21;22
38175;3255;990;21;22;0;0;21;22
38177;3276;990;21;22;0;0;21;22
38178;3297;990;21;22;0;0;21;22
38179;3318;990;21;22;0;0;21;22
38180;3339;990;21;22;0;0;21;22
38181;3360;990;21;22;0;0;21;22
38182;3381;990;21;22;0;0;21;22
38184;3402;990;21;22;0;0;21;22
38185;3423;990;21;22;0;0;21;22
38189;3444;990;21;22;0;0;21;22
38190;3465;990;21;22;0;0;21;22
38191;3486;990;21;22;0;0;21;22
38192;3507;990;21;22;0;0;21;22
38193;3528;990;21;22;0;0;21;22
38194;3549;990;21;22;0;0;21;22
38196;3570;990;21;22;0;0;21;22
38197;3591;990;21;22;0;0;21;22
38198;3612;990;21;22;0;0;21;22
38199;3633;990;21;22;0;0;21;22
38200;3654;990;21;22;0;0;21;22
38201;3675;990;21;22;0;0;21;22
38202;3696;990;21;22;0;0;21;22
38203;3717;990;21;22;0;0;21;22
38208;3738;990;21;22;0;0;21;22
38209;3759;990;21;22;0;0;21;22
38210;3780;990;21;22;0;0;21;22
38215;3801;990;21;22;0;0;21;22
38217;3822;990;21;22;0;0;21;22
38218;3843;990;21;22;0;0;21;22
38220;3864;990;21;22;0;0;21;22
38221;3885;990;21;22;0;0;21;22
38223;3906;990;21;22;0;0;21;22
38224;3927;990;21;22;0;0;21;22
38225;3948;990;21;22;0;0;21;22
38226;3969;990;21;22;0;0;21;22
38227;3990;990;21;22;0;0;21;22
38228;4011;990;21;22;0;0;21;22
38229;4032;990;21;22;0;0;21;22
38230;4053;990;21;22;0;0;21;22
38231;4074;990;21;22;0;0;21;22
38232;0;1012;21;22;0;0;21;22
38234;21;1012;21;22;0;0;21;22
38235;42;1012;21;22;0;0;21;22
38236;63;1012;21;22;0;0;21;22
38237;84;1012;21;22;0;0;21;22
38238;105;1012;21;22;0;0;21;22
38240;126;1012;21;22;0;0;21;22
38241;147;1012;21;22;0;0;21;22
38242;168;1012;21;22;0;0;21;22
38243;189;1012;21;22;0;0;21;22
38246;210;1012;21;22;0;0;21;22
38247;231;1012;21;22;0;0;21;22
38249;252;1012;21;22;0;0;21;22
38250;273;1012;21;22;0;0;21;22
38251;294;1012;21;22;0;0;21;22
38252;315;1012;21;22;0;0;21;22
38253;336;1012;21;22;0;0;21;22
38255;357;1012;21;22;0;0;21;22
38256;378;1012;21;22;0;0;21;22
38258;399;1012;21;22;0;0;21;22
38259;420;1012;21;22;0;0;21;22
38260;441;1012;21;22;0;0;21;22
38261;462;1012;21;22;0;0;21;22
38262;483;1012;21;22;0;0;21;22
38263;504;1012;21;22;0;0;21;22
38271;525;1012;21;22;0;0;21;22
38272;546;1012;21;22;0;0;21;22
38274;567;1012;21;22;0;0;21;22
38275;588;1012;21;22;0;0;21;22
38281;609;1012;21;22;0;0;21;22
38283;630;1012;21;22;0;0;21;22
38284;651;1012;21;22;0;0;21;22
38286;672;1012;21;22;0;0;21;22
38287;693;1012;21;22;0;0;21;22
38289;714;1012;21;22;0;0;21;22
38290;735;1012;21;22;0;0;21;22
38291;756;1012;21;22;0;0;21;22
38292;777;1012;21;22;0;0;21;22
38295;798;1012;21;22;0;0;21;22
38296;819;1012;21;22;0;0;21;22
38305;840;1012;21;22;0;0;21;22
38306;861;1012;21;22;0;0;21;22
38307;882;1012;21;22;0;0;21;22
38308;903;1012;21;22;0;0;21;22
38309;924;1012;21;22;0;0;21;22
38312;945;1012;21;22;0;0;21;22
38313;966;1012;21;22;0;0;21;22
38315;987;1012;21;22;0;0;21;22
38316;1008;1012;21;22;0;0;21;22
38317;1029;1012;21;22;0;0;21;22
38320;1050;1012;21;22;0;0;21;22
38321;1071;1012;21;22;0;0;21;22
38322;1092;1012;21;22;0;0;21;22
38326;1113;1012;21;22;0;0;21;22
38329;1134;1012;21;22;0;0;21;22
38331;1155;1012;21;22;0;0;21;22
38332;1176;1012;21;22;0;0;21;22
38333;1197;1012;21;22;0;0;21;22
38334;1218;1012;21;22;0;0;21;22
38338;1239;1012;21;22;0;0;21;22
38339;1260;1012;21;22;0;0;21;22
38342;1281;1012;21;22;0;0;21;22
38343;1302;1012;21;22;0;0;21;22
38344;1323;1012;21;22;0;0;21;22
38346;1344;1012;21;22;0;0;21;22
38347;1365;1012;21;22;0;0;21;22
38348;1386;1012;21;22;0;0;21;22
38352;1407;1012;21;22;0;0;21;22
38355;1428;1012;21;22;0;0;21;22
38356;1449;1012;21;22;0;0;21;22
38357;1470;1012;21;22;0;0;21;22
38358;1491;1012;21;22;0;0;21;22
38360;1512;1012;21;22;0;0;21;22
38364;1533;1012;21;22;0;0;21;22
38366;1554;1012;21;22;0;0;21;22
38369;1575;1012;21;22;0;0;21;22
38370;1596;1012;21;22;0;0;21;22
38373;1617;1012;21;22;0;0;21;22
38376;1638;1012;21;22;0;0;21;22
38377;1659;1012;21;22;0;0;21;22
38378;1680;1012;21;22;0;0;21;22
38381;1701;1012;21;22;0;0;21;22
38382;1722;1012;21;22;0;0;21;22
38383;1743;1012;21;22;0;0;21;22
38384;1764;1012;21;22;0;0;21;22
38385;1785;1012;21;22;0;0;21;22
38386;1806;1012;21;22;0;0;21;22
38387;1827;1012;21;22;0;0;21;22
38388;1848;1012;21;22;0;0;21;22
38389;1869;1012;21;22;0;0;21;22
38390;1890;1012;21;22;0;0;21;22
38391;1911;1012;21;22;0;0;21;22
38392;1932;1012;21;22;0;0;21;22
38393;1953;1012;21;22;0;0;21;22
38394;1974;1012;21;22;0;0;21;22
38395;1995;1012;21;22;0;0;21;22
38396;2016;1012;21;22;0;0;21;22
38397;2037;1012;21;22;0;0;21;22
38398;2058;1012;21;22;0;0;21;22
38399;2079;1012;21;22;0;0;21;22
38400;2100;1012;21;22;0;0;21;22
38401;2121;1012;21;22;0;0;21;22
38402;2142;1012;21;22;0;0;21;22
38403;2163;1012;21;22;0;0;21;22
38404;2184;1012;21;22;0;0;21;22
38405;2205;1012;21;22;0;0;21;22
38406;2226;1012;21;22;0;0;21;22
38407;2247;1012;21;22;0;0;21;22
38408;2268;1012;21;22;0;0;21;22
38409;2289;1012;21;22;0;0;21;22
38410;2310;1012;21;22;0;0;21;22
38411;2331;1012;21;22;0;0;21;22
38413;2352;1012;21;22;0;0;21;22
38414;2373;1012;21;22;0;0;21;22
38415;2394;1012;21;22;0;0;21;22
38416;2415;1012;21;22;0;0;21;22
38417;2436;1012;21;22;0;0;21;22
38418;2457;1012;21;22;0;0;21;22
38420;2478;1012;21;22;0;0;21;22
38421;2499;1012;21;22;0;0;21;22
38422;2520;1012;21;22;0;0;21;22
38423;2541;1012;21;22;0;0;21;22
38425;2562;1012;21;22;0;0;21;22
38426;2583;1012;21;22;0;0;21;22
38428;2604;1012;21;22;0;0;21;22
38431;2625;1012;21;22;0;0;21;22
38433;2646;1012;21;22;0;0;21;22
38440;2667;1012;21;22;0;0;21;22
38442;2688;1012;21;22;0;0;21;22
38446;2709;1012;21;22;0;0;21;22
38447;2730;1012;21;22;0;0;21;22
38449;2751;1012;21;22;0;0;21;22
38450;2772;1012;21;22;0;0;21;22
38451;2793;1012;21;22;0;0;21;22
38452;2814;1012;21;22;0;0;21;22
38453;2835;1012;21;22;0;0;21;22
38454;2856;1012;21;22;0;0;21;22
38459;2877;1012;21;22;0;0;21;22
38463;2898;1012;21;22;0;0;21;22
38464;2919;1012;21;22;0;0;21;22
38466;2940;1012;21;22;0;0;21;22
38468;2961;1012;21;22;0;0;21;22
38469;2982;1012;21;22;0;0;21;22
38470;3003;1012;21;22;0;0;21;22
38471;3024;1012;21;22;0;0;21;22
38472;3045;1012;21;22;0;0;21;22
38473;3066;1012;21;22;0;0;21;22
38475;3087;1012;21;22;0;0;21;22
38476;3108;1012;21;22;0;0;21;22
38477;3129;1012;21;22;0;0;21;22
38479;3150;1012;21;22;0;0;21;22
38480;3171;1012;21;22;0;0;21;22
38484;3192;1012;21;22;0;0;21;22
38485;3213;1012;21;22;0;0;21;22
38488;3234;1012;21;22;0;0;21;22
38491;3255;1012;21;22;0;0;21;22
38492;3276;1012;21;22;0;0;21;22
38493;3297;1012;21;22;0;0;21;22
38494;3318;1012;21;22;0;0;21;22
38495;3339;1012;21;22;0;0;21;22
38497;3360;1012;21;22;0;0;21;22
38498;3381;1012;21;22;0;0;21;22
38499;3402;1012;21;22;0;0;21;22
38500;3423;1012;21;22;0;0;21;22
38501;3444;1012;21;22;0;0;21;22
38504;3465;1012;21;22;0;0;21;22
38505;3486;1012;21;22;0;0;21;22
38506;3507;1012;21;22;0;0;21;22
38508;3528;1012;21;22;0;0;21;22
38512;3549;1012;21;22;0;0;21;22
38514;3570;1012;21;22;0;0;21;22
38515;3591;1012;21;22;0;0;21;22
38517;3612;1012;21;22;0;0;21;22
38518;3633;1012;21;22;0;0;21;22
38519;3654;1012;21;22;0;0;21;22
38520;3675;1012;21;22;0;0;21;22
38522;3696;1012;21;22;0;0;21;22
38525;3717;1012;21;22;0;0;21;22
38533;3738;1012;21;22;0;0;21;22
38534;3759;1012;21;22;0;0;21;22
38536;3780;1012;21;22;0;0;21;22
38538;3801;1012;21;22;0;0;21;22
38539;3822;1012;21;22;0;0;21;22
38541;3843;1012;21;22;0;0;21;22
38542;3864;1012;21;22;0;0;21;22
38543;3885;1012;21;22;0;0;21;22
38544;3906;1012;21;22;0;0;21;22
38548;3927;1012;21;22;0;0;21;22
38549;3948;1012;21;22;0;0;21;22
38551;3969;1012;21;22;0;0;21;22
38552;3990;1012;21;22;0;0;21;22
38553;4011;1012;21;22;0;0;21;22
38555;4032;1012;21;22;0;0;21;22
38556;4053;1012;21;22;0;0;21;22
38558;4074;1012;21;22;0;0;21;22
38560;0;1034;21;22;0;0;21;22
38563;21;1034;21;22;0;0;21;22
38564;42;1034;21;22;0;0;21;22
38567;63;1034;21;22;0;0;21;22
38568;84;1034;21;22;0;0;21;22
38570;105;1034;21;22;0;0;21;22
38576;126;1034;21;22;0;0;21;22
38577;147;1034;21;22;0;0;21;22
38579;168;1034;21;22;0;0;21;22
38580;189;1034;21;22;0;0;21;22
38582;210;1034;21;22;0;0;21;22
38583;231;1034;21;22;0;0;21;22
38584;252;1034;21;22;0;0;21;22
38585;273;1034;21;22;0;0;21;22
38587;294;1034;21;22;0;0;21;22
38588;315;1034;21;22;0;0;21;22
38589;336;1034;21;22;0;0;21;22
38590;357;1034;21;22;0;0;21;22
38592;378;1034;21;22;0;0;21;22
38593;399;1034;21;22;0;0;21;22
38596;420;1034;21;22;0;0;21;22
38597;441;1034;21;22;0;0;21;22
38598;462;1034;21;22;0;0;21;22
38599;483;1034;21;22;0;0;21;22
38601;504;1034;21;22;0;0;21;22
38603;525;1034;21;22;0;0;21;22
38604;546;1034;21;22;0;0;21;22
38605;567;1034;21;22;0;0;21;22
38606;588;1034;21;22;0;0;21;22
38607;609;1034;21;22;0;0;21;22
38609;630;1034;21;22;0;0;21;22
38610;651;1034;21;22;0;0;21;22
38613;672;1034;21;22;0;0;21;22
38614;693;1034;21;22;0;0;21;22
38617;714;1034;21;22;0;0;21;22
38619;735;1034;21;22;0;0;21;22
38620;756;1034;21;22;0;0;21;22
38622;777;1034;21;22;0;0;21;22
38624;798;1034;21;22;0;0;21;22
38626;819;1034;21;22;0;0;21;22
38627;840;1034;21;22;0;0;21;22
38632;861;1034;21;22;0;0;21;22
38633;882;1034;21;22;0;0;21;22
38634;903;1034;21;22;0;0;21;22
38639;924;1034;21;22;0;0;21;22
38640;945;1034;21;22;0;0;21;22
38641;966;1034;21;22;0;0;21;22
38642;987;1034;21;22;0;0;21;22
38643;1008;1034;21;22;0;0;21;22
38646;1029;1034;21;22;0;0;21;22
38647;1050;1034;21;22;0;0;21;22
38649;1071;1034;21;22;0;0;21;22
38651;1092;1034;21;22;0;0;21;22
38654;1113;1034;21;22;0;0;21;22
38656;1134;1034;21;22;0;0;21;22
38657;1155;1034;21;22;0;0;21;22
38660;1176;1034;21;22;0;0;21;22
38662;1197;1034;21;22;0;0;21;22
38663;1218;1034;21;22;0;0;21;22
38664;1239;1034;21;22;0;0;21;22
38665;1260;1034;21;22;0;0;21;22
38666;1281;1034;21;22;0;0;21;22
38669;1302;1034;21;22;0;0;21;22
38670;1323;1034;21;22;0;0;21;22
38671;1344;1034;21;22;0;0;21;22
38673;1365;1034;21;22;0;0;21;22
38675;1386;1034;21;22;0;0;21;22
38678;1407;1034;21;22;0;0;21;22
38684;1428;1034;21;22;0;0;21;22
38686;1449;1034;21;22;0;0;21;22
38692;1470;1034;21;22;0;0;21;22
38695;1491;1034;21;22;0;0;21;22
38696;1512;1034;21;22;0;0;21;22
38698;1533;1034;21;22;0;0;21;22
38701;1554;1034;21;22;0;0;21;22
38704;1575;1034;21;22;0;0;21;22
38706;1596;1034;21;22;0;0;21;22
38712;1617;1034;21;22;0;0;21;22
38713;1638;1034;21;22;0;0;21;22
38717;1659;1034;21;22;0;0;21;22
38718;1680;1034;21;22;0;0;21;22
38722;1701;1034;21;22;0;0;21;22
38724;1722;1034;21;22;0;0;21;22
38728;1743;1034;21;22;0;0;21;22
38729;1764;1034;21;22;0;0;21;22
38738;1785;1034;21;22;0;0;21;22
38739;1806;1034;21;22;0;0;21;22
38742;1827;1034;21;22;0;0;21;22
38745;1848;1034;21;22;0;0;21;22
38746;1869;1034;21;22;0;0;21;22
38747;1890;1034;21;22;0;0;21;22
38748;1911;1034;21;22;0;0;21;22
38750;1932;1034;21;22;0;0;21;22
38752;1953;1034;21;22;0;0;21;22
38753;1974;1034;21;22;0;0;21;22
38754;1995;1034;21;22;0;0;21;22
38757;2016;1034;21;22;0;0;21;22
38758;2037;1034;21;22;0;0;21;22
38760;2058;1034;21;22;0;0;21;22
38761;2079;1034;21;22;0;0;21;22
38768;2100;1034;21;22;0;0;21;22
38771;2121;1034;21;22;0;0;21;22
38772;2142;1034;21;22;0;0;21;22
38774;2163;1034;21;22;0;0;21;22
38776;2184;1034;21;22;0;0;21;22
38778;2205;1034;21;22;0;0;21;22
38780;2226;1034;21;22;0;0;21;22
38783;2247;1034;21;22;0;0;21;22
38789;2268;1034;21;22;0;0;21;22
38795;2289;1034;21;22;0;0;21;22
38797;2310;1034;21;22;0;0;21;22
38799;2331;1034;21;22;0;0;21;22
38801;2352;1034;21;22;0;0;21;22
38802;2373;1034;21;22;0;0;21;22
38808;2394;1034;21;22;0;0;21;22
38815;2415;1034;21;22;0;0;21;22
38816;2436;1034;21;22;0;0;21;22
38817;2457;1034;21;22;0;0;21;22
38819;2478;1034;21;22;0;0;21;22
38822;2499;1034;21;22;0;0;21;22
38823;2520;1034;21;22;0;0;21;22
38824;2541;1034;21;22;0;0;21;22
38827;2562;1034;21;22;0;0;21;22
38828;2583;1034;21;22;0;0;21;22
38829;2604;1034;21;22;0;0;21;22
38831;2625;1034;21;22;0;0;21;22
38834;2646;1034;21;22;0;0;21;22
38835;2667;1034;21;22;0;0;21;22
38836;2688;1034;21;22;0;0;21;22
38845;2709;1034;21;22;0;0;21;22
38849;2730;1034;21;22;0;0;21;22
38851;2751;1034;21;22;0;0;21;22
38854;2772;1034;21;22;0;0;21;22
38857;2793;1034;21;22;0;0;21;22
38859;2814;1034;21;22;0;0;21;22
38860;2835;1034;21;22;0;0;21;22
38867;2856;1034;21;22;0;0;21;22
38873;2877;1034;21;22;0;0;21;22
38876;2898;1034;21;22;0;0;21;22
38877;2919;1034;21;22;0;0;21;22
38878;2940;1034;21;22;0;0;21;22
38886;2961;1034;21;22;0;0;21;22
38887;2982;1034;21;22;0;0;21;22
38889;3003;1034;21;22;0;0;21;22
38890;3024;1034;21;22;0;0;21;22
38891;3045;1034;21;22;0;0;21;22
38892;3066;1034;21;22;0;0;21;22
38893;3087;1034;21;22;0;0;21;22
38899;3108;1034;21;22;0;0;21;22
38901;3129;1034;21;22;0;0;21;22
38902;3150;1034;21;22;0;0;21;22
38907;3171;1034;21;22;0;0;21;22
38910;3192;1034;21;22;0;0;21;22
38911;3213;1034;21;22;0;0;21;22
38913;3234;1034;21;22;0;0;21;22
38914;3255;1034;21;22;0;0;21;22
38915;3276;1034;21;22;0;0;21;22
38917;3297;1034;21;22;0;0;21;22
38918;3318;1034;21;22;0;0;21;22
38919;3339;1034;21;22;0;0;21;22
38920;3360;1034;21;22;0;0;21;22
38922;3381;1034;21;22;0;0;21;22
38924;3402;1034;21;22;0;0;21;22
38926;3423;1034;21;22;0;0;21;22
38927;3444;1034;21;22;0;0;21;22
38928;3465;1034;21;22;0;0;21;22
38929;3486;1034;21;22;0;0;21;22
38930;3507;1034;21;22;0;0;21;22
38931;3528;1034;21;22;0;0;21;22
38935;3549;1034;21;22;0;0;21;22
38936;3570;1034;21;22;0;0;21;22
38940;3591;1034;21;22;0;0;21;22
38945;3612;1034;21;22;0;0;21;22
38948;3633;1034;21;22;0;0;21;22
38950;3654;1034;21;22;0;0;21;22
38955;3675;1034;21;22;0;0;21;22
38957;3696;1034;21;22;0;0;21;22
38960;3717;1034;21;22;0;0;21;22
38967;3738;1034;21;22;0;0;21;22
38968;3759;1034;21;22;0;0;21;22
38969;3780;1034;21;22;0;0;21;22
38971;3801;1034;21;22;0;0;21;22
38972;3822;1034;21;22;0;0;21;22
38982;3843;1034;21;22;0;0;21;22
38988;3864;1034;21;22;0;0;21;22
38989;3885;1034;21;22;0;0;21;22
38990;3906;1034;21;22;0;0;21;22
38991;3927;1034;21;22;0;0;21;22
38995;3948;1034;21;22;0;0;21;22
38996;3969;1034;21;22;0;0;21;22
38997;3990;1034;21;22;0;0;21;22
39000;4011;1034;21;22;0;0;21;22
39001;4032;1034;21;22;0;0;21;22
39003;4053;1034;21;22;0;0;21;22
39006;4074;1034;21;22;0;0;21;22
39010;0;1056;21;22;0;0;21;22
39013;21;1056;21;22;0;0;21;22
39015;42;1056;21;22;0;0;21;22
39019;63;1056;21;22;0;0;21;22
39023;84;1056;21;22;0;0;21;22
39024;105;1056;21;22;0;0;21;22
39025;126;1056;21;22;0;0;21;22
39027;147;1056;21;22;0;0;21;22
39028;168;1056;21;22;0;0;21;22
39029;189;1056;21;22;0;0;21;22
39030;210;1056;21;22;0;0;21;22
39031;231;1056;21;22;0;0;21;22
39032;252;1056;21;22;0;0;21;22
39033;273;1056;21;22;0;0;21;22
39034;294;1056;21;22;0;0;21;22
39035;315;1056;21;22;0;0;21;22
39036;336;1056;21;22;0;0;21;22
39037;357;1056;21;22;0;0;21;22
39038;378;1056;21;22;0;0;21;22
39039;399;1056;21;22;0;0;21;22
39040;420;1056;21;22;0;0;21;22
39041;441;1056;21;22;0;0;21;22
39042;462;1056;21;22;0;0;21;22
39043;483;1056;21;22;0;0;21;22
39044;504;1056;21;22;0;0;21;22
39045;525;1056;21;22;0;0;21;22
39046;546;1056;21;22;0;0;21;22
39047;567;1056;21;22;0;0;21;22
39048;588;1056;21;22;0;0;21;22
39049;609;1056;21;22;0;0;21;22
39050;630;1056;21;22;0;0;21;22
39052;651;1056;21;22;0;0;21;22
39053;672;1056;21;22;0;0;21;22
39054;693;1056;21;22;0;0;21;22
39055;714;1056;21;22;0;0;21;22
39056;735;1056;21;22;0;0;21;22
39057;756;1056;21;22;0;0;21;22
39059;777;1056;21;22;0;0;21;22
39060;798;1056;21;22;0;0;21;22
39062;819;1056;21;22;0;0;21;22
39063;840;1056;21;22;0;0;21;22
39064;861;1056;21;22;0;0;21;22
39065;882;1056;21;22;0;0;21;22
39066;903;1056;21;22;0;0;21;22
39067;924;1056;21;22;0;0;21;22
39068;945;1056;21;22;0;0;21;22
39069;966;1056;21;22;0;0;21;22
39070;987;1056;21;22;0;0;21;22
39071;1008;1056;21;22;0;0;21;22
39072;1029;1056;21;22;0;0;21;22
39073;1050;1056;21;22;0;0;21;22
39074;1071;1056;21;22;0;0;21;22
39076;1092;1056;21;22;0;0;21;22
39078;1113;1056;21;22;0;0;21;22
39079;1134;1056;21;22;0;0;21;22
39080;1155;1056;21;22;0;0;21;22
39085;1176;1056;21;22;0;0;21;22
39086;1197;1056;21;22;0;0;21;22
39087;1218;1056;21;22;0;0;21;22
39089;1239;1056;21;22;0;0;21;22
39091;1260;1056;21;22;0;0;21;22
39094;1281;1056;21;22;0;0;21;22
39098;1302;1056;21;22;0;0;21;22
39100;1323;1056;21;22;0;0;21;22
39108;1344;1056;21;22;0;0;21;22
39110;1365;1056;21;22;0;0;21;22
39112;1386;1056;21;22;0;0;21;22
39118;1407;1056;21;22;0;0;21;22
39121;1428;1056;21;22;0;0;21;22
39122;1449;1056;21;22;0;0;21;22
39123;1470;1056;21;22;0;0;21;22
39125;1491;1056;21;22;0;0;21;22
39128;1512;1056;21;22;0;0;21;22
39129;1533;1056;21;22;0;0;21;22
39130;1554;1056;21;22;0;0;21;22
39131;1575;1056;21;22;0;0;21;22
39134;1596;1056;21;22;0;0;21;22
39135;1617;1056;21;22;0;0;21;22
39138;1638;1056;21;22;0;0;21;22
39143;1659;1056;21;22;0;0;21;22
39144;1680;1056;21;22;0;0;21;22
39145;1701;1056;21;22;0;0;21;22
39146;1722;1056;21;22;0;0;21;22
39147;1743;1056;21;22;0;0;21;22
39149;1764;1056;21;22;0;0;21;22
39151;1785;1056;21;22;0;0;21;22
39154;1806;1056;21;22;0;0;21;22
39156;1827;1056;21;22;0;0;21;22
39164;1848;1056;21;22;0;0;21;22
39165;1869;1056;21;22;0;0;21;22
39166;1890;1056;21;22;0;0;21;22
39171;1911;1056;21;22;0;0;21;22
39173;1932;1056;21;22;0;0;21;22
39177;1953;1056;21;22;0;0;21;22
39178;1974;1056;21;22;0;0;21;22
39180;1995;1056;21;22;0;0;21;22
39181;2016;1056;21;22;0;0;21;22
39184;2037;1056;21;22;0;0;21;22
39185;2058;1056;21;22;0;0;21;22
39186;2079;1056;21;22;0;0;21;22
39187;2100;1056;21;22;0;0;21;22
39192;2121;1056;21;22;0;0;21;22
39194;2142;1056;21;22;0;0;21;22
39195;2163;1056;21;22;0;0;21;22
39198;2184;1056;21;22;0;0;21;22
39201;2205;1056;21;22;0;0;21;22
39208;2226;1056;21;22;0;0;21;22
39212;2247;1056;21;22;0;0;21;22
39214;2268;1056;21;22;0;0;21;22
39219;2289;1056;21;22;0;0;21;22
39221;2310;1056;21;22;0;0;21;22
39223;2331;1056;21;22;0;0;21;22
39228;2352;1056;21;22;0;0;21;22
39229;2373;1056;21;22;0;0;21;22
39230;2394;1056;21;22;0;0;21;22
39231;2415;1056;21;22;0;0;21;22
39235;2436;1056;21;22;0;0;21;22
39237;2457;1056;21;22;0;0;21;22
39240;2478;1056;21;22;0;0;21;22
39241;2499;1056;21;22;0;0;21;22
39242;2520;1056;21;22;0;0;21;22
39243;2541;1056;21;22;0;0;21;22
39244;2562;1056;21;22;0;0;21;22
39249;2583;1056;21;22;0;0;21;22
39250;2604;1056;21;22;0;0;21;22
39252;2625;1056;21;22;0;0;21;22
39253;2646;1056;21;22;0;0;21;22
39255;2667;1056;21;22;0;0;21;22
39260;2688;1056;21;22;0;0;21;22
39262;2709;1056;21;22;0;0;21;22
39266;2730;1056;21;22;0;0;21;22
39269;2751;1056;21;22;0;0;21;22
39271;2772;1056;21;22;0;0;21;22
39272;2793;1056;21;22;0;0;21;22
39273;2814;1056;21;22;0;0;21;22
39274;2835;1056;21;22;0;0;21;22
39275;2856;1056;21;22;0;0;21;22
39276;2877;1056;21;22;0;0;21;22
39277;2898;1056;21;22;0;0;21;22
39278;2919;1056;21;22;0;0;21;22
39279;2940;1056;21;22;0;0;21;22
39280;2961;1056;21;22;0;0;21;22
39281;2982;1056;21;22;0;0;21;22
39282;3003;1056;21;22;0;0;21;22
39284;3024;1056;21;22;0;0;21;22
39285;3045;1056;21;22;0;0;21;22
39286;3066;1056;21;22;0;0;21;22
39287;3087;1056;21;22;0;0;21;22
39288;3108;1056;21;22;0;0;21;22
39289;3129;1056;21;22;0;0;21;22
39290;3150;1056;21;22;0;0;21;22
39292;3171;1056;21;22;0;0;21;22
39293;3192;1056;21;22;0;0;21;22
39295;3213;1056;21;22;0;0;21;22
39296;3234;1056;21;22;0;0;21;22
39297;3255;1056;21;22;0;0;21;22
39299;3276;1056;21;22;0;0;21;22
39300;3297;1056;21;22;0;0;21;22
39301;3318;1056;21;22;0;0;21;22
39302;3339;1056;21;22;0;0;21;22
39303;3360;1056;21;22;0;0;21;22
39304;3381;1056;21;22;0;0;21;22
39306;3402;1056;21;22;0;0;21;22
39307;3423;1056;21;22;0;0;21;22
39309;3444;1056;21;22;0;0;21;22
39311;3465;1056;21;22;0;0;21;22
39312;3486;1056;21;22;0;0;21;22
39313;3507;1056;21;22;0;0;21;22
39314;3528;1056;21;22;0;0;21;22
39315;3549;1056;21;22;0;0;21;22
39316;3570;1056;21;22;0;0;21;22
39317;3591;1056;21;22;0;0;21;22
39318;3612;1056;21;22;0;0;21;22
39319;3633;1056;21;22;0;0;21;22
39321;3654;1056;21;22;0;0;21;22
39333;3675;1056;21;22;0;0;21;22
39336;3696;1056;21;22;0;0;21;22
39340;3717;1056;21;22;0;0;21;22
39341;3738;1056;21;22;0;0;21;22
39342;3759;1056;21;22;0;0;21;22
39345;3780;1056;21;22;0;0;21;22
39347;3801;1056;21;22;0;0;21;22
39348;3822;1056;21;22;0;0;21;22
39361;3843;1056;21;22;0;0;21;22
39364;3864;1056;21;22;0;0;21;22
39365;3885;1056;21;22;0;0;21;22
39366;3906;1056;21;22;0;0;21;22
39376;3927;1056;21;22;0;0;21;22
39377;3948;1056;21;22;0;0;21;22
39378;3969;1056;21;22;0;0;21;22
39381;3990;1056;21;22;0;0;21;22
39384;4011;1056;21;22;0;0;21;22
39385;4032;1056;21;22;0;0;21;22
39387;4053;1056;21;22;0;0;21;22
39389;4074;1056;21;22;0;0;21;22
39391;0;1078;21;22;0;0;21;22
39394;21;1078;21;22;0;0;21;22
39402;42;1078;21;22;0;0;21;22
39405;63;1078;21;22;0;0;21;22
39409;84;1078;21;22;0;0;21;22
39423;105;1078;21;22;0;0;21;22
39425;126;1078;21;22;0;0;21;22
39427;147;1078;21;22;0;0;21;22
39429;168;1078;21;22;0;0;21;22
39437;189;1078;21;22;0;0;21;22
39438;210;1078;21;22;0;0;21;22
39439;231;1078;21;22;0;0;21;22
39442;252;1078;21;22;0;0;21;22
39443;273;1078;21;22;0;0;21;22
39446;294;1078;21;22;0;0;21;22
39449;315;1078;21;22;0;0;21;22
39467;336;1078;21;22;0;0;21;22
39469;357;1078;21;22;0;0;21;22
39470;378;1078;21;22;0;0;21;22
39472;399;1078;21;22;0;0;21;22
39479;420;1078;21;22;0;0;21;22
39480;441;1078;21;22;0;0;21;22
39486;462;1078;21;22;0;0;21;22
39488;483;1078;21;22;0;0;21;22
39489;504;1078;21;22;0;0;21;22
39490;525;1078;21;22;0;0;21;22
39491;546;1078;21;22;0;0;21;22
39492;567;1078;21;22;0;0;21;22
39493;588;1078;21;22;0;0;21;22
39498;609;1078;21;22;0;0;21;22
39501;630;1078;21;22;0;0;21;22
39503;651;1078;21;22;0;0;21;22
39509;672;1078;21;22;0;0;21;22
39511;693;1078;21;22;0;0;21;22
39514;714;1078;21;22;0;0;21;22
39515;735;1078;21;22;0;0;21;22
39519;756;1078;21;22;0;0;21;22
39522;777;1078;21;22;0;0;21;22
39524;798;1078;21;22;0;0;21;22
39525;819;1078;21;22;0;0;21;22
39530;840;1078;21;22;0;0;21;22
39532;861;1078;21;22;0;0;21;22
39533;882;1078;21;22;0;0;21;22
39534;903;1078;21;22;0;0;21;22
39535;924;1078;21;22;0;0;21;22
39536;945;1078;21;22;0;0;21;22
39537;966;1078;21;22;0;0;21;22
39539;987;1078;21;22;0;0;21;22
39540;1008;1078;21;22;0;0;21;22
39542;1029;1078;21;22;0;0;21;22
39543;1050;1078;21;22;0;0;21;22
39544;1071;1078;21;22;0;0;21;22
39545;1092;1078;21;22;0;0;21;22
39547;1113;1078;21;22;0;0;21;22
39548;1134;1078;21;22;0;0;21;22
39549;1155;1078;21;22;0;0;21;22
39550;1176;1078;21;22;0;0;21;22
39551;1197;1078;21;22;0;0;21;22
39552;1218;1078;21;22;0;0;21;22
39553;1239;1078;21;22;0;0;21;22
39554;1260;1078;21;22;0;0;21;22
39556;1281;1078;21;22;0;0;21;22
39557;1302;1078;21;22;0;0;21;22
39558;1323;1078;21;22;0;0;21;22
39559;1344;1078;21;22;0;0;21;22
39560;1365;1078;21;22;0;0;21;22
39562;1386;1078;21;22;0;0;21;22
39563;1407;1078;21;22;0;0;21;22
39564;1428;1078;21;22;0;0;21;22
39566;1449;1078;21;22;0;0;21;22
39567;1470;1078;21;22;0;0;21;22
39568;1491;1078;21;22;0;0;21;22
39569;1512;1078;21;22;0;0;21;22
39570;1533;1078;21;22;0;0;21;22
39571;1554;1078;21;22;0;0;21;22
39574;1575;1078;21;22;0;0;21;22
39575;1596;1078;21;22;0;0;21;22
39576;1617;1078;21;22;0;0;21;22
39578;1638;1078;21;22;0;0;21;22
39579;1659;1078;21;22;0;0;21;22
39580;1680;1078;21;22;0;0;21;22
39581;1701;1078;21;22;0;0;21;22
39582;1722;1078;21;22;0;0;21;22
39583;1743;1078;21;22;0;0;21;22
39584;1764;1078;21;22;0;0;21;22
39585;1785;1078;21;22;0;0;21;22
39586;1806;1078;21;22;0;0;21;22
39587;1827;1078;21;22;0;0;21;22
39588;1848;1078;21;22;0;0;21;22
39589;1869;1078;21;22;0;0;21;22
39591;1890;1078;21;22;0;0;21;22
39592;1911;1078;21;22;0;0;21;22
39599;1932;1078;21;22;0;0;21;22
39600;1953;1078;21;22;0;0;21;22
39606;1974;1078;21;22;0;0;21;22
39607;1995;1078;21;22;0;0;21;22
39608;2016;1078;21;22;0;0;21;22
39610;2037;1078;21;22;0;0;21;22
39612;2058;1078;21;22;0;0;21;22
39616;2079;1078;21;22;0;0;21;22
39617;2100;1078;21;22;0;0;21;22
39618;2121;1078;21;22;0;0;21;22
39620;2142;1078;21;22;0;0;21;22
39621;2163;1078;21;22;0;0;21;22
39627;2184;1078;21;22;0;0;21;22
39628;2205;1078;21;22;0;0;21;22
39631;2226;1078;21;22;0;0;21;22
39633;2247;1078;21;22;0;0;21;22
39634;2268;1078;21;22;0;0;21;22
39635;2289;1078;21;22;0;0;21;22
39636;2310;1078;21;22;0;0;21;22
39637;2331;1078;21;22;0;0;21;22
39638;2352;1078;21;22;0;0;21;22
39640;2373;1078;21;22;0;0;21;22
39649;2394;1078;21;22;0;0;21;22
39651;2415;1078;21;22;0;0;21;22
39654;2436;1078;21;22;0;0;21;22
39658;2457;1078;21;22;0;0;21;22
39659;2478;1078;21;22;0;0;21;22
39661;2499;1078;21;22;0;0;21;22
39662;2520;1078;21;22;0;0;21;22
39663;2541;1078;21;22;0;0;21;22
39673;2562;1078;21;22;0;0;21;22
39675;2583;1078;21;22;0;0;21;22
39683;2604;1078;21;22;0;0;21;22
39686;2625;1078;21;22;0;0;21;22
39688;2646;1078;21;22;0;0;21;22
39693;2667;1078;21;22;0;0;21;22
39695;2688;1078;21;22;0;0;21;22
39699;2709;1078;21;22;0;0;21;22
39706;2730;1078;21;22;0;0;21;22
39711;2751;1078;21;22;0;0;21;22
39714;2772;1078;21;22;0;0;21;22
39715;2793;1078;21;22;0;0;21;22
39717;2814;1078;21;22;0;0;21;22
39719;2835;1078;21;22;0;0;21;22
39720;2856;1078;21;22;0;0;21;22
39721;2877;1078;21;22;0;0;21;22
39726;2898;1078;21;22;0;0;21;22
39729;2919;1078;21;22;0;0;21;22
39730;2940;1078;21;22;0;0;21;22
39739;2961;1078;21;22;0;0;21;22
39740;2982;1078;21;22;0;0;21;22
39745;3003;1078;21;22;0;0;21;22
39746;3024;1078;21;22;0;0;21;22
39747;3045;1078;21;22;0;0;21;22
39748;3066;1078;21;22;0;0;21;22
39749;3087;1078;21;22;0;0;21;22
39750;3108;1078;21;22;0;0;21;22
39751;3129;1078;21;22;0;0;21;22
39752;3150;1078;21;22;0;0;21;22
39753;3171;1078;21;22;0;0;21;22
39757;3192;1078;21;22;0;0;21;22
39758;3213;1078;21;22;0;0;21;22
39759;3234;1078;21;22;0;0;21;22
39761;3255;1078;21;22;0;0;21;22
39764;3276;1078;21;22;0;0;21;22
39768;3297;1078;21;22;0;0;21;22
39770;3318;1078;21;22;0;0;21;22
39784;3339;1078;21;22;0;0;21;22
39791;3360;1078;21;22;0;0;21;22
39796;3381;1078;21;22;0;0;21;22
39799;3402;1078;21;22;0;0;21;22
39809;3423;1078;21;22;0;0;21;22
39811;3444;1078;21;22;0;0;21;22
39822;3465;1078;21;22;0;0;21;22
39824;3486;1078;21;22;0;0;21;22
39825;3507;1078;21;22;0;0;21;22
39826;3528;1078;21;22;0;0;21;22
39850;3549;1078;21;22;0;0;21;22
39851;3570;1078;21;22;0;0;21;22
39853;3591;1078;21;22;0;0;21;22
39854;3612;1078;21;22;0;0;21;22
39872;3633;1078;21;22;0;0;21;22
39873;3654;1078;21;22;0;0;21;22
39879;3675;1078;21;22;0;0;21;22
39881;3696;1078;21;22;0;0;21;22
39882;3717;1078;21;22;0;0;21;22
39892;3738;1078;21;22;0;0;21;22
39894;3759;1078;21;22;0;0;21;22
39895;3780;1078;21;22;0;0;21;22
39899;3801;1078;21;22;0;0;21;22
39901;3822;1078;21;22;0;0;21;22
39905;3843;1078;21;22;0;0;21;22
39906;3864;1078;21;22;0;0;21;22
39908;3885;1078;21;22;0;0;21;22
39911;3906;1078;21;22;0;0;21;22
39912;3927;1078;21;22;0;0;21;22
39914;3948;1078;21;22;0;0;21;22
39920;3969;1078;21;22;0;0;21;22
39933;3990;1078;21;22;0;0;21;22
39935;4011;1078;21;22;0;0;21;22
39944;4032;1078;21;22;0;0;21;22
39945;4053;1078;21;22;0;0;21;22
39949;4074;1078;21;22;0;0;21;22
39954;0;1100;21;22;0;0;21;22
39955;21;1100;21;22;0;0;21;22
39971;42;1100;21;22;0;0;21;22
39973;63;1100;21;22;0;0;21;22
39976;84;1100;21;22;0;0;21;22
39977;105;1100;21;22;0;0;21;22
39981;126;1100;21;22;0;0;21;22
39985;147;1100;21;22;0;0;21;22
39986;168;1100;21;22;0;0;21;22
39987;189;1100;21;22;0;0;21;22
39993;210;1100;21;22;0;0;21;22
39995;231;1100;21;22;0;0;21;22
39998;252;1100;21;22;0;0;21;22
40005;273;1100;21;22;0;0;21;22
40008;294;1100;21;22;0;0;21;22
40009;315;1100;21;22;0;0;21;22
40018;336;1100;21;22;0;0;21;22
40020;357;1100;21;22;0;0;21;22
40022;378;1100;21;22;0;0;21;22
40023;399;1100;21;22;0;0;21;22
40024;420;1100;21;22;0;0;21;22
40029;441;1100;21;22;0;0;21;22
40031;462;1100;21;22;0;0;21;22
40039;483;1100;21;22;0;0;21;22
40045;504;1100;21;22;0;0;21;22
40055;525;1100;21;22;0;0;21;22
40056;546;1100;21;22;0;0;21;22
40058;567;1100;21;22;0;0;21;22
40060;588;1100;21;22;0;0;21;22
40063;609;1100;21;22;0;0;21;22
40064;630;1100;21;22;0;0;21;22
40065;651;1100;21;22;0;0;21;22
40066;672;1100;21;22;0;0;21;22
40069;693;1100;21;22;0;0;21;22
40070;714;1100;21;22;0;0;21;22
40071;735;1100;21;22;0;0;21;22
40072;756;1100;21;22;0;0;21;22
40075;777;1100;21;22;0;0;21;22
40077;798;1100;21;22;0;0;21;22
40078;819;1100;21;22;0;0;21;22
40080;840;1100;21;22;0;0;21;22
40081;861;1100;21;22;0;0;21;22
40084;882;1100;21;22;0;0;21;22
40090;903;1100;21;22;0;0;21;22
40091;924;1100;21;22;0;0;21;22
40092;945;1100;21;22;0;0;21;22
40094;966;1100;21;22;0;0;21;22
40095;987;1100;21;22;0;0;21;22
40096;1008;1100;21;22;0;0;21;22
40097;1029;1100;21;22;0;0;21;22
40098;1050;1100;21;22;0;0;21;22
40099;1071;1100;21;22;0;0;21;22
40100;1092;1100;21;22;0;0;21;22
40101;1113;1100;21;22;0;0;21;22
40103;1134;1100;21;22;0;0;21;22
40104;1155;1100;21;22;0;0;21;22
40105;1176;1100;21;22;0;0;21;22
40107;1197;1100;21;22;0;0;21;22
40110;1218;1100;21;22;0;0;21;22
40113;1239;1100;21;22;0;0;21;22
40114;1260;1100;21;22;0;0;21;22
40115;1281;1100;21;22;0;0;21;22
40116;1302;1100;21;22;0;0;21;22
40117;1323;1100;21;22;0;0;21;22
40119;1344;1100;21;22;0;0;21;22
40120;1365;1100;21;22;0;0;21;22
40123;1386;1100;21;22;0;0;21;22
40124;1407;1100;21;22;0;0;21;22
40125;1428;1100;21;22;0;0;21;22
40128;1449;1100;21;22;0;0;21;22
40131;1470;1100;21;22;0;0;21;22
40132;1491;1100;21;22;0;0;21;22
40133;1512;1100;21;22;0;0;21;22
40135;1533;1100;21;22;0;0;21;22
40138;1554;1100;21;22;0;0;21;22
40140;1575;1100;21;22;0;0;21;22
40141;1596;1100;21;22;0;0;21;22
40142;1617;1100;21;22;0;0;21;22
40143;1638;1100;21;22;0;0;21;22
40144;1659;1100;21;22;0;0;21;22
40147;1680;1100;21;22;0;0;21;22
40148;1701;1100;21;22;0;0;21;22
40149;1722;1100;21;22;0;0;21;22
40150;1743;1100;21;22;0;0;21;22
40151;1764;1100;21;22;0;0;21;22
40153;1785;1100;21;22;0;0;21;22
40156;1806;1100;21;22;0;0;21;22
40157;1827;1100;21;22;0;0;21;22
40158;1848;1100;21;22;0;0;21;22
40159;1869;1100;21;22;0;0;21;22
40162;1890;1100;21;22;0;0;21;22
40165;1911;1100;21;22;0;0;21;22
40167;1932;1100;21;22;0;0;21;22
40169;1953;1100;21;22;0;0;21;22
40179;1974;1100;21;22;0;0;21;22
40180;1995;1100;21;22;0;0;21;22
40182;2016;1100;21;22;0;0;21;22
40195;2037;1100;21;22;0;0;21;22
40198;2058;1100;21;22;0;0;21;22
40199;2079;1100;21;22;0;0;21;22
40201;2100;1100;21;22;0;0;21;22
40210;2121;1100;21;22;0;0;21;22
40213;2142;1100;21;22;0;0;21;22
40219;2163;1100;21;22;0;0;21;22
40221;2184;1100;21;22;0;0;21;22
40223;2205;1100;21;22;0;0;21;22
40227;2226;1100;21;22;0;0;21;22
40230;2247;1100;21;22;0;0;21;22
40232;2268;1100;21;22;0;0;21;22
40239;2289;1100;21;22;0;0;21;22
40240;2310;1100;21;22;0;0;21;22
40251;2331;1100;21;22;0;0;21;22
40255;2352;1100;21;22;0;0;21;22
40273;2373;1100;21;22;0;0;21;22
40274;2394;1100;21;22;0;0;21;22
40275;2415;1100;21;22;0;0;21;22
40284;2436;1100;21;22;0;0;21;22
40285;2457;1100;21;22;0;0;21;22
40288;2478;1100;21;22;0;0;21;22
40289;2499;1100;21;22;0;0;21;22
40298;2520;1100;21;22;0;0;21;22
40300;2541;1100;21;22;0;0;21;22
40303;2562;1100;21;22;0;0;21;22
40304;2583;1100;21;22;0;0;21;22
40306;2604;1100;21;22;0;0;21;22
40327;2625;1100;21;22;0;0;21;22
40329;2646;1100;21;22;0;0;21;22
40335;2667;1100;21;22;0;0;21;22
40339;2688;1100;21;22;0;0;21;22
40342;2709;1100;21;22;0;0;21;22
40344;2730;1100;21;22;0;0;21;22
40346;2751;1100;21;22;0;0;21;22
40357;2772;1100;21;22;0;0;21;22
40358;2793;1100;21;22;0;0;21;22
40361;2814;1100;21;22;0;0;21;22
40367;2835;1100;21;22;0;0;21;22
40370;2856;1100;21;22;0;0;21;22
40372;2877;1100;21;22;0;0;21;22
40377;2898;1100;21;22;0;0;21;22
40378;2919;1100;21;22;0;0;21;22
40379;2940;1100;21;22;0;0;21;22
40380;2961;1100;21;22;0;0;21;22
40383;2982;1100;21;22;0;0;21;22
40386;3003;1100;21;22;0;0;21;22
40389;3024;1100;21;22;0;0;21;22
40403;3045;1100;21;22;0;0;21;22
40407;3066;1100;21;22;0;0;21;22
40409;3087;1100;21;22;0;0;21;22
40421;3108;1100;21;22;0;0;21;22
40422;3129;1100;21;22;0;0;21;22
40431;3150;1100;21;22;0;0;21;22
40434;3171;1100;21;22;0;0;21;22
40436;3192;1100;21;22;0;0;21;22
40440;3213;1100;21;22;0;0;21;22
40441;3234;1100;21;22;0;0;21;22
40442;3255;1100;21;22;0;0;21;22
40469;3276;1100;21;22;0;0;21;22
40474;3297;1100;21;22;0;0;21;22
40475;3318;1100;21;22;0;0;21;22
40477;3339;1100;21;22;0;0;21;22
40478;3360;1100;21;22;0;0;21;22
40479;3381;1100;21;22;0;0;21;22
40480;3402;1100;21;22;0;0;21;22
40481;3423;1100;21;22;0;0;21;22
40482;3444;1100;21;22;0;0;21;22
40483;3465;1100;21;22;0;0;21;22
40485;3486;1100;21;22;0;0;21;22
40486;3507;1100;21;22;0;0;21;22
40488;3528;1100;21;22;0;0;21;22
40489;3549;1100;21;22;0;0;21;22
40490;3570;1100;21;22;0;0;21;22
40491;3591;1100;21;22;0;0;21;22
40492;3612;1100;21;22;0;0;21;22
40493;3633;1100;21;22;0;0;21;22
40494;3654;1100;21;22;0;0;21;22
40495;3675;1100;21;22;0;0;21;22
40497;3696;1100;21;22;0;0;21;22
40498;3717;1100;21;22;0;0;21;22
40499;3738;1100;21;22;0;0;21;22
40501;3759;1100;21;22;0;0;21;22
40502;3780;1100;21;22;0;0;21;22
40503;3801;1100;21;22;0;0;21;22
40504;3822;1100;21;22;0;0;21;22
40505;3843;1100;21;22;0;0;21;22
40507;3864;1100;21;22;0;0;21;22
40509;3885;1100;21;22;0;0;21;22
40510;3906;1100;21;22;0;0;21;22
40511;3927;1100;21;22;0;0;21;22
40513;3948;1100;21;22;0;0;21;22
40514;3969;1100;21;22;0;0;21;22
40515;3990;1100;21;22;0;0;21;22
40516;4011;1100;21;22;0;0;21;22
40517;4032;1100;21;22;0;0;21;22
40518;4053;1100;21;22;0;0;21;22
40519;4074;1100;21;22;0;0;21;22
40520;0;1122;21;22;0;0;21;22
40521;21;1122;21;22;0;0;21;22
40522;42;1122;21;22;0;0;21;22
40523;63;1122;21;22;0;0;21;22
40524;84;1122;21;22;0;0;21;22
40527;105;1122;21;22;0;0;21;22
40528;126;1122;21;22;0;0;21;22
40529;147;1122;21;22;0;0;21;22
40533;168;1122;21;22;0;0;21;22
40535;189;1122;21;22;0;0;21;22
40536;210;1122;21;22;0;0;21;22
40538;231;1122;21;22;0;0;21;22
40539;252;1122;21;22;0;0;21;22
40540;273;1122;21;22;0;0;21;22
40542;294;1122;21;22;0;0;21;22
40548;315;1122;21;22;0;0;21;22
40550;336;1122;21;22;0;0;21;22
40551;357;1122;21;22;0;0;21;22
40553;378;1122;21;22;0;0;21;22
40554;399;1122;21;22;0;0;21;22
40555;420;1122;21;22;0;0;21;22
40556;441;1122;21;22;0;0;21;22
40557;462;1122;21;22;0;0;21;22
40558;483;1122;21;22;0;0;21;22
40560;504;1122;21;22;0;0;21;22
40563;525;1122;21;22;0;0;21;22
40565;546;1122;21;22;0;0;21;22
40569;567;1122;21;22;0;0;21;22
40572;588;1122;21;22;0;0;21;22
40573;609;1122;21;22;0;0;21;22
40575;630;1122;21;22;0;0;21;22
40578;651;1122;21;22;0;0;21;22
40581;672;1122;21;22;0;0;21;22
40583;693;1122;21;22;0;0;21;22
40584;714;1122;21;22;0;0;21;22
40587;735;1122;21;22;0;0;21;22
40594;756;1122;21;22;0;0;21;22
40595;777;1122;21;22;0;0;21;22
40599;798;1122;21;22;0;0;21;22
40605;819;1122;21;22;0;0;21;22
40607;840;1122;21;22;0;0;21;22
40612;861;1122;21;22;0;0;21;22
40613;882;1122;21;22;0;0;21;22
40614;903;1122;21;22;0;0;21;22
40617;924;1122;21;22;0;0;21;22
40623;945;1122;21;22;0;0;21;22
40628;966;1122;21;22;0;0;21;22
40629;987;1122;21;22;0;0;21;22
40632;1008;1122;21;22;0;0;21;22
40634;1029;1122;21;22;0;0;21;22
40635;1050;1122;21;22;0;0;21;22
40636;1071;1122;21;22;0;0;21;22
40637;1092;1122;21;22;0;0;21;22
40638;1113;1122;21;22;0;0;21;22
40643;1134;1122;21;22;0;0;21;22
40644;1155;1122;21;22;0;0;21;22
40652;1176;1122;21;22;0;0;21;22
40653;1197;1122;21;22;0;0;21;22
40654;1218;1122;21;22;0;0;21;22
40655;1239;1122;21;22;0;0;21;22
40657;1260;1122;21;22;0;0;21;22
40658;1281;1122;21;22;0;0;21;22
40660;1302;1122;21;22;0;0;21;22
40664;1323;1122;21;22;0;0;21;22
40665;1344;1122;21;22;0;0;21;22
40667;1365;1122;21;22;0;0;21;22
40668;1386;1122;21;22;0;0;21;22
40669;1407;1122;21;22;0;0;21;22
40670;1428;1122;21;22;0;0;21;22
40671;1449;1122;21;22;0;0;21;22
40672;1470;1122;21;22;0;0;21;22
40674;1491;1122;21;22;0;0;21;22
40677;1512;1122;21;22;0;0;21;22
40679;1533;1122;21;22;0;0;21;22
40680;1554;1122;21;22;0;0;21;22
40681;1575;1122;21;22;0;0;21;22
40682;1596;1122;21;22;0;0;21;22
40687;1617;1122;21;22;0;0;21;22
40690;1638;1122;21;22;0;0;21;22
40692;1659;1122;21;22;0;0;21;22
40695;1680;1122;21;22;0;0;21;22
40697;1701;1122;21;22;0;0;21;22
40699;1722;1122;21;22;0;0;21;22
40700;1743;1122;21;22;0;0;21;22
40701;1764;1122;21;22;0;0;21;22
40702;1785;1122;21;22;0;0;21;22
40703;1806;1122;21;22;0;0;21;22
40713;1827;1122;21;22;0;0;21;22
40715;1848;1122;21;22;0;0;21;22
40717;1869;1122;21;22;0;0;21;22
40718;1890;1122;21;22;0;0;21;22
40720;1911;1122;21;22;0;0;21;22
40723;1932;1122;21;22;0;0;21;22
40729;1953;1122;21;22;0;0;21;22
40736;1974;1122;21;22;0;0;21;22
40738;1995;1122;21;22;0;0;21;22
40745;2016;1122;21;22;0;0;21;22
40748;2037;1122;21;22;0;0;21;22
40751;2058;1122;21;22;0;0;21;22
40753;2079;1122;21;22;0;0;21;22
40756;2100;1122;21;22;0;0;21;22
40761;2121;1122;21;22;0;0;21;22
40763;2142;1122;21;22;0;0;21;22
40766;2163;1122;21;22;0;0;21;22
40769;2184;1122;21;22;0;0;21;22
40777;2205;1122;21;22;0;0;21;22
40778;2226;1122;21;22;0;0;21;22
40779;2247;1122;21;22;0;0;21;22
40782;2268;1122;21;22;0;0;21;22
40783;2289;1122;21;22;0;0;21;22
40784;2310;1122;21;22;0;0;21;22
40785;2331;1122;21;22;0;0;21;22
40786;2352;1122;21;22;0;0;21;22
40788;2373;1122;21;22;0;0;21;22
40789;2394;1122;21;22;0;0;21;22
40793;2415;1122;21;22;0;0;21;22
40796;2436;1122;21;22;0;0;21;22
40799;2457;1122;21;22;0;0;21;22
40801;2478;1122;21;22;0;0;21;22
40802;2499;1122;21;22;0;0;21;22
40803;2520;1122;21;22;0;0;21;22
40806;2541;1122;21;22;0;0;21;22
40807;2562;1122;21;22;0;0;21;22
40810;2583;1122;21;22;0;0;21;22
40812;2604;1122;21;22;0;0;21;22
40818;2625;1122;21;22;0;0;21;22
40823;2646;1122;21;22;0;0;21;22
40831;2667;1122;21;22;0;0;21;22
40832;2688;1122;21;22;0;0;21;22
40835;2709;1122;21;22;0;0;21;22
40836;2730;1122;21;22;0;0;21;22
40837;2751;1122;21;22;0;0;21;22
40839;2772;1122;21;22;0;0;21;22
40840;2793;1122;21;22;0;0;21;22
40841;2814;1122;21;22;0;0;21;22
40842;2835;1122;21;22;0;0;21;22
40843;2856;1122;21;22;0;0;21;22
40844;2877;1122;21;22;0;0;21;22
40845;2898;1122;21;22;0;0;21;22
40848;2919;1122;21;22;0;0;21;22
40852;2940;1122;21;22;0;0;21;22
40853;2961;1122;21;22;0;0;21;22
40857;2982;1122;21;22;0;0;21;22
40858;3003;1122;21;22;0;0;21;22
40859;3024;1122;21;22;0;0;21;22
40860;3045;1122;21;22;0;0;21;22
40863;3066;1122;21;22;0;0;21;22
40864;3087;1122;21;22;0;0;21;22
40866;3108;1122;21;22;0;0;21;22
65281;0;1144;21;22;0;0;21;22
65283;21;1144;21;22;0;0;21;22
65284;42;1144;21;22;0;0;21;22
65285;63;1144;21;22;0;0;21;22
65288;84;1144;21;22;0;0;21;22
65289;105;1144;21;22;0;0;21;22
65290;126;1144;21;22;0;0;21;22
65292;147;1144;21;22;0;0;21;22
65296;168;1144;21;22;0;0;21;22
65297;189;1144;21;22;0;0;21;22
65298;210;1144;21;22;0;0;21;22
65299;231;1144;21;22;0;0;21;22
65300;252;1144;21;22;0;0;21;22
65301;273;1144;21;22;0;0;21;22
65302;294;1144;21;22;0;0;21;22
65303;315;1144;21;22;0;0;21;22
65304;336;1144;21;22;0;0;21;22
65305;357;1144;21;22;0;0;21;22
65306;378;1144;21;22;0;0;21;22
65307;399;1144;21;22;0;0;21;22
65311;420;1144;21;22;0;0;21;22
65313;441;1144;21;22;0;0;21;22
65314;462;1144;21;22;0;0;21;22
65315;483;1144;21;22;0;0;21;22
65316;504;1144;21;22;0;0;21;22
65317;525;1144;21;22;0;0;21;22
65318;546;1144;21;22;0;0;21;22
65319;567;1144;21;22;0;0;21;22
65320;588;1144;21;22;0;0;21;22
65321;609;1144;21;22;0;0;21;22
65322;630;1144;21;22;0;0;21;22
65323;651;1144;21;22;0;0;21;22
65324;672;1144;21;22;0;0;21;22
65325;693;1144;21;22;0;0;21;22
65326;714;1144;21;22;0;0;21;22
65327;735;1144;21;22;0;0;21;22
65328;756;1144;21;22;0;0;21;22
65329;777;1144;21;22;0;0;21;22
65330;798;1144;21;22;0;0;21;22
65331;819;1144;21;22;0;0;21;22
65332;840;1144;21;22;0;0;21;22
65333;861;1144;21;22;0;0;21;22
65334;882;1144;21;22;0;0;21;22
65335;903;1144;21;22;0;0;21;22
65336;924;1144;21;22;0;0;21;22
65337;945;1144;21;22;0;0;21;22
65338;966;1144;21;22;0;0;21;22
65345;987;1144;21;22;0;0;21;22
65346;1008;1144;21;22;0;0;21;22
65347;1029;1144;21;22;0;0;21;22
65348;1050;1144;21;22;0;0;21;22
65349;1071;1144;21;22;0;0;21;22
65350;1092;1144;21;22;0;0;21;22
65351;1113;1144;21;22;0;0;21;22
65352;1134;1144;21;22;0;0;21;22
65353;1155;1144;21;22;0;0;21;22
65354;1176;1144;21;22;0;0;21;22
65355;1197;1144;21;22;0;0;21;22
65356;1218;1144;21;22;0;0;21;22
65357;1239;1144;21;22;0;0;21;22
65358;1260;1144;21;22;0;0;21;22
65359;1281;1144;21;22;0;0;21;22
65360;1302;1144;21;22;0;0;21;22
65361;1323;1144;21;22;0;0;21;22
65362;1344;1144;21;22;0;0;21;22
65363;1365;1144;21;22;0;0;21;22
65364;1386;1144;21;22;0;0;21;22
65365;1407;1144;21;22;0;0;21;22
65366;1428;1144;21;22;0;0;21;22
65367;1449;1144;21;22;0;0;21;22
65368;1470;1144;21;22;0;0;21;22
65369;1491;1144;21;22;0;0;21;22
65370;1512;1144;21;22;0;0;21;22
65371;1533;1144;21;22;0;0;21;22
65373;1554;1144;21;22;0;0;21;22
65374;1575;1144;21;22;0;0;21;22
65509;1596;1144;21;22;0;0;21;22
