18;0;-2;17
32;0;0;13;21;0;0;13;21
33;13;0;13;21;0;0;13;21
34;26;0;13;21;0;0;13;21
35;39;0;13;21;0;0;13;21
36;52;0;13;21;0;0;13;21
37;65;0;13;21;0;0;13;21
38;78;0;13;21;0;0;13;21
39;91;0;13;21;0;0;13;21
40;104;0;13;21;0;0;13;21
41;117;0;13;21;0;0;13;21
42;130;0;13;21;0;0;13;21
43;143;0;13;21;0;0;13;21
44;156;0;13;21;0;0;13;21
45;169;0;13;21;0;0;13;21
46;182;0;13;21;0;0;13;21
47;195;0;13;21;0;0;13;21
48;208;0;13;21;0;0;13;21
49;221;0;13;21;0;0;13;21
50;234;0;13;21;0;0;13;21
51;247;0;13;21;0;0;13;21
52;260;0;13;21;0;0;13;21
53;273;0;13;21;0;0;13;21
54;286;0;13;21;0;0;13;21
55;299;0;13;21;0;0;13;21
56;312;0;13;21;0;0;13;21
57;325;0;13;21;0;0;13;21
58;338;0;13;21;0;0;13;21
59;351;0;13;21;0;0;13;21
60;364;0;13;21;0;0;13;21
61;377;0;13;21;0;0;13;21
62;390;0;13;21;0;0;13;21
63;403;0;13;21;0;0;13;21
64;416;0;13;21;0;0;13;21
65;429;0;13;21;0;0;13;21
66;442;0;13;21;0;0;13;21
67;455;0;13;21;0;0;13;21
68;468;0;13;21;0;0;13;21
69;481;0;13;21;0;0;13;21
70;494;0;13;21;0;0;13;21
71;507;0;13;21;0;0;13;21
72;520;0;13;21;0;0;13;21
73;533;0;13;21;0;0;13;21
74;546;0;13;21;0;0;13;21
75;559;0;13;21;0;0;13;21
76;572;0;13;21;0;0;13;21
77;585;0;13;21;0;0;13;21
78;598;0;13;21;0;0;13;21
79;611;0;13;21;0;0;13;21
80;624;0;13;21;0;0;13;21
81;637;0;13;21;0;0;13;21
82;650;0;13;21;0;0;13;21
83;663;0;13;21;0;0;13;21
84;676;0;13;21;0;0;13;21
85;689;0;13;21;0;0;13;21
86;702;0;13;21;0;0;13;21
87;715;0;13;21;0;0;13;21
88;728;0;13;21;0;0;13;21
89;741;0;13;21;0;0;13;21
90;754;0;13;21;0;0;13;21
91;767;0;13;21;0;0;13;21
92;780;0;13;21;0;0;13;21
93;793;0;13;21;0;0;13;21
94;806;0;13;21;0;0;13;21
95;819;0;13;21;0;0;13;21
96;832;0;13;21;0;0;13;21
97;845;0;13;21;0;0;13;21
98;858;0;13;21;0;0;13;21
99;871;0;13;21;0;0;13;21
100;884;0;13;21;0;0;13;21
101;897;0;13;21;0;0;13;21
102;910;0;13;21;0;0;13;21
103;923;0;13;21;0;0;13;21
104;936;0;13;21;0;0;13;21
105;949;0;13;21;0;0;13;21
106;962;0;13;21;0;0;13;21
107;975;0;13;21;0;0;13;21
108;988;0;13;21;0;0;13;21
109;1001;0;13;21;0;0;13;21
110;1014;0;13;21;0;0;13;21
111;1027;0;13;21;0;0;13;21
112;1040;0;13;21;0;0;13;21
113;1053;0;13;21;0;0;13;21
114;1066;0;13;21;0;0;13;21
115;1079;0;13;21;0;0;13;21
116;1092;0;13;21;0;0;13;21
117;1105;0;13;21;0;0;13;21
118;1118;0;13;21;0;0;13;21
119;1131;0;13;21;0;0;13;21
120;1144;0;13;21;0;0;13;21
121;1157;0;13;21;0;0;13;21
122;1170;0;13;21;0;0;13;21
123;1183;0;13;21;0;0;13;21
124;1196;0;13;21;0;0;13;21
125;1209;0;13;21;0;0;13;21
126;1222;0;13;21;0;0;13;21
161;1235;0;13;21;0;0;13;21
162;1248;0;13;21;0;0;13;21
163;1261;0;13;21;0;0;13;21
164;1274;0;13;21;0;0;13;21
165;1287;0;13;21;0;0;13;21
166;1300;0;13;21;0;0;13;21
167;1313;0;13;21;0;0;13;21
168;1326;0;13;21;0;0;13;21
169;1339;0;13;21;0;0;13;21
170;1352;0;13;21;0;0;13;21
171;1365;0;13;21;0;0;13;21
172;1378;0;13;21;0;0;13;21
174;1391;0;13;21;0;0;13;21
175;1404;0;13;21;0;0;13;21
176;1417;0;13;21;0;0;13;21
177;1430;0;13;21;0;0;13;21
178;1443;0;13;21;0;0;13;21
179;1456;0;13;21;0;0;13;21
180;1469;0;13;21;0;0;13;21
181;1482;0;13;21;0;0;13;21
182;1495;0;13;21;0;0;13;21
183;1508;0;13;21;0;0;13;21
184;1521;0;13;21;0;0;13;21
185;1534;0;13;21;0;0;13;21
186;1547;0;13;21;0;0;13;21
187;1560;0;13;21;0;0;13;21
188;1573;0;13;21;0;0;13;21
189;1586;0;13;21;0;0;13;21
190;1599;0;13;21;0;0;13;21
191;1612;0;13;21;0;0;13;21
192;1625;0;13;21;0;0;13;21
193;1638;0;13;21;0;0;13;21
194;1651;0;13;21;0;0;13;21
195;1664;0;13;21;0;0;13;21
196;1677;0;13;21;0;0;13;21
197;1690;0;13;21;0;0;13;21
198;1703;0;16;21;0;0;16;21
199;1719;0;13;21;0;0;13;21
200;1732;0;13;21;0;0;13;21
201;1745;0;13;21;0;0;13;21
202;1758;0;13;21;0;0;13;21
203;1771;0;13;21;0;0;13;21
204;1784;0;13;21;0;0;13;21
205;1797;0;13;21;0;0;13;21
206;1810;0;13;21;0;0;13;21
207;1823;0;13;21;0;0;13;21
208;1836;0;13;21;0;0;13;21
209;1849;0;13;21;0;0;13;21
210;1862;0;13;21;0;0;13;21
211;1875;0;13;21;0;0;13;21
212;1888;0;13;21;0;0;13;21
213;1901;0;13;21;0;0;13;21
214;1914;0;13;21;0;0;13;21
215;1927;0;13;21;0;0;13;21
216;1940;0;13;21;0;0;13;21
217;1953;0;13;21;0;0;13;21
218;1966;0;13;21;0;0;13;21
219;1979;0;13;21;0;0;13;21
220;1992;0;13;21;0;0;13;21
221;2005;0;13;21;0;0;13;21
222;2018;0;13;21;0;0;13;21
223;2031;0;13;21;0;0;13;21
224;2044;0;13;21;0;0;13;21
225;2057;0;13;21;0;0;13;21
226;2070;0;13;21;0;0;13;21
227;2083;0;13;21;0;0;13;21
228;2096;0;13;21;0;0;13;21
229;2109;0;13;21;0;0;13;21
230;2122;0;15;21;0;0;15;21
231;2137;0;13;21;0;0;13;21
232;2150;0;13;21;0;0;13;21
233;2163;0;13;21;0;0;13;21
234;2176;0;13;21;0;0;13;21
235;2189;0;13;21;0;0;13;21
236;2202;0;13;21;0;0;13;21
237;2215;0;13;21;0;0;13;21
238;2228;0;13;21;0;0;13;21
239;2241;0;13;21;0;0;13;21
240;2254;0;13;21;0;0;13;21
241;2267;0;13;21;0;0;13;21
242;2280;0;13;21;0;0;13;21
243;2293;0;13;21;0;0;13;21
244;2306;0;13;21;0;0;13;21
245;2319;0;13;21;0;0;13;21
246;2332;0;13;21;0;0;13;21
247;2345;0;13;21;0;0;13;21
248;2358;0;13;21;0;0;13;21
249;2371;0;13;21;0;0;13;21
250;2384;0;13;21;0;0;13;21
251;2397;0;13;21;0;0;13;21
252;2410;0;13;21;0;0;13;21
253;2423;0;13;21;0;0;13;21
254;2436;0;13;21;0;0;13;21
255;2449;0;13;21;0;0;13;21
257;2462;0;13;21;0;0;13;21
268;2475;0;13;21;0;0;13;21
269;2488;0;13;21;0;0;13;21
270;2501;0;13;21;0;0;13;21
271;2514;0;13;21;0;0;13;21
282;2527;0;13;21;0;0;13;21
283;2540;0;13;21;0;0;13;21
286;2553;0;13;21;0;0;13;21
287;2566;0;13;21;0;0;13;21
299;2579;0;13;21;0;0;13;21
304;2592;0;13;21;0;0;13;21
305;2605;0;13;21;0;0;13;21
327;2618;0;13;21;0;0;13;21
328;2631;0;13;21;0;0;13;21
333;2644;0;13;21;0;0;13;21
336;2657;0;13;21;0;0;13;21
337;2670;0;13;21;0;0;13;21
344;2683;0;13;21;0;0;13;21
345;2696;0;13;21;0;0;13;21
350;2709;0;13;21;0;0;13;21
351;2722;0;12;21;0;0;12;21
352;2734;0;13;21;0;0;13;21
353;2747;0;12;21;0;0;12;21
356;2759;0;13;21;0;0;13;21
357;2772;0;13;21;0;0;13;21
363;2785;0;13;21;0;0;13;21
366;2798;0;13;21;0;0;13;21
367;2811;0;13;21;0;0;13;21
368;2824;0;13;21;0;0;13;21
369;2837;0;13;21;0;0;13;21
381;2850;0;13;21;0;0;13;21
382;2863;0;13;21;0;0;13;21
462;2876;0;13;21;0;0;13;21
466;2889;0;13;21;0;0;13;21
601;2902;0;12;21;0;0;12;21
650;2914;0;12;21;0;0;12;21
658;2926;0;12;21;0;0;12;21
916;2938;0;14;21;0;0;14;21
960;2952;0;12;21;0;0;12;21
1329;2964;0;13;21;0;0;13;21
1330;2977;0;13;21;0;0;13;21
1331;2990;0;13;21;0;0;13;21
1332;3003;0;13;21;0;0;13;21
1333;3016;0;13;21;0;0;13;21
1334;3029;0;13;21;0;0;13;21
1335;3042;0;13;21;0;0;13;21
1336;3055;0;13;21;0;0;13;21
1337;3068;0;13;21;0;0;13;21
1338;3081;0;13;21;0;0;13;21
1339;3094;0;13;21;0;0;13;21
1340;3107;0;13;21;0;0;13;21
1341;3120;0;13;21;0;0;13;21
1342;3133;0;13;21;0;0;13;21
1343;3146;0;13;21;0;0;13;21
1344;3159;0;13;21;0;0;13;21
1345;3172;0;13;21;0;0;13;21
1346;3185;0;13;21;0;0;13;21
1347;3198;0;13;21;0;0;13;21
1348;3211;0;13;21;0;0;13;21
1349;3224;0;13;21;0;0;13;21
1350;3237;0;13;21;0;0;13;21
1351;3250;0;13;21;0;0;13;21
1352;3263;0;13;21;0;0;13;21
1353;3276;0;13;21;0;0;13;21
1354;3289;0;13;21;0;0;13;21
1355;3302;0;13;21;0;0;13;21
1356;3315;0;13;21;0;0;13;21
1357;3328;0;13;21;0;0;13;21
1358;3341;0;13;21;0;0;13;21
1359;3354;0;13;21;0;0;13;21
1360;3367;0;13;21;0;0;13;21
1361;3380;0;13;21;0;0;13;21
1362;3393;0;13;21;0;0;13;21
1363;3406;0;13;21;0;0;13;21
1364;3419;0;13;21;0;0;13;21
1365;3432;0;13;21;0;0;13;21
1366;3445;0;13;21;0;0;13;21
1372;3458;0;13;21;0;0;13;21
1373;3471;0;13;21;0;0;13;21
1374;3484;0;13;21;0;0;13;21
1415;3497;0;13;21;0;0;13;21
1417;3510;0;13;21;0;0;13;21
1418;3523;0;13;21;0;0;13;21
8734;3536;0;26;21;0;0;26;21
711;0;21;20;18;0;0;20;18
8212;20;21;20;18;0;0;20;18
8216;40;21;13;18;0;0;13;18
8217;53;21;13;18;0;0;13;18
8220;66;21;13;18;0;0;13;18
8221;79;21;13;18;0;0;13;18
8230;92;21;20;18;0;0;20;18
8592;112;21;20;18;0;0;20;18
8593;132;21;20;18;0;0;20;18
8594;152;21;20;18;0;0;20;18
8595;172;21;20;18;0;0;20;18
9320;192;21;20;18;0;0;20;18
9734;212;21;20;18;0;0;20;18
12288;232;21;20;18;0;0;20;18
12289;252;21;20;18;0;0;20;18
12290;272;21;20;18;0;0;20;18
12293;292;21;20;18;0;0;20;18
12298;312;21;20;18;0;0;20;18
12299;332;21;20;18;0;0;20;18
12300;352;21;20;18;0;0;20;18
12301;372;21;20;18;0;0;20;18
12302;392;21;20;18;0;0;20;18
12303;412;21;20;18;0;0;20;18
12304;432;21;20;18;0;0;20;18
12305;452;21;20;18;0;0;20;18
12308;472;21;20;18;0;0;20;18
12309;492;21;20;18;0;0;20;18
12310;512;21;20;18;0;0;20;18
12311;532;21;20;18;0;0;20;18
19904;552;21;12;18;0;0;12;18
19905;564;21;12;18;0;0;12;18
19906;576;21;12;18;0;0;12;18
12353;0;39;20;19;0;0;20;19
12354;20;39;20;19;0;0;20;19
12355;40;39;20;19;0;0;20;19
12356;60;39;20;19;0;0;20;19
12357;80;39;20;19;0;0;20;19
12358;100;39;20;19;0;0;20;19
12359;120;39;20;19;0;0;20;19
12360;140;39;20;19;0;0;20;19
12361;160;39;20;19;0;0;20;19
12362;180;39;20;19;0;0;20;19
12363;200;39;20;19;0;0;20;19
12364;220;39;20;19;0;0;20;19
12365;240;39;20;19;0;0;20;19
12366;260;39;20;19;0;0;20;19
12367;280;39;20;19;0;0;20;19
12368;300;39;20;19;0;0;20;19
12369;320;39;20;19;0;0;20;19
12370;340;39;20;19;0;0;20;19
12371;360;39;20;19;0;0;20;19
12372;380;39;20;19;0;0;20;19
12373;400;39;20;19;0;0;20;19
12374;420;39;20;19;0;0;20;19
12375;440;39;20;19;0;0;20;19
12376;460;39;20;19;0;0;20;19
12377;480;39;20;19;0;0;20;19
12378;500;39;20;19;0;0;20;19
12379;520;39;20;19;0;0;20;19
12380;540;39;20;19;0;0;20;19
12381;560;39;20;19;0;0;20;19
12382;580;39;20;19;0;0;20;19
12383;600;39;20;19;0;0;20;19
12384;620;39;20;19;0;0;20;19
12385;640;39;20;19;0;0;20;19
12386;660;39;20;19;0;0;20;19
12387;680;39;20;19;0;0;20;19
12388;700;39;20;19;0;0;20;19
12389;720;39;20;19;0;0;20;19
12390;740;39;20;19;0;0;20;19
12391;760;39;20;19;0;0;20;19
12392;780;39;20;19;0;0;20;19
12393;800;39;20;19;0;0;20;19
12394;820;39;20;19;0;0;20;19
12395;840;39;20;19;0;0;20;19
12396;860;39;20;19;0;0;20;19
12397;880;39;20;19;0;0;20;19
12398;900;39;20;19;0;0;20;19
12399;920;39;20;19;0;0;20;19
12400;940;39;20;19;0;0;20;19
12401;960;39;20;19;0;0;20;19
12402;980;39;20;19;0;0;20;19
12403;1000;39;20;19;0;0;20;19
12404;1020;39;20;19;0;0;20;19
12405;1040;39;20;19;0;0;20;19
12406;1060;39;20;19;0;0;20;19
12407;1080;39;20;19;0;0;20;19
12408;1100;39;20;19;0;0;20;19
12409;1120;39;20;19;0;0;20;19
12410;1140;39;20;19;0;0;20;19
12411;1160;39;20;19;0;0;20;19
12412;1180;39;20;19;0;0;20;19
12413;1200;39;20;19;0;0;20;19
12414;1220;39;20;19;0;0;20;19
12415;1240;39;20;19;0;0;20;19
12416;1260;39;20;19;0;0;20;19
12417;1280;39;20;19;0;0;20;19
12418;1300;39;20;19;0;0;20;19
12419;1320;39;20;19;0;0;20;19
12420;1340;39;20;19;0;0;20;19
12421;1360;39;20;19;0;0;20;19
12422;1380;39;20;19;0;0;20;19
12423;1400;39;20;19;0;0;20;19
12424;1420;39;20;19;0;0;20;19
12425;1440;39;20;19;0;0;20;19
12426;1460;39;20;19;0;0;20;19
12427;1480;39;20;19;0;0;20;19
12428;1500;39;20;19;0;0;20;19
12429;1520;39;20;19;0;0;20;19
12430;1540;39;20;19;0;0;20;19
12431;1560;39;20;19;0;0;20;19
12432;1580;39;20;19;0;0;20;19
12433;1600;39;20;19;0;0;20;19
12434;1620;39;20;19;0;0;20;19
12435;1640;39;20;19;0;0;20;19
12436;1660;39;20;19;0;0;20;19
12443;1680;39;20;19;0;0;20;19
12444;1700;39;20;19;0;0;20;19
12449;1720;39;20;19;0;0;20;19
12450;1740;39;20;19;0;0;20;19
12451;1760;39;20;19;0;0;20;19
12452;1780;39;20;19;0;0;20;19
12453;1800;39;20;19;0;0;20;19
12454;1820;39;20;19;0;0;20;19
12455;1840;39;20;19;0;0;20;19
12456;1860;39;20;19;0;0;20;19
12457;1880;39;20;19;0;0;20;19
12458;1900;39;20;19;0;0;20;19
12459;1920;39;20;19;0;0;20;19
12460;1940;39;20;19;0;0;20;19
12461;1960;39;20;19;0;0;20;19
12462;1980;39;20;19;0;0;20;19
12463;2000;39;20;19;0;0;20;19
12464;2020;39;20;19;0;0;20;19
12465;2040;39;20;19;0;0;20;19
12466;2060;39;20;19;0;0;20;19
12467;2080;39;20;19;0;0;20;19
12468;2100;39;20;19;0;0;20;19
12469;2120;39;20;19;0;0;20;19
12470;2140;39;20;19;0;0;20;19
12471;2160;39;20;19;0;0;20;19
12472;2180;39;20;19;0;0;20;19
12473;2200;39;20;19;0;0;20;19
12474;2220;39;20;19;0;0;20;19
12475;2240;39;20;19;0;0;20;19
12476;2260;39;20;19;0;0;20;19
12477;2280;39;20;19;0;0;20;19
12478;2300;39;20;19;0;0;20;19
12479;2320;39;20;19;0;0;20;19
12480;2340;39;20;19;0;0;20;19
12481;2360;39;20;19;0;0;20;19
12482;2380;39;20;19;0;0;20;19
12483;2400;39;20;19;0;0;20;19
12484;2420;39;20;19;0;0;20;19
12485;2440;39;20;19;0;0;20;19
12486;2460;39;20;19;0;0;20;19
12487;2480;39;20;19;0;0;20;19
12488;2500;39;20;19;0;0;20;19
12489;2520;39;20;19;0;0;20;19
12490;2540;39;20;19;0;0;20;19
12491;2560;39;20;19;0;0;20;19
12492;2580;39;20;19;0;0;20;19
12493;2600;39;20;19;0;0;20;19
12494;2620;39;20;19;0;0;20;19
12495;2640;39;20;19;0;0;20;19
12496;2660;39;20;19;0;0;20;19
12497;2680;39;20;19;0;0;20;19
12498;2700;39;20;19;0;0;20;19
12499;2720;39;20;19;0;0;20;19
12500;2740;39;20;19;0;0;20;19
12501;2760;39;20;19;0;0;20;19
12502;2780;39;20;19;0;0;20;19
12503;2800;39;20;19;0;0;20;19
12504;2820;39;20;19;0;0;20;19
12505;2840;39;20;19;0;0;20;19
12506;2860;39;20;19;0;0;20;19
12507;2880;39;20;19;0;0;20;19
12508;2900;39;20;19;0;0;20;19
12509;2920;39;20;19;0;0;20;19
12510;2940;39;20;19;0;0;20;19
12511;2960;39;20;19;0;0;20;19
12512;2980;39;20;19;0;0;20;19
12513;3000;39;20;19;0;0;20;19
12514;3020;39;20;19;0;0;20;19
12515;3040;39;20;19;0;0;20;19
12516;3060;39;20;19;0;0;20;19
12517;3080;39;20;19;0;0;20;19
12518;3100;39;20;19;0;0;20;19
12519;3120;39;20;19;0;0;20;19
12520;3140;39;20;19;0;0;20;19
12521;3160;39;20;19;0;0;20;19
12522;3180;39;20;19;0;0;20;19
12523;3200;39;20;19;0;0;20;19
12524;3220;39;20;19;0;0;20;19
12525;3240;39;20;19;0;0;20;19
12526;3260;39;20;19;0;0;20;19
12527;3280;39;20;19;0;0;20;19
12528;3300;39;20;19;0;0;20;19
12529;3320;39;20;19;0;0;20;19
12530;3340;39;20;19;0;0;20;19
12531;3360;39;20;19;0;0;20;19
12532;3380;39;20;19;0;0;20;19
12533;3400;39;20;19;0;0;20;19
12534;3420;39;20;19;0;0;20;19
12535;3440;39;20;19;0;0;20;19
12536;3460;39;20;19;0;0;20;19
12537;3480;39;20;19;0;0;20;19
12538;3500;39;20;19;0;0;20;19
12540;3520;39;20;19;0;0;20;19
12549;3540;39;20;19;0;0;20;19
12550;3560;39;20;19;0;0;20;19
12551;3580;39;20;19;0;0;20;19
12552;3600;39;20;19;0;0;20;19
12553;3620;39;20;19;0;0;20;19
12554;3640;39;20;19;0;0;20;19
12555;3660;39;20;19;0;0;20;19
12556;3680;39;20;19;0;0;20;19
12557;3700;39;20;19;0;0;20;19
12558;3720;39;20;19;0;0;20;19
12559;3740;39;20;19;0;0;20;19
12560;3760;39;20;19;0;0;20;19
12561;3780;39;20;19;0;0;20;19
12562;3800;39;20;19;0;0;20;19
12563;3820;39;20;19;0;0;20;19
12564;3840;39;20;19;0;0;20;19
12565;3860;39;20;19;0;0;20;19
12566;3880;39;20;19;0;0;20;19
12567;3900;39;20;19;0;0;20;19
12568;3920;39;20;19;0;0;20;19
12569;3940;39;20;19;0;0;20;19
12570;3960;39;20;19;0;0;20;19
12571;3980;39;20;19;0;0;20;19
12572;4000;39;20;19;0;0;20;19
12573;4020;39;20;19;0;0;20;19
12574;4040;39;20;19;0;0;20;19
12575;4060;39;20;19;0;0;20;19
12576;0;58;20;19;0;0;20;19
12577;20;58;20;19;0;0;20;19
12578;40;58;20;19;0;0;20;19
12579;60;58;20;19;0;0;20;19
12580;80;58;20;19;0;0;20;19
12581;100;58;20;19;0;0;20;19
12582;120;58;20;19;0;0;20;19
12583;140;58;20;19;0;0;20;19
12584;160;58;20;19;0;0;20;19
12585;180;58;20;19;0;0;20;19
13685;200;58;20;19;0;0;20;19
14038;220;58;20;19;0;0;20;19
14444;240;58;20;19;0;0;20;19
14445;260;58;20;19;0;0;20;19
14600;280;58;20;19;0;0;20;19
14615;300;58;20;19;0;0;20;19
14657;320;58;20;19;0;0;20;19
14705;340;58;20;19;0;0;20;19
15056;360;58;20;19;0;0;20;19
15439;380;58;20;19;0;0;20;19
15875;400;58;20;19;0;0;20;19
15902;420;58;20;19;0;0;20;19
15941;440;58;20;19;0;0;20;19
16058;460;58;20;19;0;0;20;19
16139;480;58;20;19;0;0;20;19
16870;500;58;20;19;0;0;20;19
17020;520;58;20;19;0;0;20;19
17857;540;58;20;19;0;0;20;19
17868;560;58;20;19;0;0;20;19
18264;580;58;20;19;0;0;20;19
18891;600;58;20;19;0;0;20;19
18938;620;58;20;19;0;0;20;19
19968;640;58;20;19;0;0;20;19
19969;660;58;20;19;0;0;20;19
19971;680;58;20;19;0;0;20;19
19975;700;58;20;19;0;0;20;19
19976;720;58;20;19;0;0;20;19
19977;740;58;20;19;0;0;20;19
19978;760;58;20;19;0;0;20;19
19979;780;58;20;19;0;0;20;19
19981;800;58;20;19;0;0;20;19
19982;820;58;20;19;0;0;20;19
19983;840;58;20;19;0;0;20;19
19984;860;58;20;19;0;0;20;19
19985;880;58;20;19;0;0;20;19
19987;900;58;20;19;0;0;20;19
19988;920;58;20;19;0;0;20;19
19989;940;58;20;19;0;0;20;19
19990;960;58;20;19;0;0;20;19
19992;980;58;20;19;0;0;20;19
19993;1000;58;20;19;0;0;20;19
19994;1020;58;20;19;0;0;20;19
19995;1040;58;20;19;0;0;20;19
19996;1060;58;20;19;0;0;20;19
19997;1080;58;20;19;0;0;20;19
19998;1100;58;20;19;0;0;20;19
19999;1120;58;20;19;0;0;20;19
20001;1140;58;20;19;0;0;20;19
20002;1160;58;20;19;0;0;20;19
20004;1180;58;20;19;0;0;20;19
20005;1200;58;20;19;0;0;20;19
20006;1220;58;20;19;0;0;20;19
20007;1240;58;20;19;0;0;20;19
20010;1260;58;20;19;0;0;20;19
20011;1280;58;20;19;0;0;20;19
20013;1300;58;20;19;0;0;20;19
20016;1320;58;20;19;0;0;20;19
20018;1340;58;20;19;0;0;20;19
20020;1360;58;20;19;0;0;20;19
20021;1380;58;20;19;0;0;20;19
20024;1400;58;20;19;0;0;20;19
20025;1420;58;20;19;0;0;20;19
20026;1440;58;20;19;0;0;20;19
20027;1460;58;20;19;0;0;20;19
20028;1480;58;20;19;0;0;20;19
20029;1500;58;20;19;0;0;20;19
20030;1520;58;20;19;0;0;20;19
20034;1540;58;20;19;0;0;20;19
20035;1560;58;20;19;0;0;20;19
20037;1580;58;20;19;0;0;20;19
20040;1600;58;20;19;0;0;20;19
20041;1620;58;20;19;0;0;20;19
20043;1640;58;20;19;0;0;20;19
20044;1660;58;20;19;0;0;20;19
20045;1680;58;20;19;0;0;20;19
20046;1700;58;20;19;0;0;20;19
20047;1720;58;20;19;0;0;20;19
20048;1740;58;20;19;0;0;20;19
20050;1760;58;20;19;0;0;20;19
20051;1780;58;20;19;0;0;20;19
20052;1800;58;20;19;0;0;20;19
20054;1820;58;20;19;0;0;20;19
20055;1840;58;20;19;0;0;20;19
20056;1860;58;20;19;0;0;20;19
20057;1880;58;20;19;0;0;20;19
20060;1900;58;20;19;0;0;20;19
20061;1920;58;20;19;0;0;20;19
20062;1940;58;20;19;0;0;20;19
20063;1960;58;20;19;0;0;20;19
20064;1980;58;20;19;0;0;20;19
20065;2000;58;20;19;0;0;20;19
20070;2020;58;20;19;0;0;20;19
20073;2040;58;20;19;0;0;20;19
20080;2060;58;20;19;0;0;20;19
20081;2080;58;20;19;0;0;20;19
20083;2100;58;20;19;0;0;20;19
20094;2120;58;20;19;0;0;20;19
20096;2140;58;20;19;0;0;20;19
20098;2160;58;20;19;0;0;20;19
20102;2180;58;20;19;0;0;20;19
20104;2200;58;20;19;0;0;20;19
20105;2220;58;20;19;0;0;20;19
20107;2240;58;20;19;0;0;20;19
20108;2260;58;20;19;0;0;20;19
20109;2280;58;20;19;0;0;20;19
20110;2300;58;20;19;0;0;20;19
20111;2320;58;20;19;0;0;20;19
20113;2340;58;20;19;0;0;20;19
20114;2360;58;20;19;0;0;20;19
20115;2380;58;20;19;0;0;20;19
20116;2400;58;20;19;0;0;20;19
20117;2420;58;20;19;0;0;20;19
20120;2440;58;20;19;0;0;20;19
20121;2460;58;20;19;0;0;20;19
20122;2480;58;20;19;0;0;20;19
20123;2500;58;20;19;0;0;20;19
20124;2520;58;20;19;0;0;20;19
20126;2540;58;20;19;0;0;20;19
20127;2560;58;20;19;0;0;20;19
20129;2580;58;20;19;0;0;20;19
20130;2600;58;20;19;0;0;20;19
20132;2620;58;20;19;0;0;20;19
20133;2640;58;20;19;0;0;20;19
20134;2660;58;20;19;0;0;20;19
20135;2680;58;20;19;0;0;20;19
20136;2700;58;20;19;0;0;20;19
20137;2720;58;20;19;0;0;20;19
20139;2740;58;20;19;0;0;20;19
20140;2760;58;20;19;0;0;20;19
20141;2780;58;20;19;0;0;20;19
20142;2800;58;20;19;0;0;20;19
20146;2820;58;20;19;0;0;20;19
20147;2840;58;20;19;0;0;20;19
20149;2860;58;20;19;0;0;20;19
20150;2880;58;20;19;0;0;20;19
20154;2900;58;20;19;0;0;20;19
20155;2920;58;20;19;0;0;20;19
20158;2940;58;20;19;0;0;20;19
20159;2960;58;20;19;0;0;20;19
20160;2980;58;20;19;0;0;20;19
20161;3000;58;20;19;0;0;20;19
20162;3020;58;20;19;0;0;20;19
20163;3040;58;20;19;0;0;20;19
20164;3060;58;20;19;0;0;20;19
20165;3080;58;20;19;0;0;20;19
20166;3100;58;20;19;0;0;20;19
20167;3120;58;20;19;0;0;20;19
20169;3140;58;20;19;0;0;20;19
20170;3160;58;20;19;0;0;20;19
20171;3180;58;20;19;0;0;20;19
20173;3200;58;20;19;0;0;20;19
20174;3220;58;20;19;0;0;20;19
20175;3240;58;20;19;0;0;20;19
20177;3260;58;20;19;0;0;20;19
20179;3280;58;20;19;0;0;20;19
20180;3300;58;20;19;0;0;20;19
20181;3320;58;20;19;0;0;20;19
20182;3340;58;20;19;0;0;20;19
20183;3360;58;20;19;0;0;20;19
20184;3380;58;20;19;0;0;20;19
20185;3400;58;20;19;0;0;20;19
20189;3420;58;20;19;0;0;20;19
20190;3440;58;20;19;0;0;20;19
20191;3460;58;20;19;0;0;20;19
20193;3480;58;20;19;0;0;20;19
20195;3500;58;20;19;0;0;20;19
20196;3520;58;20;19;0;0;20;19
20197;3540;58;20;19;0;0;20;19
20200;3560;58;20;19;0;0;20;19
20202;3580;58;20;19;0;0;20;19
20203;3600;58;20;19;0;0;20;19
20204;3620;58;20;19;0;0;20;19
20206;3640;58;20;19;0;0;20;19
20208;3660;58;20;19;0;0;20;19
20210;3680;58;20;19;0;0;20;19
20211;3700;58;20;19;0;0;20;19
20213;3720;58;20;19;0;0;20;19
20214;3740;58;20;19;0;0;20;19
20215;3760;58;20;19;0;0;20;19
20219;3780;58;20;19;0;0;20;19
20221;3800;58;20;19;0;0;20;19
20223;3820;58;20;19;0;0;20;19
20225;3840;58;20;19;0;0;20;19
20233;3860;58;20;19;0;0;20;19
20234;3880;58;20;19;0;0;20;19
20237;3900;58;20;19;0;0;20;19
20238;3920;58;20;19;0;0;20;19
20239;3940;58;20;19;0;0;20;19
20240;3960;58;20;19;0;0;20;19
20241;3980;58;20;19;0;0;20;19
20245;4000;58;20;19;0;0;20;19
20247;4020;58;20;19;0;0;20;19
20248;4040;58;20;19;0;0;20;19
20249;4060;58;20;19;0;0;20;19
20250;0;77;20;19;0;0;20;19
20251;20;77;20;19;0;0;20;19
20253;40;77;20;19;0;0;20;19
20254;60;77;20;19;0;0;20;19
20255;80;77;20;19;0;0;20;19
20256;100;77;20;19;0;0;20;19
20258;120;77;20;19;0;0;20;19
20260;140;77;20;19;0;0;20;19
20261;160;77;20;19;0;0;20;19
20262;180;77;20;19;0;0;20;19
20263;200;77;20;19;0;0;20;19
20266;220;77;20;19;0;0;20;19
20267;240;77;20;19;0;0;20;19
20271;260;77;20;19;0;0;20;19
20272;280;77;20;19;0;0;20;19
20274;300;77;20;19;0;0;20;19
20276;320;77;20;19;0;0;20;19
20278;340;77;20;19;0;0;20;19
20280;360;77;20;19;0;0;20;19
20282;380;77;20;19;0;0;20;19
20284;400;77;20;19;0;0;20;19
20285;420;77;20;19;0;0;20;19
20291;440;77;20;19;0;0;20;19
20294;460;77;20;19;0;0;20;19
20295;480;77;20;19;0;0;20;19
20296;500;77;20;19;0;0;20;19
20297;520;77;20;19;0;0;20;19
20301;540;77;20;19;0;0;20;19
20302;560;77;20;19;0;0;20;19
20303;580;77;20;19;0;0;20;19
20304;600;77;20;19;0;0;20;19
20305;620;77;20;19;0;0;20;19
20307;640;77;20;19;0;0;20;19
20308;660;77;20;19;0;0;20;19
20309;680;77;20;19;0;0;20;19
20311;700;77;20;19;0;0;20;19
20312;720;77;20;19;0;0;20;19
20313;740;77;20;19;0;0;20;19
20314;760;77;20;19;0;0;20;19
20315;780;77;20;19;0;0;20;19
20316;800;77;20;19;0;0;20;19
20317;820;77;20;19;0;0;20;19
20318;840;77;20;19;0;0;20;19
20319;860;77;20;19;0;0;20;19
20320;880;77;20;19;0;0;20;19
20323;900;77;20;19;0;0;20;19
20324;920;77;20;19;0;0;20;19
20325;940;77;20;19;0;0;20;19
20329;960;77;20;19;0;0;20;19
20332;980;77;20;19;0;0;20;19
20335;1000;77;20;19;0;0;20;19
20336;1020;77;20;19;0;0;20;19
20339;1040;77;20;19;0;0;20;19
20341;1060;77;20;19;0;0;20;19
20342;1080;77;20;19;0;0;20;19
20347;1100;77;20;19;0;0;20;19
20348;1120;77;20;19;0;0;20;19
20350;1140;77;20;19;0;0;20;19
20351;1160;77;20;19;0;0;20;19
20355;1180;77;20;19;0;0;20;19
20356;1200;77;20;19;0;0;20;19
20358;1220;77;20;19;0;0;20;19
20360;1240;77;20;19;0;0;20;19
20361;1260;77;20;19;0;0;20;19
20363;1280;77;20;19;0;0;20;19
20365;1300;77;20;19;0;0;20;19
20367;1320;77;20;19;0;0;20;19
20369;1340;77;20;19;0;0;20;19
20372;1360;77;20;19;0;0;20;19
20374;1380;77;20;19;0;0;20;19
20375;1400;77;20;19;0;0;20;19
20379;1420;77;20;19;0;0;20;19
20381;1440;77;20;19;0;0;20;19
20384;1460;77;20;19;0;0;20;19
20385;1480;77;20;19;0;0;20;19
20387;1500;77;20;19;0;0;20;19
20389;1520;77;20;19;0;0;20;19
20390;1540;77;20;19;0;0;20;19
20391;1560;77;20;19;0;0;20;19
20392;1580;77;20;19;0;0;20;19
20393;1600;77;20;19;0;0;20;19
20394;1620;77;20;19;0;0;20;19
20396;1640;77;20;19;0;0;20;19
20398;1660;77;20;19;0;0;20;19
20399;1680;77;20;19;0;0;20;19
20402;1700;77;20;19;0;0;20;19
20405;1720;77;20;19;0;0;20;19
20406;1740;77;20;19;0;0;20;19
20407;1760;77;20;19;0;0;20;19
20415;1780;77;20;19;0;0;20;19
20417;1800;77;20;19;0;0;20;19
20418;1820;77;20;19;0;0;20;19
20419;1840;77;20;19;0;0;20;19
20420;1860;77;20;19;0;0;20;19
20421;1880;77;20;19;0;0;20;19
20426;1900;77;20;19;0;0;20;19
20430;1920;77;20;19;0;0;20;19
20431;1940;77;20;19;0;0;20;19
20432;1960;77;20;19;0;0;20;19
20433;1980;77;20;19;0;0;20;19
20439;2000;77;20;19;0;0;20;19
20440;2020;77;20;19;0;0;20;19
20442;2040;77;20;19;0;0;20;19
20443;2060;77;20;19;0;0;20;19
20445;2080;77;20;19;0;0;20;19
20446;2100;77;20;19;0;0;20;19
20447;2120;77;20;19;0;0;20;19
20448;2140;77;20;19;0;0;20;19
20449;2160;77;20;19;0;0;20;19
20451;2180;77;20;19;0;0;20;19
20454;2200;77;20;19;0;0;20;19
20456;2220;77;20;19;0;0;20;19
20457;2240;77;20;19;0;0;20;19
20458;2260;77;20;19;0;0;20;19
20461;2280;77;20;19;0;0;20;19
20462;2300;77;20;19;0;0;20;19
20463;2320;77;20;19;0;0;20;19
20465;2340;77;20;19;0;0;20;19
20467;2360;77;20;19;0;0;20;19
20469;2380;77;20;19;0;0;20;19
20470;2400;77;20;19;0;0;20;19
20472;2420;77;20;19;0;0;20;19
20474;2440;77;20;19;0;0;20;19
20478;2460;77;20;19;0;0;20;19
20480;2480;77;20;19;0;0;20;19
20486;2500;77;20;19;0;0;20;19
20489;2520;77;20;19;0;0;20;19
20491;2540;77;20;19;0;0;20;19
20492;2560;77;20;19;0;0;20;19
20493;2580;77;20;19;0;0;20;19
20495;2600;77;20;19;0;0;20;19
20497;2620;77;20;19;0;0;20;19
20498;2640;77;20;19;0;0;20;19
20500;2660;77;20;19;0;0;20;19
20502;2680;77;20;19;0;0;20;19
20504;2700;77;20;19;0;0;20;19
20505;2720;77;20;19;0;0;20;19
20506;2740;77;20;19;0;0;20;19
20508;2760;77;20;19;0;0;20;19
20511;2780;77;20;19;0;0;20;19
20513;2800;77;20;19;0;0;20;19
20515;2820;77;20;19;0;0;20;19
20516;2840;77;20;19;0;0;20;19
20517;2860;77;20;19;0;0;20;19
20518;2880;77;20;19;0;0;20;19
20520;2900;77;20;19;0;0;20;19
20521;2920;77;20;19;0;0;20;19
20522;2940;77;20;19;0;0;20;19
20523;2960;77;20;19;0;0;20;19
20524;2980;77;20;19;0;0;20;19
20525;3000;77;20;19;0;0;20;19
20537;3020;77;20;19;0;0;20;19
20538;3040;77;20;19;0;0;20;19
20540;3060;77;20;19;0;0;20;19
20542;3080;77;20;19;0;0;20;19
20544;3100;77;20;19;0;0;20;19
20545;3120;77;20;19;0;0;20;19
20547;3140;77;20;19;0;0;20;19
20551;3160;77;20;19;0;0;20;19
20552;3180;77;20;19;0;0;20;19
20553;3200;77;20;19;0;0;20;19
20556;3220;77;20;19;0;0;20;19
20558;3240;77;20;19;0;0;20;19
20559;3260;77;20;19;0;0;20;19
20565;3280;77;20;19;0;0;20;19
20570;3300;77;20;19;0;0;20;19
20572;3320;77;20;19;0;0;20;19
20581;3340;77;20;19;0;0;20;19
20588;3360;77;20;19;0;0;20;19
20594;3380;77;20;19;0;0;20;19
20596;3400;77;20;19;0;0;20;19
20597;3420;77;20;19;0;0;20;19
20598;3440;77;20;19;0;0;20;19
20599;3460;77;20;19;0;0;20;19
20603;3480;77;20;19;0;0;20;19
20605;3500;77;20;19;0;0;20;19
20606;3520;77;20;19;0;0;20;19
20607;3540;77;20;19;0;0;20;19
20608;3560;77;20;19;0;0;20;19
20613;3580;77;20;19;0;0;20;19
20616;3600;77;20;19;0;0;20;19
20621;3620;77;20;19;0;0;20;19
20625;3640;77;20;19;0;0;20;19
20630;3660;77;20;19;0;0;20;19
20632;3680;77;20;19;0;0;20;19
20633;3700;77;20;19;0;0;20;19
20634;3720;77;20;19;0;0;20;19
20636;3740;77;20;19;0;0;20;19
20642;3760;77;20;19;0;0;20;19
20643;3780;77;20;19;0;0;20;19
20645;3800;77;20;19;0;0;20;19
20647;3820;77;20;19;0;0;20;19
20648;3840;77;20;19;0;0;20;19
20649;3860;77;20;19;0;0;20;19
20652;3880;77;20;19;0;0;20;19
20653;3900;77;20;19;0;0;20;19
20655;3920;77;20;19;0;0;20;19
20658;3940;77;20;19;0;0;20;19
20659;3960;77;20;19;0;0;20;19
20660;3980;77;20;19;0;0;20;19
20661;4000;77;20;19;0;0;20;19
20663;4020;77;20;19;0;0;20;19
20667;4040;77;20;19;0;0;20;19
20670;4060;77;20;19;0;0;20;19
20674;0;96;20;19;0;0;20;19
20677;20;96;20;19;0;0;20;19
20679;40;96;20;19;0;0;20;19
20681;60;96;20;19;0;0;20;19
20685;80;96;20;19;0;0;20;19
20687;100;96;20;19;0;0;20;19
20689;120;96;20;19;0;0;20;19
20693;140;96;20;19;0;0;20;19
20694;160;96;20;19;0;0;20;19
20698;180;96;20;19;0;0;20;19
20709;200;96;20;19;0;0;20;19
20711;220;96;20;19;0;0;20;19
20712;240;96;20;19;0;0;20;19
20717;260;96;20;19;0;0;20;19
20718;280;96;20;19;0;0;20;19
20720;300;96;20;19;0;0;20;19
20721;320;96;20;19;0;0;20;19
20723;340;96;20;19;0;0;20;19
20725;360;96;20;19;0;0;20;19
20729;380;96;20;19;0;0;20;19
20731;400;96;20;19;0;0;20;19
20736;420;96;20;19;0;0;20;19
20738;440;96;20;19;0;0;20;19
20740;460;96;20;19;0;0;20;19
20742;480;96;20;19;0;0;20;19
20744;500;96;20;19;0;0;20;19
20745;520;96;20;19;0;0;20;19
20747;540;96;20;19;0;0;20;19
20752;560;96;20;19;0;0;20;19
20754;580;96;20;19;0;0;20;19
20756;600;96;20;19;0;0;20;19
20757;620;96;20;19;0;0;20;19
20760;640;96;20;19;0;0;20;19
20767;660;96;20;19;0;0;20;19
20769;680;96;20;19;0;0;20;19
20778;700;96;20;19;0;0;20;19
20786;720;96;20;19;0;0;20;19
20791;740;96;20;19;0;0;20;19
20792;760;96;20;19;0;0;20;19
20794;780;96;20;19;0;0;20;19
20795;800;96;20;19;0;0;20;19
20796;820;96;20;19;0;0;20;19
20799;840;96;20;19;0;0;20;19
20800;860;96;20;19;0;0;20;19
20801;880;96;20;19;0;0;20;19
20803;900;96;20;19;0;0;20;19
20804;920;96;20;19;0;0;20;19
20805;940;96;20;19;0;0;20;19
20806;960;96;20;19;0;0;20;19
20807;980;96;20;19;0;0;20;19
20808;1000;96;20;19;0;0;20;19
20809;1020;96;20;19;0;0;20;19
20811;1040;96;20;19;0;0;20;19
20812;1060;96;20;19;0;0;20;19
20813;1080;96;20;19;0;0;20;19
20816;1100;96;20;19;0;0;20;19
20817;1120;96;20;19;0;0;20;19
20818;1140;96;20;19;0;0;20;19
20820;1160;96;20;19;0;0;20;19
20821;1180;96;20;19;0;0;20;19
20822;1200;96;20;19;0;0;20;19
20823;1220;96;20;19;0;0;20;19
20826;1240;96;20;19;0;0;20;19
20828;1260;96;20;19;0;0;20;19
20834;1280;96;20;19;0;0;20;19
20837;1300;96;20;19;0;0;20;19
20839;1320;96;20;19;0;0;20;19
20840;1340;96;20;19;0;0;20;19
20841;1360;96;20;19;0;0;20;19
20843;1380;96;20;19;0;0;20;19
20844;1400;96;20;19;0;0;20;19
20845;1420;96;20;19;0;0;20;19
20846;1440;96;20;19;0;0;20;19
20848;1460;96;20;19;0;0;20;19
20849;1480;96;20;19;0;0;20;19
20851;1500;96;20;19;0;0;20;19
20852;1520;96;20;19;0;0;20;19
20853;1540;96;20;19;0;0;20;19
20854;1560;96;20;19;0;0;20;19
20855;1580;96;20;19;0;0;20;19
20856;1600;96;20;19;0;0;20;19
20857;1620;96;20;19;0;0;20;19
20859;1640;96;20;19;0;0;20;19
20860;1660;96;20;19;0;0;20;19
20861;1680;96;20;19;0;0;20;19
20864;1700;96;20;19;0;0;20;19
20869;1720;96;20;19;0;0;20;19
20870;1740;96;20;19;0;0;20;19
20871;1760;96;20;19;0;0;20;19
20872;1780;96;20;19;0;0;20;19
20873;1800;96;20;19;0;0;20;19
20874;1820;96;20;19;0;0;20;19
20876;1840;96;20;19;0;0;20;19
20877;1860;96;20;19;0;0;20;19
20881;1880;96;20;19;0;0;20;19
20882;1900;96;20;19;0;0;20;19
20885;1920;96;20;19;0;0;20;19
20887;1940;96;20;19;0;0;20;19
20889;1960;96;20;19;0;0;20;19
20891;1980;96;20;19;0;0;20;19
20892;2000;96;20;19;0;0;20;19
20896;2020;96;20;19;0;0;20;19
20898;2040;96;20;19;0;0;20;19
20900;2060;96;20;19;0;0;20;19
20901;2080;96;20;19;0;0;20;19
20906;2100;96;20;19;0;0;20;19
20908;2120;96;20;19;0;0;20;19
20911;2140;96;20;19;0;0;20;19
20912;2160;96;20;19;0;0;20;19
20914;2180;96;20;19;0;0;20;19
20915;2200;96;20;19;0;0;20;19
20917;2220;96;20;19;0;0;20;19
20918;2240;96;20;19;0;0;20;19
20919;2260;96;20;19;0;0;20;19
20923;2280;96;20;19;0;0;20;19
20924;2300;96;20;19;0;0;20;19
20925;2320;96;20;19;0;0;20;19
20928;2340;96;20;19;0;0;20;19
20932;2360;96;20;19;0;0;20;19
20934;2380;96;20;19;0;0;20;19
20935;2400;96;20;19;0;0;20;19
20936;2420;96;20;19;0;0;20;19
20937;2440;96;20;19;0;0;20;19
20939;2460;96;20;19;0;0;20;19
20940;2480;96;20;19;0;0;20;19
20941;2500;96;20;19;0;0;20;19
20943;2520;96;20;19;0;0;20;19
20945;2540;96;20;19;0;0;20;19
20955;2560;96;20;19;0;0;20;19
20956;2580;96;20;19;0;0;20;19
20957;2600;96;20;19;0;0;20;19
20960;2620;96;20;19;0;0;20;19
20961;2640;96;20;19;0;0;20;19
20964;2660;96;20;19;0;0;20;19
20966;2680;96;20;19;0;0;20;19
20971;2700;96;20;19;0;0;20;19
20973;2720;96;20;19;0;0;20;19
20975;2740;96;20;19;0;0;20;19
20976;2760;96;20;19;0;0;20;19
20977;2780;96;20;19;0;0;20;19
20979;2800;96;20;19;0;0;20;19
20982;2820;96;20;19;0;0;20;19
20984;2840;96;20;19;0;0;20;19
20985;2860;96;20;19;0;0;20;19
20986;2880;96;20;19;0;0;20;19
20987;2900;96;20;19;0;0;20;19
20988;2920;96;20;19;0;0;20;19
20989;2940;96;20;19;0;0;20;19
20991;2960;96;20;19;0;0;20;19
20992;2980;96;20;19;0;0;20;19
20993;3000;96;20;19;0;0;20;19
20995;3020;96;20;19;0;0;20;19
20998;3040;96;20;19;0;0;20;19
20999;3060;96;20;19;0;0;20;19
21000;3080;96;20;19;0;0;20;19
21002;3100;96;20;19;0;0;20;19
21005;3120;96;20;19;0;0;20;19
21006;3140;96;20;19;0;0;20;19
21009;3160;96;20;19;0;0;20;19
21010;3180;96;20;19;0;0;20;19
21014;3200;96;20;19;0;0;20;19
21015;3220;96;20;19;0;0;20;19
21016;3240;96;20;19;0;0;20;19
21017;3260;96;20;19;0;0;20;19
21018;3280;96;20;19;0;0;20;19
21019;3300;96;20;19;0;0;20;19
21021;3320;96;20;19;0;0;20;19
21024;3340;96;20;19;0;0;20;19
21028;3360;96;20;19;0;0;20;19
21029;3380;96;20;19;0;0;20;19
21032;3400;96;20;19;0;0;20;19
21033;3420;96;20;19;0;0;20;19
21034;3440;96;20;19;0;0;20;19
21035;3460;96;20;19;0;0;20;19
21037;3480;96;20;19;0;0;20;19
21038;3500;96;20;19;0;0;20;19
21040;3520;96;20;19;0;0;20;19
21042;3540;96;20;19;0;0;20;19
21043;3560;96;20;19;0;0;20;19
21046;3580;96;20;19;0;0;20;19
21047;3600;96;20;19;0;0;20;19
21048;3620;96;20;19;0;0;20;19
21049;3640;96;20;19;0;0;20;19
21050;3660;96;20;19;0;0;20;19
21051;3680;96;20;19;0;0;20;19
21053;3700;96;20;19;0;0;20;19
21055;3720;96;20;19;0;0;20;19
21056;3740;96;20;19;0;0;20;19
21057;3760;96;20;19;0;0;20;19
21058;3780;96;20;19;0;0;20;19
21059;3800;96;20;19;0;0;20;19
21060;3820;96;20;19;0;0;20;19
21063;3840;96;20;19;0;0;20;19
21065;3860;96;20;19;0;0;20;19
21066;3880;96;20;19;0;0;20;19
21067;3900;96;20;19;0;0;20;19
21068;3920;96;20;19;0;0;20;19
21069;3940;96;20;19;0;0;20;19
21070;3960;96;20;19;0;0;20;19
21072;3980;96;20;19;0;0;20;19
21073;4000;96;20;19;0;0;20;19
21074;4020;96;20;19;0;0;20;19
21076;4040;96;20;19;0;0;20;19
21078;4060;96;20;19;0;0;20;19
21083;0;115;20;19;0;0;20;19
21084;20;115;20;19;0;0;20;19
21085;40;115;20;19;0;0;20;19
21086;60;115;20;19;0;0;20;19
21089;80;115;20;19;0;0;20;19
21091;100;115;20;19;0;0;20;19
21092;120;115;20;19;0;0;20;19
21093;140;115;20;19;0;0;20;19
21095;160;115;20;19;0;0;20;19
21097;180;115;20;19;0;0;20;19
21098;200;115;20;19;0;0;20;19
21102;220;115;20;19;0;0;20;19
21103;240;115;20;19;0;0;20;19
21104;260;115;20;19;0;0;20;19
21106;280;115;20;19;0;0;20;19
21108;300;115;20;19;0;0;20;19
21109;320;115;20;19;0;0;20;19
21111;340;115;20;19;0;0;20;19
21117;360;115;20;19;0;0;20;19
21119;380;115;20;19;0;0;20;19
21120;400;115;20;19;0;0;20;19
21121;420;115;20;19;0;0;20;19
21123;440;115;20;19;0;0;20;19
21124;460;115;20;19;0;0;20;19
21127;480;115;20;19;0;0;20;19
21128;500;115;20;19;0;0;20;19
21129;520;115;20;19;0;0;20;19
21130;540;115;20;19;0;0;20;19
21132;560;115;20;19;0;0;20;19
21133;580;115;20;19;0;0;20;19
21137;600;115;20;19;0;0;20;19
21139;620;115;20;19;0;0;20;19
21147;640;115;20;19;0;0;20;19
21148;660;115;20;19;0;0;20;19
21149;680;115;20;19;0;0;20;19
21150;700;115;20;19;0;0;20;19
21151;720;115;20;19;0;0;20;19
21152;740;115;20;19;0;0;20;19
21153;760;115;20;19;0;0;20;19
21154;780;115;20;19;0;0;20;19
21155;800;115;20;19;0;0;20;19
21160;820;115;20;19;0;0;20;19
21161;840;115;20;19;0;0;20;19
21162;860;115;20;19;0;0;20;19
21163;880;115;20;19;0;0;20;19
21164;900;115;20;19;0;0;20;19
21165;920;115;20;19;0;0;20;19
21169;940;115;20;19;0;0;20;19
21170;960;115;20;19;0;0;20;19
21171;980;115;20;19;0;0;20;19
21172;1000;115;20;19;0;0;20;19
21177;1020;115;20;19;0;0;20;19
21179;1040;115;20;19;0;0;20;19
21180;1060;115;20;19;0;0;20;19
21182;1080;115;20;19;0;0;20;19
21183;1100;115;20;19;0;0;20;19
21185;1120;115;20;19;0;0;20;19
21187;1140;115;20;19;0;0;20;19
21189;1160;115;20;19;0;0;20;19
21191;1180;115;20;19;0;0;20;19
21192;1200;115;20;19;0;0;20;19
21193;1220;115;20;19;0;0;20;19
21195;1240;115;20;19;0;0;20;19
21200;1260;115;20;19;0;0;20;19
21202;1280;115;20;19;0;0;20;19
21205;1300;115;20;19;0;0;20;19
21206;1320;115;20;19;0;0;20;19
21208;1340;115;20;19;0;0;20;19
21209;1360;115;20;19;0;0;20;19
21211;1380;115;20;19;0;0;20;19
21213;1400;115;20;19;0;0;20;19
21214;1420;115;20;19;0;0;20;19
21215;1440;115;20;19;0;0;20;19
21218;1460;115;20;19;0;0;20;19
21220;1480;115;20;19;0;0;20;19
21223;1500;115;20;19;0;0;20;19
21232;1520;115;20;19;0;0;20;19
21233;1540;115;20;19;0;0;20;19
21234;1560;115;20;19;0;0;20;19
21235;1580;115;20;19;0;0;20;19
21237;1600;115;20;19;0;0;20;19
21240;1620;115;20;19;0;0;20;19
21241;1640;115;20;19;0;0;20;19
21242;1660;115;20;19;0;0;20;19
21243;1680;115;20;19;0;0;20;19
21246;1700;115;20;19;0;0;20;19
21247;1720;115;20;19;0;0;20;19
21248;1740;115;20;19;0;0;20;19
21250;1760;115;20;19;0;0;20;19
21253;1780;115;20;19;0;0;20;19
21254;1800;115;20;19;0;0;20;19
21256;1820;115;20;19;0;0;20;19
21261;1840;115;20;19;0;0;20;19
21263;1860;115;20;19;0;0;20;19
21264;1880;115;20;19;0;0;20;19
21269;1900;115;20;19;0;0;20;19
21270;1920;115;20;19;0;0;20;19
21271;1940;115;20;19;0;0;20;19
21273;1960;115;20;19;0;0;20;19
21276;1980;115;20;19;0;0;20;19
21277;2000;115;20;19;0;0;20;19
21280;2020;115;20;19;0;0;20;19
21281;2040;115;20;19;0;0;20;19
21283;2060;115;20;19;0;0;20;19
21286;2080;115;20;19;0;0;20;19
21290;2100;115;20;19;0;0;20;19
21293;2120;115;20;19;0;0;20;19
21294;2140;115;20;19;0;0;20;19
21295;2160;115;20;19;0;0;20;19
21297;2180;115;20;19;0;0;20;19
21305;2200;115;20;19;0;0;20;19
21306;2220;115;20;19;0;0;20;19
21307;2240;115;20;19;0;0;20;19
21310;2260;115;20;19;0;0;20;19
21311;2280;115;20;19;0;0;20;19
21312;2300;115;20;19;0;0;20;19
21313;2320;115;20;19;0;0;20;19
21315;2340;115;20;19;0;0;20;19
21317;2360;115;20;19;0;0;20;19
21319;2380;115;20;19;0;0;20;19
21320;2400;115;20;19;0;0;20;19
21321;2420;115;20;19;0;0;20;19
21322;2440;115;20;19;0;0;20;19
21325;2460;115;20;19;0;0;20;19
21326;2480;115;20;19;0;0;20;19
21327;2500;115;20;19;0;0;20;19
21329;2520;115;20;19;0;0;20;19
21330;2540;115;20;19;0;0;20;19
21331;2560;115;20;19;0;0;20;19
21332;2580;115;20;19;0;0;20;19
21333;2600;115;20;19;0;0;20;19
21334;2620;115;20;19;0;0;20;19
21335;2640;115;20;19;0;0;20;19
21336;2660;115;20;19;0;0;20;19
21338;2680;115;20;19;0;0;20;19
21340;2700;115;20;19;0;0;20;19
21342;2720;115;20;19;0;0;20;19
21343;2740;115;20;19;0;0;20;19
21344;2760;115;20;19;0;0;20;19
21345;2780;115;20;19;0;0;20;19
21346;2800;115;20;19;0;0;20;19
21347;2820;115;20;19;0;0;20;19
21348;2840;115;20;19;0;0;20;19
21350;2860;115;20;19;0;0;20;19
21351;2880;115;20;19;0;0;20;19
21355;2900;115;20;19;0;0;20;19
21358;2920;115;20;19;0;0;20;19
21359;2940;115;20;19;0;0;20;19
21360;2960;115;20;19;0;0;20;19
21361;2980;115;20;19;0;0;20;19
21363;3000;115;20;19;0;0;20;19
21364;3020;115;20;19;0;0;20;19
21365;3040;115;20;19;0;0;20;19
21367;3060;115;20;19;0;0;20;19
21368;3080;115;20;19;0;0;20;19
21369;3100;115;20;19;0;0;20;19
21371;3120;115;20;19;0;0;20;19
21375;3140;115;20;19;0;0;20;19
21378;3160;115;20;19;0;0;20;19
21380;3180;115;20;19;0;0;20;19
21381;3200;115;20;19;0;0;20;19
21382;3220;115;20;19;0;0;20;19
21385;3240;115;20;19;0;0;20;19
21387;3260;115;20;19;0;0;20;19
21388;3280;115;20;19;0;0;20;19
21389;3300;115;20;19;0;0;20;19
21397;3320;115;20;19;0;0;20;19
21400;3340;115;20;19;0;0;20;19
21401;3360;115;20;19;0;0;20;19
21402;3380;115;20;19;0;0;20;19
21405;3400;115;20;19;0;0;20;19
21407;3420;115;20;19;0;0;20;19
21410;3440;115;20;19;0;0;20;19
21413;3460;115;20;19;0;0;20;19
21414;3480;115;20;19;0;0;20;19
21416;3500;115;20;19;0;0;20;19
21417;3520;115;20;19;0;0;20;19
21421;3540;115;20;19;0;0;20;19
21422;3560;115;20;19;0;0;20;19
21426;3580;115;20;19;0;0;20;19
21427;3600;115;20;19;0;0;20;19
21435;3620;115;20;19;0;0;20;19
21438;3640;115;20;19;0;0;20;19
21439;3660;115;20;19;0;0;20;19
21440;3680;115;20;19;0;0;20;19
21441;3700;115;20;19;0;0;20;19
21442;3720;115;20;19;0;0;20;19
21443;3740;115;20;19;0;0;20;19
21446;3760;115;20;19;0;0;20;19
21448;3780;115;20;19;0;0;20;19
21449;3800;115;20;19;0;0;20;19
21450;3820;115;20;19;0;0;20;19
21451;3840;115;20;19;0;0;20;19
21452;3860;115;20;19;0;0;20;19
21453;3880;115;20;19;0;0;20;19
21454;3900;115;20;19;0;0;20;19
21457;3920;115;20;19;0;0;20;19
21460;3940;115;20;19;0;0;20;19
21462;3960;115;20;19;0;0;20;19
21463;3980;115;20;19;0;0;20;19
21464;4000;115;20;19;0;0;20;19
21465;4020;115;20;19;0;0;20;19
21467;4040;115;20;19;0;0;20;19
21471;4060;115;20;19;0;0;20;19
21472;0;134;20;19;0;0;20;19
21474;20;134;20;19;0;0;20;19
21475;40;134;20;19;0;0;20;19
21476;60;134;20;19;0;0;20;19
21477;80;134;20;19;0;0;20;19
21478;100;134;20;19;0;0;20;19
21480;120;134;20;19;0;0;20;19
21481;140;134;20;19;0;0;20;19
21482;160;134;20;19;0;0;20;19
21483;180;134;20;19;0;0;20;19
21484;200;134;20;19;0;0;20;19
21485;220;134;20;19;0;0;20;19
21486;240;134;20;19;0;0;20;19
21487;260;134;20;19;0;0;20;19
21488;280;134;20;19;0;0;20;19
21489;300;134;20;19;0;0;20;19
21490;320;134;20;19;0;0;20;19
21491;340;134;20;19;0;0;20;19
21493;360;134;20;19;0;0;20;19
21494;380;134;20;19;0;0;20;19
21495;400;134;20;19;0;0;20;19
21496;420;134;20;19;0;0;20;19
21497;440;134;20;19;0;0;20;19
21499;460;134;20;19;0;0;20;19
21500;480;134;20;19;0;0;20;19
21501;500;134;20;19;0;0;20;19
21505;520;134;20;19;0;0;20;19
21507;540;134;20;19;0;0;20;19
21508;560;134;20;19;0;0;20;19
21510;580;134;20;19;0;0;20;19
21512;600;134;20;19;0;0;20;19
21513;620;134;20;19;0;0;20;19
21514;640;134;20;19;0;0;20;19
21515;660;134;20;19;0;0;20;19
21516;680;134;20;19;0;0;20;19
21517;700;134;20;19;0;0;20;19
21518;720;134;20;19;0;0;20;19
21519;740;134;20;19;0;0;20;19
21520;760;134;20;19;0;0;20;19
21521;780;134;20;19;0;0;20;19
21522;800;134;20;19;0;0;20;19
21523;820;134;20;19;0;0;20;19
21525;840;134;20;19;0;0;20;19
21526;860;134;20;19;0;0;20;19
21527;880;134;20;19;0;0;20;19
21531;900;134;20;19;0;0;20;19
21532;920;134;20;19;0;0;20;19
21533;940;134;20;19;0;0;20;19
21534;960;134;20;19;0;0;20;19
21535;980;134;20;19;0;0;20;19
21536;1000;134;20;19;0;0;20;19
21537;1020;134;20;19;0;0;20;19
21539;1040;134;20;19;0;0;20;19
21542;1060;134;20;19;0;0;20;19
21543;1080;134;20;19;0;0;20;19
21544;1100;134;20;19;0;0;20;19
21545;1120;134;20;19;0;0;20;19
21547;1140;134;20;19;0;0;20;19
21548;1160;134;20;19;0;0;20;19
21549;1180;134;20;19;0;0;20;19
21550;1200;134;20;19;0;0;20;19
21551;1220;134;20;19;0;0;20;19
21553;1240;134;20;19;0;0;20;19
21554;1260;134;20;19;0;0;20;19
21555;1280;134;20;19;0;0;20;19
21556;1300;134;20;19;0;0;20;19
21557;1320;134;20;19;0;0;20;19
21558;1340;134;20;19;0;0;20;19
21560;1360;134;20;19;0;0;20;19
21561;1380;134;20;19;0;0;20;19
21562;1400;134;20;19;0;0;20;19
21563;1420;134;20;19;0;0;20;19
21564;1440;134;20;19;0;0;20;19
21565;1460;134;20;19;0;0;20;19
21566;1480;134;20;19;0;0;20;19
21568;1500;134;20;19;0;0;20;19
21570;1520;134;20;19;0;0;20;19
21571;1540;134;20;19;0;0;20;19
21574;1560;134;20;19;0;0;20;19
21576;1580;134;20;19;0;0;20;19
21577;1600;134;20;19;0;0;20;19
21578;1620;134;20;19;0;0;20;19
21579;1640;134;20;19;0;0;20;19
21582;1660;134;20;19;0;0;20;19
21584;1680;134;20;19;0;0;20;19
21586;1700;134;20;19;0;0;20;19
21587;1720;134;20;19;0;0;20;19
21588;1740;134;20;19;0;0;20;19
21589;1760;134;20;19;0;0;20;19
21590;1780;134;20;19;0;0;20;19
21591;1800;134;20;19;0;0;20;19
21592;1820;134;20;19;0;0;20;19
21595;1840;134;20;19;0;0;20;19
21596;1860;134;20;19;0;0;20;19
21602;1880;134;20;19;0;0;20;19
21603;1900;134;20;19;0;0;20;19
21604;1920;134;20;19;0;0;20;19
21606;1940;134;20;19;0;0;20;19
21608;1960;134;20;19;0;0;20;19
21610;1980;134;20;19;0;0;20;19
21613;2000;134;20;19;0;0;20;19
21615;2020;134;20;19;0;0;20;19
21617;2040;134;20;19;0;0;20;19
21618;2060;134;20;19;0;0;20;19
21619;2080;134;20;19;0;0;20;19
21621;2100;134;20;19;0;0;20;19
21622;2120;134;20;19;0;0;20;19
21623;2140;134;20;19;0;0;20;19
21624;2160;134;20;19;0;0;20;19
21627;2180;134;20;19;0;0;20;19
21628;2200;134;20;19;0;0;20;19
21629;2220;134;20;19;0;0;20;19
21632;2240;134;20;19;0;0;20;19
21634;2260;134;20;19;0;0;20;19
21636;2280;134;20;19;0;0;20;19
21638;2300;134;20;19;0;0;20;19
21643;2320;134;20;19;0;0;20;19
21644;2340;134;20;19;0;0;20;19
21646;2360;134;20;19;0;0;20;19
21647;2380;134;20;19;0;0;20;19
21648;2400;134;20;19;0;0;20;19
21650;2420;134;20;19;0;0;20;19
21652;2440;134;20;19;0;0;20;19
21653;2460;134;20;19;0;0;20;19
21654;2480;134;20;19;0;0;20;19
21657;2500;134;20;19;0;0;20;19
21658;2520;134;20;19;0;0;20;19
21659;2540;134;20;19;0;0;20;19
21661;2560;134;20;19;0;0;20;19
21667;2580;134;20;19;0;0;20;19
21668;2600;134;20;19;0;0;20;19
21670;2620;134;20;19;0;0;20;19
21671;2640;134;20;19;0;0;20;19
21672;2660;134;20;19;0;0;20;19
21673;2680;134;20;19;0;0;20;19
21674;2700;134;20;19;0;0;20;19
21675;2720;134;20;19;0;0;20;19
21676;2740;134;20;19;0;0;20;19
21679;2760;134;20;19;0;0;20;19
21681;2780;134;20;19;0;0;20;19
21682;2800;134;20;19;0;0;20;19
21683;2820;134;20;19;0;0;20;19
21684;2840;134;20;19;0;0;20;19
21688;2860;134;20;19;0;0;20;19
21691;2880;134;20;19;0;0;20;19
21693;2900;134;20;19;0;0;20;19
21695;2920;134;20;19;0;0;20;19
21696;2940;134;20;19;0;0;20;19
21697;2960;134;20;19;0;0;20;19
21698;2980;134;20;19;0;0;20;19
21700;3000;134;20;19;0;0;20;19
21702;3020;134;20;19;0;0;20;19
21703;3040;134;20;19;0;0;20;19
21704;3060;134;20;19;0;0;20;19
21705;3080;134;20;19;0;0;20;19
21708;3100;134;20;19;0;0;20;19
21709;3120;134;20;19;0;0;20;19
21710;3140;134;20;19;0;0;20;19
21711;3160;134;20;19;0;0;20;19
21712;3180;134;20;19;0;0;20;19
21713;3200;134;20;19;0;0;20;19
21714;3220;134;20;19;0;0;20;19
21715;3240;134;20;19;0;0;20;19
21716;3260;134;20;19;0;0;20;19
21717;3280;134;20;19;0;0;20;19
21719;3300;134;20;19;0;0;20;19
21721;3320;134;20;19;0;0;20;19
21722;3340;134;20;19;0;0;20;19
21725;3360;134;20;19;0;0;20;19
21726;3380;134;20;19;0;0;20;19
21727;3400;134;20;19;0;0;20;19
21729;3420;134;20;19;0;0;20;19
21730;3440;134;20;19;0;0;20;19
21733;3460;134;20;19;0;0;20;19
21734;3480;134;20;19;0;0;20;19
21735;3500;134;20;19;0;0;20;19
21736;3520;134;20;19;0;0;20;19
21737;3540;134;20;19;0;0;20;19
21738;3560;134;20;19;0;0;20;19
21741;3580;134;20;19;0;0;20;19
21742;3600;134;20;19;0;0;20;19
21746;3620;134;20;19;0;0;20;19
21748;3640;134;20;19;0;0;20;19
21754;3660;134;20;19;0;0;20;19
21756;3680;134;20;19;0;0;20;19
21757;3700;134;20;19;0;0;20;19
21761;3720;134;20;19;0;0;20;19
21764;3740;134;20;19;0;0;20;19
21766;3760;134;20;19;0;0;20;19
21767;3780;134;20;19;0;0;20;19
21769;3800;134;20;19;0;0;20;19
21770;3820;134;20;19;0;0;20;19
21775;3840;134;20;19;0;0;20;19
21776;3860;134;20;19;0;0;20;19
21777;3880;134;20;19;0;0;20;19
21780;3900;134;20;19;0;0;20;19
21786;3920;134;20;19;0;0;20;19
21787;3940;134;20;19;0;0;20;19
21792;3960;134;20;19;0;0;20;19
21794;3980;134;20;19;0;0;20;19
21795;4000;134;20;19;0;0;20;19
21796;4020;134;20;19;0;0;20;19
21799;4040;134;20;19;0;0;20;19
21804;4060;134;20;19;0;0;20;19
21806;0;153;20;19;0;0;20;19
21807;20;153;20;19;0;0;20;19
21808;40;153;20;19;0;0;20;19
21809;60;153;20;19;0;0;20;19
21811;80;153;20;19;0;0;20;19
21813;100;153;20;19;0;0;20;19
21815;120;153;20;19;0;0;20;19
21816;140;153;20;19;0;0;20;19
21820;160;153;20;19;0;0;20;19
21822;180;153;20;19;0;0;20;19
21823;200;153;20;19;0;0;20;19
21825;220;153;20;19;0;0;20;19
21827;240;153;20;19;0;0;20;19
21828;260;153;20;19;0;0;20;19
21830;280;153;20;19;0;0;20;19
21833;300;153;20;19;0;0;20;19
21834;320;153;20;19;0;0;20;19
21839;340;153;20;19;0;0;20;19
21840;360;153;20;19;0;0;20;19
21843;380;153;20;19;0;0;20;19
21845;400;153;20;19;0;0;20;19
21846;420;153;20;19;0;0;20;19
21847;440;153;20;19;0;0;20;19
21852;460;153;20;19;0;0;20;19
21854;480;153;20;19;0;0;20;19
21855;500;153;20;19;0;0;20;19
21857;520;153;20;19;0;0;20;19
21859;540;153;20;19;0;0;20;19
21860;560;153;20;19;0;0;20;19
21861;580;153;20;19;0;0;20;19
21862;600;153;20;19;0;0;20;19
21863;620;153;20;19;0;0;20;19
21866;640;153;20;19;0;0;20;19
21868;660;153;20;19;0;0;20;19
21869;680;153;20;19;0;0;20;19
21870;700;153;20;19;0;0;20;19
21872;720;153;20;19;0;0;20;19
21877;740;153;20;19;0;0;20;19
21878;760;153;20;19;0;0;20;19
21879;780;153;20;19;0;0;20;19
21880;800;153;20;19;0;0;20;19
21883;820;153;20;19;0;0;20;19
21884;840;153;20;19;0;0;20;19
21886;860;153;20;19;0;0;20;19
21888;880;153;20;19;0;0;20;19
21889;900;153;20;19;0;0;20;19
21890;920;153;20;19;0;0;20;19
21891;940;153;20;19;0;0;20;19
21892;960;153;20;19;0;0;20;19
21895;980;153;20;19;0;0;20;19
21896;1000;153;20;19;0;0;20;19
21897;1020;153;20;19;0;0;20;19
21898;1040;153;20;19;0;0;20;19
21899;1060;153;20;19;0;0;20;19
21903;1080;153;20;19;0;0;20;19
21905;1100;153;20;19;0;0;20;19
21908;1120;153;20;19;0;0;20;19
21912;1140;153;20;19;0;0;20;19
21913;1160;153;20;19;0;0;20;19
21914;1180;153;20;19;0;0;20;19
21916;1200;153;20;19;0;0;20;19
21917;1220;153;20;19;0;0;20;19
21919;1240;153;20;19;0;0;20;19
21927;1260;153;20;19;0;0;20;19
21929;1280;153;20;19;0;0;20;19
21930;1300;153;20;19;0;0;20;19
21931;1320;153;20;19;0;0;20;19
21932;1340;153;20;19;0;0;20;19
21934;1360;153;20;19;0;0;20;19
21937;1380;153;20;19;0;0;20;19
21938;1400;153;20;19;0;0;20;19
21939;1420;153;20;19;0;0;20;19
21941;1440;153;20;19;0;0;20;19
21942;1460;153;20;19;0;0;20;19
21943;1480;153;20;19;0;0;20;19
21945;1500;153;20;19;0;0;20;19
21947;1520;153;20;19;0;0;20;19
21949;1540;153;20;19;0;0;20;19
21950;1560;153;20;19;0;0;20;19
21956;1580;153;20;19;0;0;20;19
21957;1600;153;20;19;0;0;20;19
21958;1620;153;20;19;0;0;20;19
21959;1640;153;20;19;0;0;20;19
21961;1660;153;20;19;0;0;20;19
21964;1680;153;20;19;0;0;20;19
21965;1700;153;20;19;0;0;20;19
21966;1720;153;20;19;0;0;20;19
21968;1740;153;20;19;0;0;20;19
21969;1760;153;20;19;0;0;20;19
21970;1780;153;20;19;0;0;20;19
21971;1800;153;20;19;0;0;20;19
21972;1820;153;20;19;0;0;20;19
21974;1840;153;20;19;0;0;20;19
21976;1860;153;20;19;0;0;20;19
21978;1880;153;20;19;0;0;20;19
21980;1900;153;20;19;0;0;20;19
21981;1920;153;20;19;0;0;20;19
21982;1940;153;20;19;0;0;20;19
21983;1960;153;20;19;0;0;20;19
21985;1980;153;20;19;0;0;20;19
21987;2000;153;20;19;0;0;20;19
21988;2020;153;20;19;0;0;20;19
21989;2040;153;20;19;0;0;20;19
21990;2060;153;20;19;0;0;20;19
21992;2080;153;20;19;0;0;20;19
21993;2100;153;20;19;0;0;20;19
21994;2120;153;20;19;0;0;20;19
21995;2140;153;20;19;0;0;20;19
21996;2160;153;20;19;0;0;20;19
21999;2180;153;20;19;0;0;20;19
22002;2200;153;20;19;0;0;20;19
22003;2220;153;20;19;0;0;20;19
22005;2240;153;20;19;0;0;20;19
22006;2260;153;20;19;0;0;20;19
22007;2280;153;20;19;0;0;20;19
22013;2300;153;20;19;0;0;20;19
22014;2320;153;20;19;0;0;20;19
22016;2340;153;20;19;0;0;20;19
22017;2360;153;20;19;0;0;20;19
22022;2380;153;20;19;0;0;20;19
22024;2400;153;20;19;0;0;20;19
22025;2420;153;20;19;0;0;20;19
22028;2440;153;20;19;0;0;20;19
22029;2460;153;20;19;0;0;20;19
22030;2480;153;20;19;0;0;20;19
22036;2500;153;20;19;0;0;20;19
22038;2520;153;20;19;0;0;20;19
22039;2540;153;20;19;0;0;20;19
22040;2560;153;20;19;0;0;20;19
22042;2580;153;20;19;0;0;20;19
22043;2600;153;20;19;0;0;20;19
22044;2620;153;20;19;0;0;20;19
22046;2640;153;20;19;0;0;20;19
22047;2660;153;20;19;0;0;20;19
22049;2680;153;20;19;0;0;20;19
22051;2700;153;20;19;0;0;20;19
22052;2720;153;20;19;0;0;20;19
22055;2740;153;20;19;0;0;20;19
22057;2760;153;20;19;0;0;20;19
22060;2780;153;20;19;0;0;20;19
22061;2800;153;20;19;0;0;20;19
22062;2820;153;20;19;0;0;20;19
22063;2840;153;20;19;0;0;20;19
22064;2860;153;20;19;0;0;20;19
22065;2880;153;20;19;0;0;20;19
22066;2900;153;20;19;0;0;20;19
22068;2920;153;20;19;0;0;20;19
22069;2940;153;20;19;0;0;20;19
22070;2960;153;20;19;0;0;20;19
22072;2980;153;20;19;0;0;20;19
22073;3000;153;20;19;0;0;20;19
22075;3020;153;20;19;0;0;20;19
22079;3040;153;20;19;0;0;20;19
22081;3060;153;20;19;0;0;20;19
22085;3080;153;20;19;0;0;20;19
22092;3100;153;20;19;0;0;20;19
22093;3120;153;20;19;0;0;20;19
22094;3140;153;20;19;0;0;20;19
22096;3160;153;20;19;0;0;20;19
22099;3180;153;20;19;0;0;20;19
22100;3200;153;20;19;0;0;20;19
22103;3220;153;20;19;0;0;20;19
22104;3240;153;20;19;0;0;20;19
22105;3260;153;20;19;0;0;20;19
22106;3280;153;20;19;0;0;20;19
22108;3300;153;20;19;0;0;20;19
22109;3320;153;20;19;0;0;20;19
22112;3340;153;20;19;0;0;20;19
22114;3360;153;20;19;0;0;20;19
22116;3380;153;20;19;0;0;20;19
22117;3400;153;20;19;0;0;20;19
22118;3420;153;20;19;0;0;20;19
22120;3440;153;20;19;0;0;20;19
22121;3460;153;20;19;0;0;20;19
22122;3480;153;20;19;0;0;20;19
22123;3500;153;20;19;0;0;20;19
22124;3520;153;20;19;0;0;20;19
22127;3540;153;20;19;0;0;20;19
22129;3560;153;20;19;0;0;20;19
22130;3580;153;20;19;0;0;20;19
22132;3600;153;20;19;0;0;20;19
22134;3620;153;20;19;0;0;20;19
22136;3640;153;20;19;0;0;20;19
22137;3660;153;20;19;0;0;20;19
22139;3680;153;20;19;0;0;20;19
22140;3700;153;20;19;0;0;20;19
22144;3720;153;20;19;0;0;20;19
22148;3740;153;20;19;0;0;20;19
22149;3760;153;20;19;0;0;20;19
22150;3780;153;20;19;0;0;20;19
22151;3800;153;20;19;0;0;20;19
22158;3820;153;20;19;0;0;20;19
22159;3840;153;20;19;0;0;20;19
22160;3860;153;20;19;0;0;20;19
22163;3880;153;20;19;0;0;20;19
22165;3900;153;20;19;0;0;20;19
22169;3920;153;20;19;0;0;20;19
22179;3940;153;20;19;0;0;20;19
22181;3960;153;20;19;0;0;20;19
22182;3980;153;20;19;0;0;20;19
22183;4000;153;20;19;0;0;20;19
22184;4020;153;20;19;0;0;20;19
22190;4040;153;20;19;0;0;20;19
22191;4060;153;20;19;0;0;20;19
22195;0;172;20;19;0;0;20;19
22196;20;172;20;19;0;0;20;19
22198;40;172;20;19;0;0;20;19
22199;60;172;20;19;0;0;20;19
22204;80;172;20;19;0;0;20;19
22208;100;172;20;19;0;0;20;19
22209;120;172;20;19;0;0;20;19
22210;140;172;20;19;0;0;20;19
22216;160;172;20;19;0;0;20;19
22217;180;172;20;19;0;0;20;19
22218;200;172;20;19;0;0;20;19
22220;220;172;20;19;0;0;20;19
22221;240;172;20;19;0;0;20;19
22225;260;172;20;19;0;0;20;19
22228;280;172;20;19;0;0;20;19
22234;300;172;20;19;0;0;20;19
22235;320;172;20;19;0;0;20;19
22237;340;172;20;19;0;0;20;19
22238;360;172;20;19;0;0;20;19
22239;380;172;20;19;0;0;20;19
22240;400;172;20;19;0;0;20;19
22241;420;172;20;19;0;0;20;19
22242;440;172;20;19;0;0;20;19
22243;460;172;20;19;0;0;20;19
22244;480;172;20;19;0;0;20;19
22250;500;172;20;19;0;0;20;19
22251;520;172;20;19;0;0;20;19
22253;540;172;20;19;0;0;20;19
22256;560;172;20;19;0;0;20;19
22257;580;172;20;19;0;0;20;19
22258;600;172;20;19;0;0;20;19
22259;620;172;20;19;0;0;20;19
22260;640;172;20;19;0;0;20;19
22261;660;172;20;19;0;0;20;19
22263;680;172;20;19;0;0;20;19
22265;700;172;20;19;0;0;20;19
22266;720;172;20;19;0;0;20;19
22269;740;172;20;19;0;0;20;19
22270;760;172;20;19;0;0;20;19
22271;780;172;20;19;0;0;20;19
22275;800;172;20;19;0;0;20;19
22276;820;172;20;19;0;0;20;19
22278;840;172;20;19;0;0;20;19
22279;860;172;20;19;0;0;20;19
22280;880;172;20;19;0;0;20;19
22281;900;172;20;19;0;0;20;19
22282;920;172;20;19;0;0;20;19
22283;940;172;20;19;0;0;20;19
22285;960;172;20;19;0;0;20;19
22287;980;172;20;19;0;0;20;19
22290;1000;172;20;19;0;0;20;19
22291;1020;172;20;19;0;0;20;19
22294;1040;172;20;19;0;0;20;19
22296;1060;172;20;19;0;0;20;19
22300;1080;172;20;19;0;0;20;19
22303;1100;172;20;19;0;0;20;19
22307;1120;172;20;19;0;0;20;19
22311;1140;172;20;19;0;0;20;19
22312;1160;172;20;19;0;0;20;19
22313;1180;172;20;19;0;0;20;19
22314;1200;172;20;19;0;0;20;19
22316;1220;172;20;19;0;0;20;19
22317;1240;172;20;19;0;0;20;19
22318;1260;172;20;19;0;0;20;19
22319;1280;172;20;19;0;0;20;19
22320;1300;172;20;19;0;0;20;19
22323;1320;172;20;19;0;0;20;19
22329;1340;172;20;19;0;0;20;19
22330;1360;172;20;19;0;0;20;19
22331;1380;172;20;19;0;0;20;19
22334;1400;172;20;19;0;0;20;19
22336;1420;172;20;19;0;0;20;19
22338;1440;172;20;19;0;0;20;19
22343;1460;172;20;19;0;0;20;19
22346;1480;172;20;19;0;0;20;19
22348;1500;172;20;19;0;0;20;19
22349;1520;172;20;19;0;0;20;19
22350;1540;172;20;19;0;0;20;19
22351;1560;172;20;19;0;0;20;19
22352;1580;172;20;19;0;0;20;19
22353;1600;172;20;19;0;0;20;19
22359;1620;172;20;19;0;0;20;19
22362;1640;172;20;19;0;0;20;19
22363;1660;172;20;19;0;0;20;19
22365;1680;172;20;19;0;0;20;19
22366;1700;172;20;19;0;0;20;19
22367;1720;172;20;19;0;0;20;19
22368;1740;172;20;19;0;0;20;19
22369;1760;172;20;19;0;0;20;19
22372;1780;172;20;19;0;0;20;19
22374;1800;172;20;19;0;0;20;19
22376;1820;172;20;19;0;0;20;19
22377;1840;172;20;19;0;0;20;19
22378;1860;172;20;19;0;0;20;19
22379;1880;172;20;19;0;0;20;19
22381;1900;172;20;19;0;0;20;19
22383;1920;172;20;19;0;0;20;19
22384;1940;172;20;19;0;0;20;19
22387;1960;172;20;19;0;0;20;19
22391;1980;172;20;19;0;0;20;19
22395;2000;172;20;19;0;0;20;19
22396;2020;172;20;19;0;0;20;19
22402;2040;172;20;19;0;0;20;19
22403;2060;172;20;19;0;0;20;19
22404;2080;172;20;19;0;0;20;19
22406;2100;172;20;19;0;0;20;19
22411;2120;172;20;19;0;0;20;19
22412;2140;172;20;19;0;0;20;19
22418;2160;172;20;19;0;0;20;19
22419;2180;172;20;19;0;0;20;19
22427;2200;172;20;19;0;0;20;19
22432;2220;172;20;19;0;0;20;19
22433;2240;172;20;19;0;0;20;19
22434;2260;172;20;19;0;0;20;19
22435;2280;172;20;19;0;0;20;19
22436;2300;172;20;19;0;0;20;19
22438;2320;172;20;19;0;0;20;19
22439;2340;172;20;19;0;0;20;19
22441;2360;172;20;19;0;0;20;19
22443;2380;172;20;19;0;0;20;19
22445;2400;172;20;19;0;0;20;19
22446;2420;172;20;19;0;0;20;19
22449;2440;172;20;19;0;0;20;19
22453;2460;172;20;19;0;0;20;19
22456;2480;172;20;19;0;0;20;19
22466;2500;172;20;19;0;0;20;19
22467;2520;172;20;19;0;0;20;19
22475;2540;172;20;19;0;0;20;19
22478;2560;172;20;19;0;0;20;19
22482;2580;172;20;19;0;0;20;19
22484;2600;172;20;19;0;0;20;19
22485;2620;172;20;19;0;0;20;19
22488;2640;172;20;19;0;0;20;19
22489;2660;172;20;19;0;0;20;19
22490;2680;172;20;19;0;0;20;19
22493;2700;172;20;19;0;0;20;19
22495;2720;172;20;19;0;0;20;19
22496;2740;172;20;19;0;0;20;19
22497;2760;172;20;19;0;0;20;19
22500;2780;172;20;19;0;0;20;19
22509;2800;172;20;19;0;0;20;19
22511;2820;172;20;19;0;0;20;19
22516;2840;172;20;19;0;0;20;19
22517;2860;172;20;19;0;0;20;19
22519;2880;172;20;19;0;0;20;19
22520;2900;172;20;19;0;0;20;19
22521;2920;172;20;19;0;0;20;19
22522;2940;172;20;19;0;0;20;19
22524;2960;172;20;19;0;0;20;19
22525;2980;172;20;19;0;0;20;19
22528;3000;172;20;19;0;0;20;19
22530;3020;172;20;19;0;0;20;19
22533;3040;172;20;19;0;0;20;19
22534;3060;172;20;19;0;0;20;19
22535;3080;172;20;19;0;0;20;19
22537;3100;172;20;19;0;0;20;19
22538;3120;172;20;19;0;0;20;19
22539;3140;172;20;19;0;0;20;19
22541;3160;172;20;19;0;0;20;19
22545;3180;172;20;19;0;0;20;19
22549;3200;172;20;19;0;0;20;19
22553;3220;172;20;19;0;0;20;19
22557;3240;172;20;19;0;0;20;19
22558;3260;172;20;19;0;0;20;19
22560;3280;172;20;19;0;0;20;19
22561;3300;172;20;19;0;0;20;19
22563;3320;172;20;19;0;0;20;19
22564;3340;172;20;19;0;0;20;19
22566;3360;172;20;19;0;0;20;19
22570;3380;172;20;19;0;0;20;19
22575;3400;172;20;19;0;0;20;19
22576;3420;172;20;19;0;0;20;19
22577;3440;172;20;19;0;0;20;19
22580;3460;172;20;19;0;0;20;19
22581;3480;172;20;19;0;0;20;19
22591;3500;172;20;19;0;0;20;19
22592;3520;172;20;19;0;0;20;19
22593;3540;172;20;19;0;0;20;19
22596;3560;172;20;19;0;0;20;19
22598;3580;172;20;19;0;0;20;19
22602;3600;172;20;19;0;0;20;19
22603;3620;172;20;19;0;0;20;19
22604;3640;172;20;19;0;0;20;19
22605;3660;172;20;19;0;0;20;19
22609;3680;172;20;19;0;0;20;19
22610;3700;172;20;19;0;0;20;19
22612;3720;172;20;19;0;0;20;19
22615;3740;172;20;19;0;0;20;19
22616;3760;172;20;19;0;0;20;19
22618;3780;172;20;19;0;0;20;19
22622;3800;172;20;19;0;0;20;19
22625;3820;172;20;19;0;0;20;19
22626;3840;172;20;19;0;0;20;19
22628;3860;172;20;19;0;0;20;19
22633;3880;172;20;19;0;0;20;19
22635;3900;172;20;19;0;0;20;19
22636;3920;172;20;19;0;0;20;19
22637;3940;172;20;19;0;0;20;19
22645;3960;172;20;19;0;0;20;19
22649;3980;172;20;19;0;0;20;19
22654;4000;172;20;19;0;0;20;19
22656;4020;172;20;19;0;0;20;19
22657;4040;172;20;19;0;0;20;19
22659;4060;172;20;19;0;0;20;19
22661;0;191;20;19;0;0;20;19
22665;20;191;20;19;0;0;20;19
22666;40;191;20;19;0;0;20;19
22673;60;191;20;19;0;0;20;19
22674;80;191;20;19;0;0;20;19
22675;100;191;20;19;0;0;20;19
22679;120;191;20;19;0;0;20;19
22680;140;191;20;19;0;0;20;19
22681;160;191;20;19;0;0;20;19
22684;180;191;20;19;0;0;20;19
22686;200;191;20;19;0;0;20;19
22687;220;191;20;19;0;0;20;19
22694;240;191;20;19;0;0;20;19
22696;260;191;20;19;0;0;20;19
22697;280;191;20;19;0;0;20;19
22702;300;191;20;19;0;0;20;19
22707;320;191;20;19;0;0;20;19
22715;340;191;20;19;0;0;20;19
22716;360;191;20;19;0;0;20;19
22718;380;191;20;19;0;0;20;19
22721;400;191;20;19;0;0;20;19
22722;420;191;20;19;0;0;20;19
22725;440;191;20;19;0;0;20;19
22726;460;191;20;19;0;0;20;19
22727;480;191;20;19;0;0;20;19
22730;500;191;20;19;0;0;20;19
22732;520;191;20;19;0;0;20;19
22737;540;191;20;19;0;0;20;19
22739;560;191;20;19;0;0;20;19
22741;580;191;20;19;0;0;20;19
22744;600;191;20;19;0;0;20;19
22745;620;191;20;19;0;0;20;19
22746;640;191;20;19;0;0;20;19
22750;660;191;20;19;0;0;20;19
22751;680;191;20;19;0;0;20;19
22754;700;191;20;19;0;0;20;19
22756;720;191;20;19;0;0;20;19
22761;740;191;20;19;0;0;20;19
22763;760;191;20;19;0;0;20;19
22764;780;191;20;19;0;0;20;19
22766;800;191;20;19;0;0;20;19
22767;820;191;20;19;0;0;20;19
22768;840;191;20;19;0;0;20;19
22769;860;191;20;19;0;0;20;19
22770;880;191;20;19;0;0;20;19
22771;900;191;20;19;0;0;20;19
22774;920;191;20;19;0;0;20;19
22777;940;191;20;19;0;0;20;19
22778;960;191;20;19;0;0;20;19
22781;980;191;20;19;0;0;20;19
22788;1000;191;20;19;0;0;20;19
22791;1020;191;20;19;0;0;20;19
22793;1040;191;20;19;0;0;20;19
22797;1060;191;20;19;0;0;20;19
22799;1080;191;20;19;0;0;20;19
22804;1100;191;20;19;0;0;20;19
22805;1120;191;20;19;0;0;20;19
22806;1140;191;20;19;0;0;20;19
22809;1160;191;20;19;0;0;20;19
22810;1180;191;20;19;0;0;20;19
22812;1200;191;20;19;0;0;20;19
22815;1220;191;20;19;0;0;20;19
22816;1240;191;20;19;0;0;20;19
22818;1260;191;20;19;0;0;20;19
22820;1280;191;20;19;0;0;20;19
22821;1300;191;20;19;0;0;20;19
22823;1320;191;20;19;0;0;20;19
22825;1340;191;20;19;0;0;20;19
22826;1360;191;20;19;0;0;20;19
22827;1380;191;20;19;0;0;20;19
22828;1400;191;20;19;0;0;20;19
22829;1420;191;20;19;0;0;20;19
22830;1440;191;20;19;0;0;20;19
22831;1460;191;20;19;0;0;20;19
22833;1480;191;20;19;0;0;20;19
22836;1500;191;20;19;0;0;20;19
22839;1520;191;20;19;0;0;20;19
22840;1540;191;20;19;0;0;20;19
22841;1560;191;20;19;0;0;20;19
22842;1580;191;20;19;0;0;20;19
22844;1600;191;20;19;0;0;20;19
22846;1620;191;20;19;0;0;20;19
22849;1640;191;20;19;0;0;20;19
22850;1660;191;20;19;0;0;20;19
22852;1680;191;20;19;0;0;20;19
22855;1700;191;20;19;0;0;20;19
22856;1720;191;20;19;0;0;20;19
22857;1740;191;20;19;0;0;20;19
22859;1760;191;20;19;0;0;20;19
22860;1780;191;20;19;0;0;20;19
22862;1800;191;20;19;0;0;20;19
22863;1820;191;20;19;0;0;20;19
22864;1840;191;20;19;0;0;20;19
22865;1860;191;20;19;0;0;20;19
22868;1880;191;20;19;0;0;20;19
22869;1900;191;20;19;0;0;20;19
22870;1920;191;20;19;0;0;20;19
22871;1940;191;20;19;0;0;20;19
22872;1960;191;20;19;0;0;20;19
22874;1980;191;20;19;0;0;20;19
22880;2000;191;20;19;0;0;20;19
22882;2020;191;20;19;0;0;20;19
22885;2040;191;20;19;0;0;20;19
22887;2060;191;20;19;0;0;20;19
22888;2080;191;20;19;0;0;20;19
22889;2100;191;20;19;0;0;20;19
22890;2120;191;20;19;0;0;20;19
22893;2140;191;20;19;0;0;20;19
22894;2160;191;20;19;0;0;20;19
22899;2180;191;20;19;0;0;20;19
22900;2200;191;20;19;0;0;20;19
22902;2220;191;20;19;0;0;20;19
22904;2240;191;20;19;0;0;20;19
22905;2260;191;20;19;0;0;20;19
22909;2280;191;20;19;0;0;20;19
22913;2300;191;20;19;0;0;20;19
22914;2320;191;20;19;0;0;20;19
22915;2340;191;20;19;0;0;20;19
22916;2360;191;20;19;0;0;20;19
22918;2380;191;20;19;0;0;20;19
22919;2400;191;20;19;0;0;20;19
22920;2420;191;20;19;0;0;20;19
22922;2440;191;20;19;0;0;20;19
22925;2460;191;20;19;0;0;20;19
22930;2480;191;20;19;0;0;20;19
22931;2500;191;20;19;0;0;20;19
22934;2520;191;20;19;0;0;20;19
22935;2540;191;20;19;0;0;20;19
22937;2560;191;20;19;0;0;20;19
22941;2580;191;20;19;0;0;20;19
22942;2600;191;20;19;0;0;20;19
22947;2620;191;20;19;0;0;20;19
22948;2640;191;20;19;0;0;20;19
22949;2660;191;20;19;0;0;20;19
22952;2680;191;20;19;0;0;20;19
22953;2700;191;20;19;0;0;20;19
22954;2720;191;20;19;0;0;20;19
22955;2740;191;20;19;0;0;20;19
22956;2760;191;20;19;0;0;20;19
22958;2780;191;20;19;0;0;20;19
22959;2800;191;20;19;0;0;20;19
22962;2820;191;20;19;0;0;20;19
22963;2840;191;20;19;0;0;20;19
22969;2860;191;20;19;0;0;20;19
22970;2880;191;20;19;0;0;20;19
22971;2900;191;20;19;0;0;20;19
22974;2920;191;20;19;0;0;20;19
22982;2940;191;20;19;0;0;20;19
22985;2960;191;20;19;0;0;20;19
22986;2980;191;20;19;0;0;20;19
22987;3000;191;20;19;0;0;20;19
22989;3020;191;20;19;0;0;20;19
22992;3040;191;20;19;0;0;20;19
22993;3060;191;20;19;0;0;20;19
22994;3080;191;20;19;0;0;20;19
22995;3100;191;20;19;0;0;20;19
22996;3120;191;20;19;0;0;20;19
22999;3140;191;20;19;0;0;20;19
23000;3160;191;20;19;0;0;20;19
23002;3180;191;20;19;0;0;20;19
23004;3200;191;20;19;0;0;20;19
23005;3220;191;20;19;0;0;20;19
23011;3240;191;20;19;0;0;20;19
23013;3260;191;20;19;0;0;20;19
23014;3280;191;20;19;0;0;20;19
23016;3300;191;20;19;0;0;20;19
23018;3320;191;20;19;0;0;20;19
23019;3340;191;20;19;0;0;20;19
23020;3360;191;20;19;0;0;20;19
23022;3380;191;20;19;0;0;20;19
23033;3400;191;20;19;0;0;20;19
23035;3420;191;20;19;0;0;20;19
23039;3440;191;20;19;0;0;20;19
23041;3460;191;20;19;0;0;20;19
23043;3480;191;20;19;0;0;20;19
23044;3500;191;20;19;0;0;20;19
23045;3520;191;20;19;0;0;20;19
23046;3540;191;20;19;0;0;20;19
23047;3560;191;20;19;0;0;20;19
23048;3580;191;20;19;0;0;20;19
23049;3600;191;20;19;0;0;20;19
23052;3620;191;20;19;0;0;20;19
23057;3640;191;20;19;0;0;20;19
23059;3660;191;20;19;0;0;20;19
23064;3680;191;20;19;0;0;20;19
23067;3700;191;20;19;0;0;20;19
23068;3720;191;20;19;0;0;20;19
23071;3740;191;20;19;0;0;20;19
23072;3760;191;20;19;0;0;20;19
23075;3780;191;20;19;0;0;20;19
23077;3800;191;20;19;0;0;20;19
23081;3820;191;20;19;0;0;20;19
23087;3840;191;20;19;0;0;20;19
23089;3860;191;20;19;0;0;20;19
23090;3880;191;20;19;0;0;20;19
23092;3900;191;20;19;0;0;20;19
23094;3920;191;20;19;0;0;20;19
23100;3940;191;20;19;0;0;20;19
23104;3960;191;20;19;0;0;20;19
23105;3980;191;20;19;0;0;20;19
23110;4000;191;20;19;0;0;20;19
23113;4020;191;20;19;0;0;20;19
23114;4040;191;20;19;0;0;20;19
23125;4060;191;20;19;0;0;20;19
23130;0;210;20;19;0;0;20;19
23138;20;210;20;19;0;0;20;19
23142;40;210;20;19;0;0;20;19
23143;60;210;20;19;0;0;20;19
23146;80;210;20;19;0;0;20;19
23149;100;210;20;19;0;0;20;19
23156;120;210;20;19;0;0;20;19
23157;140;210;20;19;0;0;20;19
23158;160;210;20;19;0;0;20;19
23159;180;210;20;19;0;0;20;19
23162;200;210;20;19;0;0;20;19
23167;220;210;20;19;0;0;20;19
23186;240;210;20;19;0;0;20;19
23194;260;210;20;19;0;0;20;19
23195;280;210;20;19;0;0;20;19
23196;300;210;20;19;0;0;20;19
23207;320;210;20;19;0;0;20;19
23210;340;210;20;19;0;0;20;19
23213;360;210;20;19;0;0;20;19
23215;380;210;20;19;0;0;20;19
23218;400;210;20;19;0;0;20;19
23219;420;210;20;19;0;0;20;19
23221;440;210;20;19;0;0;20;19
23224;460;210;20;19;0;0;20;19
23228;480;210;20;19;0;0;20;19
23229;500;210;20;19;0;0;20;19
23230;520;210;20;19;0;0;20;19
23231;540;210;20;19;0;0;20;19
23233;560;210;20;19;0;0;20;19
23234;580;210;20;19;0;0;20;19
23236;600;210;20;19;0;0;20;19
23241;620;210;20;19;0;0;20;19
23243;640;210;20;19;0;0;20;19
23244;660;210;20;19;0;0;20;19
23250;680;210;20;19;0;0;20;19
23252;700;210;20;19;0;0;20;19
23254;720;210;20;19;0;0;20;19
23255;740;210;20;19;0;0;20;19
23256;760;210;20;19;0;0;20;19
23258;780;210;20;19;0;0;20;19
23264;800;210;20;19;0;0;20;19
23265;820;210;20;19;0;0;20;19
23267;840;210;20;19;0;0;20;19
23270;860;210;20;19;0;0;20;19
23273;880;210;20;19;0;0;20;19
23275;900;210;20;19;0;0;20;19
23281;920;210;20;19;0;0;20;19
23285;940;210;20;19;0;0;20;19
23290;960;210;20;19;0;0;20;19
23291;980;210;20;19;0;0;20;19
23304;1000;210;20;19;0;0;20;19
23305;1020;210;20;19;0;0;20;19
23307;1040;210;20;19;0;0;20;19
23308;1060;210;20;19;0;0;20;19
23311;1080;210;20;19;0;0;20;19
23318;1100;210;20;19;0;0;20;19
23319;1120;210;20;19;0;0;20;19
23321;1140;210;20;19;0;0;20;19
23325;1160;210;20;19;0;0;20;19
23329;1180;210;20;19;0;0;20;19
23330;1200;210;20;19;0;0;20;19
23332;1220;210;20;19;0;0;20;19
23338;1240;210;20;19;0;0;20;19
23344;1260;210;20;19;0;0;20;19
23348;1280;210;20;19;0;0;20;19
23351;1300;210;20;19;0;0;20;19
23352;1320;210;20;19;0;0;20;19
23360;1340;210;20;19;0;0;20;19
23363;1360;210;20;19;0;0;20;19
23372;1380;210;20;19;0;0;20;19
23376;1400;210;20;19;0;0;20;19
23377;1420;210;20;19;0;0;20;19
23379;1440;210;20;19;0;0;20;19
23380;1460;210;20;19;0;0;20;19
23381;1480;210;20;19;0;0;20;19
23383;1500;210;20;19;0;0;20;19
23384;1520;210;20;19;0;0;20;19
23385;1540;210;20;19;0;0;20;19
23386;1560;210;20;19;0;0;20;19
23387;1580;210;20;19;0;0;20;19
23388;1600;210;20;19;0;0;20;19
23389;1620;210;20;19;0;0;20;19
23391;1640;210;20;19;0;0;20;19
23394;1660;210;20;19;0;0;20;19
23395;1680;210;20;19;0;0;20;19
23396;1700;210;20;19;0;0;20;19
23397;1720;210;20;19;0;0;20;19
23398;1740;210;20;19;0;0;20;19
23401;1760;210;20;19;0;0;20;19
23402;1780;210;20;19;0;0;20;19
23403;1800;210;20;19;0;0;20;19
23404;1820;210;20;19;0;0;20;19
23408;1840;210;20;19;0;0;20;19
23409;1860;210;20;19;0;0;20;19
23411;1880;210;20;19;0;0;20;19
23413;1900;210;20;19;0;0;20;19
23416;1920;210;20;19;0;0;20;19
23418;1940;210;20;19;0;0;20;19
23421;1960;210;20;19;0;0;20;19
23423;1980;210;20;19;0;0;20;19
23425;2000;210;20;19;0;0;20;19
23427;2020;210;20;19;0;0;20;19
23429;2040;210;20;19;0;0;20;19
23431;2060;210;20;19;0;0;20;19
23432;2080;210;20;19;0;0;20;19
23433;2100;210;20;19;0;0;20;19
23435;2120;210;20;19;0;0;20;19
23436;2140;210;20;19;0;0;20;19
23439;2160;210;20;19;0;0;20;19
23443;2180;210;20;19;0;0;20;19
23444;2200;210;20;19;0;0;20;19
23445;2220;210;20;19;0;0;20;19
23447;2240;210;20;19;0;0;20;19
23448;2260;210;20;19;0;0;20;19
23449;2280;210;20;19;0;0;20;19
23450;2300;210;20;19;0;0;20;19
23451;2320;210;20;19;0;0;20;19
23452;2340;210;20;19;0;0;20;19
23453;2360;210;20;19;0;0;20;19
23454;2380;210;20;19;0;0;20;19
23455;2400;210;20;19;0;0;20;19
23456;2420;210;20;19;0;0;20;19
23457;2440;210;20;19;0;0;20;19
23458;2460;210;20;19;0;0;20;19
23459;2480;210;20;19;0;0;20;19
23460;2500;210;20;19;0;0;20;19
23461;2520;210;20;19;0;0;20;19
23462;2540;210;20;19;0;0;20;19
23466;2560;210;20;19;0;0;20;19
23467;2580;210;20;19;0;0;20;19
23470;2600;210;20;19;0;0;20;19
23472;2620;210;20;19;0;0;20;19
23475;2640;210;20;19;0;0;20;19
23476;2660;210;20;19;0;0;20;19
23477;2680;210;20;19;0;0;20;19
23478;2700;210;20;19;0;0;20;19
23480;2720;210;20;19;0;0;20;19
23481;2740;210;20;19;0;0;20;19
23485;2760;210;20;19;0;0;20;19
23486;2780;210;20;19;0;0;20;19
23487;2800;210;20;19;0;0;20;19
23490;2820;210;20;19;0;0;20;19
23492;2840;210;20;19;0;0;20;19
23493;2860;210;20;19;0;0;20;19
23494;2880;210;20;19;0;0;20;19
23495;2900;210;20;19;0;0;20;19
23500;2920;210;20;19;0;0;20;19
23504;2940;210;20;19;0;0;20;19
23506;2960;210;20;19;0;0;20;19
23507;2980;210;20;19;0;0;20;19
23515;3000;210;20;19;0;0;20;19
23517;3020;210;20;19;0;0;20;19
23518;3040;210;20;19;0;0;20;19
23519;3060;210;20;19;0;0;20;19
23521;3080;210;20;19;0;0;20;19
23522;3100;210;20;19;0;0;20;19
23524;3120;210;20;19;0;0;20;19
23525;3140;210;20;19;0;0;20;19
23526;3160;210;20;19;0;0;20;19
23527;3180;210;20;19;0;0;20;19
23528;3200;210;20;19;0;0;20;19
23529;3220;210;20;19;0;0;20;19
23531;3240;210;20;19;0;0;20;19
23532;3260;210;20;19;0;0;20;19
23534;3280;210;20;19;0;0;20;19
23536;3300;210;20;19;0;0;20;19
23541;3320;210;20;19;0;0;20;19
23542;3340;210;20;19;0;0;20;19
23544;3360;210;20;19;0;0;20;19
23545;3380;210;20;19;0;0;20;19
23546;3400;210;20;19;0;0;20;19
23547;3420;210;20;19;0;0;20;19
23548;3440;210;20;19;0;0;20;19
23550;3460;210;20;19;0;0;20;19
23551;3480;210;20;19;0;0;20;19
23553;3500;210;20;19;0;0;20;19
23554;3520;210;20;19;0;0;20;19
23556;3540;210;20;19;0;0;20;19
23558;3560;210;20;19;0;0;20;19
23559;3580;210;20;19;0;0;20;19
23560;3600;210;20;19;0;0;20;19
23561;3620;210;20;19;0;0;20;19
23562;3640;210;20;19;0;0;20;19
23563;3660;210;20;19;0;0;20;19
23565;3680;210;20;19;0;0;20;19
23566;3700;210;20;19;0;0;20;19
23567;3720;210;20;19;0;0;20;19
23569;3740;210;20;19;0;0;20;19
23571;3760;210;20;19;0;0;20;19
23572;3780;210;20;19;0;0;20;19
23573;3800;210;20;19;0;0;20;19
23574;3820;210;20;19;0;0;20;19
23576;3840;210;20;19;0;0;20;19
23578;3860;210;20;19;0;0;20;19
23580;3880;210;20;19;0;0;20;19
23581;3900;210;20;19;0;0;20;19
23588;3920;210;20;19;0;0;20;19
23589;3940;210;20;19;0;0;20;19
23591;3960;210;20;19;0;0;20;19
23594;3980;210;20;19;0;0;20;19
23596;4000;210;20;19;0;0;20;19
23601;4020;210;20;19;0;0;20;19
23602;4040;210;20;19;0;0;20;19
23604;4060;210;20;19;0;0;20;19
23607;0;229;20;19;0;0;20;19
23608;20;229;20;19;0;0;20;19
23609;40;229;20;19;0;0;20;19
23610;60;229;20;19;0;0;20;19
23611;80;229;20;19;0;0;20;19
23612;100;229;20;19;0;0;20;19
23613;120;229;20;19;0;0;20;19
23614;140;229;20;19;0;0;20;19
23615;160;229;20;19;0;0;20;19
23616;180;229;20;19;0;0;20;19
23617;200;229;20;19;0;0;20;19
23618;220;229;20;19;0;0;20;19
23621;240;229;20;19;0;0;20;19
23622;260;229;20;19;0;0;20;19
23624;280;229;20;19;0;0;20;19
23625;300;229;20;19;0;0;20;19
23626;320;229;20;19;0;0;20;19
23627;340;229;20;19;0;0;20;19
23629;360;229;20;19;0;0;20;19
23630;380;229;20;19;0;0;20;19
23631;400;229;20;19;0;0;20;19
23632;420;229;20;19;0;0;20;19
23633;440;229;20;19;0;0;20;19
23637;460;229;20;19;0;0;20;19
23640;480;229;20;19;0;0;20;19
23641;500;229;20;19;0;0;20;19
23644;520;229;20;19;0;0;20;19
23646;540;229;20;19;0;0;20;19
23648;560;229;20;19;0;0;20;19
23649;580;229;20;19;0;0;20;19
23650;600;229;20;19;0;0;20;19
23651;620;229;20;19;0;0;20;19
23652;640;229;20;19;0;0;20;19
23653;660;229;20;19;0;0;20;19
23654;680;229;20;19;0;0;20;19
23656;700;229;20;19;0;0;20;19
23660;720;229;20;19;0;0;20;19
23663;740;229;20;19;0;0;20;19
23665;760;229;20;19;0;0;20;19
23673;780;229;20;19;0;0;20;19
23674;800;229;20;19;0;0;20;19
23676;820;229;20;19;0;0;20;19
23679;840;229;20;19;0;0;20;19
23681;860;229;20;19;0;0;20;19
23682;880;229;20;19;0;0;20;19
23688;900;229;20;19;0;0;20;19
23692;920;229;20;19;0;0;20;19
23696;940;229;20;19;0;0;20;19
23697;960;229;20;19;0;0;20;19
23700;980;229;20;19;0;0;20;19
23702;1000;229;20;19;0;0;20;19
23703;1020;229;20;19;0;0;20;19
23704;1040;229;20;19;0;0;20;19
23706;1060;229;20;19;0;0;20;19
23707;1080;229;20;19;0;0;20;19
23713;1100;229;20;19;0;0;20;19
23714;1120;229;20;19;0;0;20;19
23715;1140;229;20;19;0;0;20;19
23721;1160;229;20;19;0;0;20;19
23723;1180;229;20;19;0;0;20;19
23724;1200;229;20;19;0;0;20;19
23725;1220;229;20;19;0;0;20;19
23729;1240;229;20;19;0;0;20;19
23731;1260;229;20;19;0;0;20;19
23735;1280;229;20;19;0;0;20;19
23736;1300;229;20;19;0;0;20;19
23743;1320;229;20;19;0;0;20;19
23745;1340;229;20;19;0;0;20;19
23748;1360;229;20;19;0;0;20;19
23751;1380;229;20;19;0;0;20;19
23755;1400;229;20;19;0;0;20;19
23762;1420;229;20;19;0;0;20;19
23769;1440;229;20;19;0;0;20;19
23776;1460;229;20;19;0;0;20;19
23777;1480;229;20;19;0;0;20;19
23779;1500;229;20;19;0;0;20;19
23780;1520;229;20;19;0;0;20;19
23781;1540;229;20;19;0;0;20;19
23782;1560;229;20;19;0;0;20;19
23784;1580;229;20;19;0;0;20;19
23786;1600;229;20;19;0;0;20;19
23789;1620;229;20;19;0;0;20;19
23792;1640;229;20;19;0;0;20;19
23796;1660;229;20;19;0;0;20;19
23798;1680;229;20;19;0;0;20;19
23803;1700;229;20;19;0;0;20;19
23805;1720;229;20;19;0;0;20;19
23809;1740;229;20;19;0;0;20;19
23810;1760;229;20;19;0;0;20;19
23811;1780;229;20;19;0;0;20;19
23814;1800;229;20;19;0;0;20;19
23815;1820;229;20;19;0;0;20;19
23821;1840;229;20;19;0;0;20;19
23822;1860;229;20;19;0;0;20;19
23825;1880;229;20;19;0;0;20;19
23828;1900;229;20;19;0;0;20;19
23830;1920;229;20;19;0;0;20;19
23831;1940;229;20;19;0;0;20;19
23833;1960;229;20;19;0;0;20;19
23834;1980;229;20;19;0;0;20;19
23835;2000;229;20;19;0;0;20;19
23842;2020;229;20;19;0;0;20;19
23844;2040;229;20;19;0;0;20;19
23846;2060;229;20;19;0;0;20;19
23849;2080;229;20;19;0;0;20;19
23853;2100;229;20;19;0;0;20;19
23854;2120;229;20;19;0;0;20;19
23859;2140;229;20;19;0;0;20;19
23860;2160;229;20;19;0;0;20;19
23869;2180;229;20;19;0;0;20;19
23879;2200;229;20;19;0;0;20;19
23882;2220;229;20;19;0;0;20;19
23883;2240;229;20;19;0;0;20;19
23884;2260;229;20;19;0;0;20;19
23886;2280;229;20;19;0;0;20;19
23888;2300;229;20;19;0;0;20;19
23894;2320;229;20;19;0;0;20;19
23896;2340;229;20;19;0;0;20;19
23897;2360;229;20;19;0;0;20;19
23899;2380;229;20;19;0;0;20;19
23901;2400;229;20;19;0;0;20;19
23912;2420;229;20;19;0;0;20;19
23913;2440;229;20;19;0;0;20;19
23915;2460;229;20;19;0;0;20;19
23916;2480;229;20;19;0;0;20;19
23919;2500;229;20;19;0;0;20;19
23924;2520;229;20;19;0;0;20;19
23936;2540;229;20;19;0;0;20;19
23937;2560;229;20;19;0;0;20;19
23938;2580;229;20;19;0;0;20;19
23940;2600;229;20;19;0;0;20;19
23943;2620;229;20;19;0;0;20;19
23956;2640;229;20;19;0;0;20;19
23959;2660;229;20;19;0;0;20;19
23961;2680;229;20;19;0;0;20;19
23965;2700;229;20;19;0;0;20;19
23968;2720;229;20;19;0;0;20;19
23975;2740;229;20;19;0;0;20;19
23991;2760;229;20;19;0;0;20;19
23992;2780;229;20;19;0;0;20;19
23994;2800;229;20;19;0;0;20;19
23996;2820;229;20;19;0;0;20;19
23997;2840;229;20;19;0;0;20;19
24005;2860;229;20;19;0;0;20;19
24009;2880;229;20;19;0;0;20;19
24011;2900;229;20;19;0;0;20;19
24013;2920;229;20;19;0;0;20;19
24018;2940;229;20;19;0;0;20;19
24020;2960;229;20;19;0;0;20;19
24022;2980;229;20;19;0;0;20;19
24029;3000;229;20;19;0;0;20;19
24030;3020;229;20;19;0;0;20;19
24033;3040;229;20;19;0;0;20;19
24034;3060;229;20;19;0;0;20;19
24035;3080;229;20;19;0;0;20;19
24037;3100;229;20;19;0;0;20;19
24038;3120;229;20;19;0;0;20;19
24039;3140;229;20;19;0;0;20;19
24040;3160;229;20;19;0;0;20;19
24041;3180;229;20;19;0;0;20;19
24043;3200;229;20;19;0;0;20;19
24046;3220;229;20;19;0;0;20;19
24047;3240;229;20;19;0;0;20;19
24048;3260;229;20;19;0;0;20;19
24049;3280;229;20;19;0;0;20;19
24050;3300;229;20;19;0;0;20;19
24051;3320;229;20;19;0;0;20;19
24052;3340;229;20;19;0;0;20;19
24055;3360;229;20;19;0;0;20;19
24057;3380;229;20;19;0;0;20;19
24059;3400;229;20;19;0;0;20;19
24061;3420;229;20;19;0;0;20;19
24062;3440;229;20;19;0;0;20;19
24065;3460;229;20;19;0;0;20;19
24066;3480;229;20;19;0;0;20;19
24067;3500;229;20;19;0;0;20;19
24069;3520;229;20;19;0;0;20;19
24070;3540;229;20;19;0;0;20;19
24072;3560;229;20;19;0;0;20;19
24076;3580;229;20;19;0;0;20;19
24079;3600;229;20;19;0;0;20;19
24080;3620;229;20;19;0;0;20;19
24081;3640;229;20;19;0;0;20;19
24084;3660;229;20;19;0;0;20;19
24085;3680;229;20;19;0;0;20;19
24086;3700;229;20;19;0;0;20;19
24088;3720;229;20;19;0;0;20;19
24089;3740;229;20;19;0;0;20;19
24090;3760;229;20;19;0;0;20;19
24091;3780;229;20;19;0;0;20;19
24092;3800;229;20;19;0;0;20;19
24093;3820;229;20;19;0;0;20;19
24101;3840;229;20;19;0;0;20;19
24102;3860;229;20;19;0;0;20;19
24103;3880;229;20;19;0;0;20;19
24107;3900;229;20;19;0;0;20;19
24109;3920;229;20;19;0;0;20;19
24110;3940;229;20;19;0;0;20;19
24111;3960;229;20;19;0;0;20;19
24112;3980;229;20;19;0;0;20;19
24115;4000;229;20;19;0;0;20;19
24118;4020;229;20;19;0;0;20;19
24119;4040;229;20;19;0;0;20;19
24120;4060;229;20;19;0;0;20;19
24123;0;248;20;19;0;0;20;19
24124;20;248;20;19;0;0;20;19
24125;40;248;20;19;0;0;20;19
24128;60;248;20;19;0;0;20;19
24130;80;248;20;19;0;0;20;19
24131;100;248;20;19;0;0;20;19
24132;120;248;20;19;0;0;20;19
24133;140;248;20;19;0;0;20;19
24140;160;248;20;19;0;0;20;19
24148;180;248;20;19;0;0;20;19
24149;200;248;20;19;0;0;20;19
24151;220;248;20;19;0;0;20;19
24152;240;248;20;19;0;0;20;19
24155;260;248;20;19;0;0;20;19
24158;280;248;20;19;0;0;20;19
24159;300;248;20;19;0;0;20;19
24161;320;248;20;19;0;0;20;19
24162;340;248;20;19;0;0;20;19
24163;360;248;20;19;0;0;20;19
24171;380;248;20;19;0;0;20;19
24178;400;248;20;19;0;0;20;19
24179;420;248;20;19;0;0;20;19
24180;440;248;20;19;0;0;20;19
24182;460;248;20;19;0;0;20;19
24184;480;248;20;19;0;0;20;19
24185;500;248;20;19;0;0;20;19
24186;520;248;20;19;0;0;20;19
24187;540;248;20;19;0;0;20;19
24188;560;248;20;19;0;0;20;19
24189;580;248;20;19;0;0;20;19
24190;600;248;20;19;0;0;20;19
24191;620;248;20;19;0;0;20;19
24193;640;248;20;19;0;0;20;19
24195;660;248;20;19;0;0;20;19
24196;680;248;20;19;0;0;20;19
24198;700;248;20;19;0;0;20;19
24199;720;248;20;19;0;0;20;19
24202;740;248;20;19;0;0;20;19
24203;760;248;20;19;0;0;20;19
24207;780;248;20;19;0;0;20;19
24208;800;248;20;19;0;0;20;19
24209;820;248;20;19;0;0;20;19
24211;840;248;20;19;0;0;20;19
24212;860;248;20;19;0;0;20;19
24213;880;248;20;19;0;0;20;19
24214;900;248;20;19;0;0;20;19
24215;920;248;20;19;0;0;20;19
24217;940;248;20;19;0;0;20;19
24218;960;248;20;19;0;0;20;19
24220;980;248;20;19;0;0;20;19
24222;1000;248;20;19;0;0;20;19
24223;1020;248;20;19;0;0;20;19
24224;1040;248;20;19;0;0;20;19
24229;1060;248;20;19;0;0;20;19
24230;1080;248;20;19;0;0;20;19
24231;1100;248;20;19;0;0;20;19
24235;1120;248;20;19;0;0;20;19
24237;1140;248;20;19;0;0;20;19
24244;1160;248;20;19;0;0;20;19
24245;1180;248;20;19;0;0;20;19
24246;1200;248;20;19;0;0;20;19
24247;1220;248;20;19;0;0;20;19
24248;1240;248;20;19;0;0;20;19
24249;1260;248;20;19;0;0;20;19
24254;1280;248;20;19;0;0;20;19
24257;1300;248;20;19;0;0;20;19
24258;1320;248;20;19;0;0;20;19
24259;1340;248;20;19;0;0;20;19
24260;1360;248;20;19;0;0;20;19
24264;1380;248;20;19;0;0;20;19
24265;1400;248;20;19;0;0;20;19
24266;1420;248;20;19;0;0;20;19
24275;1440;248;20;19;0;0;20;19
24278;1460;248;20;19;0;0;20;19
24279;1480;248;20;19;0;0;20;19
24282;1500;248;20;19;0;0;20;19
24283;1520;248;20;19;0;0;20;19
24285;1540;248;20;19;0;0;20;19
24287;1560;248;20;19;0;0;20;19
24288;1580;248;20;19;0;0;20;19
24289;1600;248;20;19;0;0;20;19
24290;1620;248;20;19;0;0;20;19
24291;1640;248;20;19;0;0;20;19
24296;1660;248;20;19;0;0;20;19
24297;1680;248;20;19;0;0;20;19
24298;1700;248;20;19;0;0;20;19
24300;1720;248;20;19;0;0;20;19
24307;1740;248;20;19;0;0;20;19
24310;1760;248;20;19;0;0;20;19
24311;1780;248;20;19;0;0;20;19
24312;1800;248;20;19;0;0;20;19
24314;1820;248;20;19;0;0;20;19
24319;1840;248;20;19;0;0;20;19
24320;1860;248;20;19;0;0;20;19
24321;1880;248;20;19;0;0;20;19
24322;1900;248;20;19;0;0;20;19
24323;1920;248;20;19;0;0;20;19
24324;1940;248;20;19;0;0;20;19
24328;1960;248;20;19;0;0;20;19
24330;1980;248;20;19;0;0;20;19
24331;2000;248;20;19;0;0;20;19
24335;2020;248;20;19;0;0;20;19
24336;2040;248;20;19;0;0;20;19
24337;2060;248;20;19;0;0;20;19
24338;2080;248;20;19;0;0;20;19
24339;2100;248;20;19;0;0;20;19
24340;2120;248;20;19;0;0;20;19
24341;2140;248;20;19;0;0;20;19
24343;2160;248;20;19;0;0;20;19
24344;2180;248;20;19;0;0;20;19
24347;2200;248;20;19;0;0;20;19
24351;2220;248;20;19;0;0;20;19
24352;2240;248;20;19;0;0;20;19
24357;2260;248;20;19;0;0;20;19
24358;2280;248;20;19;0;0;20;19
24359;2300;248;20;19;0;0;20;19
24361;2320;248;20;19;0;0;20;19
24365;2340;248;20;19;0;0;20;19
24367;2360;248;20;19;0;0;20;19
24369;2380;248;20;19;0;0;20;19
24373;2400;248;20;19;0;0;20;19
24375;2420;248;20;19;0;0;20;19
24377;2440;248;20;19;0;0;20;19
24378;2460;248;20;19;0;0;20;19
24380;2480;248;20;19;0;0;20;19
24382;2500;248;20;19;0;0;20;19
24384;2520;248;20;19;0;0;20;19
24390;2540;248;20;19;0;0;20;19
24392;2560;248;20;19;0;0;20;19
24396;2580;248;20;19;0;0;20;19
24398;2600;248;20;19;0;0;20;19
24402;2620;248;20;19;0;0;20;19
24403;2640;248;20;19;0;0;20;19
24405;2660;248;20;19;0;0;20;19
24407;2680;248;20;19;0;0;20;19
24408;2700;248;20;19;0;0;20;19
24409;2720;248;20;19;0;0;20;19
24412;2740;248;20;19;0;0;20;19
24413;2760;248;20;19;0;0;20;19
24414;2780;248;20;19;0;0;20;19
24418;2800;248;20;19;0;0;20;19
24420;2820;248;20;19;0;0;20;19
24421;2840;248;20;19;0;0;20;19
24422;2860;248;20;19;0;0;20;19
24423;2880;248;20;19;0;0;20;19
24425;2900;248;20;19;0;0;20;19
24426;2920;248;20;19;0;0;20;19
24427;2940;248;20;19;0;0;20;19
24428;2960;248;20;19;0;0;20;19
24429;2980;248;20;19;0;0;20;19
24432;3000;248;20;19;0;0;20;19
24433;3020;248;20;19;0;0;20;19
24435;3040;248;20;19;0;0;20;19
24439;3060;248;20;19;0;0;20;19
24441;3080;248;20;19;0;0;20;19
24443;3100;248;20;19;0;0;20;19
24444;3120;248;20;19;0;0;20;19
24447;3140;248;20;19;0;0;20;19
24448;3160;248;20;19;0;0;20;19
24449;3180;248;20;19;0;0;20;19
24450;3200;248;20;19;0;0;20;19
24452;3220;248;20;19;0;0;20;19
24453;3240;248;20;19;0;0;20;19
24455;3260;248;20;19;0;0;20;19
24456;3280;248;20;19;0;0;20;19
24457;3300;248;20;19;0;0;20;19
24458;3320;248;20;19;0;0;20;19
24459;3340;248;20;19;0;0;20;19
24460;3360;248;20;19;0;0;20;19
24464;3380;248;20;19;0;0;20;19
24465;3400;248;20;19;0;0;20;19
24466;3420;248;20;19;0;0;20;19
24467;3440;248;20;19;0;0;20;19
24469;3460;248;20;19;0;0;20;19
24471;3480;248;20;19;0;0;20;19
24472;3500;248;20;19;0;0;20;19
24473;3520;248;20;19;0;0;20;19
24476;3540;248;20;19;0;0;20;19
24478;3560;248;20;19;0;0;20;19
24480;3580;248;20;19;0;0;20;19
24481;3600;248;20;19;0;0;20;19
24488;3620;248;20;19;0;0;20;19
24489;3640;248;20;19;0;0;20;19
24490;3660;248;20;19;0;0;20;19
24492;3680;248;20;19;0;0;20;19
24493;3700;248;20;19;0;0;20;19
24494;3720;248;20;19;0;0;20;19
24499;3740;248;20;19;0;0;20;19
24500;3760;248;20;19;0;0;20;19
24501;3780;248;20;19;0;0;20;19
24503;3800;248;20;19;0;0;20;19
24505;3820;248;20;19;0;0;20;19
24508;3840;248;20;19;0;0;20;19
24509;3860;248;20;19;0;0;20;19
24515;3880;248;20;19;0;0;20;19
24517;3900;248;20;19;0;0;20;19
24518;3920;248;20;19;0;0;20;19
24524;3940;248;20;19;0;0;20;19
24525;3960;248;20;19;0;0;20;19
24527;3980;248;20;19;0;0;20;19
24528;4000;248;20;19;0;0;20;19
24529;4020;248;20;19;0;0;20;19
24530;4040;248;20;19;0;0;20;19
24534;4060;248;20;19;0;0;20;19
24535;0;267;20;19;0;0;20;19
24536;20;267;20;19;0;0;20;19
24537;40;267;20;19;0;0;20;19
24540;60;267;20;19;0;0;20;19
24541;80;267;20;19;0;0;20;19
24544;100;267;20;19;0;0;20;19
24545;120;267;20;19;0;0;20;19
24548;140;267;20;19;0;0;20;19
24551;160;267;20;19;0;0;20;19
24554;180;267;20;19;0;0;20;19
24555;200;267;20;19;0;0;20;19
24557;220;267;20;19;0;0;20;19
24558;240;267;20;19;0;0;20;19
24561;260;267;20;19;0;0;20;19
24565;280;267;20;19;0;0;20;19
24568;300;267;20;19;0;0;20;19
24571;320;267;20;19;0;0;20;19
24573;340;267;20;19;0;0;20;19
24574;360;267;20;19;0;0;20;19
24575;380;267;20;19;0;0;20;19
24576;400;267;20;19;0;0;20;19
24577;420;267;20;19;0;0;20;19
24578;440;267;20;19;0;0;20;19
24579;460;267;20;19;0;0;20;19
24580;480;267;20;19;0;0;20;19
24581;500;267;20;19;0;0;20;19
24582;520;267;20;19;0;0;20;19
24589;540;267;20;19;0;0;20;19
24590;560;267;20;19;0;0;20;19
24591;580;267;20;19;0;0;20;19
24594;600;267;20;19;0;0;20;19
24596;620;267;20;19;0;0;20;19
24597;640;267;20;19;0;0;20;19
24598;660;267;20;19;0;0;20;19
24601;680;267;20;19;0;0;20;19
24603;700;267;20;19;0;0;20;19
24604;720;267;20;19;0;0;20;19
24605;740;267;20;19;0;0;20;19
24608;760;267;20;19;0;0;20;19
24609;780;267;20;19;0;0;20;19
24613;800;267;20;19;0;0;20;19
24614;820;267;20;19;0;0;20;19
24615;840;267;20;19;0;0;20;19
24616;860;267;20;19;0;0;20;19
24617;880;267;20;19;0;0;20;19
24618;900;267;20;19;0;0;20;19
24619;920;267;20;19;0;0;20;19
24623;940;267;20;19;0;0;20;19
24629;960;267;20;19;0;0;20;19
24635;980;267;20;19;0;0;20;19
24636;1000;267;20;19;0;0;20;19
24639;1020;267;20;19;0;0;20;19
24641;1040;267;20;19;0;0;20;19
24642;1060;267;20;19;0;0;20;19
24643;1080;267;20;19;0;0;20;19
24646;1100;267;20;19;0;0;20;19
24651;1120;267;20;19;0;0;20;19
24653;1140;267;20;19;0;0;20;19
24656;1160;267;20;19;0;0;20;19
24658;1180;267;20;19;0;0;20;19
24659;1200;267;20;19;0;0;20;19
24661;1220;267;20;19;0;0;20;19
24665;1240;267;20;19;0;0;20;19
24666;1260;267;20;19;0;0;20;19
24672;1280;267;20;19;0;0;20;19
24674;1300;267;20;19;0;0;20;19
24675;1320;267;20;19;0;0;20;19
24676;1340;267;20;19;0;0;20;19
24677;1360;267;20;19;0;0;20;19
24679;1380;267;20;19;0;0;20;19
24680;1400;267;20;19;0;0;20;19
24681;1420;267;20;19;0;0;20;19
24682;1440;267;20;19;0;0;20;19
24683;1460;267;20;19;0;0;20;19
24684;1480;267;20;19;0;0;20;19
24685;1500;267;20;19;0;0;20;19
24687;1520;267;20;19;0;0;20;19
24688;1540;267;20;19;0;0;20;19
24691;1560;267;20;19;0;0;20;19
24693;1580;267;20;19;0;0;20;19
24694;1600;267;20;19;0;0;20;19
24696;1620;267;20;19;0;0;20;19
24697;1640;267;20;19;0;0;20;19
24698;1660;267;20;19;0;0;20;19
24699;1680;267;20;19;0;0;20;19
24700;1700;267;20;19;0;0;20;19
24701;1720;267;20;19;0;0;20;19
24703;1740;267;20;19;0;0;20;19
24708;1760;267;20;19;0;0;20;19
24709;1780;267;20;19;0;0;20;19
24713;1800;267;20;19;0;0;20;19
24716;1820;267;20;19;0;0;20;19
24717;1840;267;20;19;0;0;20;19
24722;1860;267;20;19;0;0;20;19
24724;1880;267;20;19;0;0;20;19
24726;1900;267;20;19;0;0;20;19
24730;1920;267;20;19;0;0;20;19
24731;1940;267;20;19;0;0;20;19
24733;1960;267;20;19;0;0;20;19
24735;1980;267;20;19;0;0;20;19
24736;2000;267;20;19;0;0;20;19
24739;2020;267;20;19;0;0;20;19
24741;2040;267;20;19;0;0;20;19
24742;2060;267;20;19;0;0;20;19
24744;2080;267;20;19;0;0;20;19
24745;2100;267;20;19;0;0;20;19
24746;2120;267;20;19;0;0;20;19
24747;2140;267;20;19;0;0;20;19
24748;2160;267;20;19;0;0;20;19
24749;2180;267;20;19;0;0;20;19
24751;2200;267;20;19;0;0;20;19
24753;2220;267;20;19;0;0;20;19
24754;2240;267;20;19;0;0;20;19
24756;2260;267;20;19;0;0;20;19
24757;2280;267;20;19;0;0;20;19
24758;2300;267;20;19;0;0;20;19
24760;2320;267;20;19;0;0;20;19
24763;2340;267;20;19;0;0;20;19
24764;2360;267;20;19;0;0;20;19
24765;2380;267;20;19;0;0;20;19
24766;2400;267;20;19;0;0;20;19
24772;2420;267;20;19;0;0;20;19
24773;2440;267;20;19;0;0;20;19
24774;2460;267;20;19;0;0;20;19
24775;2480;267;20;19;0;0;20;19
24778;2500;267;20;19;0;0;20;19
24779;2520;267;20;19;0;0;20;19
24785;2540;267;20;19;0;0;20;19
24787;2560;267;20;19;0;0;20;19
24789;2580;267;20;19;0;0;20;19
24792;2600;267;20;19;0;0;20;19
24794;2620;267;20;19;0;0;20;19
24796;2640;267;20;19;0;0;20;19
24797;2660;267;20;19;0;0;20;19
24799;2680;267;20;19;0;0;20;19
24800;2700;267;20;19;0;0;20;19
24801;2720;267;20;19;0;0;20;19
24806;2740;267;20;19;0;0;20;19
24807;2760;267;20;19;0;0;20;19
24808;2780;267;20;19;0;0;20;19
24809;2800;267;20;19;0;0;20;19
24811;2820;267;20;19;0;0;20;19
24812;2840;267;20;19;0;0;20;19
24813;2860;267;20;19;0;0;20;19
24814;2880;267;20;19;0;0;20;19
24815;2900;267;20;19;0;0;20;19
24816;2920;267;20;19;0;0;20;19
24817;2940;267;20;19;0;0;20;19
24818;2960;267;20;19;0;0;20;19
24819;2980;267;20;19;0;0;20;19
24820;3000;267;20;19;0;0;20;19
24822;3020;267;20;19;0;0;20;19
24825;3040;267;20;19;0;0;20;19
24826;3060;267;20;19;0;0;20;19
24827;3080;267;20;19;0;0;20;19
24832;3100;267;20;19;0;0;20;19
24833;3120;267;20;19;0;0;20;19
24838;3140;267;20;19;0;0;20;19
24840;3160;267;20;19;0;0;20;19
24841;3180;267;20;19;0;0;20;19
24846;3200;267;20;19;0;0;20;19
24847;3220;267;20;19;0;0;20;19
24850;3240;267;20;19;0;0;20;19
24852;3260;267;20;19;0;0;20;19
24853;3280;267;20;19;0;0;20;19
24858;3300;267;20;19;0;0;20;19
24859;3320;267;20;19;0;0;20;19
24860;3340;267;20;19;0;0;20;19
24863;3360;267;20;19;0;0;20;19
24864;3380;267;20;19;0;0;20;19
24867;3400;267;20;19;0;0;20;19
24868;3420;267;20;19;0;0;20;19
24870;3440;267;20;19;0;0;20;19
24871;3460;267;20;19;0;0;20;19
24872;3480;267;20;19;0;0;20;19
24875;3500;267;20;19;0;0;20;19
24884;3520;267;20;19;0;0;20;19
24887;3540;267;20;19;0;0;20;19
24894;3560;267;20;19;0;0;20;19
24895;3580;267;20;19;0;0;20;19
24900;3600;267;20;19;0;0;20;19
24903;3620;267;20;19;0;0;20;19
24904;3640;267;20;19;0;0;20;19
24906;3660;267;20;19;0;0;20;19
24907;3680;267;20;19;0;0;20;19
24908;3700;267;20;19;0;0;20;19
24909;3720;267;20;19;0;0;20;19
24910;3740;267;20;19;0;0;20;19
24913;3760;267;20;19;0;0;20;19
24915;3780;267;20;19;0;0;20;19
24917;3800;267;20;19;0;0;20;19
24920;3820;267;20;19;0;0;20;19
24922;3840;267;20;19;0;0;20;19
24925;3860;267;20;19;0;0;20;19
24927;3880;267;20;19;0;0;20;19
24930;3900;267;20;19;0;0;20;19
24931;3920;267;20;19;0;0;20;19
24935;3940;267;20;19;0;0;20;19
24936;3960;267;20;19;0;0;20;19
24938;3980;267;20;19;0;0;20;19
24939;4000;267;20;19;0;0;20;19
24942;4020;267;20;19;0;0;20;19
24944;4040;267;20;19;0;0;20;19
24947;4060;267;20;19;0;0;20;19
24949;0;286;20;19;0;0;20;19
24950;20;286;20;19;0;0;20;19
24951;40;286;20;19;0;0;20;19
24958;60;286;20;19;0;0;20;19
24962;80;286;20;19;0;0;20;19
24970;100;286;20;19;0;0;20;19
24971;120;286;20;19;0;0;20;19
24974;140;286;20;19;0;0;20;19
24976;160;286;20;19;0;0;20;19
24977;180;286;20;19;0;0;20;19
24978;200;286;20;19;0;0;20;19
24980;220;286;20;19;0;0;20;19
24986;240;286;20;19;0;0;20;19
24987;260;286;20;19;0;0;20;19
24996;280;286;20;19;0;0;20;19
24999;300;286;20;19;0;0;20;19
25000;320;286;20;19;0;0;20;19
25001;340;286;20;19;0;0;20;19
25003;360;286;20;19;0;0;20;19
25004;380;286;20;19;0;0;20;19
25006;400;286;20;19;0;0;20;19
25010;420;286;20;19;0;0;20;19
25014;440;286;20;19;0;0;20;19
25022;460;286;20;19;0;0;20;19
25026;480;286;20;19;0;0;20;19
25031;500;286;20;19;0;0;20;19
25032;520;286;20;19;0;0;20;19
25033;540;286;20;19;0;0;20;19
25034;560;286;20;19;0;0;20;19
25035;580;286;20;19;0;0;20;19
25036;600;286;20;19;0;0;20;19
25037;620;286;20;19;0;0;20;19
25040;640;286;20;19;0;0;20;19
25041;660;286;20;19;0;0;20;19
25042;680;286;20;19;0;0;20;19
25044;700;286;20;19;0;0;20;19
25055;720;286;20;19;0;0;20;19
25059;740;286;20;19;0;0;20;19
25062;760;286;20;19;0;0;20;19
25064;780;286;20;19;0;0;20;19
25074;800;286;20;19;0;0;20;19
25077;820;286;20;19;0;0;20;19
25078;840;286;20;19;0;0;20;19
25079;860;286;20;19;0;0;20;19
25080;880;286;20;19;0;0;20;19
25082;900;286;20;19;0;0;20;19
25084;920;286;20;19;0;0;20;19
25086;940;286;20;19;0;0;20;19
25087;960;286;20;19;0;0;20;19
25088;980;286;20;19;0;0;20;19
25094;1000;286;20;19;0;0;20;19
25095;1020;286;20;19;0;0;20;19
25096;1040;286;20;19;0;0;20;19
25098;1060;286;20;19;0;0;20;19
25100;1080;286;20;19;0;0;20;19
25101;1100;286;20;19;0;0;20;19
25102;1120;286;20;19;0;0;20;19
25103;1140;286;20;19;0;0;20;19
25104;1160;286;20;19;0;0;20;19
25105;1180;286;20;19;0;0;20;19
25106;1200;286;20;19;0;0;20;19
25108;1220;286;20;19;0;0;20;19
25109;1240;286;20;19;0;0;20;19
25110;1260;286;20;19;0;0;20;19
25111;1280;286;20;19;0;0;20;19
25112;1300;286;20;19;0;0;20;19
25114;1320;286;20;19;0;0;20;19
25115;1340;286;20;19;0;0;20;19
25119;1360;286;20;19;0;0;20;19
25121;1380;286;20;19;0;0;20;19
25122;1400;286;20;19;0;0;20;19
25125;1420;286;20;19;0;0;20;19
25126;1440;286;20;19;0;0;20;19
25127;1460;286;20;19;0;0;20;19
25129;1480;286;20;19;0;0;20;19
25130;1500;286;20;19;0;0;20;19
25132;1520;286;20;19;0;0;20;19
25134;1540;286;20;19;0;0;20;19
25135;1560;286;20;19;0;0;20;19
25136;1580;286;20;19;0;0;20;19
25138;1600;286;20;19;0;0;20;19
25139;1620;286;20;19;0;0;20;19
25140;1640;286;20;19;0;0;20;19
25142;1660;286;20;19;0;0;20;19
25143;1680;286;20;19;0;0;20;19
25144;1700;286;20;19;0;0;20;19
25147;1720;286;20;19;0;0;20;19
25149;1740;286;20;19;0;0;20;19
25150;1760;286;20;19;0;0;20;19
25151;1780;286;20;19;0;0;20;19
25152;1800;286;20;19;0;0;20;19
25153;1820;286;20;19;0;0;20;19
25155;1840;286;20;19;0;0;20;19
25159;1860;286;20;19;0;0;20;19
25160;1880;286;20;19;0;0;20;19
25161;1900;286;20;19;0;0;20;19
25163;1920;286;20;19;0;0;20;19
25165;1940;286;20;19;0;0;20;19
25166;1960;286;20;19;0;0;20;19
25169;1980;286;20;19;0;0;20;19
25170;2000;286;20;19;0;0;20;19
25171;2020;286;20;19;0;0;20;19
25172;2040;286;20;19;0;0;20;19
25173;2060;286;20;19;0;0;20;19
25176;2080;286;20;19;0;0;20;19
25179;2100;286;20;19;0;0;20;19
25182;2120;286;20;19;0;0;20;19
25185;2140;286;20;19;0;0;20;19
25187;2160;286;20;19;0;0;20;19
25190;2180;286;20;19;0;0;20;19
25191;2200;286;20;19;0;0;20;19
25193;2220;286;20;19;0;0;20;19
25194;2240;286;20;19;0;0;20;19
25195;2260;286;20;19;0;0;20;19
25196;2280;286;20;19;0;0;20;19
25197;2300;286;20;19;0;0;20;19
25198;2320;286;20;19;0;0;20;19
25199;2340;286;20;19;0;0;20;19
25200;2360;286;20;19;0;0;20;19
25201;2380;286;20;19;0;0;20;19
25203;2400;286;20;19;0;0;20;19
25206;2420;286;20;19;0;0;20;19
25209;2440;286;20;19;0;0;20;19
25212;2460;286;20;19;0;0;20;19
25214;2480;286;20;19;0;0;20;19
25215;2500;286;20;19;0;0;20;19
25216;2520;286;20;19;0;0;20;19
25220;2540;286;20;19;0;0;20;19
25225;2560;286;20;19;0;0;20;19
25226;2580;286;20;19;0;0;20;19
25233;2600;286;20;19;0;0;20;19
25234;2620;286;20;19;0;0;20;19
25235;2640;286;20;19;0;0;20;19
25236;2660;286;20;19;0;0;20;19
25237;2680;286;20;19;0;0;20;19
25238;2700;286;20;19;0;0;20;19
25239;2720;286;20;19;0;0;20;19
25240;2740;286;20;19;0;0;20;19
25242;2760;286;20;19;0;0;20;19
25243;2780;286;20;19;0;0;20;19
25244;2800;286;20;19;0;0;20;19
25246;2820;286;20;19;0;0;20;19
25247;2840;286;20;19;0;0;20;19
25248;2860;286;20;19;0;0;20;19
25249;2880;286;20;19;0;0;20;19
25250;2900;286;20;19;0;0;20;19
25252;2920;286;20;19;0;0;20;19
25253;2940;286;20;19;0;0;20;19
25256;2960;286;20;19;0;0;20;19
25259;2980;286;20;19;0;0;20;19
25260;3000;286;20;19;0;0;20;19
25265;3020;286;20;19;0;0;20;19
25269;3040;286;20;19;0;0;20;19
25273;3060;286;20;19;0;0;20;19
25275;3080;286;20;19;0;0;20;19
25276;3100;286;20;19;0;0;20;19
25277;3120;286;20;19;0;0;20;19
25279;3140;286;20;19;0;0;20;19
25282;3160;286;20;19;0;0;20;19
25283;3180;286;20;19;0;0;20;19
25284;3200;286;20;19;0;0;20;19
25285;3220;286;20;19;0;0;20;19
25286;3240;286;20;19;0;0;20;19
25287;3260;286;20;19;0;0;20;19
25288;3280;286;20;19;0;0;20;19
25289;3300;286;20;19;0;0;20;19
25290;3320;286;20;19;0;0;20;19
25291;3340;286;20;19;0;0;20;19
25292;3360;286;20;19;0;0;20;19
25293;3380;286;20;19;0;0;20;19
25294;3400;286;20;19;0;0;20;19
25295;3420;286;20;19;0;0;20;19
25296;3440;286;20;19;0;0;20;19
25298;3460;286;20;19;0;0;20;19
25299;3480;286;20;19;0;0;20;19
25300;3500;286;20;19;0;0;20;19
25302;3520;286;20;19;0;0;20;19
25303;3540;286;20;19;0;0;20;19
25304;3560;286;20;19;0;0;20;19
25305;3580;286;20;19;0;0;20;19
25306;3600;286;20;19;0;0;20;19
25307;3620;286;20;19;0;0;20;19
25308;3640;286;20;19;0;0;20;19
25309;3660;286;20;19;0;0;20;19
25311;3680;286;20;19;0;0;20;19
25312;3700;286;20;19;0;0;20;19
25313;3720;286;20;19;0;0;20;19
25314;3740;286;20;19;0;0;20;19
25315;3760;286;20;19;0;0;20;19
25316;3780;286;20;19;0;0;20;19
25317;3800;286;20;19;0;0;20;19
25318;3820;286;20;19;0;0;20;19
25319;3840;286;20;19;0;0;20;19
25320;3860;286;20;19;0;0;20;19
25321;3880;286;20;19;0;0;20;19
25324;3900;286;20;19;0;0;20;19
25325;3920;286;20;19;0;0;20;19
25326;3940;286;20;19;0;0;20;19
25327;3960;286;20;19;0;0;20;19
25329;3980;286;20;19;0;0;20;19
25331;4000;286;20;19;0;0;20;19
25332;4020;286;20;19;0;0;20;19
25334;4040;286;20;19;0;0;20;19
25335;4060;286;20;19;0;0;20;19
25340;0;305;20;19;0;0;20;19
25341;20;305;20;19;0;0;20;19
25342;40;305;20;19;0;0;20;19
25343;60;305;20;19;0;0;20;19
25345;80;305;20;19;0;0;20;19
25346;100;305;20;19;0;0;20;19
25351;120;305;20;19;0;0;20;19
25352;140;305;20;19;0;0;20;19
25353;160;305;20;19;0;0;20;19
25358;180;305;20;19;0;0;20;19
25361;200;305;20;19;0;0;20;19
25366;220;305;20;19;0;0;20;19
25369;240;305;20;19;0;0;20;19
25370;260;305;20;19;0;0;20;19
25371;280;305;20;19;0;0;20;19
25373;300;305;20;19;0;0;20;19
25374;320;305;20;19;0;0;20;19
25375;340;305;20;19;0;0;20;19
25376;360;305;20;19;0;0;20;19
25377;380;305;20;19;0;0;20;19
25379;400;305;20;19;0;0;20;19
25380;420;305;20;19;0;0;20;19
25381;440;305;20;19;0;0;20;19
25382;460;305;20;19;0;0;20;19
25384;480;305;20;19;0;0;20;19
25386;500;305;20;19;0;0;20;19
25387;520;305;20;19;0;0;20;19
25391;540;305;20;19;0;0;20;19
25394;560;305;20;19;0;0;20;19
25401;580;305;20;19;0;0;20;19
25402;600;305;20;19;0;0;20;19
25404;620;305;20;19;0;0;20;19
25405;640;305;20;19;0;0;20;19
25406;660;305;20;19;0;0;20;19
25407;680;305;20;19;0;0;20;19
25410;700;305;20;19;0;0;20;19
25411;720;305;20;19;0;0;20;19
25413;740;305;20;19;0;0;20;19
25414;760;305;20;19;0;0;20;19
25417;780;305;20;19;0;0;20;19
25419;800;305;20;19;0;0;20;19
25420;820;305;20;19;0;0;20;19
25421;840;305;20;19;0;0;20;19
25422;860;305;20;19;0;0;20;19
25423;880;305;20;19;0;0;20;19
25424;900;305;20;19;0;0;20;19
25429;920;305;20;19;0;0;20;19
25431;940;305;20;19;0;0;20;19
25436;960;305;20;19;0;0;20;19
25438;980;305;20;19;0;0;20;19
25439;1000;305;20;19;0;0;20;19
25441;1020;305;20;19;0;0;20;19
25442;1040;305;20;19;0;0;20;19
25443;1060;305;20;19;0;0;20;19
25447;1080;305;20;19;0;0;20;19
25448;1100;305;20;19;0;0;20;19
25449;1120;305;20;19;0;0;20;19
25451;1140;305;20;19;0;0;20;19
25453;1160;305;20;19;0;0;20;19
25454;1180;305;20;19;0;0;20;19
25455;1200;305;20;19;0;0;20;19
25457;1220;305;20;19;0;0;20;19
25458;1240;305;20;19;0;0;20;19
25462;1260;305;20;19;0;0;20;19
25463;1280;305;20;19;0;0;20;19
25466;1300;305;20;19;0;0;20;19
25467;1320;305;20;19;0;0;20;19
25469;1340;305;20;19;0;0;20;19
25472;1360;305;20;19;0;0;20;19
25474;1380;305;20;19;0;0;20;19
25475;1400;305;20;19;0;0;20;19
25476;1420;305;20;19;0;0;20;19
25479;1440;305;20;19;0;0;20;19
25480;1460;305;20;19;0;0;20;19
25481;1480;305;20;19;0;0;20;19
25482;1500;305;20;19;0;0;20;19
25484;1520;305;20;19;0;0;20;19
25487;1540;305;20;19;0;0;20;19
25488;1560;305;20;19;0;0;20;19
25490;1580;305;20;19;0;0;20;19
25491;1600;305;20;19;0;0;20;19
25494;1620;305;20;19;0;0;20;19
25496;1640;305;20;19;0;0;20;19
25497;1660;305;20;19;0;0;20;19
25499;1680;305;20;19;0;0;20;19
25504;1700;305;20;19;0;0;20;19
25505;1720;305;20;19;0;0;20;19
25506;1740;305;20;19;0;0;20;19
25507;1760;305;20;19;0;0;20;19
25509;1780;305;20;19;0;0;20;19
25511;1800;305;20;19;0;0;20;19
25512;1820;305;20;19;0;0;20;19
25513;1840;305;20;19;0;0;20;19
25514;1860;305;20;19;0;0;20;19
25516;1880;305;20;19;0;0;20;19
25518;1900;305;20;19;0;0;20;19
25520;1920;305;20;19;0;0;20;19
25521;1940;305;20;19;0;0;20;19
25522;1960;305;20;19;0;0;20;19
25523;1980;305;20;19;0;0;20;19
25524;2000;305;20;19;0;0;20;19
25527;2020;305;20;19;0;0;20;19
25528;2040;305;20;19;0;0;20;19
25530;2060;305;20;19;0;0;20;19
25532;2080;305;20;19;0;0;20;19
25534;2100;305;20;19;0;0;20;19
25536;2120;305;20;19;0;0;20;19
25540;2140;305;20;19;0;0;20;19
25542;2160;305;20;19;0;0;20;19
25545;2180;305;20;19;0;0;20;19
25549;2200;305;20;19;0;0;20;19
25551;2220;305;20;19;0;0;20;19
25552;2240;305;20;19;0;0;20;19
25554;2260;305;20;19;0;0;20;19
25558;2280;305;20;19;0;0;20;19
25562;2300;305;20;19;0;0;20;19
25563;2320;305;20;19;0;0;20;19
25568;2340;305;20;19;0;0;20;19
25569;2360;305;20;19;0;0;20;19
25571;2380;305;20;19;0;0;20;19
25577;2400;305;20;19;0;0;20;19
25578;2420;305;20;19;0;0;20;19
25581;2440;305;20;19;0;0;20;19
25582;2460;305;20;19;0;0;20;19
25587;2480;305;20;19;0;0;20;19
25588;2500;305;20;19;0;0;20;19
25590;2520;305;20;19;0;0;20;19
25592;2540;305;20;19;0;0;20;19
25593;2560;305;20;19;0;0;20;19
25594;2580;305;20;19;0;0;20;19
25597;2600;305;20;19;0;0;20;19
25599;2620;305;20;19;0;0;20;19
25600;2640;305;20;19;0;0;20;19
25601;2660;305;20;19;0;0;20;19
25602;2680;305;20;19;0;0;20;19
25605;2700;305;20;19;0;0;20;19
25606;2720;305;20;19;0;0;20;19
25611;2740;305;20;19;0;0;20;19
25613;2760;305;20;19;0;0;20;19
25615;2780;305;20;19;0;0;20;19
25616;2800;305;20;19;0;0;20;19
25619;2820;305;20;19;0;0;20;19
25620;2840;305;20;19;0;0;20;19
25622;2860;305;20;19;0;0;20;19
25623;2880;305;20;19;0;0;20;19
25627;2900;305;20;19;0;0;20;19
25628;2920;305;20;19;0;0;20;19
25630;2940;305;20;19;0;0;20;19
25631;2960;305;20;19;0;0;20;19
25632;2980;305;20;19;0;0;20;19
25633;3000;305;20;19;0;0;20;19
25637;3020;305;20;19;0;0;20;19
25638;3040;305;20;19;0;0;20;19
25639;3060;305;20;19;0;0;20;19
25642;3080;305;20;19;0;0;20;19
25644;3100;305;20;19;0;0;20;19
25645;3120;305;20;19;0;0;20;19
25647;3140;305;20;19;0;0;20;19
25652;3160;305;20;19;0;0;20;19
25654;3180;305;20;19;0;0;20;19
25658;3200;305;20;19;0;0;20;19
25661;3220;305;20;19;0;0;20;19
25662;3240;305;20;19;0;0;20;19
25664;3260;305;20;19;0;0;20;19
25665;3280;305;20;19;0;0;20;19
25666;3300;305;20;19;0;0;20;19
25668;3320;305;20;19;0;0;20;19
25669;3340;305;20;19;0;0;20;19
25670;3360;305;20;19;0;0;20;19
25671;3380;305;20;19;0;0;20;19
25672;3400;305;20;19;0;0;20;19
25674;3420;305;20;19;0;0;20;19
25675;3440;305;20;19;0;0;20;19
25681;3460;305;20;19;0;0;20;19
25682;3480;305;20;19;0;0;20;19
25684;3500;305;20;19;0;0;20;19
25688;3520;305;20;19;0;0;20;19
25692;3540;305;20;19;0;0;20;19
25694;3560;305;20;19;0;0;20;19
25695;3580;305;20;19;0;0;20;19
25699;3600;305;20;19;0;0;20;19
25703;3620;305;20;19;0;0;20;19
25705;3640;305;20;19;0;0;20;19
25709;3660;305;20;19;0;0;20;19
25710;3680;305;20;19;0;0;20;19
25711;3700;305;20;19;0;0;20;19
25715;3720;305;20;19;0;0;20;19
25718;3740;305;20;19;0;0;20;19
25720;3760;305;20;19;0;0;20;19
25721;3780;305;20;19;0;0;20;19
25722;3800;305;20;19;0;0;20;19
25723;3820;305;20;19;0;0;20;19
25725;3840;305;20;19;0;0;20;19
25730;3860;305;20;19;0;0;20;19
25731;3880;305;20;19;0;0;20;19
25732;3900;305;20;19;0;0;20;19
25733;3920;305;20;19;0;0;20;19
25735;3940;305;20;19;0;0;20;19
25736;3960;305;20;19;0;0;20;19
25744;3980;305;20;19;0;0;20;19
25745;4000;305;20;19;0;0;20;19
25746;4020;305;20;19;0;0;20;19
25747;4040;305;20;19;0;0;20;19
25749;4060;305;20;19;0;0;20;19
25753;0;324;20;19;0;0;20;19
25754;20;324;20;19;0;0;20;19
25758;40;324;20;19;0;0;20;19
25762;60;324;20;19;0;0;20;19
25763;80;324;20;19;0;0;20;19
25764;100;324;20;19;0;0;20;19
25765;120;324;20;19;0;0;20;19
25769;140;324;20;19;0;0;20;19
25771;160;324;20;19;0;0;20;19
25772;180;324;20;19;0;0;20;19
25773;200;324;20;19;0;0;20;19
25774;220;324;20;19;0;0;20;19
25776;240;324;20;19;0;0;20;19
25778;260;324;20;19;0;0;20;19
25779;280;324;20;19;0;0;20;19
25781;300;324;20;19;0;0;20;19
25783;320;324;20;19;0;0;20;19
25784;340;324;20;19;0;0;20;19
25786;360;324;20;19;0;0;20;19
25787;380;324;20;19;0;0;20;19
25788;400;324;20;19;0;0;20;19
25790;420;324;20;19;0;0;20;19
25791;440;324;20;19;0;0;20;19
25792;460;324;20;19;0;0;20;19
25793;480;324;20;19;0;0;20;19
25794;500;324;20;19;0;0;20;19
25796;520;324;20;19;0;0;20;19
25797;540;324;20;19;0;0;20;19
25799;560;324;20;19;0;0;20;19
25802;580;324;20;19;0;0;20;19
25803;600;324;20;19;0;0;20;19
25805;620;324;20;19;0;0;20;19
25806;640;324;20;19;0;0;20;19
25810;660;324;20;19;0;0;20;19
25812;680;324;20;19;0;0;20;19
25816;700;324;20;19;0;0;20;19
25818;720;324;20;19;0;0;20;19
25822;740;324;20;19;0;0;20;19
25824;760;324;20;19;0;0;20;19
25825;780;324;20;19;0;0;20;19
25826;800;324;20;19;0;0;20;19
25827;820;324;20;19;0;0;20;19
25828;840;324;20;19;0;0;20;19
25830;860;324;20;19;0;0;20;19
25835;880;324;20;19;0;0;20;19
25836;900;324;20;19;0;0;20;19
25839;920;324;20;19;0;0;20;19
25840;940;324;20;19;0;0;20;19
25841;960;324;20;19;0;0;20;19
25842;980;324;20;19;0;0;20;19
25844;1000;324;20;19;0;0;20;19
25847;1020;324;20;19;0;0;20;19
25850;1040;324;20;19;0;0;20;19
25851;1060;324;20;19;0;0;20;19
25852;1080;324;20;19;0;0;20;19
25854;1100;324;20;19;0;0;20;19
25856;1120;324;20;19;0;0;20;19
25860;1140;324;20;19;0;0;20;19
25862;1160;324;20;19;0;0;20;19
25865;1180;324;20;19;0;0;20;19
25871;1200;324;20;19;0;0;20;19
25874;1220;324;20;19;0;0;20;19
25876;1240;324;20;19;0;0;20;19
25878;1260;324;20;19;0;0;20;19
25880;1280;324;20;19;0;0;20;19
25881;1300;324;20;19;0;0;20;19
25883;1320;324;20;19;0;0;20;19
25884;1340;324;20;19;0;0;20;19
25885;1360;324;20;19;0;0;20;19
25890;1380;324;20;19;0;0;20;19
25891;1400;324;20;19;0;0;20;19
25892;1420;324;20;19;0;0;20;19
25893;1440;324;20;19;0;0;20;19
25898;1460;324;20;19;0;0;20;19
25899;1480;324;20;19;0;0;20;19
25900;1500;324;20;19;0;0;20;19
25902;1520;324;20;19;0;0;20;19
25903;1540;324;20;19;0;0;20;19
25910;1560;324;20;19;0;0;20;19
25912;1580;324;20;19;0;0;20;19
25913;1600;324;20;19;0;0;20;19
25915;1620;324;20;19;0;0;20;19
25918;1640;324;20;19;0;0;20;19
25919;1660;324;20;19;0;0;20;19
25925;1680;324;20;19;0;0;20;19
25928;1700;324;20;19;0;0;20;19
25929;1720;324;20;19;0;0;20;19
25932;1740;324;20;19;0;0;20;19
25935;1760;324;20;19;0;0;20;19
25937;1780;324;20;19;0;0;20;19
25941;1800;324;20;19;0;0;20;19
25942;1820;324;20;19;0;0;20;19
25943;1840;324;20;19;0;0;20;19
25944;1860;324;20;19;0;0;20;19
25945;1880;324;20;19;0;0;20;19
25947;1900;324;20;19;0;0;20;19
25949;1920;324;20;19;0;0;20;19
25950;1940;324;20;19;0;0;20;19
25954;1960;324;20;19;0;0;20;19
25955;1980;324;20;19;0;0;20;19
25958;2000;324;20;19;0;0;20;19
25959;2020;324;20;19;0;0;20;19
25963;2040;324;20;19;0;0;20;19
25964;2060;324;20;19;0;0;20;19
25968;2080;324;20;19;0;0;20;19
25970;2100;324;20;19;0;0;20;19
25972;2120;324;20;19;0;0;20;19
25973;2140;324;20;19;0;0;20;19
25975;2160;324;20;19;0;0;20;19
25976;2180;324;20;19;0;0;20;19
25979;2200;324;20;19;0;0;20;19
25986;2220;324;20;19;0;0;20;19
25987;2240;324;20;19;0;0;20;19
25991;2260;324;20;19;0;0;20;19
25993;2280;324;20;19;0;0;20;19
25995;2300;324;20;19;0;0;20;19
25996;2320;324;20;19;0;0;20;19
25998;2340;324;20;19;0;0;20;19
26000;2360;324;20;19;0;0;20;19
26001;2380;324;20;19;0;0;20;19
26003;2400;324;20;19;0;0;20;19
26005;2420;324;20;19;0;0;20;19
26007;2440;324;20;19;0;0;20;19
26009;2460;324;20;19;0;0;20;19
26011;2480;324;20;19;0;0;20;19
26012;2500;324;20;19;0;0;20;19
26015;2520;324;20;19;0;0;20;19
26017;2540;324;20;19;0;0;20;19
26020;2560;324;20;19;0;0;20;19
26021;2580;324;20;19;0;0;20;19
26023;2600;324;20;19;0;0;20;19
26025;2620;324;20;19;0;0;20;19
26027;2640;324;20;19;0;0;20;19
26028;2660;324;20;19;0;0;20;19
26029;2680;324;20;19;0;0;20;19
26031;2700;324;20;19;0;0;20;19
26032;2720;324;20;19;0;0;20;19
26039;2740;324;20;19;0;0;20;19
26041;2760;324;20;19;0;0;20;19
26044;2780;324;20;19;0;0;20;19
26045;2800;324;20;19;0;0;20;19
26049;2820;324;20;19;0;0;20;19
26051;2840;324;20;19;0;0;20;19
26052;2860;324;20;19;0;0;20;19
26053;2880;324;20;19;0;0;20;19
26054;2900;324;20;19;0;0;20;19
26059;2920;324;20;19;0;0;20;19
26060;2940;324;20;19;0;0;20;19
26062;2960;324;20;19;0;0;20;19
26063;2980;324;20;19;0;0;20;19
26066;3000;324;20;19;0;0;20;19
26070;3020;324;20;19;0;0;20;19
26071;3040;324;20;19;0;0;20;19
26075;3060;324;20;19;0;0;20;19
26080;3080;324;20;19;0;0;20;19
26082;3100;324;20;19;0;0;20;19
26085;3120;324;20;19;0;0;20;19
26086;3140;324;20;19;0;0;20;19
26087;3160;324;20;19;0;0;20;19
26088;3180;324;20;19;0;0;20;19
26089;3200;324;20;19;0;0;20;19
26092;3220;324;20;19;0;0;20;19
26093;3240;324;20;19;0;0;20;19
26094;3260;324;20;19;0;0;20;19
26095;3280;324;20;19;0;0;20;19
26096;3300;324;20;19;0;0;20;19
26097;3320;324;20;19;0;0;20;19
26102;3340;324;20;19;0;0;20;19
26103;3360;324;20;19;0;0;20;19
26104;3380;324;20;19;0;0;20;19
26106;3400;324;20;19;0;0;20;19
26107;3420;324;20;19;0;0;20;19
26112;3440;324;20;19;0;0;20;19
26114;3460;324;20;19;0;0;20;19
26115;3480;324;20;19;0;0;20;19
26118;3500;324;20;19;0;0;20;19
26119;3520;324;20;19;0;0;20;19
26121;3540;324;20;19;0;0;20;19
26122;3560;324;20;19;0;0;20;19
26124;3580;324;20;19;0;0;20;19
26126;3600;324;20;19;0;0;20;19
26127;3620;324;20;19;0;0;20;19
26131;3640;324;20;19;0;0;20;19
26132;3660;324;20;19;0;0;20;19
26133;3680;324;20;19;0;0;20;19
26137;3700;324;20;19;0;0;20;19
26141;3720;324;20;19;0;0;20;19
26142;3740;324;20;19;0;0;20;19
26143;3760;324;20;19;0;0;20;19
26144;3780;324;20;19;0;0;20;19
26149;3800;324;20;19;0;0;20;19
26151;3820;324;20;19;0;0;20;19
26152;3840;324;20;19;0;0;20;19
26157;3860;324;20;19;0;0;20;19
26159;3880;324;20;19;0;0;20;19
26161;3900;324;20;19;0;0;20;19
26164;3920;324;20;19;0;0;20;19
26165;3940;324;20;19;0;0;20;19
26166;3960;324;20;19;0;0;20;19
26172;3980;324;20;19;0;0;20;19
26174;4000;324;20;19;0;0;20;19
26177;4020;324;20;19;0;0;20;19
26178;4040;324;20;19;0;0;20;19
26179;4060;324;20;19;0;0;20;19
26185;0;343;20;19;0;0;20;19
26187;20;343;20;19;0;0;20;19
26188;40;343;20;19;0;0;20;19
26191;60;343;20;19;0;0;20;19
26194;80;343;20;19;0;0;20;19
26195;100;343;20;19;0;0;20;19
26196;120;343;20;19;0;0;20;19
26197;140;343;20;19;0;0;20;19
26198;160;343;20;19;0;0;20;19
26199;180;343;20;19;0;0;20;19
26202;200;343;20;19;0;0;20;19
26205;220;343;20;19;0;0;20;19
26206;240;343;20;19;0;0;20;19
26207;260;343;20;19;0;0;20;19
26209;280;343;20;19;0;0;20;19
26212;300;343;20;19;0;0;20;19
26214;320;343;20;19;0;0;20;19
26216;340;343;20;19;0;0;20;19
26217;360;343;20;19;0;0;20;19
26220;380;343;20;19;0;0;20;19
26222;400;343;20;19;0;0;20;19
26223;420;343;20;19;0;0;20;19
26224;440;343;20;19;0;0;20;19
26228;460;343;20;19;0;0;20;19
26230;480;343;20;19;0;0;20;19
26231;500;343;20;19;0;0;20;19
26234;520;343;20;19;0;0;20;19
26238;540;343;20;19;0;0;20;19
26241;560;343;20;19;0;0;20;19
26242;580;343;20;19;0;0;20;19
26244;600;343;20;19;0;0;20;19
26247;620;343;20;19;0;0;20;19
26248;640;343;20;19;0;0;20;19
26249;660;343;20;19;0;0;20;19
26252;680;343;20;19;0;0;20;19
26257;700;343;20;19;0;0;20;19
26262;720;343;20;19;0;0;20;19
26263;740;343;20;19;0;0;20;19
26269;760;343;20;19;0;0;20;19
26274;780;343;20;19;0;0;20;19
26278;800;343;20;19;0;0;20;19
26279;820;343;20;19;0;0;20;19
26280;840;343;20;19;0;0;20;19
26283;860;343;20;19;0;0;20;19
26286;880;343;20;19;0;0;20;19
26289;900;343;20;19;0;0;20;19
26292;920;343;20;19;0;0;20;19
26297;940;343;20;19;0;0;20;19
26302;960;343;20;19;0;0;20;19
26308;980;343;20;19;0;0;20;19
26310;1000;343;20;19;0;0;20;19
26311;1020;343;20;19;0;0;20;19
26313;1040;343;20;19;0;0;20;19
26326;1060;343;20;19;0;0;20;19
26329;1080;343;20;19;0;0;20;19
26331;1100;343;20;19;0;0;20;19
26332;1120;343;20;19;0;0;20;19
26333;1140;343;20;19;0;0;20;19
26336;1160;343;20;19;0;0;20;19
26342;1180;343;20;19;0;0;20;19
26345;1200;343;20;19;0;0;20;19
26348;1220;343;20;19;0;0;20;19
26352;1240;343;20;19;0;0;20;19
26354;1260;343;20;19;0;0;20;19
26355;1280;343;20;19;0;0;20;19
26356;1300;343;20;19;0;0;20;19
26359;1320;343;20;19;0;0;20;19
26360;1340;343;20;19;0;0;20;19
26361;1360;343;20;19;0;0;20;19
26364;1380;343;20;19;0;0;20;19
26365;1400;343;20;19;0;0;20;19
26366;1420;343;20;19;0;0;20;19
26367;1440;343;20;19;0;0;20;19
26368;1460;343;20;19;0;0;20;19
26371;1480;343;20;19;0;0;20;19
26376;1500;343;20;19;0;0;20;19
26377;1520;343;20;19;0;0;20;19
26379;1540;343;20;19;0;0;20;19
26381;1560;343;20;19;0;0;20;19
26384;1580;343;20;19;0;0;20;19
26388;1600;343;20;19;0;0;20;19
26389;1620;343;20;19;0;0;20;19
26391;1640;343;20;19;0;0;20;19
26395;1660;343;20;19;0;0;20;19
26397;1680;343;20;19;0;0;20;19
26399;1700;343;20;19;0;0;20;19
26406;1720;343;20;19;0;0;20;19
26407;1740;343;20;19;0;0;20;19
26408;1760;343;20;19;0;0;20;19
26410;1780;343;20;19;0;0;20;19
26411;1800;343;20;19;0;0;20;19
26412;1820;343;20;19;0;0;20;19
26413;1840;343;20;19;0;0;20;19
26414;1860;343;20;19;0;0;20;19
26415;1880;343;20;19;0;0;20;19
26417;1900;343;20;19;0;0;20;19
26420;1920;343;20;19;0;0;20;19
26421;1940;343;20;19;0;0;20;19
26426;1960;343;20;19;0;0;20;19
26429;1980;343;20;19;0;0;20;19
26432;2000;343;20;19;0;0;20;19
26434;2020;343;20;19;0;0;20;19
26435;2040;343;20;19;0;0;20;19
26438;2060;343;20;19;0;0;20;19
26440;2080;343;20;19;0;0;20;19
26441;2100;343;20;19;0;0;20;19
26444;2120;343;20;19;0;0;20;19
26446;2140;343;20;19;0;0;20;19
26447;2160;343;20;19;0;0;20;19
26448;2180;343;20;19;0;0;20;19
26449;2200;343;20;19;0;0;20;19
26451;2220;343;20;19;0;0;20;19
26454;2240;343;20;19;0;0;20;19
26460;2260;343;20;19;0;0;20;19
26462;2280;343;20;19;0;0;20;19
26463;2300;343;20;19;0;0;20;19
26464;2320;343;20;19;0;0;20;19
26465;2340;343;20;19;0;0;20;19
26469;2360;343;20;19;0;0;20;19
26472;2380;343;20;19;0;0;20;19
26474;2400;343;20;19;0;0;20;19
26477;2420;343;20;19;0;0;20;19
26479;2440;343;20;19;0;0;20;19
26480;2460;343;20;19;0;0;20;19
26481;2480;343;20;19;0;0;20;19
26482;2500;343;20;19;0;0;20;19
26483;2520;343;20;19;0;0;20;19
26485;2540;343;20;19;0;0;20;19
26487;2560;343;20;19;0;0;20;19
26491;2580;343;20;19;0;0;20;19
26492;2600;343;20;19;0;0;20;19
26494;2620;343;20;19;0;0;20;19
26495;2640;343;20;19;0;0;20;19
26497;2660;343;20;19;0;0;20;19
26500;2680;343;20;19;0;0;20;19
26503;2700;343;20;19;0;0;20;19
26505;2720;343;20;19;0;0;20;19
26507;2740;343;20;19;0;0;20;19
26512;2760;343;20;19;0;0;20;19
26514;2780;343;20;19;0;0;20;19
26515;2800;343;20;19;0;0;20;19
26517;2820;343;20;19;0;0;20;19
26519;2840;343;20;19;0;0;20;19
26522;2860;343;20;19;0;0;20;19
26524;2880;343;20;19;0;0;20;19
26525;2900;343;20;19;0;0;20;19
26526;2920;343;20;19;0;0;20;19
26528;2940;343;20;19;0;0;20;19
26530;2960;343;20;19;0;0;20;19
26531;2980;343;20;19;0;0;20;19
26533;3000;343;20;19;0;0;20;19
26535;3020;343;20;19;0;0;20;19
26536;3040;343;20;19;0;0;20;19
26538;3060;343;20;19;0;0;20;19
26539;3080;343;20;19;0;0;20;19
26541;3100;343;20;19;0;0;20;19
26543;3120;343;20;19;0;0;20;19
26544;3140;343;20;19;0;0;20;19
26547;3160;343;20;19;0;0;20;19
26548;3180;343;20;19;0;0;20;19
26549;3200;343;20;19;0;0;20;19
26550;3220;343;20;19;0;0;20;19
26551;3240;343;20;19;0;0;20;19
26552;3260;343;20;19;0;0;20;19
26560;3280;343;20;19;0;0;20;19
26561;3300;343;20;19;0;0;20;19
26564;3320;343;20;19;0;0;20;19
26568;3340;343;20;19;0;0;20;19
26575;3360;343;20;19;0;0;20;19
26576;3380;343;20;19;0;0;20;19
26577;3400;343;20;19;0;0;20;19
26578;3420;343;20;19;0;0;20;19
26579;3440;343;20;19;0;0;20;19
26580;3460;343;20;19;0;0;20;19
26584;3480;343;20;19;0;0;20;19
26585;3500;343;20;19;0;0;20;19
26586;3520;343;20;19;0;0;20;19
26588;3540;343;20;19;0;0;20;19
26589;3560;343;20;19;0;0;20;19
26590;3580;343;20;19;0;0;20;19
26592;3600;343;20;19;0;0;20;19
26594;3620;343;20;19;0;0;20;19
26597;3640;343;20;19;0;0;20;19
26601;3660;343;20;19;0;0;20;19
26604;3680;343;20;19;0;0;20;19
26607;3700;343;20;19;0;0;20;19
26608;3720;343;20;19;0;0;20;19
26609;3740;343;20;19;0;0;20;19
26611;3760;343;20;19;0;0;20;19
26612;3780;343;20;19;0;0;20;19
26613;3800;343;20;19;0;0;20;19
26618;3820;343;20;19;0;0;20;19
26619;3840;343;20;19;0;0;20;19
26621;3860;343;20;19;0;0;20;19
26623;3880;343;20;19;0;0;20;19
26624;3900;343;20;19;0;0;20;19
26627;3920;343;20;19;0;0;20;19
26628;3940;343;20;19;0;0;20;19
26629;3960;343;20;19;0;0;20;19
26631;3980;343;20;19;0;0;20;19
26632;4000;343;20;19;0;0;20;19
26633;4020;343;20;19;0;0;20;19
26634;4040;343;20;19;0;0;20;19
26635;4060;343;20;19;0;0;20;19
26636;0;362;20;19;0;0;20;19
26638;20;362;20;19;0;0;20;19
26639;40;362;20;19;0;0;20;19
26641;60;362;20;19;0;0;20;19
26643;80;362;20;19;0;0;20;19
26646;100;362;20;19;0;0;20;19
26647;120;362;20;19;0;0;20;19
26653;140;362;20;19;0;0;20;19
26655;160;362;20;19;0;0;20;19
26657;180;362;20;19;0;0;20;19
26665;200;362;20;19;0;0;20;19
26666;220;362;20;19;0;0;20;19
26673;240;362;20;19;0;0;20;19
26674;260;362;20;19;0;0;20;19
26675;280;362;20;19;0;0;20;19
26679;300;362;20;19;0;0;20;19
26680;320;362;20;19;0;0;20;19
26681;340;362;20;19;0;0;20;19
26684;360;362;20;19;0;0;20;19
26685;380;362;20;19;0;0;20;19
26686;400;362;20;19;0;0;20;19
26688;420;362;20;19;0;0;20;19
26689;440;362;20;19;0;0;20;19
26690;460;362;20;19;0;0;20;19
26691;480;362;20;19;0;0;20;19
26693;500;362;20;19;0;0;20;19
26694;520;362;20;19;0;0;20;19
26696;540;362;20;19;0;0;20;19
26697;560;362;20;19;0;0;20;19
26700;580;362;20;19;0;0;20;19
26702;600;362;20;19;0;0;20;19
26704;620;362;20;19;0;0;20;19
26705;640;362;20;19;0;0;20;19
26707;660;362;20;19;0;0;20;19
26708;680;362;20;19;0;0;20;19
26709;700;362;20;19;0;0;20;19
26716;720;362;20;19;0;0;20;19
26717;740;362;20;19;0;0;20;19
26719;760;362;20;19;0;0;20;19
26720;780;362;20;19;0;0;20;19
26721;800;362;20;19;0;0;20;19
26722;820;362;20;19;0;0;20;19
26723;840;362;20;19;0;0;20;19
26724;860;362;20;19;0;0;20;19
26725;880;362;20;19;0;0;20;19
26726;900;362;20;19;0;0;20;19
26727;920;362;20;19;0;0;20;19
26728;940;362;20;19;0;0;20;19
26729;960;362;20;19;0;0;20;19
26731;980;362;20;19;0;0;20;19
26740;1000;362;20;19;0;0;20;19
26742;1020;362;20;19;0;0;20;19
26743;1040;362;20;19;0;0;20;19
26751;1060;362;20;19;0;0;20;19
26753;1080;362;20;19;0;0;20;19
26755;1100;362;20;19;0;0;20;19
26757;1120;362;20;19;0;0;20;19
26758;1140;362;20;19;0;0;20;19
26767;1160;362;20;19;0;0;20;19
26771;1180;362;20;19;0;0;20;19
26772;1200;362;20;19;0;0;20;19
26775;1220;362;20;19;0;0;20;19
26776;1240;362;20;19;0;0;20;19
26781;1260;362;20;19;0;0;20;19
26783;1280;362;20;19;0;0;20;19
26786;1300;362;20;19;0;0;20;19
26790;1320;362;20;19;0;0;20;19
26791;1340;362;20;19;0;0;20;19
26792;1360;362;20;19;0;0;20;19
26795;1380;362;20;19;0;0;20;19
26797;1400;362;20;19;0;0;20;19
26799;1420;362;20;19;0;0;20;19
26800;1440;362;20;19;0;0;20;19
26803;1460;362;20;19;0;0;20;19
26805;1480;362;20;19;0;0;20;19
26815;1500;362;20;19;0;0;20;19
26816;1520;362;20;19;0;0;20;19
26817;1540;362;20;19;0;0;20;19
26818;1560;362;20;19;0;0;20;19
26820;1580;362;20;19;0;0;20;19
26821;1600;362;20;19;0;0;20;19
26825;1620;362;20;19;0;0;20;19
26827;1640;362;20;19;0;0;20;19
26829;1660;362;20;19;0;0;20;19
26834;1680;362;20;19;0;0;20;19
26835;1700;362;20;19;0;0;20;19
26837;1720;362;20;19;0;0;20;19
26838;1740;362;20;19;0;0;20;19
26839;1760;362;20;19;0;0;20;19
26840;1780;362;20;19;0;0;20;19
26842;1800;362;20;19;0;0;20;19
26845;1820;362;20;19;0;0;20;19
26847;1840;362;20;19;0;0;20;19
26848;1860;362;20;19;0;0;20;19
26851;1880;362;20;19;0;0;20;19
26855;1900;362;20;19;0;0;20;19
26862;1920;362;20;19;0;0;20;19
26864;1940;362;20;19;0;0;20;19
26865;1960;362;20;19;0;0;20;19
26866;1980;362;20;19;0;0;20;19
26869;2000;362;20;19;0;0;20;19
26873;2020;362;20;19;0;0;20;19
26874;2040;362;20;19;0;0;20;19
26875;2060;362;20;19;0;0;20;19
26876;2080;362;20;19;0;0;20;19
26881;2100;362;20;19;0;0;20;19
26885;2120;362;20;19;0;0;20;19
26891;2140;362;20;19;0;0;20;19
26893;2160;362;20;19;0;0;20;19
26894;2180;362;20;19;0;0;20;19
26895;2200;362;20;19;0;0;20;19
26896;2220;362;20;19;0;0;20;19
26898;2240;362;20;19;0;0;20;19
26908;2260;362;20;19;0;0;20;19
26911;2280;362;20;19;0;0;20;19
26912;2300;362;20;19;0;0;20;19
26916;2320;362;20;19;0;0;20;19
26922;2340;362;20;19;0;0;20;19
26925;2360;362;20;19;0;0;20;19
26928;2380;362;20;19;0;0;20;19
26932;2400;362;20;19;0;0;20;19
26937;2420;362;20;19;0;0;20;19
26941;2440;362;20;19;0;0;20;19
26943;2460;362;20;19;0;0;20;19
26946;2480;362;20;19;0;0;20;19
26954;2500;362;20;19;0;0;20;19
26963;2520;362;20;19;0;0;20;19
26964;2540;362;20;19;0;0;20;19
26970;2560;362;20;19;0;0;20;19
26973;2580;362;20;19;0;0;20;19
26974;2600;362;20;19;0;0;20;19
26976;2620;362;20;19;0;0;20;19
26978;2640;362;20;19;0;0;20;19
26979;2660;362;20;19;0;0;20;19
26982;2680;362;20;19;0;0;20;19
26984;2700;362;20;19;0;0;20;19
26987;2720;362;20;19;0;0;20;19
26989;2740;362;20;19;0;0;20;19
26990;2760;362;20;19;0;0;20;19
26991;2780;362;20;19;0;0;20;19
26997;2800;362;20;19;0;0;20;19
26999;2820;362;20;19;0;0;20;19
27000;2840;362;20;19;0;0;20;19
27001;2860;362;20;19;0;0;20;19
27004;2880;362;20;19;0;0;20;19
27005;2900;362;20;19;0;0;20;19
27010;2920;362;20;19;0;0;20;19
27012;2940;362;20;19;0;0;20;19
27014;2960;362;20;19;0;0;20;19
27016;2980;362;20;19;0;0;20;19
27017;3000;362;20;19;0;0;20;19
27028;3020;362;20;19;0;0;20;19
27029;3040;362;20;19;0;0;20;19
27030;3060;362;20;19;0;0;20;19
27032;3080;362;20;19;0;0;20;19
27035;3100;362;20;19;0;0;20;19
27036;3120;362;20;19;0;0;20;19
27047;3140;362;20;19;0;0;20;19
27048;3160;362;20;19;0;0;20;19
27051;3180;362;20;19;0;0;20;19
27053;3200;362;20;19;0;0;20;19
27054;3220;362;20;19;0;0;20;19
27057;3240;362;20;19;0;0;20;19
27060;3260;362;20;19;0;0;20;19
27063;3280;362;20;19;0;0;20;19
27067;3300;362;20;19;0;0;20;19
27071;3320;362;20;19;0;0;20;19
27073;3340;362;20;19;0;0;20;19
27075;3360;362;20;19;0;0;20;19
27082;3380;362;20;19;0;0;20;19
27083;3400;362;20;19;0;0;20;19
27084;3420;362;20;19;0;0;20;19
27085;3440;362;20;19;0;0;20;19
27086;3460;362;20;19;0;0;20;19
27088;3480;362;20;19;0;0;20;19
27091;3500;362;20;19;0;0;20;19
27092;3520;362;20;19;0;0;20;19
27096;3540;362;20;19;0;0;20;19
27097;3560;362;20;19;0;0;20;19
27099;3580;362;20;19;0;0;20;19
27103;3600;362;20;19;0;0;20;19
27104;3620;362;20;19;0;0;20;19
27108;3640;362;20;19;0;0;20;19
27111;3660;362;20;19;0;0;20;19
27112;3680;362;20;19;0;0;20;19
27117;3700;362;20;19;0;0;20;19
27122;3720;362;20;19;0;0;20;19
27123;3740;362;20;19;0;0;20;19
27133;3760;362;20;19;0;0;20;19
27135;3780;362;20;19;0;0;20;19
27137;3800;362;20;19;0;0;20;19
27138;3820;362;20;19;0;0;20;19
27141;3840;362;20;19;0;0;20;19
27146;3860;362;20;19;0;0;20;19
27155;3880;362;20;19;0;0;20;19
27159;3900;362;20;19;0;0;20;19
27160;3920;362;20;19;0;0;20;19
27161;3940;362;20;19;0;0;20;19
27166;3960;362;20;19;0;0;20;19
27167;3980;362;20;19;0;0;20;19
27169;4000;362;20;19;0;0;20;19
27171;4020;362;20;19;0;0;20;19
27176;4040;362;20;19;0;0;20;19
27177;4060;362;20;19;0;0;20;19
27178;0;381;20;19;0;0;20;19
27183;20;381;20;19;0;0;20;19
27185;40;381;20;19;0;0;20;19
27189;60;381;20;19;0;0;20;19
27192;80;381;20;19;0;0;20;19
27193;100;381;20;19;0;0;20;19
27194;120;381;20;19;0;0;20;19
27197;140;381;20;19;0;0;20;19
27198;160;381;20;19;0;0;20;19
27204;180;381;20;19;0;0;20;19
27206;200;381;20;19;0;0;20;19
27207;220;381;20;19;0;0;20;19
27208;240;381;20;19;0;0;20;19
27211;260;381;20;19;0;0;20;19
27216;280;381;20;19;0;0;20;19
27224;300;381;20;19;0;0;20;19
27225;320;381;20;19;0;0;20;19
27226;340;381;20;19;0;0;20;19
27227;360;381;20;19;0;0;20;19
27231;380;381;20;19;0;0;20;19
27233;400;381;20;19;0;0;20;19
27234;420;381;20;19;0;0;20;19
27243;440;381;20;19;0;0;20;19
27248;460;381;20;19;0;0;20;19
27249;480;381;20;19;0;0;20;19
27257;500;381;20;19;0;0;20;19
27260;520;381;20;19;0;0;20;19
27263;540;381;20;19;0;0;20;19
27264;560;381;20;19;0;0;20;19
27265;580;381;20;19;0;0;20;19
27268;600;381;20;19;0;0;20;19
27273;620;381;20;19;0;0;20;19
27278;640;381;20;19;0;0;20;19
27280;660;381;20;19;0;0;20;19
27284;680;381;20;19;0;0;20;19
27287;700;381;20;19;0;0;20;19
27292;720;381;20;19;0;0;20;19
27296;740;381;20;19;0;0;20;19
27298;760;381;20;19;0;0;20;19
27299;780;381;20;19;0;0;20;19
27301;800;381;20;19;0;0;20;19
27305;820;381;20;19;0;0;20;19
27308;840;381;20;19;0;0;20;19
27310;860;381;20;19;0;0;20;19
27311;880;381;20;19;0;0;20;19
27315;900;381;20;19;0;0;20;19
27320;920;381;20;19;0;0;20;19
27323;940;381;20;19;0;0;20;19
27326;960;381;20;19;0;0;20;19
27331;980;381;20;19;0;0;20;19
27347;1000;381;20;19;0;0;20;19
27354;1020;381;20;19;0;0;20;19
27355;1040;381;20;19;0;0;20;19
27357;1060;381;20;19;0;0;20;19
27358;1080;381;20;19;0;0;20;19
27359;1100;381;20;19;0;0;20;19
27365;1120;381;20;19;0;0;20;19
27367;1140;381;20;19;0;0;20;19
27368;1160;381;20;19;0;0;20;19
27370;1180;381;20;19;0;0;20;19
27371;1200;381;20;19;0;0;20;19
27379;1220;381;20;19;0;0;20;19
27384;1240;381;20;19;0;0;20;19
27386;1260;381;20;19;0;0;20;19
27387;1280;381;20;19;0;0;20;19
27396;1300;381;20;19;0;0;20;19
27402;1320;381;20;19;0;0;20;19
27407;1340;381;20;19;0;0;20;19
27410;1360;381;20;19;0;0;20;19
27414;1380;381;20;19;0;0;20;19
27422;1400;381;20;19;0;0;20;19
27424;1420;381;20;19;0;0;20;19
27425;1440;381;20;19;0;0;20;19
27426;1460;381;20;19;0;0;20;19
27427;1480;381;20;19;0;0;20;19
27428;1500;381;20;19;0;0;20;19
27431;1520;381;20;19;0;0;20;19
27442;1540;381;20;19;0;0;20;19
27447;1560;381;20;19;0;0;20;19
27448;1580;381;20;19;0;0;20;19
27450;1600;381;20;19;0;0;20;19
27453;1620;381;20;19;0;0;20;19
27454;1640;381;20;19;0;0;20;19
27459;1660;381;20;19;0;0;20;19
27462;1680;381;20;19;0;0;20;19
27463;1700;381;20;19;0;0;20;19
27465;1720;381;20;19;0;0;20;19
27468;1740;381;20;19;0;0;20;19
27470;1760;381;20;19;0;0;20;19
27472;1780;381;20;19;0;0;20;19
27475;1800;381;20;19;0;0;20;19
27476;1820;381;20;19;0;0;20;19
27481;1840;381;20;19;0;0;20;19
27487;1860;381;20;19;0;0;20;19
27489;1880;381;20;19;0;0;20;19
27490;1900;381;20;19;0;0;20;19
27491;1920;381;20;19;0;0;20;19
27492;1940;381;20;19;0;0;20;19
27493;1960;381;20;19;0;0;20;19
27494;1980;381;20;19;0;0;20;19
27495;2000;381;20;19;0;0;20;19
27497;2020;381;20;19;0;0;20;19
27498;2040;381;20;19;0;0;20;19
27503;2060;381;20;19;0;0;20;19
27506;2080;381;20;19;0;0;20;19
27507;2100;381;20;19;0;0;20;19
27508;2120;381;20;19;0;0;20;19
27511;2140;381;20;19;0;0;20;19
27512;2160;381;20;19;0;0;20;19
27513;2180;381;20;19;0;0;20;19
27515;2200;381;20;19;0;0;20;19
27516;2220;381;20;19;0;0;20;19
27519;2240;381;20;19;0;0;20;19
27521;2260;381;20;19;0;0;20;19
27522;2280;381;20;19;0;0;20;19
27523;2300;381;20;19;0;0;20;19
27524;2320;381;20;19;0;0;20;19
27526;2340;381;20;19;0;0;20;19
27527;2360;381;20;19;0;0;20;19
27529;2380;381;20;19;0;0;20;19
27530;2400;381;20;19;0;0;20;19
27531;2420;381;20;19;0;0;20;19
27533;2440;381;20;19;0;0;20;19
27538;2460;381;20;19;0;0;20;19
27539;2480;381;20;19;0;0;20;19
27542;2500;381;20;19;0;0;20;19
27544;2520;381;20;19;0;0;20;19
27546;2540;381;20;19;0;0;20;19
27547;2560;381;20;19;0;0;20;19
27550;2580;381;20;19;0;0;20;19
27553;2600;381;20;19;0;0;20;19
27554;2620;381;20;19;0;0;20;19
27556;2640;381;20;19;0;0;20;19
27562;2660;381;20;19;0;0;20;19
27563;2680;381;20;19;0;0;20;19
27565;2700;381;20;19;0;0;20;19
27566;2720;381;20;19;0;0;20;19
27567;2740;381;20;19;0;0;20;19
27570;2760;381;20;19;0;0;20;19
27571;2780;381;20;19;0;0;20;19
27572;2800;381;20;19;0;0;20;19
27573;2820;381;20;19;0;0;20;19
27575;2840;381;20;19;0;0;20;19
27578;2860;381;20;19;0;0;20;19
27579;2880;381;20;19;0;0;20;19
27580;2900;381;20;19;0;0;20;19
27583;2920;381;20;19;0;0;20;19
27584;2940;381;20;19;0;0;20;19
27585;2960;381;20;19;0;0;20;19
27586;2980;381;20;19;0;0;20;19
27589;3000;381;20;19;0;0;20;19
27590;3020;381;20;19;0;0;20;19
27595;3040;381;20;19;0;0;20;19
27597;3060;381;20;19;0;0;20;19
27598;3080;381;20;19;0;0;20;19
27599;3100;381;20;19;0;0;20;19
27602;3120;381;20;19;0;0;20;19
27603;3140;381;20;19;0;0;20;19
27604;3160;381;20;19;0;0;20;19
27605;3180;381;20;19;0;0;20;19
27606;3200;381;20;19;0;0;20;19
27607;3220;381;20;19;0;0;20;19
27609;3240;381;20;19;0;0;20;19
27611;3260;381;20;19;0;0;20;19
27617;3280;381;20;19;0;0;20;19
27626;3300;381;20;19;0;0;20;19
27627;3320;381;20;19;0;0;20;19
27628;3340;381;20;19;0;0;20;19
27631;3360;381;20;19;0;0;20;19
27635;3380;381;20;19;0;0;20;19
27641;3400;381;20;19;0;0;20;19
27645;3420;381;20;19;0;0;20;19
27653;3440;381;20;19;0;0;20;19
27654;3460;381;20;19;0;0;20;19
27655;3480;381;20;19;0;0;20;19
27656;3500;381;20;19;0;0;20;19
27660;3520;381;20;19;0;0;20;19
27661;3540;381;20;19;0;0;20;19
27663;3560;381;20;19;0;0;20;19
27664;3580;381;20;19;0;0;20;19
27665;3600;381;20;19;0;0;20;19
27667;3620;381;20;19;0;0;20;19
27668;3640;381;20;19;0;0;20;19
27670;3660;381;20;19;0;0;20;19
27671;3680;381;20;19;0;0;20;19
27672;3700;381;20;19;0;0;20;19
27673;3720;381;20;19;0;0;20;19
27674;3740;381;20;19;0;0;20;19
27675;3760;381;20;19;0;0;20;19
27679;3780;381;20;19;0;0;20;19
27681;3800;381;20;19;0;0;20;19
27682;3820;381;20;19;0;0;20;19
27683;3840;381;20;19;0;0;20;19
27684;3860;381;20;19;0;0;20;19
27686;3880;381;20;19;0;0;20;19
27687;3900;381;20;19;0;0;20;19
27688;3920;381;20;19;0;0;20;19
27689;3940;381;20;19;0;0;20;19
27690;3960;381;20;19;0;0;20;19
27691;3980;381;20;19;0;0;20;19
27692;4000;381;20;19;0;0;20;19
27694;4020;381;20;19;0;0;20;19
27695;4040;381;20;19;0;0;20;19
27696;4060;381;20;19;0;0;20;19
27698;0;400;20;19;0;0;20;19
27699;20;400;20;19;0;0;20;19
27700;40;400;20;19;0;0;20;19
27701;60;400;20;19;0;0;20;19
27703;80;400;20;19;0;0;20;19
27704;100;400;20;19;0;0;20;19
27705;120;400;20;19;0;0;20;19
27710;140;400;20;19;0;0;20;19
27712;160;400;20;19;0;0;20;19
27713;180;400;20;19;0;0;20;19
27714;200;400;20;19;0;0;20;19
27718;220;400;20;19;0;0;20;19
27719;240;400;20;19;0;0;20;19
27721;260;400;20;19;0;0;20;19
27722;280;400;20;19;0;0;20;19
27726;300;400;20;19;0;0;20;19
27728;320;400;20;19;0;0;20;19
27732;340;400;20;19;0;0;20;19
27733;360;400;20;19;0;0;20;19
27735;380;400;20;19;0;0;20;19
27737;400;400;20;19;0;0;20;19
27738;420;400;20;19;0;0;20;19
27739;440;400;20;19;0;0;20;19
27740;460;400;20;19;0;0;20;19
27741;480;400;20;19;0;0;20;19
27742;500;400;20;19;0;0;20;19
27743;520;400;20;19;0;0;20;19
27744;540;400;20;19;0;0;20;19
27745;560;400;20;19;0;0;20;19
27748;580;400;20;19;0;0;20;19
27752;600;400;20;19;0;0;20;19
27753;620;400;20;19;0;0;20;19
27754;640;400;20;19;0;0;20;19
27760;660;400;20;19;0;0;20;19
27761;680;400;20;19;0;0;20;19
27762;700;400;20;19;0;0;20;19
27764;720;400;20;19;0;0;20;19
27766;740;400;20;19;0;0;20;19
27769;760;400;20;19;0;0;20;19
27770;780;400;20;19;0;0;20;19
27773;800;400;20;19;0;0;20;19
27774;820;400;20;19;0;0;20;19
27777;840;400;20;19;0;0;20;19
27778;860;400;20;19;0;0;20;19
27779;880;400;20;19;0;0;20;19
27781;900;400;20;19;0;0;20;19
27782;920;400;20;19;0;0;20;19
27784;940;400;20;19;0;0;20;19
27785;960;400;20;19;0;0;20;19
27788;980;400;20;19;0;0;20;19
27791;1000;400;20;19;0;0;20;19
27792;1020;400;20;19;0;0;20;19
27794;1040;400;20;19;0;0;20;19
27795;1060;400;20;19;0;0;20;19
27796;1080;400;20;19;0;0;20;19
27798;1100;400;20;19;0;0;20;19
27801;1120;400;20;19;0;0;20;19
27802;1140;400;20;19;0;0;20;19
27803;1160;400;20;19;0;0;20;19
27807;1180;400;20;19;0;0;20;19
27809;1200;400;20;19;0;0;20;19
27810;1220;400;20;19;0;0;20;19
27811;1240;400;20;19;0;0;20;19
27812;1260;400;20;19;0;0;20;19
27813;1280;400;20;19;0;0;20;19
27814;1300;400;20;19;0;0;20;19
27815;1320;400;20;19;0;0;20;19
27816;1340;400;20;19;0;0;20;19
27817;1360;400;20;19;0;0;20;19
27818;1380;400;20;19;0;0;20;19
27819;1400;400;20;19;0;0;20;19
27821;1420;400;20;19;0;0;20;19
27822;1440;400;20;19;0;0;20;19
27825;1460;400;20;19;0;0;20;19
27827;1480;400;20;19;0;0;20;19
27832;1500;400;20;19;0;0;20;19
27833;1520;400;20;19;0;0;20;19
27834;1540;400;20;19;0;0;20;19
27835;1560;400;20;19;0;0;20;19
27836;1580;400;20;19;0;0;20;19
27837;1600;400;20;19;0;0;20;19
27838;1620;400;20;19;0;0;20;19
27839;1640;400;20;19;0;0;20;19
27841;1660;400;20;19;0;0;20;19
27844;1680;400;20;19;0;0;20;19
27845;1700;400;20;19;0;0;20;19
27849;1720;400;20;19;0;0;20;19
27850;1740;400;20;19;0;0;20;19
27852;1760;400;20;19;0;0;20;19
27856;1780;400;20;19;0;0;20;19
27859;1800;400;20;19;0;0;20;19
27860;1820;400;20;19;0;0;20;19
27861;1840;400;20;19;0;0;20;19
27862;1860;400;20;19;0;0;20;19
27863;1880;400;20;19;0;0;20;19
27867;1900;400;20;19;0;0;20;19
27870;1920;400;20;19;0;0;20;19
27872;1940;400;20;19;0;0;20;19
27873;1960;400;20;19;0;0;20;19
27874;1980;400;20;19;0;0;20;19
27875;2000;400;20;19;0;0;20;19
27877;2020;400;20;19;0;0;20;19
27880;2040;400;20;19;0;0;20;19
27882;2060;400;20;19;0;0;20;19
27883;2080;400;20;19;0;0;20;19
27886;2100;400;20;19;0;0;20;19
27887;2120;400;20;19;0;0;20;19
27888;2140;400;20;19;0;0;20;19
27889;2160;400;20;19;0;0;20;19
27891;2180;400;20;19;0;0;20;19
27893;2200;400;20;19;0;0;20;19
27895;2220;400;20;19;0;0;20;19
27896;2240;400;20;19;0;0;20;19
27898;2260;400;20;19;0;0;20;19
27899;2280;400;20;19;0;0;20;19
27900;2300;400;20;19;0;0;20;19
27901;2320;400;20;19;0;0;20;19
27902;2340;400;20;19;0;0;20;19
27905;2360;400;20;19;0;0;20;19
27908;2380;400;20;19;0;0;20;19
27911;2400;400;20;19;0;0;20;19
27915;2420;400;20;19;0;0;20;19
27916;2440;400;20;19;0;0;20;19
27918;2460;400;20;19;0;0;20;19
27920;2480;400;20;19;0;0;20;19
27922;2500;400;20;19;0;0;20;19
27927;2520;400;20;19;0;0;20;19
27929;2540;400;20;19;0;0;20;19
27931;2560;400;20;19;0;0;20;19
27934;2580;400;20;19;0;0;20;19
27941;2600;400;20;19;0;0;20;19
27943;2620;400;20;19;0;0;20;19
27945;2640;400;20;19;0;0;20;19
27946;2660;400;20;19;0;0;20;19
27947;2680;400;20;19;0;0;20;19
27950;2700;400;20;19;0;0;20;19
27953;2720;400;20;19;0;0;20;19
27954;2740;400;20;19;0;0;20;19
27955;2760;400;20;19;0;0;20;19
27957;2780;400;20;19;0;0;20;19
27958;2800;400;20;19;0;0;20;19
27961;2820;400;20;19;0;0;20;19
27963;2840;400;20;19;0;0;20;19
27964;2860;400;20;19;0;0;20;19
27965;2880;400;20;19;0;0;20;19
27966;2900;400;20;19;0;0;20;19
27969;2920;400;20;19;0;0;20;19
27971;2940;400;20;19;0;0;20;19
27972;2960;400;20;19;0;0;20;19
27973;2980;400;20;19;0;0;20;19
27974;3000;400;20;19;0;0;20;19
27975;3020;400;20;19;0;0;20;19
27978;3040;400;20;19;0;0;20;19
27979;3060;400;20;19;0;0;20;19
27981;3080;400;20;19;0;0;20;19
27982;3100;400;20;19;0;0;20;19
27983;3120;400;20;19;0;0;20;19
27985;3140;400;20;19;0;0;20;19
27986;3160;400;20;19;0;0;20;19
27987;3180;400;20;19;0;0;20;19
27988;3200;400;20;19;0;0;20;19
27989;3220;400;20;19;0;0;20;19
27993;3240;400;20;19;0;0;20;19
27994;3260;400;20;19;0;0;20;19
27996;3280;400;20;19;0;0;20;19
27998;3300;400;20;19;0;0;20;19
28000;3320;400;20;19;0;0;20;19
28001;3340;400;20;19;0;0;20;19
28003;3360;400;20;19;0;0;20;19
28005;3380;400;20;19;0;0;20;19
28006;3400;400;20;19;0;0;20;19
28009;3420;400;20;19;0;0;20;19
28010;3440;400;20;19;0;0;20;19
28012;3460;400;20;19;0;0;20;19
28014;3480;400;20;19;0;0;20;19
28015;3500;400;20;19;0;0;20;19
28020;3520;400;20;19;0;0;20;19
28023;3540;400;20;19;0;0;20;19
28024;3560;400;20;19;0;0;20;19
28025;3580;400;20;19;0;0;20;19
28034;3600;400;20;19;0;0;20;19
28037;3620;400;20;19;0;0;20;19
28039;3640;400;20;19;0;0;20;19
28040;3660;400;20;19;0;0;20;19
28041;3680;400;20;19;0;0;20;19
28044;3700;400;20;19;0;0;20;19
28046;3720;400;20;19;0;0;20;19
28049;3740;400;20;19;0;0;20;19
28051;3760;400;20;19;0;0;20;19
28052;3780;400;20;19;0;0;20;19
28053;3800;400;20;19;0;0;20;19
28057;3820;400;20;19;0;0;20;19
28059;3840;400;20;19;0;0;20;19
28061;3860;400;20;19;0;0;20;19
28062;3880;400;20;19;0;0;20;19
28063;3900;400;20;19;0;0;20;19
28064;3920;400;20;19;0;0;20;19
28065;3940;400;20;19;0;0;20;19
28067;3960;400;20;19;0;0;20;19
28068;3980;400;20;19;0;0;20;19
28070;4000;400;20;19;0;0;20;19
28071;4020;400;20;19;0;0;20;19
28072;4040;400;20;19;0;0;20;19
28073;4060;400;20;19;0;0;20;19
28074;0;419;20;19;0;0;20;19
28075;20;419;20;19;0;0;20;19
28078;40;419;20;19;0;0;20;19
28079;60;419;20;19;0;0;20;19
28082;80;419;20;19;0;0;20;19
28085;100;419;20;19;0;0;20;19
28088;120;419;20;19;0;0;20;19
28092;140;419;20;19;0;0;20;19
28095;160;419;20;19;0;0;20;19
28096;180;419;20;19;0;0;20;19
28100;200;419;20;19;0;0;20;19
28101;220;419;20;19;0;0;20;19
28102;240;419;20;19;0;0;20;19
28103;260;419;20;19;0;0;20;19
28107;280;419;20;19;0;0;20;19
28108;300;419;20;19;0;0;20;19
28113;320;419;20;19;0;0;20;19
28114;340;419;20;19;0;0;20;19
28118;360;419;20;19;0;0;20;19
28120;380;419;20;19;0;0;20;19
28121;400;419;20;19;0;0;20;19
28122;420;419;20;19;0;0;20;19
28125;440;419;20;19;0;0;20;19
28126;460;419;20;19;0;0;20;19
28128;480;419;20;19;0;0;20;19
28129;500;419;20;19;0;0;20;19
28132;520;419;20;19;0;0;20;19
28133;540;419;20;19;0;0;20;19
28134;560;419;20;19;0;0;20;19
28136;580;419;20;19;0;0;20;19
28137;600;419;20;19;0;0;20;19
28138;620;419;20;19;0;0;20;19
28139;640;419;20;19;0;0;20;19
28140;660;419;20;19;0;0;20;19
28142;680;419;20;19;0;0;20;19
28145;700;419;20;19;0;0;20;19
28147;720;419;20;19;0;0;20;19
28149;740;419;20;19;0;0;20;19
28150;760;419;20;19;0;0;20;19
28151;780;419;20;19;0;0;20;19
28153;800;419;20;19;0;0;20;19
28154;820;419;20;19;0;0;20;19
28155;840;419;20;19;0;0;20;19
28156;860;419;20;19;0;0;20;19
28165;880;419;20;19;0;0;20;19
28167;900;419;20;19;0;0;20;19
28168;920;419;20;19;0;0;20;19
28169;940;419;20;19;0;0;20;19
28170;960;419;20;19;0;0;20;19
28171;980;419;20;19;0;0;20;19
28172;1000;419;20;19;0;0;20;19
28173;1020;419;20;19;0;0;20;19
28174;1040;419;20;19;0;0;20;19
28176;1060;419;20;19;0;0;20;19
28177;1080;419;20;19;0;0;20;19
28179;1100;419;20;19;0;0;20;19
28180;1120;419;20;19;0;0;20;19
28183;1140;419;20;19;0;0;20;19
28185;1160;419;20;19;0;0;20;19
28186;1180;419;20;19;0;0;20;19
28187;1200;419;20;19;0;0;20;19
28189;1220;419;20;19;0;0;20;19
28192;1240;419;20;19;0;0;20;19
28193;1260;419;20;19;0;0;20;19
28195;1280;419;20;19;0;0;20;19
28196;1300;419;20;19;0;0;20;19
28197;1320;419;20;19;0;0;20;19
28198;1340;419;20;19;0;0;20;19
28201;1360;419;20;19;0;0;20;19
28203;1380;419;20;19;0;0;20;19
28204;1400;419;20;19;0;0;20;19
28205;1420;419;20;19;0;0;20;19
28207;1440;419;20;19;0;0;20;19
28210;1460;419;20;19;0;0;20;19
28212;1480;419;20;19;0;0;20;19
28216;1500;419;20;19;0;0;20;19
28218;1520;419;20;19;0;0;20;19
28222;1540;419;20;19;0;0;20;19
28227;1560;419;20;19;0;0;20;19
28228;1580;419;20;19;0;0;20;19
28233;1600;419;20;19;0;0;20;19
28234;1620;419;20;19;0;0;20;19
28237;1640;419;20;19;0;0;20;19
28238;1660;419;20;19;0;0;20;19
28244;1680;419;20;19;0;0;20;19
28246;1700;419;20;19;0;0;20;19
28248;1720;419;20;19;0;0;20;19
28251;1740;419;20;19;0;0;20;19
28252;1760;419;20;19;0;0;20;19
28255;1780;419;20;19;0;0;20;19
28263;1800;419;20;19;0;0;20;19
28267;1820;419;20;19;0;0;20;19
28270;1840;419;20;19;0;0;20;19
28271;1860;419;20;19;0;0;20;19
28274;1880;419;20;19;0;0;20;19
28275;1900;419;20;19;0;0;20;19
28286;1920;419;20;19;0;0;20;19
28287;1940;419;20;19;0;0;20;19
28288;1960;419;20;19;0;0;20;19
28291;1980;419;20;19;0;0;20;19
28293;2000;419;20;19;0;0;20;19
28294;2020;419;20;19;0;0;20;19
28296;2040;419;20;19;0;0;20;19
28297;2060;419;20;19;0;0;20;19
28303;2080;419;20;19;0;0;20;19
28304;2100;419;20;19;0;0;20;19
28310;2120;419;20;19;0;0;20;19
28312;2140;419;20;19;0;0;20;19
28316;2160;419;20;19;0;0;20;19
28317;2180;419;20;19;0;0;20;19
28319;2200;419;20;19;0;0;20;19
28322;2220;419;20;19;0;0;20;19
28325;2240;419;20;19;0;0;20;19
28327;2260;419;20;19;0;0;20;19
28330;2280;419;20;19;0;0;20;19
28331;2300;419;20;19;0;0;20;19
28335;2320;419;20;19;0;0;20;19
28337;2340;419;20;19;0;0;20;19
28338;2360;419;20;19;0;0;20;19
28340;2380;419;20;19;0;0;20;19
28342;2400;419;20;19;0;0;20;19
28343;2420;419;20;19;0;0;20;19
28346;2440;419;20;19;0;0;20;19
28347;2460;419;20;19;0;0;20;19
28348;2480;419;20;19;0;0;20;19
28349;2500;419;20;19;0;0;20;19
28353;2520;419;20;19;0;0;20;19
28354;2540;419;20;19;0;0;20;19
28355;2560;419;20;19;0;0;20;19
28356;2580;419;20;19;0;0;20;19
28357;2600;419;20;19;0;0;20;19
28359;2620;419;20;19;0;0;20;19
28361;2640;419;20;19;0;0;20;19
28363;2660;419;20;19;0;0;20;19
28364;2680;419;20;19;0;0;20;19
28366;2700;419;20;19;0;0;20;19
28367;2720;419;20;19;0;0;20;19
28369;2740;419;20;19;0;0;20;19
28371;2760;419;20;19;0;0;20;19
28372;2780;419;20;19;0;0;20;19
28373;2800;419;20;19;0;0;20;19
28375;2820;419;20;19;0;0;20;19
28378;2840;419;20;19;0;0;20;19
28381;2860;419;20;19;0;0;20;19
28382;2880;419;20;19;0;0;20;19
28383;2900;419;20;19;0;0;20;19
28385;2920;419;20;19;0;0;20;19
28386;2940;419;20;19;0;0;20;19
28388;2960;419;20;19;0;0;20;19
28389;2980;419;20;19;0;0;20;19
28390;3000;419;20;19;0;0;20;19
28392;3020;419;20;19;0;0;20;19
28393;3040;419;20;19;0;0;20;19
28394;3060;419;20;19;0;0;20;19
28395;3080;419;20;19;0;0;20;19
28396;3100;419;20;19;0;0;20;19
28399;3120;419;20;19;0;0;20;19
28402;3140;419;20;19;0;0;20;19
28404;3160;419;20;19;0;0;20;19
28407;3180;419;20;19;0;0;20;19
28408;3200;419;20;19;0;0;20;19
28409;3220;419;20;19;0;0;20;19
28414;3240;419;20;19;0;0;20;19
28415;3260;419;20;19;0;0;20;19
28417;3280;419;20;19;0;0;20;19
28418;3300;419;20;19;0;0;20;19
28422;3320;419;20;19;0;0;20;19
28424;3340;419;20;19;0;0;20;19
28425;3360;419;20;19;0;0;20;19
28431;3380;419;20;19;0;0;20;19
28435;3400;419;20;19;0;0;20;19
28436;3420;419;20;19;0;0;20;19
28437;3440;419;20;19;0;0;20;19
28442;3460;419;20;19;0;0;20;19
28448;3480;419;20;19;0;0;20;19
28450;3500;419;20;19;0;0;20;19
28451;3520;419;20;19;0;0;20;19
28457;3540;419;20;19;0;0;20;19
28458;3560;419;20;19;0;0;20;19
28459;3580;419;20;19;0;0;20;19
28460;3600;419;20;19;0;0;20;19
28461;3620;419;20;19;0;0;20;19
28463;3640;419;20;19;0;0;20;19
28465;3660;419;20;19;0;0;20;19
28466;3680;419;20;19;0;0;20;19
28467;3700;419;20;19;0;0;20;19
28469;3720;419;20;19;0;0;20;19
28470;3740;419;20;19;0;0;20;19
28472;3760;419;20;19;0;0;20;19
28478;3780;419;20;19;0;0;20;19
28479;3800;419;20;19;0;0;20;19
28481;3820;419;20;19;0;0;20;19
28487;3840;419;20;19;0;0;20;19
28491;3860;419;20;19;0;0;20;19
28493;3880;419;20;19;0;0;20;19
28495;3900;419;20;19;0;0;20;19
28497;3920;419;20;19;0;0;20;19
28500;3940;419;20;19;0;0;20;19
28504;3960;419;20;19;0;0;20;19
28507;3980;419;20;19;0;0;20;19
28508;4000;419;20;19;0;0;20;19
28510;4020;419;20;19;0;0;20;19
28511;4040;419;20;19;0;0;20;19
28514;4060;419;20;19;0;0;20;19
28516;0;438;20;19;0;0;20;19
28518;20;438;20;19;0;0;20;19
28525;40;438;20;19;0;0;20;19
28526;60;438;20;19;0;0;20;19
28527;80;438;20;19;0;0;20;19
28528;100;438;20;19;0;0;20;19
28530;120;438;20;19;0;0;20;19
28532;140;438;20;19;0;0;20;19
28535;160;438;20;19;0;0;20;19
28536;180;438;20;19;0;0;20;19
28538;200;438;20;19;0;0;20;19
28540;220;438;20;19;0;0;20;19
28543;240;438;20;19;0;0;20;19
28544;260;438;20;19;0;0;20;19
28546;280;438;20;19;0;0;20;19
28548;300;438;20;19;0;0;20;19
28550;320;438;20;19;0;0;20;19
28551;340;438;20;19;0;0;20;19
28552;360;438;20;19;0;0;20;19
28553;380;438;20;19;0;0;20;19
28556;400;438;20;19;0;0;20;19
28557;420;438;20;19;0;0;20;19
28558;440;438;20;19;0;0;20;19
28567;460;438;20;19;0;0;20;19
28572;480;438;20;19;0;0;20;19
28576;500;438;20;19;0;0;20;19
28577;520;438;20;19;0;0;20;19
28579;540;438;20;19;0;0;20;19
28580;560;438;20;19;0;0;20;19
28581;580;438;20;19;0;0;20;19
28583;600;438;20;19;0;0;20;19
28590;620;438;20;19;0;0;20;19
28591;640;438;20;19;0;0;20;19
28593;660;438;20;19;0;0;20;19
28595;680;438;20;19;0;0;20;19
28598;700;438;20;19;0;0;20;19
28601;720;438;20;19;0;0;20;19
28608;740;438;20;19;0;0;20;19
28609;760;438;20;19;0;0;20;19
28610;780;438;20;19;0;0;20;19
28611;800;438;20;19;0;0;20;19
28617;820;438;20;19;0;0;20;19
28625;840;438;20;19;0;0;20;19
28626;860;438;20;19;0;0;20;19
28629;880;438;20;19;0;0;20;19
28632;900;438;20;19;0;0;20;19
28635;920;438;20;19;0;0;20;19
28638;940;438;20;19;0;0;20;19
28639;960;438;20;19;0;0;20;19
28640;980;438;20;19;0;0;20;19
28641;1000;438;20;19;0;0;20;19
28644;1020;438;20;19;0;0;20;19
28651;1040;438;20;19;0;0;20;19
28652;1060;438;20;19;0;0;20;19
28654;1080;438;20;19;0;0;20;19
28655;1100;438;20;19;0;0;20;19
28656;1120;438;20;19;0;0;20;19
28657;1140;438;20;19;0;0;20;19
28666;1160;438;20;19;0;0;20;19
28668;1180;438;20;19;0;0;20;19
28670;1200;438;20;19;0;0;20;19
28677;1220;438;20;19;0;0;20;19
28678;1240;438;20;19;0;0;20;19
28681;1260;438;20;19;0;0;20;19
28683;1280;438;20;19;0;0;20;19
28687;1300;438;20;19;0;0;20;19
28689;1320;438;20;19;0;0;20;19
28693;1340;438;20;19;0;0;20;19
28696;1360;438;20;19;0;0;20;19
28698;1380;438;20;19;0;0;20;19
28699;1400;438;20;19;0;0;20;19
28701;1420;438;20;19;0;0;20;19
28703;1440;438;20;19;0;0;20;19
28707;1460;438;20;19;0;0;20;19
28710;1480;438;20;19;0;0;20;19
28711;1500;438;20;19;0;0;20;19
28712;1520;438;20;19;0;0;20;19
28716;1540;438;20;19;0;0;20;19
28720;1560;438;20;19;0;0;20;19
28722;1580;438;20;19;0;0;20;19
28734;1600;438;20;19;0;0;20;19
28739;1620;438;20;19;0;0;20;19
28748;1640;438;20;19;0;0;20;19
28751;1660;438;20;19;0;0;20;19
28753;1680;438;20;19;0;0;20;19
28757;1700;438;20;19;0;0;20;19
28760;1720;438;20;19;0;0;20;19
28765;1740;438;20;19;0;0;20;19
28766;1760;438;20;19;0;0;20;19
28771;1780;438;20;19;0;0;20;19
28772;1800;438;20;19;0;0;20;19
28777;1820;438;20;19;0;0;20;19
28779;1840;438;20;19;0;0;20;19
28781;1860;438;20;19;0;0;20;19
28783;1880;438;20;19;0;0;20;19
28784;1900;438;20;19;0;0;20;19
28789;1920;438;20;19;0;0;20;19
28790;1940;438;20;19;0;0;20;19
28792;1960;438;20;19;0;0;20;19
28796;1980;438;20;19;0;0;20;19
28797;2000;438;20;19;0;0;20;19
28798;2020;438;20;19;0;0;20;19
28799;2040;438;20;19;0;0;20;19
28800;2060;438;20;19;0;0;20;19
28801;2080;438;20;19;0;0;20;19
28805;2100;438;20;19;0;0;20;19
28809;2120;438;20;19;0;0;20;19
28810;2140;438;20;19;0;0;20;19
28814;2160;438;20;19;0;0;20;19
28818;2180;438;20;19;0;0;20;19
28820;2200;438;20;19;0;0;20;19
28821;2220;438;20;19;0;0;20;19
28822;2240;438;20;19;0;0;20;19
28824;2260;438;20;19;0;0;20;19
28825;2280;438;20;19;0;0;20;19
28828;2300;438;20;19;0;0;20;19
28829;2320;438;20;19;0;0;20;19
28836;2340;438;20;19;0;0;20;19
28843;2360;438;20;19;0;0;20;19
28844;2380;438;20;19;0;0;20;19
28845;2400;438;20;19;0;0;20;19
28846;2420;438;20;19;0;0;20;19
28847;2440;438;20;19;0;0;20;19
28849;2460;438;20;19;0;0;20;19
28851;2480;438;20;19;0;0;20;19
28855;2500;438;20;19;0;0;20;19
28856;2520;438;20;19;0;0;20;19
28857;2540;438;20;19;0;0;20;19
28858;2560;438;20;19;0;0;20;19
28859;2580;438;20;19;0;0;20;19
28860;2600;438;20;19;0;0;20;19
28861;2620;438;20;19;0;0;20;19
28862;2640;438;20;19;0;0;20;19
28864;2660;438;20;19;0;0;20;19
28865;2680;438;20;19;0;0;20;19
28866;2700;438;20;19;0;0;20;19
28867;2720;438;20;19;0;0;20;19
28872;2740;438;20;19;0;0;20;19
28874;2760;438;20;19;0;0;20;19
28879;2780;438;20;19;0;0;20;19
28884;2800;438;20;19;0;0;20;19
28888;2820;438;20;19;0;0;20;19
28889;2840;438;20;19;0;0;20;19
28891;2860;438;20;19;0;0;20;19
28892;2880;438;20;19;0;0;20;19
28895;2900;438;20;19;0;0;20;19
28900;2920;438;20;19;0;0;20;19
28902;2940;438;20;19;0;0;20;19
28903;2960;438;20;19;0;0;20;19
28904;2980;438;20;19;0;0;20;19
28905;3000;438;20;19;0;0;20;19
28907;3020;438;20;19;0;0;20;19
28908;3040;438;20;19;0;0;20;19
28909;3060;438;20;19;0;0;20;19
28911;3080;438;20;19;0;0;20;19
28916;3100;438;20;19;0;0;20;19
28919;3120;438;20;19;0;0;20;19
28921;3140;438;20;19;0;0;20;19
28925;3160;438;20;19;0;0;20;19
28926;3180;438;20;19;0;0;20;19
28937;3200;438;20;19;0;0;20;19
28938;3220;438;20;19;0;0;20;19
28944;3240;438;20;19;0;0;20;19
28947;3260;438;20;19;0;0;20;19
28949;3280;438;20;19;0;0;20;19
28950;3300;438;20;19;0;0;20;19
28951;3320;438;20;19;0;0;20;19
28952;3340;438;20;19;0;0;20;19
28953;3360;438;20;19;0;0;20;19
28954;3380;438;20;19;0;0;20;19
28956;3400;438;20;19;0;0;20;19
28961;3420;438;20;19;0;0;20;19
28962;3440;438;20;19;0;0;20;19
28966;3460;438;20;19;0;0;20;19
28975;3480;438;20;19;0;0;20;19
28976;3500;438;20;19;0;0;20;19
28977;3520;438;20;19;0;0;20;19
28982;3540;438;20;19;0;0;20;19
28988;3560;438;20;19;0;0;20;19
28997;3580;438;20;19;0;0;20;19
28998;3600;438;20;19;0;0;20;19
29001;3620;438;20;19;0;0;20;19
29002;3640;438;20;19;0;0;20;19
29004;3660;438;20;19;0;0;20;19
29006;3680;438;20;19;0;0;20;19
29010;3700;438;20;19;0;0;20;19
29017;3720;438;20;19;0;0;20;19
29020;3740;438;20;19;0;0;20;19
29022;3760;438;20;19;0;0;20;19
29024;3780;438;20;19;0;0;20;19
29026;3800;438;20;19;0;0;20;19
29028;3820;438;20;19;0;0;20;19
29029;3840;438;20;19;0;0;20;19
29030;3860;438;20;19;0;0;20;19
29031;3880;438;20;19;0;0;20;19
29032;3900;438;20;19;0;0;20;19
29033;3920;438;20;19;0;0;20;19
29036;3940;438;20;19;0;0;20;19
29038;3960;438;20;19;0;0;20;19
29042;3980;438;20;19;0;0;20;19
29043;4000;438;20;19;0;0;20;19
29048;4020;438;20;19;0;0;20;19
29050;4040;438;20;19;0;0;20;19
29053;4060;438;20;19;0;0;20;19
29060;0;457;20;19;0;0;20;19
29066;20;457;20;19;0;0;20;19
29071;40;457;20;19;0;0;20;19
29074;60;457;20;19;0;0;20;19
29076;80;457;20;19;0;0;20;19
29079;100;457;20;19;0;0;20;19
29080;120;457;20;19;0;0;20;19
29081;140;457;20;19;0;0;20;19
29084;160;457;20;19;0;0;20;19
29087;180;457;20;19;0;0;20;19
29088;200;457;20;19;0;0;20;19
29093;220;457;20;19;0;0;20;19
29096;240;457;20;19;0;0;20;19
29100;260;457;20;19;0;0;20;19
29105;280;457;20;19;0;0;20;19
29109;300;457;20;19;0;0;20;19
29113;320;457;20;19;0;0;20;19
29118;340;457;20;19;0;0;20;19
29121;360;457;20;19;0;0;20;19
29123;380;457;20;19;0;0;20;19
29124;400;457;20;19;0;0;20;19
29128;420;457;20;19;0;0;20;19
29129;440;457;20;19;0;0;20;19
29130;460;457;20;19;0;0;20;19
29134;480;457;20;19;0;0;20;19
29138;500;457;20;19;0;0;20;19
29140;520;457;20;19;0;0;20;19
29141;540;457;20;19;0;0;20;19
29145;560;457;20;19;0;0;20;19
29148;580;457;20;19;0;0;20;19
29151;600;457;20;19;0;0;20;19
29152;620;457;20;19;0;0;20;19
29157;640;457;20;19;0;0;20;19
29158;660;457;20;19;0;0;20;19
29159;680;457;20;19;0;0;20;19
29164;700;457;20;19;0;0;20;19
29165;720;457;20;19;0;0;20;19
29166;740;457;20;19;0;0;20;19
29172;760;457;20;19;0;0;20;19
29177;780;457;20;19;0;0;20;19
29179;800;457;20;19;0;0;20;19
29180;820;457;20;19;0;0;20;19
29182;840;457;20;19;0;0;20;19
29183;860;457;20;19;0;0;20;19
29190;880;457;20;19;0;0;20;19
29197;900;457;20;19;0;0;20;19
29200;920;457;20;19;0;0;20;19
29211;940;457;20;19;0;0;20;19
29213;960;457;20;19;0;0;20;19
29224;980;457;20;19;0;0;20;19
29226;1000;457;20;19;0;0;20;19
29228;1020;457;20;19;0;0;20;19
29229;1040;457;20;19;0;0;20;19
29232;1060;457;20;19;0;0;20;19
29233;1080;457;20;19;0;0;20;19
29237;1100;457;20;19;0;0;20;19
29238;1120;457;20;19;0;0;20;19
29239;1140;457;20;19;0;0;20;19
29240;1160;457;20;19;0;0;20;19
29241;1180;457;20;19;0;0;20;19
29242;1200;457;20;19;0;0;20;19
29243;1220;457;20;19;0;0;20;19
29245;1240;457;20;19;0;0;20;19
29246;1260;457;20;19;0;0;20;19
29247;1280;457;20;19;0;0;20;19
29249;1300;457;20;19;0;0;20;19
29250;1320;457;20;19;0;0;20;19
29254;1340;457;20;19;0;0;20;19
29255;1360;457;20;19;0;0;20;19
29256;1380;457;20;19;0;0;20;19
29260;1400;457;20;19;0;0;20;19
29261;1420;457;20;19;0;0;20;19
29266;1440;457;20;19;0;0;20;19
29270;1460;457;20;19;0;0;20;19
29272;1480;457;20;19;0;0;20;19
29273;1500;457;20;19;0;0;20;19
29275;1520;457;20;19;0;0;20;19
29277;1540;457;20;19;0;0;20;19
29279;1560;457;20;19;0;0;20;19
29280;1580;457;20;19;0;0;20;19
29281;1600;457;20;19;0;0;20;19
29282;1620;457;20;19;0;0;20;19
29284;1640;457;20;19;0;0;20;19
29286;1660;457;20;19;0;0;20;19
29287;1680;457;20;19;0;0;20;19
29289;1700;457;20;19;0;0;20;19
29294;1720;457;20;19;0;0;20;19
29295;1740;457;20;19;0;0;20;19
29298;1760;457;20;19;0;0;20;19
29300;1780;457;20;19;0;0;20;19
29301;1800;457;20;19;0;0;20;19
29305;1820;457;20;19;0;0;20;19
29306;1840;457;20;19;0;0;20;19
29309;1860;457;20;19;0;0;20;19
29310;1880;457;20;19;0;0;20;19
29312;1900;457;20;19;0;0;20;19
29313;1920;457;20;19;0;0;20;19
29316;1940;457;20;19;0;0;20;19
29322;1960;457;20;19;0;0;20;19
29323;1980;457;20;19;0;0;20;19
29325;2000;457;20;19;0;0;20;19
29327;2020;457;20;19;0;0;20;19
29330;2040;457;20;19;0;0;20;19
29334;2060;457;20;19;0;0;20;19
29339;2080;457;20;19;0;0;20;19
29343;2100;457;20;19;0;0;20;19
29344;2120;457;20;19;0;0;20;19
29346;2140;457;20;19;0;0;20;19
29351;2160;457;20;19;0;0;20;19
29356;2180;457;20;19;0;0;20;19
29359;2200;457;20;19;0;0;20;19
29360;2220;457;20;19;0;0;20;19
29366;2240;457;20;19;0;0;20;19
29367;2260;457;20;19;0;0;20;19
29368;2280;457;20;19;0;0;20;19
29369;2300;457;20;19;0;0;20;19
29376;2320;457;20;19;0;0;20;19
29377;2340;457;20;19;0;0;20;19
29378;2360;457;20;19;0;0;20;19
29380;2380;457;20;19;0;0;20;19
29384;2400;457;20;19;0;0;20;19
29389;2420;457;20;19;0;0;20;19
29390;2440;457;20;19;0;0;20;19
29392;2460;457;20;19;0;0;20;19
29394;2480;457;20;19;0;0;20;19
29399;2500;457;20;19;0;0;20;19
29401;2520;457;20;19;0;0;20;19
29406;2540;457;20;19;0;0;20;19
29408;2560;457;20;19;0;0;20;19
29409;2580;457;20;19;0;0;20;19
29416;2600;457;20;19;0;0;20;19
29417;2620;457;20;19;0;0;20;19
29420;2640;457;20;19;0;0;20;19
29421;2660;457;20;19;0;0;20;19
29422;2680;457;20;19;0;0;20;19
29423;2700;457;20;19;0;0;20;19
29424;2720;457;20;19;0;0;20;19
29425;2740;457;20;19;0;0;20;19
29426;2760;457;20;19;0;0;20;19
29427;2780;457;20;19;0;0;20;19
29431;2800;457;20;19;0;0;20;19
29432;2820;457;20;19;0;0;20;19
29433;2840;457;20;19;0;0;20;19
29434;2860;457;20;19;0;0;20;19
29435;2880;457;20;19;0;0;20;19
29436;2900;457;20;19;0;0;20;19
29437;2920;457;20;19;0;0;20;19
29441;2940;457;20;19;0;0;20;19
29443;2960;457;20;19;0;0;20;19
29454;2980;457;20;19;0;0;20;19
29459;3000;457;20;19;0;0;20;19
29461;3020;457;20;19;0;0;20;19
29462;3040;457;20;19;0;0;20;19
29463;3060;457;20;19;0;0;20;19
29465;3080;457;20;19;0;0;20;19
29467;3100;457;20;19;0;0;20;19
29468;3120;457;20;19;0;0;20;19
29469;3140;457;20;19;0;0;20;19
29470;3160;457;20;19;0;0;20;19
29471;3180;457;20;19;0;0;20;19
29473;3200;457;20;19;0;0;20;19
29474;3220;457;20;19;0;0;20;19
29477;3240;457;20;19;0;0;20;19
29481;3260;457;20;19;0;0;20;19
29482;3280;457;20;19;0;0;20;19
29483;3300;457;20;19;0;0;20;19
29484;3320;457;20;19;0;0;20;19
29486;3340;457;20;19;0;0;20;19
29489;3360;457;20;19;0;0;20;19
29492;3380;457;20;19;0;0;20;19
29494;3400;457;20;19;0;0;20;19
29495;3420;457;20;19;0;0;20;19
29496;3440;457;20;19;0;0;20;19
29497;3460;457;20;19;0;0;20;19
29499;3480;457;20;19;0;0;20;19
29502;3500;457;20;19;0;0;20;19
29503;3520;457;20;19;0;0;20;19
29505;3540;457;20;19;0;0;20;19
29507;3560;457;20;19;0;0;20;19
29508;3580;457;20;19;0;0;20;19
29509;3600;457;20;19;0;0;20;19
29518;3620;457;20;19;0;0;20;19
29520;3640;457;20;19;0;0;20;19
29522;3660;457;20;19;0;0;20;19
29527;3680;457;20;19;0;0;20;19
29536;3700;457;20;19;0;0;20;19
29539;3720;457;20;19;0;0;20;19
29544;3740;457;20;19;0;0;20;19
29546;3760;457;20;19;0;0;20;19
29547;3780;457;20;19;0;0;20;19
29548;3800;457;20;19;0;0;20;19
29549;3820;457;20;19;0;0;20;19
29552;3840;457;20;19;0;0;20;19
29554;3860;457;20;19;0;0;20;19
29556;3880;457;20;19;0;0;20;19
29557;3900;457;20;19;0;0;20;19
29559;3920;457;20;19;0;0;20;19
29560;3940;457;20;19;0;0;20;19
29562;3960;457;20;19;0;0;20;19
29563;3980;457;20;19;0;0;20;19
29564;4000;457;20;19;0;0;20;19
29566;4020;457;20;19;0;0;20;19
29568;4040;457;20;19;0;0;20;19
29572;4060;457;20;19;0;0;20;19
29575;0;476;20;19;0;0;20;19
29577;20;476;20;19;0;0;20;19
29579;40;476;20;19;0;0;20;19
29582;60;476;20;19;0;0;20;19
29585;80;476;20;19;0;0;20;19
29590;100;476;20;19;0;0;20;19
29593;120;476;20;19;0;0;20;19
29595;140;476;20;19;0;0;20;19
29596;160;476;20;19;0;0;20;19
29599;180;476;20;19;0;0;20;19
29600;200;476;20;19;0;0;20;19
29601;220;476;20;19;0;0;20;19
29602;240;476;20;19;0;0;20;19
29605;260;476;20;19;0;0;20;19
29606;280;476;20;19;0;0;20;19
29608;300;476;20;19;0;0;20;19
29609;320;476;20;19;0;0;20;19
29611;340;476;20;19;0;0;20;19
29613;360;476;20;19;0;0;20;19
29614;380;476;20;19;0;0;20;19
29615;400;476;20;19;0;0;20;19
29616;420;476;20;19;0;0;20;19
29618;440;476;20;19;0;0;20;19
29619;460;476;20;19;0;0;20;19
29623;480;476;20;19;0;0;20;19
29626;500;476;20;19;0;0;20;19
29627;520;476;20;19;0;0;20;19
29632;540;476;20;19;0;0;20;19
29634;560;476;20;19;0;0;20;19
29640;580;476;20;19;0;0;20;19
29641;600;476;20;19;0;0;20;19
29642;620;476;20;19;0;0;20;19
29645;640;476;20;19;0;0;20;19
29647;660;476;20;19;0;0;20;19
29648;680;476;20;19;0;0;20;19
29649;700;476;20;19;0;0;20;19
29657;720;476;20;19;0;0;20;19
29662;740;476;20;19;0;0;20;19
29664;760;476;20;19;0;0;20;19
29667;780;476;20;19;0;0;20;19
29669;800;476;20;19;0;0;20;19
29671;820;476;20;19;0;0;20;19
29673;840;476;20;19;0;0;20;19
29674;860;476;20;19;0;0;20;19
29677;880;476;20;19;0;0;20;19
29678;900;476;20;19;0;0;20;19
29680;920;476;20;19;0;0;20;19
29682;940;476;20;19;0;0;20;19
29690;960;476;20;19;0;0;20;19
29694;980;476;20;19;0;0;20;19
29699;1000;476;20;19;0;0;20;19
29701;1020;476;20;19;0;0;20;19
29702;1040;476;20;19;0;0;20;19
29703;1060;476;20;19;0;0;20;19
29705;1080;476;20;19;0;0;20;19
29706;1100;476;20;19;0;0;20;19
29709;1120;476;20;19;0;0;20;19
29711;1140;476;20;19;0;0;20;19
29712;1160;476;20;19;0;0;20;19
29719;1180;476;20;19;0;0;20;19
29722;1200;476;20;19;0;0;20;19
29723;1220;476;20;19;0;0;20;19
29729;1240;476;20;19;0;0;20;19
29730;1260;476;20;19;0;0;20;19
29732;1280;476;20;19;0;0;20;19
29733;1300;476;20;19;0;0;20;19
29734;1320;476;20;19;0;0;20;19
29736;1340;476;20;19;0;0;20;19
29738;1360;476;20;19;0;0;20;19
29739;1380;476;20;19;0;0;20;19
29740;1400;476;20;19;0;0;20;19
29742;1420;476;20;19;0;0;20;19
29743;1440;476;20;19;0;0;20;19
29744;1460;476;20;19;0;0;20;19
29747;1480;476;20;19;0;0;20;19
29748;1500;476;20;19;0;0;20;19
29749;1520;476;20;19;0;0;20;19
29750;1540;476;20;19;0;0;20;19
29754;1560;476;20;19;0;0;20;19
29756;1580;476;20;19;0;0;20;19
29759;1600;476;20;19;0;0;20;19
29761;1620;476;20;19;0;0;20;19
29764;1640;476;20;19;0;0;20;19
29769;1660;476;20;19;0;0;20;19
29771;1680;476;20;19;0;0;20;19
29781;1700;476;20;19;0;0;20;19
29783;1720;476;20;19;0;0;20;19
29785;1740;476;20;19;0;0;20;19
29786;1760;476;20;19;0;0;20;19
29787;1780;476;20;19;0;0;20;19
29788;1800;476;20;19;0;0;20;19
29790;1820;476;20;19;0;0;20;19
29791;1840;476;20;19;0;0;20;19
29792;1860;476;20;19;0;0;20;19
29795;1880;476;20;19;0;0;20;19
29796;1900;476;20;19;0;0;20;19
29801;1920;476;20;19;0;0;20;19
29802;1940;476;20;19;0;0;20;19
29805;1960;476;20;19;0;0;20;19
29807;1980;476;20;19;0;0;20;19
29808;2000;476;20;19;0;0;20;19
29814;2020;476;20;19;0;0;20;19
29822;2040;476;20;19;0;0;20;19
29824;2060;476;20;19;0;0;20;19
29825;2080;476;20;19;0;0;20;19
29827;2100;476;20;19;0;0;20;19
29831;2120;476;20;19;0;0;20;19
29832;2140;476;20;19;0;0;20;19
29833;2160;476;20;19;0;0;20;19
29835;2180;476;20;19;0;0;20;19
29838;2200;476;20;19;0;0;20;19
29840;2220;476;20;19;0;0;20;19
29848;2240;476;20;19;0;0;20;19
29852;2260;476;20;19;0;0;20;19
29854;2280;476;20;19;0;0;20;19
29855;2300;476;20;19;0;0;20;19
29856;2320;476;20;19;0;0;20;19
29859;2340;476;20;19;0;0;20;19
29863;2360;476;20;19;0;0;20;19
29864;2380;476;20;19;0;0;20;19
29865;2400;476;20;19;0;0;20;19
29866;2420;476;20;19;0;0;20;19
29867;2440;476;20;19;0;0;20;19
29872;2460;476;20;19;0;0;20;19
29882;2480;476;20;19;0;0;20;19
29885;2500;476;20;19;0;0;20;19
29887;2520;476;20;19;0;0;20;19
29898;2540;476;20;19;0;0;20;19
29903;2560;476;20;19;0;0;20;19
29906;2580;476;20;19;0;0;20;19
29908;2600;476;20;19;0;0;20;19
29912;2620;476;20;19;0;0;20;19
29914;2640;476;20;19;0;0;20;19
29916;2660;476;20;19;0;0;20;19
29918;2680;476;20;19;0;0;20;19
29920;2700;476;20;19;0;0;20;19
29922;2720;476;20;19;0;0;20;19
29923;2740;476;20;19;0;0;20;19
29924;2760;476;20;19;0;0;20;19
29926;2780;476;20;19;0;0;20;19
29934;2800;476;20;19;0;0;20;19
29935;2820;476;20;19;0;0;20;19
29940;2840;476;20;19;0;0;20;19
29942;2860;476;20;19;0;0;20;19
29943;2880;476;20;19;0;0;20;19
29951;2900;476;20;19;0;0;20;19
29956;2920;476;20;19;0;0;20;19
29964;2940;476;20;19;0;0;20;19
29965;2960;476;20;19;0;0;20;19
29967;2980;476;20;19;0;0;20;19
29969;3000;476;20;19;0;0;20;19
29973;3020;476;20;19;0;0;20;19
29976;3040;476;20;19;0;0;20;19
29978;3060;476;20;19;0;0;20;19
29980;3080;476;20;19;0;0;20;19
29983;3100;476;20;19;0;0;20;19
29986;3120;476;20;19;0;0;20;19
29987;3140;476;20;19;0;0;20;19
29989;3160;476;20;19;0;0;20;19
29990;3180;476;20;19;0;0;20;19
29992;3200;476;20;19;0;0;20;19
29993;3220;476;20;19;0;0;20;19
29995;3240;476;20;19;0;0;20;19
29996;3260;476;20;19;0;0;20;19
29997;3280;476;20;19;0;0;20;19
29999;3300;476;20;19;0;0;20;19
30000;3320;476;20;19;0;0;20;19
30001;3340;476;20;19;0;0;20;19
30002;3360;476;20;19;0;0;20;19
30003;3380;476;20;19;0;0;20;19
30005;3400;476;20;19;0;0;20;19
30007;3420;476;20;19;0;0;20;19
30008;3440;476;20;19;0;0;20;19
30010;3460;476;20;19;0;0;20;19
30011;3480;476;20;19;0;0;20;19
30014;3500;476;20;19;0;0;20;19
30016;3520;476;20;19;0;0;20;19
30021;3540;476;20;19;0;0;20;19
30024;3560;476;20;19;0;0;20;19
30027;3580;476;20;19;0;0;20;19
30028;3600;476;20;19;0;0;20;19
30030;3620;476;20;19;0;0;20;19
30031;3640;476;20;19;0;0;20;19
30033;3660;476;20;19;0;0;20;19
30036;3680;476;20;19;0;0;20;19
30041;3700;476;20;19;0;0;20;19
30042;3720;476;20;19;0;0;20;19
30043;3740;476;20;19;0;0;20;19
30044;3760;476;20;19;0;0;20;19
30045;3780;476;20;19;0;0;20;19
30050;3800;476;20;19;0;0;20;19
30053;3820;476;20;19;0;0;20;19
30054;3840;476;20;19;0;0;20;19
30056;3860;476;20;19;0;0;20;19
30058;3880;476;20;19;0;0;20;19
30059;3900;476;20;19;0;0;20;19
30060;3920;476;20;19;0;0;20;19
30064;3940;476;20;19;0;0;20;19
30066;3960;476;20;19;0;0;20;19
30067;3980;476;20;19;0;0;20;19
30068;4000;476;20;19;0;0;20;19
30070;4020;476;20;19;0;0;20;19
30072;4040;476;20;19;0;0;20;19
30073;4060;476;20;19;0;0;20;19
30079;0;495;20;19;0;0;20;19
30083;20;495;20;19;0;0;20;19
30086;40;495;20;19;0;0;20;19
30087;60;495;20;19;0;0;20;19
30090;80;495;20;19;0;0;20;19
30091;100;495;20;19;0;0;20;19
30094;120;495;20;19;0;0;20;19
30095;140;495;20;19;0;0;20;19
30097;160;495;20;19;0;0;20;19
30100;180;495;20;19;0;0;20;19
30102;200;495;20;19;0;0;20;19
30103;220;495;20;19;0;0;20;19
30105;240;495;20;19;0;0;20;19
30106;260;495;20;19;0;0;20;19
30109;280;495;20;19;0;0;20;19
30111;300;495;20;19;0;0;20;19
30112;320;495;20;19;0;0;20;19
30113;340;495;20;19;0;0;20;19
30114;360;495;20;19;0;0;20;19
30115;380;495;20;19;0;0;20;19
30116;400;495;20;19;0;0;20;19
30117;420;495;20;19;0;0;20;19
30122;440;495;20;19;0;0;20;19
30123;460;495;20;19;0;0;20;19
30124;480;495;20;19;0;0;20;19
30125;500;495;20;19;0;0;20;19
30126;520;495;20;19;0;0;20;19
30127;540;495;20;19;0;0;20;19
30129;560;495;20;19;0;0;20;19
30130;580;495;20;19;0;0;20;19
30131;600;495;20;19;0;0;20;19
30132;620;495;20;19;0;0;20;19
30133;640;495;20;19;0;0;20;19
30136;660;495;20;19;0;0;20;19
30137;680;495;20;19;0;0;20;19
30140;700;495;20;19;0;0;20;19
30141;720;495;20;19;0;0;20;19
30142;740;495;20;19;0;0;20;19
30144;760;495;20;19;0;0;20;19
30146;780;495;20;19;0;0;20;19
30149;800;495;20;19;0;0;20;19
30151;820;495;20;19;0;0;20;19
30152;840;495;20;19;0;0;20;19
30153;860;495;20;19;0;0;20;19
30154;880;495;20;19;0;0;20;19
30157;900;495;20;19;0;0;20;19
30162;920;495;20;19;0;0;20;19
30164;940;495;20;19;0;0;20;19
30165;960;495;20;19;0;0;20;19
30168;980;495;20;19;0;0;20;19
30169;1000;495;20;19;0;0;20;19
30171;1020;495;20;19;0;0;20;19
30174;1040;495;20;19;0;0;20;19
30176;1060;495;20;19;0;0;20;19
30178;1080;495;20;19;0;0;20;19
30179;1100;495;20;19;0;0;20;19
30180;1120;495;20;19;0;0;20;19
30182;1140;495;20;19;0;0;20;19
30183;1160;495;20;19;0;0;20;19
30184;1180;495;20;19;0;0;20;19
30185;1200;495;20;19;0;0;20;19
30186;1220;495;20;19;0;0;20;19
30187;1240;495;20;19;0;0;20;19
30192;1260;495;20;19;0;0;20;19
30193;1280;495;20;19;0;0;20;19
30194;1300;495;20;19;0;0;20;19
30196;1320;495;20;19;0;0;20;19
30201;1340;495;20;19;0;0;20;19
30202;1360;495;20;19;0;0;20;19
30204;1380;495;20;19;0;0;20;19
30206;1400;495;20;19;0;0;20;19
30207;1420;495;20;19;0;0;20;19
30208;1440;495;20;19;0;0;20;19
30209;1460;495;20;19;0;0;20;19
30211;1480;495;20;19;0;0;20;19
30214;1500;495;20;19;0;0;20;19
30218;1520;495;20;19;0;0;20;19
30219;1540;495;20;19;0;0;20;19
30220;1560;495;20;19;0;0;20;19
30221;1580;495;20;19;0;0;20;19
30224;1600;495;20;19;0;0;20;19
30227;1620;495;20;19;0;0;20;19
30230;1640;495;20;19;0;0;20;19
30232;1660;495;20;19;0;0;20;19
30233;1680;495;20;19;0;0;20;19
30235;1700;495;20;19;0;0;20;19
30238;1720;495;20;19;0;0;20;19
30239;1740;495;20;19;0;0;20;19
30240;1760;495;20;19;0;0;20;19
30241;1780;495;20;19;0;0;20;19
30242;1800;495;20;19;0;0;20;19
30244;1820;495;20;19;0;0;20;19
30246;1840;495;20;19;0;0;20;19
30247;1860;495;20;19;0;0;20;19
30249;1880;495;20;19;0;0;20;19
30250;1900;495;20;19;0;0;20;19
30251;1920;495;20;19;0;0;20;19
30256;1940;495;20;19;0;0;20;19
30259;1960;495;20;19;0;0;20;19
30260;1980;495;20;19;0;0;20;19
30261;2000;495;20;19;0;0;20;19
30264;2020;495;20;19;0;0;20;19
30266;2040;495;20;19;0;0;20;19
30268;2060;495;20;19;0;0;20;19
30270;2080;495;20;19;0;0;20;19
30271;2100;495;20;19;0;0;20;19
30274;2120;495;20;19;0;0;20;19
30275;2140;495;20;19;0;0;20;19
30278;2160;495;20;19;0;0;20;19
30279;2180;495;20;19;0;0;20;19
30280;2200;495;20;19;0;0;20;19
30284;2220;495;20;19;0;0;20;19
30285;2240;495;20;19;0;0;20;19
30290;2260;495;20;19;0;0;20;19
30292;2280;495;20;19;0;0;20;19
30294;2300;495;20;19;0;0;20;19
30296;2320;495;20;19;0;0;20;19
30300;2340;495;20;19;0;0;20;19
30302;2360;495;20;19;0;0;20;19
30303;2380;495;20;19;0;0;20;19
30305;2400;495;20;19;0;0;20;19
30306;2420;495;20;19;0;0;20;19
30307;2440;495;20;19;0;0;20;19
30308;2460;495;20;19;0;0;20;19
30309;2480;495;20;19;0;0;20;19
30311;2500;495;20;19;0;0;20;19
30313;2520;495;20;19;0;0;20;19
30315;2540;495;20;19;0;0;20;19
30316;2560;495;20;19;0;0;20;19
30317;2580;495;20;19;0;0;20;19
30318;2600;495;20;19;0;0;20;19
30319;2620;495;20;19;0;0;20;19
30320;2640;495;20;19;0;0;20;19
30321;2660;495;20;19;0;0;20;19
30322;2680;495;20;19;0;0;20;19
30325;2700;495;20;19;0;0;20;19
30328;2720;495;20;19;0;0;20;19
30330;2740;495;20;19;0;0;20;19
30331;2760;495;20;19;0;0;20;19
30332;2780;495;20;19;0;0;20;19
30333;2800;495;20;19;0;0;20;19
30334;2820;495;20;19;0;0;20;19
30338;2840;495;20;19;0;0;20;19
30340;2860;495;20;19;0;0;20;19
30342;2880;495;20;19;0;0;20;19
30343;2900;495;20;19;0;0;20;19
30344;2920;495;20;19;0;0;20;19
30347;2940;495;20;19;0;0;20;19
30350;2960;495;20;19;0;0;20;19
30353;2980;495;20;19;0;0;20;19
30355;3000;495;20;19;0;0;20;19
30358;3020;495;20;19;0;0;20;19
30361;3040;495;20;19;0;0;20;19
30362;3060;495;20;19;0;0;20;19
30372;3080;495;20;19;0;0;20;19
30382;3100;495;20;19;0;0;20;19
30384;3120;495;20;19;0;0;20;19
30385;3140;495;20;19;0;0;20;19
30386;3160;495;20;19;0;0;20;19
30388;3180;495;20;19;0;0;20;19
30392;3200;495;20;19;0;0;20;19
30394;3220;495;20;19;0;0;20;19
30399;3240;495;20;19;0;0;20;19
30402;3260;495;20;19;0;0;20;19
30403;3280;495;20;19;0;0;20;19
30405;3300;495;20;19;0;0;20;19
30406;3320;495;20;19;0;0;20;19
30408;3340;495;20;19;0;0;20;19
30409;3360;495;20;19;0;0;20;19
30410;3380;495;20;19;0;0;20;19
30413;3400;495;20;19;0;0;20;19
30414;3420;495;20;19;0;0;20;19
30415;3440;495;20;19;0;0;20;19
30416;3460;495;20;19;0;0;20;19
30417;3480;495;20;19;0;0;20;19
30418;3500;495;20;19;0;0;20;19
30420;3520;495;20;19;0;0;20;19
30422;3540;495;20;19;0;0;20;19
30423;3560;495;20;19;0;0;20;19
30424;3580;495;20;19;0;0;20;19
30427;3600;495;20;19;0;0;20;19
30428;3620;495;20;19;0;0;20;19
30430;3640;495;20;19;0;0;20;19
30431;3660;495;20;19;0;0;20;19
30433;3680;495;20;19;0;0;20;19
30435;3700;495;20;19;0;0;20;19
30436;3720;495;20;19;0;0;20;19
30437;3740;495;20;19;0;0;20;19
30438;3760;495;20;19;0;0;20;19
30439;3780;495;20;19;0;0;20;19
30442;3800;495;20;19;0;0;20;19
30446;3820;495;20;19;0;0;20;19
30447;3840;495;20;19;0;0;20;19
30449;3860;495;20;19;0;0;20;19
30450;3880;495;20;19;0;0;20;19
30452;3900;495;20;19;0;0;20;19
30456;3920;495;20;19;0;0;20;19
30457;3940;495;20;19;0;0;20;19
30460;3960;495;20;19;0;0;20;19
30462;3980;495;20;19;0;0;20;19
30465;4000;495;20;19;0;0;20;19
30468;4020;495;20;19;0;0;20;19
30471;4040;495;20;19;0;0;20;19
30472;4060;495;20;19;0;0;20;19
30473;0;514;20;19;0;0;20;19
30474;20;514;20;19;0;0;20;19
30475;40;514;20;19;0;0;20;19
30476;60;514;20;19;0;0;20;19
30477;80;514;20;19;0;0;20;19
30489;100;514;20;19;0;0;20;19
30490;120;514;20;19;0;0;20;19
30491;140;514;20;19;0;0;20;19
30495;160;514;20;19;0;0;20;19
30496;180;514;20;19;0;0;20;19
30501;200;514;20;19;0;0;20;19
30502;220;514;20;19;0;0;20;19
30504;240;514;20;19;0;0;20;19
30505;260;514;20;19;0;0;20;19
30508;280;514;20;19;0;0;20;19
30509;300;514;20;19;0;0;20;19
30511;320;514;20;19;0;0;20;19
30517;340;514;20;19;0;0;20;19
30518;360;514;20;19;0;0;20;19
30519;380;514;20;19;0;0;20;19
30520;400;514;20;19;0;0;20;19
30522;420;514;20;19;0;0;20;19
30524;440;514;20;19;0;0;20;19
30526;460;514;20;19;0;0;20;19
30528;480;514;20;19;0;0;20;19
30529;500;514;20;19;0;0;20;19
30531;520;514;20;19;0;0;20;19
30532;540;514;20;19;0;0;20;19
30535;560;514;20;19;0;0;20;19
30543;580;514;20;19;0;0;20;19
30544;600;514;20;19;0;0;20;19
30545;620;514;20;19;0;0;20;19
30554;640;514;20;19;0;0;20;19
30555;660;514;20;19;0;0;20;19
30556;680;514;20;19;0;0;20;19
30558;700;514;20;19;0;0;20;19
30561;720;514;20;19;0;0;20;19
30562;740;514;20;19;0;0;20;19
30563;760;514;20;19;0;0;20;19
30565;780;514;20;19;0;0;20;19
30566;800;514;20;19;0;0;20;19
30568;820;514;20;19;0;0;20;19
30570;840;514;20;19;0;0;20;19
30571;860;514;20;19;0;0;20;19
30572;880;514;20;19;0;0;20;19
30585;900;514;20;19;0;0;20;19
30589;920;514;20;19;0;0;20;19
30590;940;514;20;19;0;0;20;19
30591;960;514;20;19;0;0;20;19
30592;980;514;20;19;0;0;20;19
30596;1000;514;20;19;0;0;20;19
30597;1020;514;20;19;0;0;20;19
30599;1040;514;20;19;0;0;20;19
30603;1060;514;20;19;0;0;20;19
30604;1080;514;20;19;0;0;20;19
30606;1100;514;20;19;0;0;20;19
30609;1120;514;20;19;0;0;20;19
30610;1140;514;20;19;0;0;20;19
30616;1160;514;20;19;0;0;20;19
30622;1180;514;20;19;0;0;20;19
30623;1200;514;20;19;0;0;20;19
30624;1220;514;20;19;0;0;20;19
30626;1240;514;20;19;0;0;20;19
30629;1260;514;20;19;0;0;20;19
30631;1280;514;20;19;0;0;20;19
30633;1300;514;20;19;0;0;20;19
30634;1320;514;20;19;0;0;20;19
30636;1340;514;20;19;0;0;20;19
30637;1360;514;20;19;0;0;20;19
30640;1380;514;20;19;0;0;20;19
30643;1400;514;20;19;0;0;20;19
30645;1420;514;20;19;0;0;20;19
30647;1440;514;20;19;0;0;20;19
30651;1460;514;20;19;0;0;20;19
30652;1480;514;20;19;0;0;20;19
30653;1500;514;20;19;0;0;20;19
30655;1520;514;20;19;0;0;20;19
30663;1540;514;20;19;0;0;20;19
30669;1560;514;20;19;0;0;20;19
30675;1580;514;20;19;0;0;20;19
30679;1600;514;20;19;0;0;20;19
30682;1620;514;20;19;0;0;20;19
30683;1640;514;20;19;0;0;20;19
30684;1660;514;20;19;0;0;20;19
30690;1680;514;20;19;0;0;20;19
30691;1700;514;20;19;0;0;20;19
30693;1720;514;20;19;0;0;20;19
30697;1740;514;20;19;0;0;20;19
30699;1760;514;20;19;0;0;20;19
30700;1780;514;20;19;0;0;20;19
30701;1800;514;20;19;0;0;20;19
30702;1820;514;20;19;0;0;20;19
30703;1840;514;20;19;0;0;20;19
30707;1860;514;20;19;0;0;20;19
30710;1880;514;20;19;0;0;20;19
30712;1900;514;20;19;0;0;20;19
30715;1920;514;20;19;0;0;20;19
30717;1940;514;20;19;0;0;20;19
30718;1960;514;20;19;0;0;20;19
30719;1980;514;20;19;0;0;20;19
30720;2000;514;20;19;0;0;20;19
30721;2020;514;20;19;0;0;20;19
30722;2040;514;20;19;0;0;20;19
30732;2060;514;20;19;0;0;20;19
30733;2080;514;20;19;0;0;20;19
30738;2100;514;20;19;0;0;20;19
30740;2120;514;20;19;0;0;20;19
30741;2140;514;20;19;0;0;20;19
30742;2160;514;20;19;0;0;20;19
30743;2180;514;20;19;0;0;20;19
30744;2200;514;20;19;0;0;20;19
30746;2220;514;20;19;0;0;20;19
30748;2240;514;20;19;0;0;20;19
30749;2260;514;20;19;0;0;20;19
30751;2280;514;20;19;0;0;20;19
30755;2300;514;20;19;0;0;20;19
30757;2320;514;20;19;0;0;20;19
30758;2340;514;20;19;0;0;20;19
30759;2360;514;20;19;0;0;20;19
30765;2380;514;20;19;0;0;20;19
30767;2400;514;20;19;0;0;20;19
30768;2420;514;20;19;0;0;20;19
30770;2440;514;20;19;0;0;20;19
30772;2460;514;20;19;0;0;20;19
30775;2480;514;20;19;0;0;20;19
30776;2500;514;20;19;0;0;20;19
30777;2520;514;20;19;0;0;20;19
30778;2540;514;20;19;0;0;20;19
30779;2560;514;20;19;0;0;20;19
30780;2580;514;20;19;0;0;20;19
30782;2600;514;20;19;0;0;20;19
30784;2620;514;20;19;0;0;20;19
30787;2640;514;20;19;0;0;20;19
30789;2660;514;20;19;0;0;20;19
30791;2680;514;20;19;0;0;20;19
30796;2700;514;20;19;0;0;20;19
30798;2720;514;20;19;0;0;20;19
30800;2740;514;20;19;0;0;20;19
30802;2760;514;20;19;0;0;20;19
30805;2780;514;20;19;0;0;20;19
30806;2800;514;20;19;0;0;20;19
30807;2820;514;20;19;0;0;20;19
30813;2840;514;20;19;0;0;20;19
30820;2860;514;20;19;0;0;20;19
30824;2880;514;20;19;0;0;20;19
30827;2900;514;20;19;0;0;20;19
30828;2920;514;20;19;0;0;20;19
30829;2940;514;20;19;0;0;20;19
30830;2960;514;20;19;0;0;20;19
30831;2980;514;20;19;0;0;20;19
30844;3000;514;20;19;0;0;20;19
30849;3020;514;20;19;0;0;20;19
30855;3040;514;20;19;0;0;20;19
30857;3060;514;20;19;0;0;20;19
30860;3080;514;20;19;0;0;20;19
30861;3100;514;20;19;0;0;20;19
30862;3120;514;20;19;0;0;20;19
30865;3140;514;20;19;0;0;20;19
30867;3160;514;20;19;0;0;20;19
30871;3180;514;20;19;0;0;20;19
30872;3200;514;20;19;0;0;20;19
30874;3220;514;20;19;0;0;20;19
30875;3240;514;20;19;0;0;20;19
30876;3260;514;20;19;0;0;20;19
30879;3280;514;20;19;0;0;20;19
30881;3300;514;20;19;0;0;20;19
30883;3320;514;20;19;0;0;20;19
30887;3340;514;20;19;0;0;20;19
30889;3360;514;20;19;0;0;20;19
30893;3380;514;20;19;0;0;20;19
30896;3400;514;20;19;0;0;20;19
30897;3420;514;20;19;0;0;20;19
30898;3440;514;20;19;0;0;20;19
30899;3460;514;20;19;0;0;20;19
30900;3480;514;20;19;0;0;20;19
30904;3500;514;20;19;0;0;20;19
30906;3520;514;20;19;0;0;20;19
30908;3540;514;20;19;0;0;20;19
30910;3560;514;20;19;0;0;20;19
30913;3580;514;20;19;0;0;20;19
30917;3600;514;20;19;0;0;20;19
30922;3620;514;20;19;0;0;20;19
30923;3640;514;20;19;0;0;20;19
30928;3660;514;20;19;0;0;20;19
30932;3680;514;20;19;0;0;20;19
30933;3700;514;20;19;0;0;20;19
30937;3720;514;20;19;0;0;20;19
30938;3740;514;20;19;0;0;20;19
30947;3760;514;20;19;0;0;20;19
30951;3780;514;20;19;0;0;20;19
30952;3800;514;20;19;0;0;20;19
30956;3820;514;20;19;0;0;20;19
30959;3840;514;20;19;0;0;20;19
30962;3860;514;20;19;0;0;20;19
30964;3880;514;20;19;0;0;20;19
30967;3900;514;20;19;0;0;20;19
30970;3920;514;20;19;0;0;20;19
30973;3940;514;20;19;0;0;20;19
30977;3960;514;20;19;0;0;20;19
30981;3980;514;20;19;0;0;20;19
30990;4000;514;20;19;0;0;20;19
30995;4020;514;20;19;0;0;20;19
31001;4040;514;20;19;0;0;20;19
31014;4060;514;20;19;0;0;20;19
31016;0;533;20;19;0;0;20;19
31018;20;533;20;19;0;0;20;19
31019;40;533;20;19;0;0;20;19
31020;60;533;20;19;0;0;20;19
31025;80;533;20;19;0;0;20;19
31028;100;533;20;19;0;0;20;19
31034;120;533;20;19;0;0;20;19
31036;140;533;20;19;0;0;20;19
31038;160;533;20;19;0;0;20;19
31040;180;533;20;19;0;0;20;19
31041;200;533;20;19;0;0;20;19
31042;220;533;20;19;0;0;20;19
31046;240;533;20;19;0;0;20;19
31047;260;533;20;19;0;0;20;19
31048;280;533;20;19;0;0;20;19
31049;300;533;20;19;0;0;20;19
31054;320;533;20;19;0;0;20;19
31056;340;533;20;19;0;0;20;19
31059;360;533;20;19;0;0;20;19
31061;380;533;20;19;0;0;20;19
31062;400;533;20;19;0;0;20;19
31063;420;533;20;19;0;0;20;19
31066;440;533;20;19;0;0;20;19
31067;460;533;20;19;0;0;20;19
31068;480;533;20;19;0;0;20;19
31069;500;533;20;19;0;0;20;19
31070;520;533;20;19;0;0;20;19
31071;540;533;20;19;0;0;20;19
31072;560;533;20;19;0;0;20;19
31074;580;533;20;19;0;0;20;19
31077;600;533;20;19;0;0;20;19
31080;620;533;20;19;0;0;20;19
31085;640;533;20;19;0;0;20;19
31087;660;533;20;19;0;0;20;19
31095;680;533;20;19;0;0;20;19
31096;700;533;20;19;0;0;20;19
31098;720;533;20;19;0;0;20;19
31100;740;533;20;19;0;0;20;19
31102;760;533;20;19;0;0;20;19
31103;780;533;20;19;0;0;20;19
31104;800;533;20;19;0;0;20;19
31105;820;533;20;19;0;0;20;19
31108;840;533;20;19;0;0;20;19
31109;860;533;20;19;0;0;20;19
31114;880;533;20;19;0;0;20;19
31117;900;533;20;19;0;0;20;19
31118;920;533;20;19;0;0;20;19
31119;940;533;20;19;0;0;20;19
31142;960;533;20;19;0;0;20;19
31143;980;533;20;19;0;0;20;19
31146;1000;533;20;19;0;0;20;19
31150;1020;533;20;19;0;0;20;19
31152;1040;533;20;19;0;0;20;19
31153;1060;533;20;19;0;0;20;19
31155;1080;533;20;19;0;0;20;19
31161;1100;533;20;19;0;0;20;19
31162;1120;533;20;19;0;0;20;19
31163;1140;533;20;19;0;0;20;19
31165;1160;533;20;19;0;0;20;19
31166;1180;533;20;19;0;0;20;19
31167;1200;533;20;19;0;0;20;19
31168;1220;533;20;19;0;0;20;19
31169;1240;533;20;19;0;0;20;19
31171;1260;533;20;19;0;0;20;19
31174;1280;533;20;19;0;0;20;19
31176;1300;533;20;19;0;0;20;19
31177;1320;533;20;19;0;0;20;19
31179;1340;533;20;19;0;0;20;19
31181;1360;533;20;19;0;0;20;19
31185;1380;533;20;19;0;0;20;19
31186;1400;533;20;19;0;0;20;19
31189;1420;533;20;19;0;0;20;19
31192;1440;533;20;19;0;0;20;19
31199;1460;533;20;19;0;0;20;19
31203;1480;533;20;19;0;0;20;19
31204;1500;533;20;19;0;0;20;19
31206;1520;533;20;19;0;0;20;19
31207;1540;533;20;19;0;0;20;19
31209;1560;533;20;19;0;0;20;19
31211;1580;533;20;19;0;0;20;19
31213;1600;533;20;19;0;0;20;19
31215;1620;533;20;19;0;0;20;19
31216;1640;533;20;19;0;0;20;19
31224;1660;533;20;19;0;0;20;19
31227;1680;533;20;19;0;0;20;19
31229;1700;533;20;19;0;0;20;19
31230;1720;533;20;19;0;0;20;19
31232;1740;533;20;19;0;0;20;19
31234;1760;533;20;19;0;0;20;19
31235;1780;533;20;19;0;0;20;19
31237;1800;533;20;19;0;0;20;19
31240;1820;533;20;19;0;0;20;19
31243;1840;533;20;19;0;0;20;19
31245;1860;533;20;19;0;0;20;19
31246;1880;533;20;19;0;0;20;19
31252;1900;533;20;19;0;0;20;19
31255;1920;533;20;19;0;0;20;19
31258;1940;533;20;19;0;0;20;19
31260;1960;533;20;19;0;0;20;19
31262;1980;533;20;19;0;0;20;19
31263;2000;533;20;19;0;0;20;19
31264;2020;533;20;19;0;0;20;19
31267;2040;533;20;19;0;0;20;19
31277;2060;533;20;19;0;0;20;19
31278;2080;533;20;19;0;0;20;19
31281;2100;533;20;19;0;0;20;19
31282;2120;533;20;19;0;0;20;19
31283;2140;533;20;19;0;0;20;19
31287;2160;533;20;19;0;0;20;19
31289;2180;533;20;19;0;0;20;19
31291;2200;533;20;19;0;0;20;19
31292;2220;533;20;19;0;0;20;19
31293;2240;533;20;19;0;0;20;19
31295;2260;533;20;19;0;0;20;19
31296;2280;533;20;19;0;0;20;19
31298;2300;533;20;19;0;0;20;19
31302;2320;533;20;19;0;0;20;19
31308;2340;533;20;19;0;0;20;19
31309;2360;533;20;19;0;0;20;19
31310;2380;533;20;19;0;0;20;19
31311;2400;533;20;19;0;0;20;19
31313;2420;533;20;19;0;0;20;19
31319;2440;533;20;19;0;0;20;19
31328;2460;533;20;19;0;0;20;19
31329;2480;533;20;19;0;0;20;19
31330;2500;533;20;19;0;0;20;19
31337;2520;533;20;19;0;0;20;19
31339;2540;533;20;19;0;0;20;19
31344;2560;533;20;19;0;0;20;19
31348;2580;533;20;19;0;0;20;19
31350;2600;533;20;19;0;0;20;19
31351;2620;533;20;19;0;0;20;19
31353;2640;533;20;19;0;0;20;19
31354;2660;533;20;19;0;0;20;19
31359;2680;533;20;19;0;0;20;19
31361;2700;533;20;19;0;0;20;19
31363;2720;533;20;19;0;0;20;19
31364;2740;533;20;19;0;0;20;19
31368;2760;533;20;19;0;0;20;19
31373;2780;533;20;19;0;0;20;19
31377;2800;533;20;19;0;0;20;19
31378;2820;533;20;19;0;0;20;19
31379;2840;533;20;19;0;0;20;19
31381;2860;533;20;19;0;0;20;19
31382;2880;533;20;19;0;0;20;19
31383;2900;533;20;19;0;0;20;19
31384;2920;533;20;19;0;0;20;19
31388;2940;533;20;19;0;0;20;19
31389;2960;533;20;19;0;0;20;19
31391;2980;533;20;19;0;0;20;19
31392;3000;533;20;19;0;0;20;19
31395;3020;533;20;19;0;0;20;19
31397;3040;533;20;19;0;0;20;19
31398;3060;533;20;19;0;0;20;19
31400;3080;533;20;19;0;0;20;19
31401;3100;533;20;19;0;0;20;19
31402;3120;533;20;19;0;0;20;19
31406;3140;533;20;19;0;0;20;19
31407;3160;533;20;19;0;0;20;19
31411;3180;533;20;19;0;0;20;19
31416;3200;533;20;19;0;0;20;19
31418;3220;533;20;19;0;0;20;19
31423;3240;533;20;19;0;0;20;19
31428;3260;533;20;19;0;0;20;19
31429;3280;533;20;19;0;0;20;19
31431;3300;533;20;19;0;0;20;19
31432;3320;533;20;19;0;0;20;19
31434;3340;533;20;19;0;0;20;19
31435;3360;533;20;19;0;0;20;19
31441;3380;533;20;19;0;0;20;19
31446;3400;533;20;19;0;0;20;19
31449;3420;533;20;19;0;0;20;19
31452;3440;533;20;19;0;0;20;19
31454;3460;533;20;19;0;0;20;19
31455;3480;533;20;19;0;0;20;19
31456;3500;533;20;19;0;0;20;19
31459;3520;533;20;19;0;0;20;19
31461;3540;533;20;19;0;0;20;19
31462;3560;533;20;19;0;0;20;19
31469;3580;533;20;19;0;0;20;19
31471;3600;533;20;19;0;0;20;19
31478;3620;533;20;19;0;0;20;19
31481;3640;533;20;19;0;0;20;19
31482;3660;533;20;19;0;0;20;19
31485;3680;533;20;19;0;0;20;19
31487;3700;533;20;19;0;0;20;19
31491;3720;533;20;19;0;0;20;19
31492;3740;533;20;19;0;0;20;19
31494;3760;533;20;19;0;0;20;19
31496;3780;533;20;19;0;0;20;19
31498;3800;533;20;19;0;0;20;19
31499;3820;533;20;19;0;0;20;19
31503;3840;533;20;19;0;0;20;19
31505;3860;533;20;19;0;0;20;19
31508;3880;533;20;19;0;0;20;19
31509;3900;533;20;19;0;0;20;19
31513;3920;533;20;19;0;0;20;19
31515;3940;533;20;19;0;0;20;19
31518;3960;533;20;19;0;0;20;19
31520;3980;533;20;19;0;0;20;19
31524;4000;533;20;19;0;0;20;19
31525;4020;533;20;19;0;0;20;19
31526;4040;533;20;19;0;0;20;19
31528;4060;533;20;19;0;0;20;19
31530;0;552;20;19;0;0;20;19
31531;20;552;20;19;0;0;20;19
31532;40;552;20;19;0;0;20;19
31534;60;552;20;19;0;0;20;19
31539;80;552;20;19;0;0;20;19
31544;100;552;20;19;0;0;20;19
31546;120;552;20;19;0;0;20;19
31547;140;552;20;19;0;0;20;19
31548;160;552;20;19;0;0;20;19
31550;180;552;20;19;0;0;20;19
31558;200;552;20;19;0;0;20;19
31559;220;552;20;19;0;0;20;19
31561;240;552;20;19;0;0;20;19
31562;260;552;20;19;0;0;20;19
31563;280;552;20;19;0;0;20;19
31564;300;552;20;19;0;0;20;19
31565;320;552;20;19;0;0;20;19
31567;340;552;20;19;0;0;20;19
31568;360;552;20;19;0;0;20;19
31569;380;552;20;19;0;0;20;19
31570;400;552;20;19;0;0;20;19
31572;420;552;20;19;0;0;20;19
31574;440;552;20;19;0;0;20;19
31578;460;552;20;19;0;0;20;19
31579;480;552;20;19;0;0;20;19
31581;500;552;20;19;0;0;20;19
31584;520;552;20;19;0;0;20;19
31586;540;552;20;19;0;0;20;19
31591;560;552;20;19;0;0;20;19
31598;580;552;20;19;0;0;20;19
31601;600;552;20;19;0;0;20;19
31602;620;552;20;19;0;0;20;19
31603;640;552;20;19;0;0;20;19
31605;660;552;20;19;0;0;20;19
31607;680;552;20;19;0;0;20;19
31609;700;552;20;19;0;0;20;19
31614;720;552;20;19;0;0;20;19
31616;740;552;20;19;0;0;20;19
31621;760;552;20;19;0;0;20;19
31623;780;552;20;19;0;0;20;19
31627;800;552;20;19;0;0;20;19
31629;820;552;20;19;0;0;20;19
31631;840;552;20;19;0;0;20;19
31632;860;552;20;19;0;0;20;19
31635;880;552;20;19;0;0;20;19
31636;900;552;20;19;0;0;20;19
31637;920;552;20;19;0;0;20;19
31639;940;552;20;19;0;0;20;19
31644;960;552;20;19;0;0;20;19
31645;980;552;20;19;0;0;20;19
31649;1000;552;20;19;0;0;20;19
31650;1020;552;20;19;0;0;20;19
31654;1040;552;20;19;0;0;20;19
31655;1060;552;20;19;0;0;20;19
31657;1080;552;20;19;0;0;20;19
31658;1100;552;20;19;0;0;20;19
31659;1120;552;20;19;0;0;20;19
31660;1140;552;20;19;0;0;20;19
31661;1160;552;20;19;0;0;20;19
31665;1180;552;20;19;0;0;20;19
31668;1200;552;20;19;0;0;20;19
31672;1220;552;20;19;0;0;20;19
31680;1240;552;20;19;0;0;20;19
31681;1260;552;20;19;0;0;20;19
31684;1280;552;20;19;0;0;20;19
31686;1300;552;20;19;0;0;20;19
31687;1320;552;20;19;0;0;20;19
31689;1340;552;20;19;0;0;20;19
31691;1360;552;20;19;0;0;20;19
31692;1380;552;20;19;0;0;20;19
31697;1400;552;20;19;0;0;20;19
31699;1420;552;20;19;0;0;20;19
31705;1440;552;20;19;0;0;20;19
31709;1460;552;20;19;0;0;20;19
31712;1480;552;20;19;0;0;20;19
31713;1500;552;20;19;0;0;20;19
31716;1520;552;20;19;0;0;20;19
31717;1540;552;20;19;0;0;20;19
31718;1560;552;20;19;0;0;20;19
31721;1580;552;20;19;0;0;20;19
31722;1600;552;20;19;0;0;20;19
31726;1620;552;20;19;0;0;20;19
31729;1640;552;20;19;0;0;20;19
31731;1660;552;20;19;0;0;20;19
31735;1680;552;20;19;0;0;20;19
31740;1700;552;20;19;0;0;20;19
31742;1720;552;20;19;0;0;20;19
31744;1740;552;20;19;0;0;20;19
31751;1760;552;20;19;0;0;20;19
31755;1780;552;20;19;0;0;20;19
31756;1800;552;20;19;0;0;20;19
31757;1820;552;20;19;0;0;20;19
31759;1840;552;20;19;0;0;20;19
31761;1860;552;20;19;0;0;20;19
31766;1880;552;20;19;0;0;20;19
31774;1900;552;20;19;0;0;20;19
31775;1920;552;20;19;0;0;20;19
31777;1940;552;20;19;0;0;20;19
31779;1960;552;20;19;0;0;20;19
31782;1980;552;20;19;0;0;20;19
31783;2000;552;20;19;0;0;20;19
31786;2020;552;20;19;0;0;20;19
31787;2040;552;20;19;0;0;20;19
31799;2060;552;20;19;0;0;20;19
31800;2080;552;20;19;0;0;20;19
31805;2100;552;20;19;0;0;20;19
31806;2120;552;20;19;0;0;20;19
31807;2140;552;20;19;0;0;20;19
31808;2160;552;20;19;0;0;20;19
31809;2180;552;20;19;0;0;20;19
31811;2200;552;20;19;0;0;20;19
31820;2220;552;20;19;0;0;20;19
31821;2240;552;20;19;0;0;20;19
31824;2260;552;20;19;0;0;20;19
31839;2280;552;20;19;0;0;20;19
31840;2300;552;20;19;0;0;20;19
31844;2320;552;20;19;0;0;20;19
31849;2340;552;20;19;0;0;20;19
31850;2360;552;20;19;0;0;20;19
31852;2380;552;20;19;0;0;20;19
31854;2400;552;20;19;0;0;20;19
31858;2420;552;20;19;0;0;20;19
31859;2440;552;20;19;0;0;20;19
31860;2460;552;20;19;0;0;20;19
31867;2480;552;20;19;0;0;20;19
31868;2500;552;20;19;0;0;20;19
31869;2520;552;20;19;0;0;20;19
31881;2540;552;20;19;0;0;20;19
31883;2560;552;20;19;0;0;20;19
31889;2580;552;20;19;0;0;20;19
31890;2600;552;20;19;0;0;20;19
31893;2620;552;20;19;0;0;20;19
31895;2640;552;20;19;0;0;20;19
31896;2660;552;20;19;0;0;20;19
31899;2680;552;20;19;0;0;20;19
31900;2700;552;20;19;0;0;20;19
31901;2720;552;20;19;0;0;20;19
31902;2740;552;20;19;0;0;20;19
31903;2760;552;20;19;0;0;20;19
31908;2780;552;20;19;0;0;20;19
31909;2800;552;20;19;0;0;20;19
31911;2820;552;20;19;0;0;20;19
31914;2840;552;20;19;0;0;20;19
31918;2860;552;20;19;0;0;20;19
31921;2880;552;20;19;0;0;20;19
31922;2900;552;20;19;0;0;20;19
31923;2920;552;20;19;0;0;20;19
31925;2940;552;20;19;0;0;20;19
31929;2960;552;20;19;0;0;20;19
31932;2980;552;20;19;0;0;20;19
31933;3000;552;20;19;0;0;20;19
31934;3020;552;20;19;0;0;20;19
31935;3040;552;20;19;0;0;20;19
31937;3060;552;20;19;0;0;20;19
31941;3080;552;20;19;0;0;20;19
31946;3100;552;20;19;0;0;20;19
31948;3120;552;20;19;0;0;20;19
31949;3140;552;20;19;0;0;20;19
31957;3160;552;20;19;0;0;20;19
31958;3180;552;20;19;0;0;20;19
31959;3200;552;20;19;0;0;20;19
31961;3220;552;20;19;0;0;20;19
31964;3240;552;20;19;0;0;20;19
31965;3260;552;20;19;0;0;20;19
31966;3280;552;20;19;0;0;20;19
31967;3300;552;20;19;0;0;20;19
31968;3320;552;20;19;0;0;20;19
31975;3340;552;20;19;0;0;20;19
31976;3360;552;20;19;0;0;20;19
31983;3380;552;20;19;0;0;20;19
31986;3400;552;20;19;0;0;20;19
31988;3420;552;20;19;0;0;20;19
31990;3440;552;20;19;0;0;20;19
31992;3460;552;20;19;0;0;20;19
31995;3480;552;20;19;0;0;20;19
31998;3500;552;20;19;0;0;20;19
32000;3520;552;20;19;0;0;20;19
32002;3540;552;20;19;0;0;20;19
32004;3560;552;20;19;0;0;20;19
32005;3580;552;20;19;0;0;20;19
32006;3600;552;20;19;0;0;20;19
32007;3620;552;20;19;0;0;20;19
32008;3640;552;20;19;0;0;20;19
32009;3660;552;20;19;0;0;20;19
32010;3680;552;20;19;0;0;20;19
32011;3700;552;20;19;0;0;20;19
32013;3720;552;20;19;0;0;20;19
32016;3740;552;20;19;0;0;20;19
32019;3760;552;20;19;0;0;20;19
32020;3780;552;20;19;0;0;20;19
32021;3800;552;20;19;0;0;20;19
32023;3820;552;20;19;0;0;20;19
32025;3840;552;20;19;0;0;20;19
32026;3860;552;20;19;0;0;20;19
32027;3880;552;20;19;0;0;20;19
32028;3900;552;20;19;0;0;20;19
32032;3920;552;20;19;0;0;20;19
32033;3940;552;20;19;0;0;20;19
32034;3960;552;20;19;0;0;20;19
32039;3980;552;20;19;0;0;20;19
32043;4000;552;20;19;0;0;20;19
32046;4020;552;20;19;0;0;20;19
32047;4040;552;20;19;0;0;20;19
32048;4060;552;20;19;0;0;20;19
32049;0;571;20;19;0;0;20;19
32050;20;571;20;19;0;0;20;19
32051;40;571;20;19;0;0;20;19
32057;60;571;20;19;0;0;20;19
32058;80;571;20;19;0;0;20;19
32063;100;571;20;19;0;0;20;19
32064;120;571;20;19;0;0;20;19
32066;140;571;20;19;0;0;20;19
32067;160;571;20;19;0;0;20;19
32068;180;571;20;19;0;0;20;19
32070;200;571;20;19;0;0;20;19
32076;220;571;20;19;0;0;20;19
32078;240;571;20;19;0;0;20;19
32080;260;571;20;19;0;0;20;19
32085;280;571;20;19;0;0;20;19
32091;300;571;20;19;0;0;20;19
32093;320;571;20;19;0;0;20;19
32094;340;571;20;19;0;0;20;19
32097;360;571;20;19;0;0;20;19
32098;380;571;20;19;0;0;20;19
32102;400;571;20;19;0;0;20;19
32104;420;571;20;19;0;0;20;19
32110;440;571;20;19;0;0;20;19
32113;460;571;20;19;0;0;20;19
32114;480;571;20;19;0;0;20;19
32115;500;571;20;19;0;0;20;19
32117;520;571;20;19;0;0;20;19
32118;540;571;20;19;0;0;20;19
32121;560;571;20;19;0;0;20;19
32129;580;571;20;19;0;0;20;19
32131;600;571;20;19;0;0;20;19
32134;620;571;20;19;0;0;20;19
32136;640;571;20;19;0;0;20;19
32143;660;571;20;19;0;0;20;19
32145;680;571;20;19;0;0;20;19
32147;700;571;20;19;0;0;20;19
32153;720;571;20;19;0;0;20;19
32154;740;571;20;19;0;0;20;19
32156;760;571;20;19;0;0;20;19
32160;780;571;20;19;0;0;20;19
32162;800;571;20;19;0;0;20;19
32163;820;571;20;19;0;0;20;19
32166;840;571;20;19;0;0;20;19
32169;860;571;20;19;0;0;20;19
32172;880;571;20;19;0;0;20;19
32173;900;571;20;19;0;0;20;19
32174;920;571;20;19;0;0;20;19
32176;940;571;20;19;0;0;20;19
32177;960;571;20;19;0;0;20;19
32178;980;571;20;19;0;0;20;19
32179;1000;571;20;19;0;0;20;19
32180;1020;571;20;19;0;0;20;19
32181;1040;571;20;19;0;0;20;19
32184;1060;571;20;19;0;0;20;19
32185;1080;571;20;19;0;0;20;19
32186;1100;571;20;19;0;0;20;19
32187;1120;571;20;19;0;0;20;19
32189;1140;571;20;19;0;0;20;19
32190;1160;571;20;19;0;0;20;19
32191;1180;571;20;19;0;0;20;19
32196;1200;571;20;19;0;0;20;19
32199;1220;571;20;19;0;0;20;19
32202;1240;571;20;19;0;0;20;19
32203;1260;571;20;19;0;0;20;19
32207;1280;571;20;19;0;0;20;19
32209;1300;571;20;19;0;0;20;19
32210;1320;571;20;19;0;0;20;19
32212;1340;571;20;19;0;0;20;19
32215;1360;571;20;19;0;0;20;19
32216;1380;571;20;19;0;0;20;19
32217;1400;571;20;19;0;0;20;19
32218;1420;571;20;19;0;0;20;19
32221;1440;571;20;19;0;0;20;19
32222;1460;571;20;19;0;0;20;19
32224;1480;571;20;19;0;0;20;19
32225;1500;571;20;19;0;0;20;19
32227;1520;571;20;19;0;0;20;19
32230;1540;571;20;19;0;0;20;19
32232;1560;571;20;19;0;0;20;19
32233;1580;571;20;19;0;0;20;19
32236;1600;571;20;19;0;0;20;19
32239;1620;571;20;19;0;0;20;19
32241;1640;571;20;19;0;0;20;19
32242;1660;571;20;19;0;0;20;19
32244;1680;571;20;19;0;0;20;19
32249;1700;571;20;19;0;0;20;19
32251;1720;571;20;19;0;0;20;19
32257;1740;571;20;19;0;0;20;19
32260;1760;571;20;19;0;0;20;19
32264;1780;571;20;19;0;0;20;19
32265;1800;571;20;19;0;0;20;19
32266;1820;571;20;19;0;0;20;19
32267;1840;571;20;19;0;0;20;19
32272;1860;571;20;19;0;0;20;19
32273;1880;571;20;19;0;0;20;19
32283;1900;571;20;19;0;0;20;19
32285;1920;571;20;19;0;0;20;19
32286;1940;571;20;19;0;0;20;19
32287;1960;571;20;19;0;0;20;19
32288;1980;571;20;19;0;0;20;19
32291;2000;571;20;19;0;0;20;19
32294;2020;571;20;19;0;0;20;19
32299;2040;571;20;19;0;0;20;19
32301;2060;571;20;19;0;0;20;19
32302;2080;571;20;19;0;0;20;19
32305;2100;571;20;19;0;0;20;19
32306;2120;571;20;19;0;0;20;19
32308;2140;571;20;19;0;0;20;19
32309;2160;571;20;19;0;0;20;19
32311;2180;571;20;19;0;0;20;19
32313;2200;571;20;19;0;0;20;19
32315;2220;571;20;19;0;0;20;19
32317;2240;571;20;19;0;0;20;19
32318;2260;571;20;19;0;0;20;19
32321;2280;571;20;19;0;0;20;19
32323;2300;571;20;19;0;0;20;19
32325;2320;571;20;19;0;0;20;19
32326;2340;571;20;19;0;0;20;19
32327;2360;571;20;19;0;0;20;19
32328;2380;571;20;19;0;0;20;19
32330;2400;571;20;19;0;0;20;19
32338;2420;571;20;19;0;0;20;19
32340;2440;571;20;19;0;0;20;19
32341;2460;571;20;19;0;0;20;19
32346;2480;571;20;19;0;0;20;19
32350;2500;571;20;19;0;0;20;19
32353;2520;571;20;19;0;0;20;19
32361;2540;571;20;19;0;0;20;19
32362;2560;571;20;19;0;0;20;19
32363;2580;571;20;19;0;0;20;19
32365;2600;571;20;19;0;0;20;19
32367;2620;571;20;19;0;0;20;19
32368;2640;571;20;19;0;0;20;19
32371;2660;571;20;19;0;0;20;19
32377;2680;571;20;19;0;0;20;19
32380;2700;571;20;19;0;0;20;19
32381;2720;571;20;19;0;0;20;19
32382;2740;571;20;19;0;0;20;19
32386;2760;571;20;19;0;0;20;19
32392;2780;571;20;19;0;0;20;19
32396;2800;571;20;19;0;0;20;19
32397;2820;571;20;19;0;0;20;19
32399;2840;571;20;19;0;0;20;19
32402;2860;571;20;19;0;0;20;19
32403;2880;571;20;19;0;0;20;19
32404;2900;571;20;19;0;0;20;19
32406;2920;571;20;19;0;0;20;19
32408;2940;571;20;19;0;0;20;19
32411;2960;571;20;19;0;0;20;19
32412;2980;571;20;19;0;0;20;19
32416;3000;571;20;19;0;0;20;19
32417;3020;571;20;19;0;0;20;19
32418;3040;571;20;19;0;0;20;19
32419;3060;571;20;19;0;0;20;19
32420;3080;571;20;19;0;0;20;19
32421;3100;571;20;19;0;0;20;19
32422;3120;571;20;19;0;0;20;19
32423;3140;571;20;19;0;0;20;19
32424;3160;571;20;19;0;0;20;19
32426;3180;571;20;19;0;0;20;19
32427;3200;571;20;19;0;0;20;19
32428;3220;571;20;19;0;0;20;19
32429;3240;571;20;19;0;0;20;19
32431;3260;571;20;19;0;0;20;19
32432;3280;571;20;19;0;0;20;19
32433;3300;571;20;19;0;0;20;19
32434;3320;571;20;19;0;0;20;19
32435;3340;571;20;19;0;0;20;19
32436;3360;571;20;19;0;0;20;19
32437;3380;571;20;19;0;0;20;19
32438;3400;571;20;19;0;0;20;19
32439;3420;571;20;19;0;0;20;19
32440;3440;571;20;19;0;0;20;19
32441;3460;571;20;19;0;0;20;19
32442;3480;571;20;19;0;0;20;19
32445;3500;571;20;19;0;0;20;19
32446;3520;571;20;19;0;0;20;19
32447;3540;571;20;19;0;0;20;19
32448;3560;571;20;19;0;0;20;19
32449;3580;571;20;19;0;0;20;19
32450;3600;571;20;19;0;0;20;19
32451;3620;571;20;19;0;0;20;19
32452;3640;571;20;19;0;0;20;19
32453;3660;571;20;19;0;0;20;19
32454;3680;571;20;19;0;0;20;19
32455;3700;571;20;19;0;0;20;19
32456;3720;571;20;19;0;0;20;19
32457;3740;571;20;19;0;0;20;19
32458;3760;571;20;19;0;0;20;19
32460;3780;571;20;19;0;0;20;19
32461;3800;571;20;19;0;0;20;19
32462;3820;571;20;19;0;0;20;19
32463;3840;571;20;19;0;0;20;19
32465;3860;571;20;19;0;0;20;19
32466;3880;571;20;19;0;0;20;19
32467;3900;571;20;19;0;0;20;19
32468;3920;571;20;19;0;0;20;19
32469;3940;571;20;19;0;0;20;19
32471;3960;571;20;19;0;0;20;19
32472;3980;571;20;19;0;0;20;19
32473;4000;571;20;19;0;0;20;19
32474;4020;571;20;19;0;0;20;19
32475;4040;571;20;19;0;0;20;19
32476;4060;571;20;19;0;0;20;19
32477;0;590;20;19;0;0;20;19
32478;20;590;20;19;0;0;20;19
32479;40;590;20;19;0;0;20;19
32480;60;590;20;19;0;0;20;19
32481;80;590;20;19;0;0;20;19
32482;100;590;20;19;0;0;20;19
32483;120;590;20;19;0;0;20;19
32485;140;590;20;19;0;0;20;19
32486;160;590;20;19;0;0;20;19
32487;180;590;20;19;0;0;20;19
32488;200;590;20;19;0;0;20;19
32489;220;590;20;19;0;0;20;19
32490;240;590;20;19;0;0;20;19
32491;260;590;20;19;0;0;20;19
32493;280;590;20;19;0;0;20;19
32494;300;590;20;19;0;0;20;19
32495;320;590;20;19;0;0;20;19
32496;340;590;20;19;0;0;20;19
32497;360;590;20;19;0;0;20;19
32498;380;590;20;19;0;0;20;19
32499;400;590;20;19;0;0;20;19
32500;420;590;20;19;0;0;20;19
32501;440;590;20;19;0;0;20;19
32502;460;590;20;19;0;0;20;19
32503;480;590;20;19;0;0;20;19
32504;500;590;20;19;0;0;20;19
32506;520;590;20;19;0;0;20;19
32507;540;590;20;19;0;0;20;19
32508;560;590;20;19;0;0;20;19
32509;580;590;20;19;0;0;20;19
32510;600;590;20;19;0;0;20;19
32511;620;590;20;19;0;0;20;19
32512;640;590;20;19;0;0;20;19
32513;660;590;20;19;0;0;20;19
32514;680;590;20;19;0;0;20;19
32515;700;590;20;19;0;0;20;19
32516;720;590;20;19;0;0;20;19
32517;740;590;20;19;0;0;20;19
32518;760;590;20;19;0;0;20;19
32519;780;590;20;19;0;0;20;19
32520;800;590;20;19;0;0;20;19
32521;820;590;20;19;0;0;20;19
32524;840;590;20;19;0;0;20;19
32526;860;590;20;19;0;0;20;19
32529;880;590;20;19;0;0;20;19
32530;900;590;20;19;0;0;20;19
32531;920;590;20;19;0;0;20;19
32532;940;590;20;19;0;0;20;19
32533;960;590;20;19;0;0;20;19
32534;980;590;20;19;0;0;20;19
32535;1000;590;20;19;0;0;20;19
32536;1020;590;20;19;0;0;20;19
32537;1040;590;20;19;0;0;20;19
32538;1060;590;20;19;0;0;20;19
32539;1080;590;20;19;0;0;20;19
32540;1100;590;20;19;0;0;20;19
32541;1120;590;20;19;0;0;20;19
32543;1140;590;20;19;0;0;20;19
32544;1160;590;20;19;0;0;20;19
32545;1180;590;20;19;0;0;20;19
32546;1200;590;20;19;0;0;20;19
32547;1220;590;20;19;0;0;20;19
32548;1240;590;20;19;0;0;20;19
32549;1260;590;20;19;0;0;20;19
32550;1280;590;20;19;0;0;20;19
32551;1300;590;20;19;0;0;20;19
32552;1320;590;20;19;0;0;20;19
32553;1340;590;20;19;0;0;20;19
32554;1360;590;20;19;0;0;20;19
32555;1380;590;20;19;0;0;20;19
32556;1400;590;20;19;0;0;20;19
32557;1420;590;20;19;0;0;20;19
32558;1440;590;20;19;0;0;20;19
32559;1460;590;20;19;0;0;20;19
32560;1480;590;20;19;0;0;20;19
32561;1500;590;20;19;0;0;20;19
32562;1520;590;20;19;0;0;20;19
32563;1540;590;20;19;0;0;20;19
32564;1560;590;20;19;0;0;20;19
32565;1580;590;20;19;0;0;20;19
32566;1600;590;20;19;0;0;20;19
32568;1620;590;20;19;0;0;20;19
32570;1640;590;20;19;0;0;20;19
32573;1660;590;20;19;0;0;20;19
32578;1680;590;20;19;0;0;20;19
32580;1700;590;20;19;0;0;20;19
32581;1720;590;20;19;0;0;20;19
32584;1740;590;20;19;0;0;20;19
32588;1760;590;20;19;0;0;20;19
32591;1780;590;20;19;0;0;20;19
32592;1800;590;20;19;0;0;20;19
32593;1820;590;20;19;0;0;20;19
32596;1840;590;20;19;0;0;20;19
32597;1860;590;20;19;0;0;20;19
32599;1880;590;20;19;0;0;20;19
32600;1900;590;20;19;0;0;20;19
32602;1920;590;20;19;0;0;20;19
32607;1940;590;20;19;0;0;20;19
32609;1960;590;20;19;0;0;20;19
32610;1980;590;20;19;0;0;20;19
32611;2000;590;20;19;0;0;20;19
32616;2020;590;20;19;0;0;20;19
32617;2040;590;20;19;0;0;20;19
32618;2060;590;20;19;0;0;20;19
32622;2080;590;20;19;0;0;20;19
32624;2100;590;20;19;0;0;20;19
32625;2120;590;20;19;0;0;20;19
32626;2140;590;20;19;0;0;20;19
32628;2160;590;20;19;0;0;20;19
32629;2180;590;20;19;0;0;20;19
32631;2200;590;20;19;0;0;20;19
32633;2220;590;20;19;0;0;20;19
32637;2240;590;20;19;0;0;20;19
32638;2260;590;20;19;0;0;20;19
32641;2280;590;20;19;0;0;20;19
32645;2300;590;20;19;0;0;20;19
32646;2320;590;20;19;0;0;20;19
32648;2340;590;20;19;0;0;20;19
32650;2360;590;20;19;0;0;20;19
32652;2380;590;20;19;0;0;20;19
32654;2400;590;20;19;0;0;20;19
32657;2420;590;20;19;0;0;20;19
32660;2440;590;20;19;0;0;20;19
32666;2460;590;20;19;0;0;20;19
32670;2480;590;20;19;0;0;20;19
32671;2500;590;20;19;0;0;20;19
32673;2520;590;20;19;0;0;20;19
32676;2540;590;20;19;0;0;20;19
32677;2560;590;20;19;0;0;20;19
32679;2580;590;20;19;0;0;20;19
32680;2600;590;20;19;0;0;20;19
32681;2620;590;20;19;0;0;20;19
32687;2640;590;20;19;0;0;20;19
32688;2660;590;20;19;0;0;20;19
32690;2680;590;20;19;0;0;20;19
32694;2700;590;20;19;0;0;20;19
32696;2720;590;20;19;0;0;20;19
32697;2740;590;20;19;0;0;20;19
32700;2760;590;20;19;0;0;20;19
32701;2780;590;20;19;0;0;20;19
32703;2800;590;20;19;0;0;20;19
32705;2820;590;20;19;0;0;20;19
32709;2840;590;20;19;0;0;20;19
32714;2860;590;20;19;0;0;20;19
32716;2880;590;20;19;0;0;20;19
32718;2900;590;20;19;0;0;20;19
32722;2920;590;20;19;0;0;20;19
32724;2940;590;20;19;0;0;20;19
32725;2960;590;20;19;0;0;20;19
32728;2980;590;20;19;0;0;20;19
32730;3000;590;20;19;0;0;20;19
32735;3020;590;20;19;0;0;20;19
32736;3040;590;20;19;0;0;20;19
32737;3060;590;20;19;0;0;20;19
32741;3080;590;20;19;0;0;20;19
32742;3100;590;20;19;0;0;20;19
32745;3120;590;20;19;0;0;20;19
32748;3140;590;20;19;0;0;20;19
32750;3160;590;20;19;0;0;20;19
32752;3180;590;20;19;0;0;20;19
32753;3200;590;20;19;0;0;20;19
32755;3220;590;20;19;0;0;20;19
32761;3240;590;20;19;0;0;20;19
32762;3260;590;20;19;0;0;20;19
32763;3280;590;20;19;0;0;20;19
32764;3300;590;20;19;0;0;20;19
32768;3320;590;20;19;0;0;20;19
32769;3340;590;20;19;0;0;20;19
32771;3360;590;20;19;0;0;20;19
32772;3380;590;20;19;0;0;20;19
32773;3400;590;20;19;0;0;20;19
32774;3420;590;20;19;0;0;20;19
32779;3440;590;20;19;0;0;20;19
32780;3460;590;20;19;0;0;20;19
32781;3480;590;20;19;0;0;20;19
32783;3500;590;20;19;0;0;20;19
32784;3520;590;20;19;0;0;20;19
32786;3540;590;20;19;0;0;20;19
32789;3560;590;20;19;0;0;20;19
32790;3580;590;20;19;0;0;20;19
32791;3600;590;20;19;0;0;20;19
32792;3620;590;20;19;0;0;20;19
32793;3640;590;20;19;0;0;20;19
32796;3660;590;20;19;0;0;20;19
32797;3680;590;20;19;0;0;20;19
32800;3700;590;20;19;0;0;20;19
32802;3720;590;20;19;0;0;20;19
32805;3740;590;20;19;0;0;20;19
32806;3760;590;20;19;0;0;20;19
32807;3780;590;20;19;0;0;20;19
32808;3800;590;20;19;0;0;20;19
32809;3820;590;20;19;0;0;20;19
32810;3840;590;20;19;0;0;20;19
32812;3860;590;20;19;0;0;20;19
32814;3880;590;20;19;0;0;20;19
32817;3900;590;20;19;0;0;20;19
32819;3920;590;20;19;0;0;20;19
32822;3940;590;20;19;0;0;20;19
32823;3960;590;20;19;0;0;20;19
32824;3980;590;20;19;0;0;20;19
32827;4000;590;20;19;0;0;20;19
32829;4020;590;20;19;0;0;20;19
32831;4040;590;20;19;0;0;20;19
32834;4060;590;20;19;0;0;20;19
32835;0;609;20;19;0;0;20;19
32838;20;609;20;19;0;0;20;19
32842;40;609;20;19;0;0;20;19
32843;60;609;20;19;0;0;20;19
32844;80;609;20;19;0;0;20;19
32850;100;609;20;19;0;0;20;19
32852;120;609;20;19;0;0;20;19
32854;140;609;20;19;0;0;20;19
32856;160;609;20;19;0;0;20;19
32858;180;609;20;19;0;0;20;19
32862;200;609;20;19;0;0;20;19
32873;220;609;20;19;0;0;20;19
32874;240;609;20;19;0;0;20;19
32879;260;609;20;19;0;0;20;19
32880;280;609;20;19;0;0;20;19
32881;300;609;20;19;0;0;20;19
32882;320;609;20;19;0;0;20;19
32883;340;609;20;19;0;0;20;19
32884;360;609;20;19;0;0;20;19
32885;380;609;20;19;0;0;20;19
32886;400;609;20;19;0;0;20;19
32887;420;609;20;19;0;0;20;19
32893;440;609;20;19;0;0;20;19
32894;460;609;20;19;0;0;20;19
32895;480;609;20;19;0;0;20;19
32899;500;609;20;19;0;0;20;19
32900;520;609;20;19;0;0;20;19
32901;540;609;20;19;0;0;20;19
32902;560;609;20;19;0;0;20;19
32903;580;609;20;19;0;0;20;19
32905;600;609;20;19;0;0;20;19
32907;620;609;20;19;0;0;20;19
32908;640;609;20;19;0;0;20;19
32915;660;609;20;19;0;0;20;19
32918;680;609;20;19;0;0;20;19
32920;700;609;20;19;0;0;20;19
32922;720;609;20;19;0;0;20;19
32923;740;609;20;19;0;0;20;19
32925;760;609;20;19;0;0;20;19
32927;780;609;20;19;0;0;20;19
32928;800;609;20;19;0;0;20;19
32929;820;609;20;19;0;0;20;19
32930;840;609;20;19;0;0;20;19
32932;860;609;20;19;0;0;20;19
32933;880;609;20;19;0;0;20;19
32937;900;609;20;19;0;0;20;19
32938;920;609;20;19;0;0;20;19
32939;940;609;20;19;0;0;20;19
32942;960;609;20;19;0;0;20;19
32943;980;609;20;19;0;0;20;19
32945;1000;609;20;19;0;0;20;19
32946;1020;609;20;19;0;0;20;19
32948;1040;609;20;19;0;0;20;19
32954;1060;609;20;19;0;0;20;19
32956;1080;609;20;19;0;0;20;19
32957;1100;609;20;19;0;0;20;19
32958;1120;609;20;19;0;0;20;19
32959;1140;609;20;19;0;0;20;19
32960;1160;609;20;19;0;0;20;19
32961;1180;609;20;19;0;0;20;19
32962;1200;609;20;19;0;0;20;19
32963;1220;609;20;19;0;0;20;19
32964;1240;609;20;19;0;0;20;19
32966;1260;609;20;19;0;0;20;19
32972;1280;609;20;19;0;0;20;19
32973;1300;609;20;19;0;0;20;19
32974;1320;609;20;19;0;0;20;19
32982;1340;609;20;19;0;0;20;19
32983;1360;609;20;19;0;0;20;19
32985;1380;609;20;19;0;0;20;19
32986;1400;609;20;19;0;0;20;19
32987;1420;609;20;19;0;0;20;19
32988;1440;609;20;19;0;0;20;19
32989;1460;609;20;19;0;0;20;19
32990;1480;609;20;19;0;0;20;19
32993;1500;609;20;19;0;0;20;19
32996;1520;609;20;19;0;0;20;19
32997;1540;609;20;19;0;0;20;19
32999;1560;609;20;19;0;0;20;19
33000;1580;609;20;19;0;0;20;19
33002;1600;609;20;19;0;0;20;19
33003;1620;609;20;19;0;0;20;19
33004;1640;609;20;19;0;0;20;19
33005;1660;609;20;19;0;0;20;19
33007;1680;609;20;19;0;0;20;19
33008;1700;609;20;19;0;0;20;19
33009;1720;609;20;19;0;0;20;19
33011;1740;609;20;19;0;0;20;19
33012;1760;609;20;19;0;0;20;19
33014;1780;609;20;19;0;0;20;19
33016;1800;609;20;19;0;0;20;19
33018;1820;609;20;19;0;0;20;19
33020;1840;609;20;19;0;0;20;19
33021;1860;609;20;19;0;0;20;19
33026;1880;609;20;19;0;0;20;19
33029;1900;609;20;19;0;0;20;19
33030;1920;609;20;19;0;0;20;19
33031;1940;609;20;19;0;0;20;19
33032;1960;609;20;19;0;0;20;19
33033;1980;609;20;19;0;0;20;19
33034;2000;609;20;19;0;0;20;19
33037;2020;609;20;19;0;0;20;19
33039;2040;609;20;19;0;0;20;19
33040;2060;609;20;19;0;0;20;19
33041;2080;609;20;19;0;0;20;19
33042;2100;609;20;19;0;0;20;19
33043;2120;609;20;19;0;0;20;19
33044;2140;609;20;19;0;0;20;19
33046;2160;609;20;19;0;0;20;19
33048;2180;609;20;19;0;0;20;19
33050;2200;609;20;19;0;0;20;19
33051;2220;609;20;19;0;0;20;19
33059;2240;609;20;19;0;0;20;19
33063;2260;609;20;19;0;0;20;19
33067;2280;609;20;19;0;0;20;19
33068;2300;609;20;19;0;0;20;19
33071;2320;609;20;19;0;0;20;19
33073;2340;609;20;19;0;0;20;19
33074;2360;609;20;19;0;0;20;19
33075;2380;609;20;19;0;0;20;19
33080;2400;609;20;19;0;0;20;19
33081;2420;609;20;19;0;0;20;19
33086;2440;609;20;19;0;0;20;19
33094;2460;609;20;19;0;0;20;19
33096;2480;609;20;19;0;0;20;19
33098;2500;609;20;19;0;0;20;19
33099;2520;609;20;19;0;0;20;19
33100;2540;609;20;19;0;0;20;19
33102;2560;609;20;19;0;0;20;19
33104;2580;609;20;19;0;0;20;19
33105;2600;609;20;19;0;0;20;19
33107;2620;609;20;19;0;0;20;19
33108;2640;609;20;19;0;0;20;19
33109;2660;609;20;19;0;0;20;19
33110;2680;609;20;19;0;0;20;19
33114;2700;609;20;19;0;0;20;19
33120;2720;609;20;19;0;0;20;19
33125;2740;609;20;19;0;0;20;19
33126;2760;609;20;19;0;0;20;19
33127;2780;609;20;19;0;0;20;19
33129;2800;609;20;19;0;0;20;19
33131;2820;609;20;19;0;0;20;19
33133;2840;609;20;19;0;0;20;19
33134;2860;609;20;19;0;0;20;19
33136;2880;609;20;19;0;0;20;19
33137;2900;609;20;19;0;0;20;19
33139;2920;609;20;19;0;0;20;19
33140;2940;609;20;19;0;0;20;19
33144;2960;609;20;19;0;0;20;19
33145;2980;609;20;19;0;0;20;19
33146;3000;609;20;19;0;0;20;19
33147;3020;609;20;19;0;0;20;19
33148;3040;609;20;19;0;0;20;19
33150;3060;609;20;19;0;0;20;19
33151;3080;609;20;19;0;0;20;19
33152;3100;609;20;19;0;0;20;19
33154;3120;609;20;19;0;0;20;19
33160;3140;609;20;19;0;0;20;19
33162;3160;609;20;19;0;0;20;19
33167;3180;609;20;19;0;0;20;19
33169;3200;609;20;19;0;0;20;19
33173;3220;609;20;19;0;0;20;19
33176;3240;609;20;19;0;0;20;19
33177;3260;609;20;19;0;0;20;19
33178;3280;609;20;19;0;0;20;19
33179;3300;609;20;19;0;0;20;19
33180;3320;609;20;19;0;0;20;19
33181;3340;609;20;19;0;0;20;19
33184;3360;609;20;19;0;0;20;19
33190;3380;609;20;19;0;0;20;19
33192;3400;609;20;19;0;0;20;19
33193;3420;609;20;19;0;0;20;19
33203;3440;609;20;19;0;0;20;19
33210;3460;609;20;19;0;0;20;19
33211;3480;609;20;19;0;0;20;19
33213;3500;609;20;19;0;0;20;19
33214;3520;609;20;19;0;0;20;19
33215;3540;609;20;19;0;0;20;19
33216;3560;609;20;19;0;0;20;19
33218;3580;609;20;19;0;0;20;19
33219;3600;609;20;19;0;0;20;19
33222;3620;609;20;19;0;0;20;19
33225;3640;609;20;19;0;0;20;19
33226;3660;609;20;19;0;0;20;19
33228;3680;609;20;19;0;0;20;19
33229;3700;609;20;19;0;0;20;19
33231;3720;609;20;19;0;0;20;19
33234;3740;609;20;19;0;0;20;19
33235;3760;609;20;19;0;0;20;19
33240;3780;609;20;19;0;0;20;19
33242;3800;609;20;19;0;0;20;19
33244;3820;609;20;19;0;0;20;19
33246;3840;609;20;19;0;0;20;19
33247;3860;609;20;19;0;0;20;19
33248;3880;609;20;19;0;0;20;19
33250;3900;609;20;19;0;0;20;19
33251;3920;609;20;19;0;0;20;19
33253;3940;609;20;19;0;0;20;19
33255;3960;609;20;19;0;0;20;19
33256;3980;609;20;19;0;0;20;19
33258;4000;609;20;19;0;0;20;19
33260;4020;609;20;19;0;0;20;19
33261;4040;609;20;19;0;0;20;19
33263;4060;609;20;19;0;0;20;19
33267;0;628;20;19;0;0;20;19
33268;20;628;20;19;0;0;20;19
33274;40;628;20;19;0;0;20;19
33275;60;628;20;19;0;0;20;19
33276;80;628;20;19;0;0;20;19
33278;100;628;20;19;0;0;20;19
33280;120;628;20;19;0;0;20;19
33282;140;628;20;19;0;0;20;19
33284;160;628;20;19;0;0;20;19
33285;180;628;20;19;0;0;20;19
33286;200;628;20;19;0;0;20;19
33287;220;628;20;19;0;0;20;19
33288;240;628;20;19;0;0;20;19
33289;260;628;20;19;0;0;20;19
33290;280;628;20;19;0;0;20;19
33292;300;628;20;19;0;0;20;19
33293;320;628;20;19;0;0;20;19
33294;340;628;20;19;0;0;20;19
33296;360;628;20;19;0;0;20;19
33298;380;628;20;19;0;0;20;19
33300;400;628;20;19;0;0;20;19
33303;420;628;20;19;0;0;20;19
33307;440;628;20;19;0;0;20;19
33308;460;628;20;19;0;0;20;19
33310;480;628;20;19;0;0;20;19
33311;500;628;20;19;0;0;20;19
33314;520;628;20;19;0;0;20;19
33320;540;628;20;19;0;0;20;19
33322;560;628;20;19;0;0;20;19
33323;580;628;20;19;0;0;20;19
33324;600;628;20;19;0;0;20;19
33328;620;628;20;19;0;0;20;19
33329;640;628;20;19;0;0;20;19
33331;660;628;20;19;0;0;20;19
33332;680;628;20;19;0;0;20;19
33333;700;628;20;19;0;0;20;19
33334;720;628;20;19;0;0;20;19
33335;740;628;20;19;0;0;20;19
33336;760;628;20;19;0;0;20;19
33337;780;628;20;19;0;0;20;19
33338;800;628;20;19;0;0;20;19
33339;820;628;20;19;0;0;20;19
33348;840;628;20;19;0;0;20;19
33351;860;628;20;19;0;0;20;19
33355;880;628;20;19;0;0;20;19
33368;900;628;20;19;0;0;20;19
33369;920;628;20;19;0;0;20;19
33375;940;628;20;19;0;0;20;19
33380;960;628;20;19;0;0;20;19
33382;980;628;20;19;0;0;20;19
33384;1000;628;20;19;0;0;20;19
33387;1020;628;20;19;0;0;20;19
33390;1040;628;20;19;0;0;20;19
33391;1060;628;20;19;0;0;20;19
33392;1080;628;20;19;0;0;20;19
33393;1100;628;20;19;0;0;20;19
33394;1120;628;20;19;0;0;20;19
33395;1140;628;20;19;0;0;20;19
33398;1160;628;20;19;0;0;20;19
33399;1180;628;20;19;0;0;20;19
33402;1200;628;20;19;0;0;20;19
33403;1220;628;20;19;0;0;20;19
33405;1240;628;20;19;0;0;20;19
33406;1260;628;20;19;0;0;20;19
33407;1280;628;20;19;0;0;20;19
33410;1300;628;20;19;0;0;20;19
33412;1320;628;20;19;0;0;20;19
33418;1340;628;20;19;0;0;20;19
33419;1360;628;20;19;0;0;20;19
33421;1380;628;20;19;0;0;20;19
33422;1400;628;20;19;0;0;20;19
33424;1420;628;20;19;0;0;20;19
33425;1440;628;20;19;0;0;20;19
33426;1460;628;20;19;0;0;20;19
33431;1480;628;20;19;0;0;20;19
33433;1500;628;20;19;0;0;20;19
33436;1520;628;20;19;0;0;20;19
33437;1540;628;20;19;0;0;20;19
33439;1560;628;20;19;0;0;20;19
33441;1580;628;20;19;0;0;20;19
33443;1600;628;20;19;0;0;20;19
33445;1620;628;20;19;0;0;20;19
33446;1640;628;20;19;0;0;20;19
33448;1660;628;20;19;0;0;20;19
33449;1680;628;20;19;0;0;20;19
33450;1700;628;20;19;0;0;20;19
33451;1720;628;20;19;0;0;20;19
33452;1740;628;20;19;0;0;20;19
33453;1760;628;20;19;0;0;20;19
33454;1780;628;20;19;0;0;20;19
33455;1800;628;20;19;0;0;20;19
33456;1820;628;20;19;0;0;20;19
33457;1840;628;20;19;0;0;20;19
33459;1860;628;20;19;0;0;20;19
33463;1880;628;20;19;0;0;20;19
33464;1900;628;20;19;0;0;20;19
33465;1920;628;20;19;0;0;20;19
33467;1940;628;20;19;0;0;20;19
33468;1960;628;20;19;0;0;20;19
33469;1980;628;20;19;0;0;20;19
33470;2000;628;20;19;0;0;20;19
33473;2020;628;20;19;0;0;20;19
33476;2040;628;20;19;0;0;20;19
33479;2060;628;20;19;0;0;20;19
33480;2080;628;20;19;0;0;20;19
33483;2100;628;20;19;0;0;20;19
33484;2120;628;20;19;0;0;20;19
33485;2140;628;20;19;0;0;20;19
33486;2160;628;20;19;0;0;20;19
33487;2180;628;20;19;0;0;20;19
33489;2200;628;20;19;0;0;20;19
33490;2220;628;20;19;0;0;20;19
33491;2240;628;20;19;0;0;20;19
33492;2260;628;20;19;0;0;20;19
33493;2280;628;20;19;0;0;20;19
33495;2300;628;20;19;0;0;20;19
33496;2320;628;20;19;0;0;20;19
33499;2340;628;20;19;0;0;20;19
33500;2360;628;20;19;0;0;20;19
33502;2380;628;20;19;0;0;20;19
33503;2400;628;20;19;0;0;20;19
33505;2420;628;20;19;0;0;20;19
33507;2440;628;20;19;0;0;20;19
33508;2460;628;20;19;0;0;20;19
33509;2480;628;20;19;0;0;20;19
33510;2500;628;20;19;0;0;20;19
33511;2520;628;20;19;0;0;20;19
33515;2540;628;20;19;0;0;20;19
33519;2560;628;20;19;0;0;20;19
33521;2580;628;20;19;0;0;20;19
33523;2600;628;20;19;0;0;20;19
33524;2620;628;20;19;0;0;20;19
33527;2640;628;20;19;0;0;20;19
33529;2660;628;20;19;0;0;20;19
33530;2680;628;20;19;0;0;20;19
33531;2700;628;20;19;0;0;20;19
33533;2720;628;20;19;0;0;20;19
33536;2740;628;20;19;0;0;20;19
33537;2760;628;20;19;0;0;20;19
33538;2780;628;20;19;0;0;20;19
33539;2800;628;20;19;0;0;20;19
33540;2820;628;20;19;0;0;20;19
33541;2840;628;20;19;0;0;20;19
33542;2860;628;20;19;0;0;20;19
33545;2880;628;20;19;0;0;20;19
33548;2900;628;20;19;0;0;20;19
33549;2920;628;20;19;0;0;20;19
33550;2940;628;20;19;0;0;20;19
33551;2960;628;20;19;0;0;20;19
33553;2980;628;20;19;0;0;20;19
33555;3000;628;20;19;0;0;20;19
33556;3020;628;20;19;0;0;20;19
33557;3040;628;20;19;0;0;20;19
33559;3060;628;20;19;0;0;20;19
33562;3080;628;20;19;0;0;20;19
33563;3100;628;20;19;0;0;20;19
33564;3120;628;20;19;0;0;20;19
33575;3140;628;20;19;0;0;20;19
33576;3160;628;20;19;0;0;20;19
33579;3180;628;20;19;0;0;20;19
33580;3200;628;20;19;0;0;20;19
33581;3220;628;20;19;0;0;20;19
33583;3240;628;20;19;0;0;20;19
33585;3260;628;20;19;0;0;20;19
33586;3280;628;20;19;0;0;20;19
33588;3300;628;20;19;0;0;20;19
33589;3320;628;20;19;0;0;20;19
33590;3340;628;20;19;0;0;20;19
33592;3360;628;20;19;0;0;20;19
33593;3380;628;20;19;0;0;20;19
33596;3400;628;20;19;0;0;20;19
33600;3420;628;20;19;0;0;20;19
33603;3440;628;20;19;0;0;20;19
33606;3460;628;20;19;0;0;20;19
33607;3480;628;20;19;0;0;20;19
33609;3500;628;20;19;0;0;20;19
33610;3520;628;20;19;0;0;20;19
33615;3540;628;20;19;0;0;20;19
33616;3560;628;20;19;0;0;20;19
33617;3580;628;20;19;0;0;20;19
33618;3600;628;20;19;0;0;20;19
33620;3620;628;20;19;0;0;20;19
33622;3640;628;20;19;0;0;20;19
33624;3660;628;20;19;0;0;20;19
33626;3680;628;20;19;0;0;20;19
33628;3700;628;20;19;0;0;20;19
33630;3720;628;20;19;0;0;20;19
33631;3740;628;20;19;0;0;20;19
33632;3760;628;20;19;0;0;20;19
33633;3780;628;20;19;0;0;20;19
33635;3800;628;20;19;0;0;20;19
33636;3820;628;20;19;0;0;20;19
33637;3840;628;20;19;0;0;20;19
33638;3860;628;20;19;0;0;20;19
33639;3880;628;20;19;0;0;20;19
33640;3900;628;20;19;0;0;20;19
33641;3920;628;20;19;0;0;20;19
33642;3940;628;20;19;0;0;20;19
33643;3960;628;20;19;0;0;20;19
33644;3980;628;20;19;0;0;20;19
33645;4000;628;20;19;0;0;20;19
33646;4020;628;20;19;0;0;20;19
33647;4040;628;20;19;0;0;20;19
33651;4060;628;20;19;0;0;20;19
33655;0;647;20;19;0;0;20;19
33656;20;647;20;19;0;0;20;19
33659;40;647;20;19;0;0;20;19
33660;60;647;20;19;0;0;20;19
33661;80;647;20;19;0;0;20;19
33663;100;647;20;19;0;0;20;19
33669;120;647;20;19;0;0;20;19
33670;140;647;20;19;0;0;20;19
33673;160;647;20;19;0;0;20;19
33674;180;647;20;19;0;0;20;19
33678;200;647;20;19;0;0;20;19
33682;220;647;20;19;0;0;20;19
33683;240;647;20;19;0;0;20;19
33686;260;647;20;19;0;0;20;19
33688;280;647;20;19;0;0;20;19
33691;300;647;20;19;0;0;20;19
33692;320;647;20;19;0;0;20;19
33694;340;647;20;19;0;0;20;19
33696;360;647;20;19;0;0;20;19
33698;380;647;20;19;0;0;20;19
33703;400;647;20;19;0;0;20;19
33704;420;647;20;19;0;0;20;19
33705;440;647;20;19;0;0;20;19
33706;460;647;20;19;0;0;20;19
33707;480;647;20;19;0;0;20;19
33713;500;647;20;19;0;0;20;19
33714;520;647;20;19;0;0;20;19
33715;540;647;20;19;0;0;20;19
33716;560;647;20;19;0;0;20;19
33719;580;647;20;19;0;0;20;19
33720;600;647;20;19;0;0;20;19
33721;620;647;20;19;0;0;20;19
33722;640;647;20;19;0;0;20;19
33724;660;647;20;19;0;0;20;19
33725;680;647;20;19;0;0;20;19
33728;700;647;20;19;0;0;20;19
33729;720;647;20;19;0;0;20;19
33733;740;647;20;19;0;0;20;19
33735;760;647;20;19;0;0;20;19
33738;780;647;20;19;0;0;20;19
33740;800;647;20;19;0;0;20;19
33743;820;647;20;19;0;0;20;19
33747;840;647;20;19;0;0;20;19
33748;860;647;20;19;0;0;20;19
33750;880;647;20;19;0;0;20;19
33752;900;647;20;19;0;0;20;19
33756;920;647;20;19;0;0;20;19
33759;940;647;20;19;0;0;20;19
33760;960;647;20;19;0;0;20;19
33761;980;647;20;19;0;0;20;19
33767;1000;647;20;19;0;0;20;19
33769;1020;647;20;19;0;0;20;19
33770;1040;647;20;19;0;0;20;19
33775;1060;647;20;19;0;0;20;19
33776;1080;647;20;19;0;0;20;19
33777;1100;647;20;19;0;0;20;19
33778;1120;647;20;19;0;0;20;19
33784;1140;647;20;19;0;0;20;19
33785;1160;647;20;19;0;0;20;19
33789;1180;647;20;19;0;0;20;19
33793;1200;647;20;19;0;0;20;19
33795;1220;647;20;19;0;0;20;19
33796;1240;647;20;19;0;0;20;19
33799;1260;647;20;19;0;0;20;19
33802;1280;647;20;19;0;0;20;19
33803;1300;647;20;19;0;0;20;19
33804;1320;647;20;19;0;0;20;19
33805;1340;647;20;19;0;0;20;19
33806;1360;647;20;19;0;0;20;19
33807;1380;647;20;19;0;0;20;19
33809;1400;647;20;19;0;0;20;19
33816;1420;647;20;19;0;0;20;19
33820;1440;647;20;19;0;0;20;19
33821;1460;647;20;19;0;0;20;19
33828;1480;647;20;19;0;0;20;19
33829;1500;647;20;19;0;0;20;19
33830;1520;647;20;19;0;0;20;19
33831;1540;647;20;19;0;0;20;19
33832;1560;647;20;19;0;0;20;19
33833;1580;647;20;19;0;0;20;19
33836;1600;647;20;19;0;0;20;19
33841;1620;647;20;19;0;0;20;19
33845;1640;647;20;19;0;0;20;19
33848;1660;647;20;19;0;0;20;19
33852;1680;647;20;19;0;0;20;19
33853;1700;647;20;19;0;0;20;19
33862;1720;647;20;19;0;0;20;19
33865;1740;647;20;19;0;0;20;19
33873;1760;647;20;19;0;0;20;19
33874;1780;647;20;19;0;0;20;19
33879;1800;647;20;19;0;0;20;19
33882;1820;647;20;19;0;0;20;19
33883;1840;647;20;19;0;0;20;19
33889;1860;647;20;19;0;0;20;19
33891;1880;647;20;19;0;0;20;19
33892;1900;647;20;19;0;0;20;19
33894;1920;647;20;19;0;0;20;19
33897;1940;647;20;19;0;0;20;19
33899;1960;647;20;19;0;0;20;19
33900;1980;647;20;19;0;0;20;19
33901;2000;647;20;19;0;0;20;19
33905;2020;647;20;19;0;0;20;19
33907;2040;647;20;19;0;0;20;19
33909;2060;647;20;19;0;0;20;19
33910;2080;647;20;19;0;0;20;19
33911;2100;647;20;19;0;0;20;19
33912;2120;647;20;19;0;0;20;19
33914;2140;647;20;19;0;0;20;19
33922;2160;647;20;19;0;0;20;19
33931;2180;647;20;19;0;0;20;19
33932;2200;647;20;19;0;0;20;19
33936;2220;647;20;19;0;0;20;19
33939;2240;647;20;19;0;0;20;19
33940;2260;647;20;19;0;0;20;19
33943;2280;647;20;19;0;0;20;19
33945;2300;647;20;19;0;0;20;19
33948;2320;647;20;19;0;0;20;19
33950;2340;647;20;19;0;0;20;19
33951;2360;647;20;19;0;0;20;19
33953;2380;647;20;19;0;0;20;19
33967;2400;647;20;19;0;0;20;19
33970;2420;647;20;19;0;0;20;19
33972;2440;647;20;19;0;0;20;19
33976;2460;647;20;19;0;0;20;19
33977;2480;647;20;19;0;0;20;19
33978;2500;647;20;19;0;0;20;19
33979;2520;647;20;19;0;0;20;19
33980;2540;647;20;19;0;0;20;19
33981;2560;647;20;19;0;0;20;19
33983;2580;647;20;19;0;0;20;19
33984;2600;647;20;19;0;0;20;19
33985;2620;647;20;19;0;0;20;19
33988;2640;647;20;19;0;0;20;19
33990;2660;647;20;19;0;0;20;19
33993;2680;647;20;19;0;0;20;19
33994;2700;647;20;19;0;0;20;19
33995;2720;647;20;19;0;0;20;19
33997;2740;647;20;19;0;0;20;19
34000;2760;647;20;19;0;0;20;19
34001;2780;647;20;19;0;0;20;19
34003;2800;647;20;19;0;0;20;19
34006;2820;647;20;19;0;0;20;19
34013;2840;647;20;19;0;0;20;19
34015;2860;647;20;19;0;0;20;19
34016;2880;647;20;19;0;0;20;19
34021;2900;647;20;19;0;0;20;19
34022;2920;647;20;19;0;0;20;19
34023;2940;647;20;19;0;0;20;19
34028;2960;647;20;19;0;0;20;19
34030;2980;647;20;19;0;0;20;19
34031;3000;647;20;19;0;0;20;19
34044;3020;647;20;19;0;0;20;19
34045;3040;647;20;19;0;0;20;19
34047;3060;647;20;19;0;0;20;19
34065;3080;647;20;19;0;0;20;19
34067;3100;647;20;19;0;0;20;19
34068;3120;647;20;19;0;0;20;19
34071;3140;647;20;19;0;0;20;19
34074;3160;647;20;19;0;0;20;19
34078;3180;647;20;19;0;0;20;19
34079;3200;647;20;19;0;0;20;19
34081;3220;647;20;19;0;0;20;19
34083;3240;647;20;19;0;0;20;19
34085;3260;647;20;19;0;0;20;19
34086;3280;647;20;19;0;0;20;19
34091;3300;647;20;19;0;0;20;19
34092;3320;647;20;19;0;0;20;19
34093;3340;647;20;19;0;0;20;19
34101;3360;647;20;19;0;0;20;19
34103;3380;647;20;19;0;0;20;19
34104;3400;647;20;19;0;0;20;19
34106;3420;647;20;19;0;0;20;19
34107;3440;647;20;19;0;0;20;19
34108;3460;647;20;19;0;0;20;19
34109;3480;647;20;19;0;0;20;19
34113;3500;647;20;19;0;0;20;19
34115;3520;647;20;19;0;0;20;19
34120;3540;647;20;19;0;0;20;19
34121;3560;647;20;19;0;0;20;19
34122;3580;647;20;19;0;0;20;19
34126;3600;647;20;19;0;0;20;19
34130;3620;647;20;19;0;0;20;19
34131;3640;647;20;19;0;0;20;19
34133;3660;647;20;19;0;0;20;19
34134;3680;647;20;19;0;0;20;19
34135;3700;647;20;19;0;0;20;19
34137;3720;647;20;19;0;0;20;19
34142;3740;647;20;19;0;0;20;19
34148;3760;647;20;19;0;0;20;19
34152;3780;647;20;19;0;0;20;19
34153;3800;647;20;19;0;0;20;19
34154;3820;647;20;19;0;0;20;19
34157;3840;647;20;19;0;0;20;19
34162;3860;647;20;19;0;0;20;19
34164;3880;647;20;19;0;0;20;19
34169;3900;647;20;19;0;0;20;19
34170;3920;647;20;19;0;0;20;19
34171;3940;647;20;19;0;0;20;19
34174;3960;647;20;19;0;0;20;19
34180;3980;647;20;19;0;0;20;19
34181;4000;647;20;19;0;0;20;19
34183;4020;647;20;19;0;0;20;19
34184;4040;647;20;19;0;0;20;19
34186;4060;647;20;19;0;0;20;19
34188;0;666;20;19;0;0;20;19
34191;20;666;20;19;0;0;20;19
34193;40;666;20;19;0;0;20;19
34196;60;666;20;19;0;0;20;19
34203;80;666;20;19;0;0;20;19
34204;100;666;20;19;0;0;20;19
34212;120;666;20;19;0;0;20;19
34214;140;666;20;19;0;0;20;19
34216;160;666;20;19;0;0;20;19
34217;180;666;20;19;0;0;20;19
34218;200;666;20;19;0;0;20;19
34219;220;666;20;19;0;0;20;19
34220;240;666;20;19;0;0;20;19
34222;260;666;20;19;0;0;20;19
34223;280;666;20;19;0;0;20;19
34224;300;666;20;19;0;0;20;19
34231;320;666;20;19;0;0;20;19
34233;340;666;20;19;0;0;20;19
34234;360;666;20;19;0;0;20;19
34241;380;666;20;19;0;0;20;19
34249;400;666;20;19;0;0;20;19
34253;420;666;20;19;0;0;20;19
34254;440;666;20;19;0;0;20;19
34255;460;666;20;19;0;0;20;19
34256;480;666;20;19;0;0;20;19
34259;500;666;20;19;0;0;20;19
34261;520;666;20;19;0;0;20;19
34268;540;666;20;19;0;0;20;19
34269;560;666;20;19;0;0;20;19
34272;580;666;20;19;0;0;20;19
34276;600;666;20;19;0;0;20;19
34277;620;666;20;19;0;0;20;19
34281;640;666;20;19;0;0;20;19
34282;660;666;20;19;0;0;20;19
34294;680;666;20;19;0;0;20;19
34295;700;666;20;19;0;0;20;19
34297;720;666;20;19;0;0;20;19
34298;740;666;20;19;0;0;20;19
34299;760;666;20;19;0;0;20;19
34303;780;666;20;19;0;0;20;19
34308;800;666;20;19;0;0;20;19
34309;820;666;20;19;0;0;20;19
34310;840;666;20;19;0;0;20;19
34311;860;666;20;19;0;0;20;19
34314;880;666;20;19;0;0;20;19
34315;900;666;20;19;0;0;20;19
34321;920;666;20;19;0;0;20;19
34326;940;666;20;19;0;0;20;19
34327;960;666;20;19;0;0;20;19
34330;980;666;20;19;0;0;20;19
34338;1000;666;20;19;0;0;20;19
34343;1020;666;20;19;0;0;20;19
34345;1040;666;20;19;0;0;20;19
34349;1060;666;20;19;0;0;20;19
34360;1080;666;20;19;0;0;20;19
34362;1100;666;20;19;0;0;20;19
34367;1120;666;20;19;0;0;20;19
34382;1140;666;20;19;0;0;20;19
34383;1160;666;20;19;0;0;20;19
34384;1180;666;20;19;0;0;20;19
34385;1200;666;20;19;0;0;20;19
34388;1220;666;20;19;0;0;20;19
34389;1240;666;20;19;0;0;20;19
34394;1260;666;20;19;0;0;20;19
34395;1280;666;20;19;0;0;20;19
34396;1300;666;20;19;0;0;20;19
34398;1320;666;20;19;0;0;20;19
34399;1340;666;20;19;0;0;20;19
34402;1360;666;20;19;0;0;20;19
34407;1380;666;20;19;0;0;20;19
34411;1400;666;20;19;0;0;20;19
34412;1420;666;20;19;0;0;20;19
34414;1440;666;20;19;0;0;20;19
34415;1460;666;20;19;0;0;20;19
34417;1480;666;20;19;0;0;20;19
34425;1500;666;20;19;0;0;20;19
34426;1520;666;20;19;0;0;20;19
34427;1540;666;20;19;0;0;20;19
34428;1560;666;20;19;0;0;20;19
34429;1580;666;20;19;0;0;20;19
34430;1600;666;20;19;0;0;20;19
34431;1620;666;20;19;0;0;20;19
34432;1640;666;20;19;0;0;20;19
34433;1660;666;20;19;0;0;20;19
34434;1680;666;20;19;0;0;20;19
34442;1700;666;20;19;0;0;20;19
34443;1720;666;20;19;0;0;20;19
34444;1740;666;20;19;0;0;20;19
34445;1760;666;20;19;0;0;20;19
34451;1780;666;20;19;0;0;20;19
34453;1800;666;20;19;0;0;20;19
34455;1820;666;20;19;0;0;20;19
34460;1840;666;20;19;0;0;20;19
34461;1860;666;20;19;0;0;20;19
34467;1880;666;20;19;0;0;20;19
34468;1900;666;20;19;0;0;20;19
34471;1920;666;20;19;0;0;20;19
34472;1940;666;20;19;0;0;20;19
34473;1960;666;20;19;0;0;20;19
34474;1980;666;20;19;0;0;20;19
34476;2000;666;20;19;0;0;20;19
34479;2020;666;20;19;0;0;20;19
34480;2040;666;20;19;0;0;20;19
34481;2060;666;20;19;0;0;20;19
34484;2080;666;20;19;0;0;20;19
34485;2100;666;20;19;0;0;20;19
34486;2120;666;20;19;0;0;20;19
34496;2140;666;20;19;0;0;20;19
34500;2160;666;20;19;0;0;20;19
34502;2180;666;20;19;0;0;20;19
34503;2200;666;20;19;0;0;20;19
34505;2220;666;20;19;0;0;20;19
34506;2240;666;20;19;0;0;20;19
34507;2260;666;20;19;0;0;20;19
34509;2280;666;20;19;0;0;20;19
34510;2300;666;20;19;0;0;20;19
34511;2320;666;20;19;0;0;20;19
34512;2340;666;20;19;0;0;20;19
34516;2360;666;20;19;0;0;20;19
34520;2380;666;20;19;0;0;20;19
34521;2400;666;20;19;0;0;20;19
34523;2420;666;20;19;0;0;20;19
34526;2440;666;20;19;0;0;20;19
34527;2460;666;20;19;0;0;20;19
34532;2480;666;20;19;0;0;20;19
34537;2500;666;20;19;0;0;20;19
34541;2520;666;20;19;0;0;20;19
34542;2540;666;20;19;0;0;20;19
34544;2560;666;20;19;0;0;20;19
34545;2580;666;20;19;0;0;20;19
34546;2600;666;20;19;0;0;20;19
34547;2620;666;20;19;0;0;20;19
34548;2640;666;20;19;0;0;20;19
34552;2660;666;20;19;0;0;20;19
34553;2680;666;20;19;0;0;20;19
34554;2700;666;20;19;0;0;20;19
34555;2720;666;20;19;0;0;20;19
34558;2740;666;20;19;0;0;20;19
34560;2760;666;20;19;0;0;20;19
34562;2780;666;20;19;0;0;20;19
34563;2800;666;20;19;0;0;20;19
34566;2820;666;20;19;0;0;20;19
34567;2840;666;20;19;0;0;20;19
34568;2860;666;20;19;0;0;20;19
34569;2880;666;20;19;0;0;20;19
34570;2900;666;20;19;0;0;20;19
34573;2920;666;20;19;0;0;20;19
34578;2940;666;20;19;0;0;20;19
34579;2960;666;20;19;0;0;20;19
34581;2980;666;20;19;0;0;20;19
34583;3000;666;20;19;0;0;20;19
34584;3020;666;20;19;0;0;20;19
34586;3040;666;20;19;0;0;20;19
34588;3060;666;20;19;0;0;20;19
34590;3080;666;20;19;0;0;20;19
34593;3100;666;20;19;0;0;20;19
34594;3120;666;20;19;0;0;20;19
34595;3140;666;20;19;0;0;20;19
34597;3160;666;20;19;0;0;20;19
34601;3180;666;20;19;0;0;20;19
34606;3200;666;20;19;0;0;20;19
34609;3220;666;20;19;0;0;20;19
34612;3240;666;20;19;0;0;20;19
34615;3260;666;20;19;0;0;20;19
34619;3280;666;20;19;0;0;20;19
34623;3300;666;20;19;0;0;20;19
34631;3320;666;20;19;0;0;20;19
34632;3340;666;20;19;0;0;20;19
34633;3360;666;20;19;0;0;20;19
34636;3380;666;20;19;0;0;20;19
34638;3400;666;20;19;0;0;20;19
34643;3420;666;20;19;0;0;20;19
34645;3440;666;20;19;0;0;20;19
34647;3460;666;20;19;0;0;20;19
34649;3480;666;20;19;0;0;20;19
34655;3500;666;20;19;0;0;20;19
34656;3520;666;20;19;0;0;20;19
34659;3540;666;20;19;0;0;20;19
34661;3560;666;20;19;0;0;20;19
34662;3580;666;20;19;0;0;20;19
34664;3600;666;20;19;0;0;20;19
34670;3620;666;20;19;0;0;20;19
34672;3640;666;20;19;0;0;20;19
34676;3660;666;20;19;0;0;20;19
34678;3680;666;20;19;0;0;20;19
34680;3700;666;20;19;0;0;20;19
34683;3720;666;20;19;0;0;20;19
34684;3740;666;20;19;0;0;20;19
34685;3760;666;20;19;0;0;20;19
34686;3780;666;20;19;0;0;20;19
34690;3800;666;20;19;0;0;20;19
34691;3820;666;20;19;0;0;20;19
34692;3840;666;20;19;0;0;20;19
34693;3860;666;20;19;0;0;20;19
34696;3880;666;20;19;0;0;20;19
34699;3900;666;20;19;0;0;20;19
34701;3920;666;20;19;0;0;20;19
34711;3940;666;20;19;0;0;20;19
34718;3960;666;20;19;0;0;20;19
34719;3980;666;20;19;0;0;20;19
34720;4000;666;20;19;0;0;20;19
34722;4020;666;20;19;0;0;20;19
34728;4040;666;20;19;0;0;20;19
34731;4060;666;20;19;0;0;20;19
34732;0;685;20;19;0;0;20;19
34733;20;685;20;19;0;0;20;19
34735;40;685;20;19;0;0;20;19
34739;60;685;20;19;0;0;20;19
34741;80;685;20;19;0;0;20;19
34746;100;685;20;19;0;0;20;19
34747;120;685;20;19;0;0;20;19
34749;140;685;20;19;0;0;20;19
34752;160;685;20;19;0;0;20;19
34756;180;685;20;19;0;0;20;19
34758;200;685;20;19;0;0;20;19
34760;220;685;20;19;0;0;20;19
34762;240;685;20;19;0;0;20;19
34763;260;685;20;19;0;0;20;19
34766;280;685;20;19;0;0;20;19
34769;300;685;20;19;0;0;20;19
34770;320;685;20;19;0;0;20;19
34779;340;685;20;19;0;0;20;19
34784;360;685;20;19;0;0;20;19
34787;380;685;20;19;0;0;20;19
34789;400;685;20;19;0;0;20;19
34794;420;685;20;19;0;0;20;19
34796;440;685;20;19;0;0;20;19
34798;460;685;20;19;0;0;20;19
34799;480;685;20;19;0;0;20;19
34802;500;685;20;19;0;0;20;19
34803;520;685;20;19;0;0;20;19
34806;540;685;20;19;0;0;20;19
34809;560;685;20;19;0;0;20;19
34811;580;685;20;19;0;0;20;19
34814;600;685;20;19;0;0;20;19
34821;620;685;20;19;0;0;20;19
34822;640;685;20;19;0;0;20;19
34826;660;685;20;19;0;0;20;19
34829;680;685;20;19;0;0;20;19
34832;700;685;20;19;0;0;20;19
34833;720;685;20;19;0;0;20;19
34835;740;685;20;19;0;0;20;19
34836;760;685;20;19;0;0;20;19
34837;780;685;20;19;0;0;20;19
34838;800;685;20;19;0;0;20;19
34847;820;685;20;19;0;0;20;19
34849;840;685;20;19;0;0;20;19
34850;860;685;20;19;0;0;20;19
34851;880;685;20;19;0;0;20;19
34865;900;685;20;19;0;0;20;19
34866;920;685;20;19;0;0;20;19
34870;940;685;20;19;0;0;20;19
34873;960;685;20;19;0;0;20;19
34875;980;685;20;19;0;0;20;19
34876;1000;685;20;19;0;0;20;19
34880;1020;685;20;19;0;0;20;19
34884;1040;685;20;19;0;0;20;19
34885;1060;685;20;19;0;0;20;19
34886;1080;685;20;19;0;0;20;19
34890;1100;685;20;19;0;0;20;19
34892;1120;685;20;19;0;0;20;19
34893;1140;685;20;19;0;0;20;19
34899;1160;685;20;19;0;0;20;19
34900;1180;685;20;19;0;0;20;19
34901;1200;685;20;19;0;0;20;19
34903;1220;685;20;19;0;0;20;19
34905;1240;685;20;19;0;0;20;19
34906;1260;685;20;19;0;0;20;19
34907;1280;685;20;19;0;0;20;19
34909;1300;685;20;19;0;0;20;19
34913;1320;685;20;19;0;0;20;19
34914;1340;685;20;19;0;0;20;19
34915;1360;685;20;19;0;0;20;19
34917;1380;685;20;19;0;0;20;19
34920;1400;685;20;19;0;0;20;19
34921;1420;685;20;19;0;0;20;19
34923;1440;685;20;19;0;0;20;19
34924;1460;685;20;19;0;0;20;19
34926;1480;685;20;19;0;0;20;19
34928;1500;685;20;19;0;0;20;19
34930;1520;685;20;19;0;0;20;19
34935;1540;685;20;19;0;0;20;19
34937;1560;685;20;19;0;0;20;19
34941;1580;685;20;19;0;0;20;19
34942;1600;685;20;19;0;0;20;19
34943;1620;685;20;19;0;0;20;19
34945;1640;685;20;19;0;0;20;19
34946;1660;685;20;19;0;0;20;19
34948;1680;685;20;19;0;0;20;19
34949;1700;685;20;19;0;0;20;19
34952;1720;685;20;19;0;0;20;19
34955;1740;685;20;19;0;0;20;19
34957;1760;685;20;19;0;0;20;19
34962;1780;685;20;19;0;0;20;19
34963;1800;685;20;19;0;0;20;19
34966;1820;685;20;19;0;0;20;19
34972;1840;685;20;19;0;0;20;19
34974;1860;685;20;19;0;0;20;19
34978;1880;685;20;19;0;0;20;19
34980;1900;685;20;19;0;0;20;19
34986;1920;685;20;19;0;0;20;19
34987;1940;685;20;19;0;0;20;19
34989;1960;685;20;19;0;0;20;19
34993;1980;685;20;19;0;0;20;19
34999;2000;685;20;19;0;0;20;19
35009;2020;685;20;19;0;0;20;19
35010;2040;685;20;19;0;0;20;19
35013;2060;685;20;19;0;0;20;19
35014;2080;685;20;19;0;0;20;19
35017;2100;685;20;19;0;0;20;19
35018;2120;685;20;19;0;0;20;19
35020;2140;685;20;19;0;0;20;19
35022;2160;685;20;19;0;0;20;19
35023;2180;685;20;19;0;0;20;19
35026;2200;685;20;19;0;0;20;19
35028;2220;685;20;19;0;0;20;19
35029;2240;685;20;19;0;0;20;19
35032;2260;685;20;19;0;0;20;19
35033;2280;685;20;19;0;0;20;19
35036;2300;685;20;19;0;0;20;19
35037;2320;685;20;19;0;0;20;19
35039;2340;685;20;19;0;0;20;19
35041;2360;685;20;19;0;0;20;19
35042;2380;685;20;19;0;0;20;19
35044;2400;685;20;19;0;0;20;19
35045;2420;685;20;19;0;0;20;19
35048;2440;685;20;19;0;0;20;19
35056;2460;685;20;19;0;0;20;19
35057;2480;685;20;19;0;0;20;19
35059;2500;685;20;19;0;0;20;19
35060;2520;685;20;19;0;0;20;19
35064;2540;685;20;19;0;0;20;19
35065;2560;685;20;19;0;0;20;19
35069;2580;685;20;19;0;0;20;19
35070;2600;685;20;19;0;0;20;19
35074;2620;685;20;19;0;0;20;19
35079;2640;685;20;19;0;0;20;19
35082;2660;685;20;19;0;0;20;19
35088;2680;685;20;19;0;0;20;19
35090;2700;685;20;19;0;0;20;19
35091;2720;685;20;19;0;0;20;19
35093;2740;685;20;19;0;0;20;19
35097;2760;685;20;19;0;0;20;19
35098;2780;685;20;19;0;0;20;19
35099;2800;685;20;19;0;0;20;19
35103;2820;685;20;19;0;0;20;19
35105;2840;685;20;19;0;0;20;19
35109;2860;685;20;19;0;0;20;19
35114;2880;685;20;19;0;0;20;19
35115;2900;685;20;19;0;0;20;19
35120;2920;685;20;19;0;0;20;19
35122;2940;685;20;19;0;0;20;19
35123;2960;685;20;19;0;0;20;19
35124;2980;685;20;19;0;0;20;19
35126;3000;685;20;19;0;0;20;19
35128;3020;685;20;19;0;0;20;19
35131;3040;685;20;19;0;0;20;19
35137;3060;685;20;19;0;0;20;19
35140;3080;685;20;19;0;0;20;19
35142;3100;685;20;19;0;0;20;19
35143;3120;685;20;19;0;0;20;19
35158;3140;685;20;19;0;0;20;19
35166;3160;685;20;19;0;0;20;19
35167;3180;685;20;19;0;0;20;19
35168;3200;685;20;19;0;0;20;19
35172;3220;685;20;19;0;0;20;19
35174;3240;685;20;19;0;0;20;19
35178;3260;685;20;19;0;0;20;19
35180;3280;685;20;19;0;0;20;19
35183;3300;685;20;19;0;0;20;19
35186;3320;685;20;19;0;0;20;19
35195;3340;685;20;19;0;0;20;19
35199;3360;685;20;19;0;0;20;19
35201;3380;685;20;19;0;0;20;19
35203;3400;685;20;19;0;0;20;19
35206;3420;685;20;19;0;0;20;19
35207;3440;685;20;19;0;0;20;19
35208;3460;685;20;19;0;0;20;19
35211;3480;685;20;19;0;0;20;19
35215;3500;685;20;19;0;0;20;19
35219;3520;685;20;19;0;0;20;19
35222;3540;685;20;19;0;0;20;19
35224;3560;685;20;19;0;0;20;19
35226;3580;685;20;19;0;0;20;19
35233;3600;685;20;19;0;0;20;19
35238;3620;685;20;19;0;0;20;19
35239;3640;685;20;19;0;0;20;19
35242;3660;685;20;19;0;0;20;19
35244;3680;685;20;19;0;0;20;19
35247;3700;685;20;19;0;0;20;19
35250;3720;685;20;19;0;0;20;19
35251;3740;685;20;19;0;0;20;19
35255;3760;685;20;19;0;0;20;19
35258;3780;685;20;19;0;0;20;19
35261;3800;685;20;19;0;0;20;19
35264;3820;685;20;19;0;0;20;19
35265;3840;685;20;19;0;0;20;19
35266;3860;685;20;19;0;0;20;19
35268;3880;685;20;19;0;0;20;19
35269;3900;685;20;19;0;0;20;19
35270;3920;685;20;19;0;0;20;19
35271;3940;685;20;19;0;0;20;19
35272;3960;685;20;19;0;0;20;19
35273;3980;685;20;19;0;0;20;19
35274;4000;685;20;19;0;0;20;19
35275;4020;685;20;19;0;0;20;19
35278;4040;685;20;19;0;0;20;19
35279;4060;685;20;19;0;0;20;19
35280;0;704;20;19;0;0;20;19
35281;20;704;20;19;0;0;20;19
35282;40;704;20;19;0;0;20;19
35284;60;704;20;19;0;0;20;19
35290;80;704;20;19;0;0;20;19
35293;100;704;20;19;0;0;20;19
35294;120;704;20;19;0;0;20;19
35299;140;704;20;19;0;0;20;19
35301;160;704;20;19;0;0;20;19
35302;180;704;20;19;0;0;20;19
35307;200;704;20;19;0;0;20;19
35311;220;704;20;19;0;0;20;19
35315;240;704;20;19;0;0;20;19
35316;260;704;20;19;0;0;20;19
35318;280;704;20;19;0;0;20;19
35320;300;704;20;19;0;0;20;19
35328;320;704;20;19;0;0;20;19
35330;340;704;20;19;0;0;20;19
35331;360;704;20;19;0;0;20;19
35335;380;704;20;19;0;0;20;19
35336;400;704;20;19;0;0;20;19
35338;420;704;20;19;0;0;20;19
35340;440;704;20;19;0;0;20;19
35342;460;704;20;19;0;0;20;19
35343;480;704;20;19;0;0;20;19
35344;500;704;20;19;0;0;20;19
35347;520;704;20;19;0;0;20;19
35349;540;704;20;19;0;0;20;19
35350;560;704;20;19;0;0;20;19
35351;580;704;20;19;0;0;20;19
35352;600;704;20;19;0;0;20;19
35354;620;704;20;19;0;0;20;19
35355;640;704;20;19;0;0;20;19
35357;660;704;20;19;0;0;20;19
35359;680;704;20;19;0;0;20;19
35363;700;704;20;19;0;0;20;19
35365;720;704;20;19;0;0;20;19
35370;740;704;20;19;0;0;20;19
35373;760;704;20;19;0;0;20;19
35377;780;704;20;19;0;0;20;19
35379;800;704;20;19;0;0;20;19
35380;820;704;20;19;0;0;20;19
35382;840;704;20;19;0;0;20;19
35386;860;704;20;19;0;0;20;19
35387;880;704;20;19;0;0;20;19
35388;900;704;20;19;0;0;20;19
35390;920;704;20;19;0;0;20;19
35393;940;704;20;19;0;0;20;19
35398;960;704;20;19;0;0;20;19
35400;980;704;20;19;0;0;20;19
35406;1000;704;20;19;0;0;20;19
35408;1020;704;20;19;0;0;20;19
35410;1040;704;20;19;0;0;20;19
35412;1060;704;20;19;0;0;20;19
35413;1080;704;20;19;0;0;20;19
35419;1100;704;20;19;0;0;20;19
35422;1120;704;20;19;0;0;20;19
35424;1140;704;20;19;0;0;20;19
35425;1160;704;20;19;0;0;20;19
35426;1180;704;20;19;0;0;20;19
35427;1200;704;20;19;0;0;20;19
35430;1220;704;20;19;0;0;20;19
35433;1240;704;20;19;0;0;20;19
35435;1260;704;20;19;0;0;20;19
35436;1280;704;20;19;0;0;20;19
35437;1300;704;20;19;0;0;20;19
35438;1320;704;20;19;0;0;20;19
35440;1340;704;20;19;0;0;20;19
35441;1360;704;20;19;0;0;20;19
35442;1380;704;20;19;0;0;20;19
35443;1400;704;20;19;0;0;20;19
35445;1420;704;20;19;0;0;20;19
35449;1440;704;20;19;0;0;20;19
35452;1460;704;20;19;0;0;20;19
35455;1480;704;20;19;0;0;20;19
35460;1500;704;20;19;0;0;20;19
35461;1520;704;20;19;0;0;20;19
35462;1540;704;20;19;0;0;20;19
35463;1560;704;20;19;0;0;20;19
35465;1580;704;20;19;0;0;20;19
35466;1600;704;20;19;0;0;20;19
35468;1620;704;20;19;0;0;20;19
35469;1640;704;20;19;0;0;20;19
35473;1660;704;20;19;0;0;20;19
35474;1680;704;20;19;0;0;20;19
35475;1700;704;20;19;0;0;20;19
35477;1720;704;20;19;0;0;20;19
35480;1740;704;20;19;0;0;20;19
35482;1760;704;20;19;0;0;20;19
35486;1780;704;20;19;0;0;20;19
35488;1800;704;20;19;0;0;20;19
35489;1820;704;20;19;0;0;20;19
35491;1840;704;20;19;0;0;20;19
35492;1860;704;20;19;0;0;20;19
35493;1880;704;20;19;0;0;20;19
35494;1900;704;20;19;0;0;20;19
35496;1920;704;20;19;0;0;20;19
35498;1940;704;20;19;0;0;20;19
35500;1960;704;20;19;0;0;20;19
35501;1980;704;20;19;0;0;20;19
35504;2000;704;20;19;0;0;20;19
35506;2020;704;20;19;0;0;20;19
35510;2040;704;20;19;0;0;20;19
35513;2060;704;20;19;0;0;20;19
35516;2080;704;20;19;0;0;20;19
35519;2100;704;20;19;0;0;20;19
35522;2120;704;20;19;0;0;20;19
35524;2140;704;20;19;0;0;20;19
35527;2160;704;20;19;0;0;20;19
35529;2180;704;20;19;0;0;20;19
35531;2200;704;20;19;0;0;20;19
35533;2220;704;20;19;0;0;20;19
35535;2240;704;20;19;0;0;20;19
35537;2260;704;20;19;0;0;20;19
35538;2280;704;20;19;0;0;20;19
35542;2300;704;20;19;0;0;20;19
35543;2320;704;20;19;0;0;20;19
35547;2340;704;20;19;0;0;20;19
35548;2360;704;20;19;0;0;20;19
35550;2380;704;20;19;0;0;20;19
35553;2400;704;20;19;0;0;20;19
35554;2420;704;20;19;0;0;20;19
35556;2440;704;20;19;0;0;20;19
35558;2460;704;20;19;0;0;20;19
35559;2480;704;20;19;0;0;20;19
35563;2500;704;20;19;0;0;20;19
35565;2520;704;20;19;0;0;20;19
35566;2540;704;20;19;0;0;20;19
35569;2560;704;20;19;0;0;20;19
35571;2580;704;20;19;0;0;20;19
35574;2600;704;20;19;0;0;20;19
35575;2620;704;20;19;0;0;20;19
35576;2640;704;20;19;0;0;20;19
35578;2660;704;20;19;0;0;20;19
35580;2680;704;20;19;0;0;20;19
35582;2700;704;20;19;0;0;20;19
35584;2720;704;20;19;0;0;20;19
35585;2740;704;20;19;0;0;20;19
35586;2760;704;20;19;0;0;20;19
35588;2780;704;20;19;0;0;20;19
35589;2800;704;20;19;0;0;20;19
35591;2820;704;20;19;0;0;20;19
35594;2840;704;20;19;0;0;20;19
35598;2860;704;20;19;0;0;20;19
35600;2880;704;20;19;0;0;20;19
35604;2900;704;20;19;0;0;20;19
35606;2920;704;20;19;0;0;20;19
35607;2940;704;20;19;0;0;20;19
35609;2960;704;20;19;0;0;20;19
35610;2980;704;20;19;0;0;20;19
35611;3000;704;20;19;0;0;20;19
35613;3020;704;20;19;0;0;20;19
35616;3040;704;20;19;0;0;20;19
35617;3060;704;20;19;0;0;20;19
35618;3080;704;20;19;0;0;20;19
35624;3100;704;20;19;0;0;20;19
35627;3120;704;20;19;0;0;20;19
35628;3140;704;20;19;0;0;20;19
35635;3160;704;20;19;0;0;20;19
35641;3180;704;20;19;0;0;20;19
35646;3200;704;20;19;0;0;20;19
35649;3220;704;20;19;0;0;20;19
35657;3240;704;20;19;0;0;20;19
35662;3260;704;20;19;0;0;20;19
35663;3280;704;20;19;0;0;20;19
35670;3300;704;20;19;0;0;20;19
35672;3320;704;20;19;0;0;20;19
35673;3340;704;20;19;0;0;20;19
35674;3360;704;20;19;0;0;20;19
35676;3380;704;20;19;0;0;20;19
35679;3400;704;20;19;0;0;20;19
35686;3420;704;20;19;0;0;20;19
35691;3440;704;20;19;0;0;20;19
35692;3460;704;20;19;0;0;20;19
35695;3480;704;20;19;0;0;20;19
35696;3500;704;20;19;0;0;20;19
35697;3520;704;20;19;0;0;20;19
35698;3540;704;20;19;0;0;20;19
35700;3560;704;20;19;0;0;20;19
35703;3580;704;20;19;0;0;20;19
35709;3600;704;20;19;0;0;20;19
35712;3620;704;20;19;0;0;20;19
35722;3640;704;20;19;0;0;20;19
35724;3660;704;20;19;0;0;20;19
35726;3680;704;20;19;0;0;20;19
35730;3700;704;20;19;0;0;20;19
35731;3720;704;20;19;0;0;20;19
35733;3740;704;20;19;0;0;20;19
35734;3760;704;20;19;0;0;20;19
35738;3780;704;20;19;0;0;20;19
35740;3800;704;20;19;0;0;20;19
35742;3820;704;20;19;0;0;20;19
35745;3840;704;20;19;0;0;20;19
35746;3860;704;20;19;0;0;20;19
35747;3880;704;20;19;0;0;20;19
35748;3900;704;20;19;0;0;20;19
35749;3920;704;20;19;0;0;20;19
35750;3940;704;20;19;0;0;20;19
35751;3960;704;20;19;0;0;20;19
35752;3980;704;20;19;0;0;20;19
35753;4000;704;20;19;0;0;20;19
35754;4020;704;20;19;0;0;20;19
35755;4040;704;20;19;0;0;20;19
35757;4060;704;20;19;0;0;20;19
35758;0;723;20;19;0;0;20;19
35759;20;723;20;19;0;0;20;19
35760;40;723;20;19;0;0;20;19
35762;60;723;20;19;0;0;20;19
35763;80;723;20;19;0;0;20;19
35764;100;723;20;19;0;0;20;19
35765;120;723;20;19;0;0;20;19
35766;140;723;20;19;0;0;20;19
35767;160;723;20;19;0;0;20;19
35768;180;723;20;19;0;0;20;19
35769;200;723;20;19;0;0;20;19
35770;220;723;20;19;0;0;20;19
35772;240;723;20;19;0;0;20;19
35773;260;723;20;19;0;0;20;19
35774;280;723;20;19;0;0;20;19
35775;300;723;20;19;0;0;20;19
35776;320;723;20;19;0;0;20;19
35777;340;723;20;19;0;0;20;19
35778;360;723;20;19;0;0;20;19
35779;380;723;20;19;0;0;20;19
35780;400;723;20;19;0;0;20;19
35781;420;723;20;19;0;0;20;19
35782;440;723;20;19;0;0;20;19
35784;460;723;20;19;0;0;20;19
35785;480;723;20;19;0;0;20;19
35786;500;723;20;19;0;0;20;19
35787;520;723;20;19;0;0;20;19
35788;540;723;20;19;0;0;20;19
35789;560;723;20;19;0;0;20;19
35791;580;723;20;19;0;0;20;19
35793;600;723;20;19;0;0;20;19
35794;620;723;20;19;0;0;20;19
35795;640;723;20;19;0;0;20;19
35796;660;723;20;19;0;0;20;19
35797;680;723;20;19;0;0;20;19
35798;700;723;20;19;0;0;20;19
35799;720;723;20;19;0;0;20;19
35800;740;723;20;19;0;0;20;19
35801;760;723;20;19;0;0;20;19
35802;780;723;20;19;0;0;20;19
35803;800;723;20;19;0;0;20;19
35804;820;723;20;19;0;0;20;19
35805;840;723;20;19;0;0;20;19
35806;860;723;20;19;0;0;20;19
35807;880;723;20;19;0;0;20;19
35808;900;723;20;19;0;0;20;19
35809;920;723;20;19;0;0;20;19
35810;940;723;20;19;0;0;20;19
35811;960;723;20;19;0;0;20;19
35812;980;723;20;19;0;0;20;19
35813;1000;723;20;19;0;0;20;19
35814;1020;723;20;19;0;0;20;19
35815;1040;723;20;19;0;0;20;19
35816;1060;723;20;19;0;0;20;19
35817;1080;723;20;19;0;0;20;19
35819;1100;723;20;19;0;0;20;19
35820;1120;723;20;19;0;0;20;19
35821;1140;723;20;19;0;0;20;19
35822;1160;723;20;19;0;0;20;19
35823;1180;723;20;19;0;0;20;19
35824;1200;723;20;19;0;0;20;19
35825;1220;723;20;19;0;0;20;19
35826;1240;723;20;19;0;0;20;19
35827;1260;723;20;19;0;0;20;19
35828;1280;723;20;19;0;0;20;19
35829;1300;723;20;19;0;0;20;19
35830;1320;723;20;19;0;0;20;19
35831;1340;723;20;19;0;0;20;19
35832;1360;723;20;19;0;0;20;19
35833;1380;723;20;19;0;0;20;19
35834;1400;723;20;19;0;0;20;19
35835;1420;723;20;19;0;0;20;19
35836;1440;723;20;19;0;0;20;19
35837;1460;723;20;19;0;0;20;19
35838;1480;723;20;19;0;0;20;19
35839;1500;723;20;19;0;0;20;19
35840;1520;723;20;19;0;0;20;19
35841;1540;723;20;19;0;0;20;19
35842;1560;723;20;19;0;0;20;19
35843;1580;723;20;19;0;0;20;19
35844;1600;723;20;19;0;0;20;19
35845;1620;723;20;19;0;0;20;19
35846;1640;723;20;19;0;0;20;19
35847;1660;723;20;19;0;0;20;19
35848;1680;723;20;19;0;0;20;19
35850;1700;723;20;19;0;0;20;19
35851;1720;723;20;19;0;0;20;19
35852;1740;723;20;19;0;0;20;19
35853;1760;723;20;19;0;0;20;19
35854;1780;723;20;19;0;0;20;19
35855;1800;723;20;19;0;0;20;19
35856;1820;723;20;19;0;0;20;19
35857;1840;723;20;19;0;0;20;19
35858;1860;723;20;19;0;0;20;19
35859;1880;723;20;19;0;0;20;19
35860;1900;723;20;19;0;0;20;19
35861;1920;723;20;19;0;0;20;19
35862;1940;723;20;19;0;0;20;19
35863;1960;723;20;19;0;0;20;19
35864;1980;723;20;19;0;0;20;19
35865;2000;723;20;19;0;0;20;19
35866;2020;723;20;19;0;0;20;19
35867;2040;723;20;19;0;0;20;19
35868;2060;723;20;19;0;0;20;19
35869;2080;723;20;19;0;0;20;19
35871;2100;723;20;19;0;0;20;19
35872;2120;723;20;19;0;0;20;19
35873;2140;723;20;19;0;0;20;19
35874;2160;723;20;19;0;0;20;19
35875;2180;723;20;19;0;0;20;19
35876;2200;723;20;19;0;0;20;19
35877;2220;723;20;19;0;0;20;19
35878;2240;723;20;19;0;0;20;19
35879;2260;723;20;19;0;0;20;19
35880;2280;723;20;19;0;0;20;19
35881;2300;723;20;19;0;0;20;19
35882;2320;723;20;19;0;0;20;19
35884;2340;723;20;19;0;0;20;19
35885;2360;723;20;19;0;0;20;19
35886;2380;723;20;19;0;0;20;19
35887;2400;723;20;19;0;0;20;19
35888;2420;723;20;19;0;0;20;19
35889;2440;723;20;19;0;0;20;19
35890;2460;723;20;19;0;0;20;19
35891;2480;723;20;19;0;0;20;19
35892;2500;723;20;19;0;0;20;19
35893;2520;723;20;19;0;0;20;19
35894;2540;723;20;19;0;0;20;19
35895;2560;723;20;19;0;0;20;19
35903;2580;723;20;19;0;0;20;19
35905;2600;723;20;19;0;0;20;19
35910;2620;723;20;19;0;0;20;19
35911;2640;723;20;19;0;0;20;19
35912;2660;723;20;19;0;0;20;19
35913;2680;723;20;19;0;0;20;19
35914;2700;723;20;19;0;0;20;19
35916;2720;723;20;19;0;0;20;19
35918;2740;723;20;19;0;0;20;19
35920;2760;723;20;19;0;0;20;19
35924;2780;723;20;19;0;0;20;19
35925;2800;723;20;19;0;0;20;19
35929;2820;723;20;19;0;0;20;19
35930;2840;723;20;19;0;0;20;19
35937;2860;723;20;19;0;0;20;19
35938;2880;723;20;19;0;0;20;19
35944;2900;723;20;19;0;0;20;19
35946;2920;723;20;19;0;0;20;19
35947;2940;723;20;19;0;0;20;19
35948;2960;723;20;19;0;0;20;19
35955;2980;723;20;19;0;0;20;19
35960;3000;723;20;19;0;0;20;19
35961;3020;723;20;19;0;0;20;19
35962;3040;723;20;19;0;0;20;19
35970;3060;723;20;19;0;0;20;19
35973;3080;723;20;19;0;0;20;19
35977;3100;723;20;19;0;0;20;19
35978;3120;723;20;19;0;0;20;19
35980;3140;723;20;19;0;0;20;19
35981;3160;723;20;19;0;0;20;19
35987;3180;723;20;19;0;0;20;19
35988;3200;723;20;19;0;0;20;19
35992;3220;723;20;19;0;0;20;19
35997;3240;723;20;19;0;0;20;19
35998;3260;723;20;19;0;0;20;19
36000;3280;723;20;19;0;0;20;19
36001;3300;723;20;19;0;0;20;19
36002;3320;723;20;19;0;0;20;19
36007;3340;723;20;19;0;0;20;19
36008;3360;723;20;19;0;0;20;19
36009;3380;723;20;19;0;0;20;19
36010;3400;723;20;19;0;0;20;19
36011;3420;723;20;19;0;0;20;19
36012;3440;723;20;19;0;0;20;19
36015;3460;723;20;19;0;0;20;19
36016;3480;723;20;19;0;0;20;19
36018;3500;723;20;19;0;0;20;19
36019;3520;723;20;19;0;0;20;19
36020;3540;723;20;19;0;0;20;19
36022;3560;723;20;19;0;0;20;19
36023;3580;723;20;19;0;0;20;19
36024;3600;723;20;19;0;0;20;19
36026;3620;723;20;19;0;0;20;19
36027;3640;723;20;19;0;0;20;19
36028;3660;723;20;19;0;0;20;19
36029;3680;723;20;19;0;0;20;19
36031;3700;723;20;19;0;0;20;19
36032;3720;723;20;19;0;0;20;19
36033;3740;723;20;19;0;0;20;19
36034;3760;723;20;19;0;0;20;19
36035;3780;723;20;19;0;0;20;19
36036;3800;723;20;19;0;0;20;19
36037;3820;723;20;19;0;0;20;19
36039;3840;723;20;19;0;0;20;19
36040;3860;723;20;19;0;0;20;19
36042;3880;723;20;19;0;0;20;19
36049;3900;723;20;19;0;0;20;19
36050;3920;723;20;19;0;0;20;19
36051;3940;723;20;19;0;0;20;19
36053;3960;723;20;19;0;0;20;19
36058;3980;723;20;19;0;0;20;19
36059;4000;723;20;19;0;0;20;19
36060;4020;723;20;19;0;0;20;19
36062;4040;723;20;19;0;0;20;19
36064;4060;723;20;19;0;0;20;19
36065;0;742;20;19;0;0;20;19
36066;20;742;20;19;0;0;20;19
36067;40;742;20;19;0;0;20;19
36068;60;742;20;19;0;0;20;19
36070;80;742;20;19;0;0;20;19
36071;100;742;20;19;0;0;20;19
36074;120;742;20;19;0;0;20;19
36075;140;742;20;19;0;0;20;19
36076;160;742;20;19;0;0;20;19
36077;180;742;20;19;0;0;20;19
36084;200;742;20;19;0;0;20;19
36088;220;742;20;19;0;0;20;19
36090;240;742;20;19;0;0;20;19
36091;260;742;20;19;0;0;20;19
36092;280;742;20;19;0;0;20;19
36093;300;742;20;19;0;0;20;19
36094;320;742;20;19;0;0;20;19
36100;340;742;20;19;0;0;20;19
36101;360;742;20;19;0;0;20;19
36104;380;742;20;19;0;0;20;19
36106;400;742;20;19;0;0;20;19
36109;420;742;20;19;0;0;20;19
36111;440;742;20;19;0;0;20;19
36115;460;742;20;19;0;0;20;19
36118;480;742;20;19;0;0;20;19
36119;500;742;20;19;0;0;20;19
36123;520;742;20;19;0;0;20;19
36125;540;742;20;19;0;0;20;19
36126;560;742;20;19;0;0;20;19
36127;580;742;20;19;0;0;20;19
36129;600;742;20;19;0;0;20;19
36130;620;742;20;19;0;0;20;19
36131;640;742;20;19;0;0;20;19
36132;660;742;20;19;0;0;20;19
36133;680;742;20;19;0;0;20;19
36134;700;742;20;19;0;0;20;19
36135;720;742;20;19;0;0;20;19
36136;740;742;20;19;0;0;20;19
36137;760;742;20;19;0;0;20;19
36138;780;742;20;19;0;0;20;19
36139;800;742;20;19;0;0;20;19
36140;820;742;20;19;0;0;20;19
36141;840;742;20;19;0;0;20;19
36142;860;742;20;19;0;0;20;19
36143;880;742;20;19;0;0;20;19
36144;900;742;20;19;0;0;20;19
36145;920;742;20;19;0;0;20;19
36146;940;742;20;19;0;0;20;19
36147;960;742;20;19;0;0;20;19
36148;980;742;20;19;0;0;20;19
36149;1000;742;20;19;0;0;20;19
36150;1020;742;20;19;0;0;20;19
36151;1040;742;20;19;0;0;20;19
36152;1060;742;20;19;0;0;20;19
36153;1080;742;20;19;0;0;20;19
36154;1100;742;20;19;0;0;20;19
36155;1120;742;20;19;0;0;20;19
36156;1140;742;20;19;0;0;20;19
36157;1160;742;20;19;0;0;20;19
36158;1180;742;20;19;0;0;20;19
36159;1200;742;20;19;0;0;20;19
36161;1220;742;20;19;0;0;20;19
36162;1240;742;20;19;0;0;20;19
36163;1260;742;20;19;0;0;20;19
36164;1280;742;20;19;0;0;20;19
36165;1300;742;20;19;0;0;20;19
36167;1320;742;20;19;0;0;20;19
36168;1340;742;20;19;0;0;20;19
36169;1360;742;20;19;0;0;20;19
36170;1380;742;20;19;0;0;20;19
36171;1400;742;20;19;0;0;20;19
36172;1420;742;20;19;0;0;20;19
36173;1440;742;20;19;0;0;20;19
36174;1460;742;20;19;0;0;20;19
36175;1480;742;20;19;0;0;20;19
36176;1500;742;20;19;0;0;20;19
36179;1520;742;20;19;0;0;20;19
36180;1540;742;20;19;0;0;20;19
36181;1560;742;20;19;0;0;20;19
36182;1580;742;20;19;0;0;20;19
36184;1600;742;20;19;0;0;20;19
36185;1620;742;20;19;0;0;20;19
36186;1640;742;20;19;0;0;20;19
36187;1660;742;20;19;0;0;20;19
36188;1680;742;20;19;0;0;20;19
36189;1700;742;20;19;0;0;20;19
36190;1720;742;20;19;0;0;20;19
36191;1740;742;20;19;0;0;20;19
36192;1760;742;20;19;0;0;20;19
36193;1780;742;20;19;0;0;20;19
36194;1800;742;20;19;0;0;20;19
36195;1820;742;20;19;0;0;20;19
36196;1840;742;20;19;0;0;20;19
36198;1860;742;20;19;0;0;20;19
36199;1880;742;20;19;0;0;20;19
36203;1900;742;20;19;0;0;20;19
36205;1920;742;20;19;0;0;20;19
36208;1940;742;20;19;0;0;20;19
36211;1960;742;20;19;0;0;20;19
36212;1980;742;20;19;0;0;20;19
36213;2000;742;20;19;0;0;20;19
36214;2020;742;20;19;0;0;20;19
36215;2040;742;20;19;0;0;20;19
36225;2060;742;20;19;0;0;20;19
36228;2080;742;20;19;0;0;20;19
36229;2100;742;20;19;0;0;20;19
36234;2120;742;20;19;0;0;20;19
36235;2140;742;20;19;0;0;20;19
36241;2160;742;20;19;0;0;20;19
36244;2180;742;20;19;0;0;20;19
36245;2200;742;20;19;0;0;20;19
36249;2220;742;20;19;0;0;20;19
36255;2240;742;20;19;0;0;20;19
36259;2260;742;20;19;0;0;20;19
36264;2280;742;20;19;0;0;20;19
36273;2300;742;20;19;0;0;20;19
36274;2320;742;20;19;0;0;20;19
36275;2340;742;20;19;0;0;20;19
36276;2360;742;20;19;0;0;20;19
36277;2380;742;20;19;0;0;20;19
36280;2400;742;20;19;0;0;20;19
36282;2420;742;20;19;0;0;20;19
36284;2440;742;20;19;0;0;20;19
36286;2460;742;20;19;0;0;20;19
36287;2480;742;20;19;0;0;20;19
36291;2500;742;20;19;0;0;20;19
36292;2520;742;20;19;0;0;20;19
36294;2540;742;20;19;0;0;20;19
36299;2560;742;20;19;0;0;20;19
36300;2580;742;20;19;0;0;20;19
36302;2600;742;20;19;0;0;20;19
36303;2620;742;20;19;0;0;20;19
36304;2640;742;20;19;0;0;20;19
36305;2660;742;20;19;0;0;20;19
36310;2680;742;20;19;0;0;20;19
36311;2700;742;20;19;0;0;20;19
36314;2720;742;20;19;0;0;20;19
36315;2740;742;20;19;0;0;20;19
36317;2760;742;20;19;0;0;20;19
36318;2780;742;20;19;0;0;20;19
36319;2800;742;20;19;0;0;20;19
36321;2820;742;20;19;0;0;20;19
36323;2840;742;20;19;0;0;20;19
36324;2860;742;20;19;0;0;20;19
36328;2880;742;20;19;0;0;20;19
36330;2900;742;20;19;0;0;20;19
36332;2920;742;20;19;0;0;20;19
36335;2940;742;20;19;0;0;20;19
36339;2960;742;20;19;0;0;20;19
36341;2980;742;20;19;0;0;20;19
36342;3000;742;20;19;0;0;20;19
36343;3020;742;20;19;0;0;20;19
36344;3040;742;20;19;0;0;20;19
36345;3060;742;20;19;0;0;20;19
36346;3080;742;20;19;0;0;20;19
36347;3100;742;20;19;0;0;20;19
36348;3120;742;20;19;0;0;20;19
36357;3140;742;20;19;0;0;20;19
36361;3160;742;20;19;0;0;20;19
36362;3180;742;20;19;0;0;20;19
36364;3200;742;20;19;0;0;20;19
36367;3220;742;20;19;0;0;20;19
36368;3240;742;20;19;0;0;20;19
36370;3260;742;20;19;0;0;20;19
36372;3280;742;20;19;0;0;20;19
36381;3300;742;20;19;0;0;20;19
36382;3320;742;20;19;0;0;20;19
36383;3340;742;20;19;0;0;20;19
36386;3360;742;20;19;0;0;20;19
36393;3380;742;20;19;0;0;20;19
36394;3400;742;20;19;0;0;20;19
36395;3420;742;20;19;0;0;20;19
36396;3440;742;20;19;0;0;20;19
36398;3460;742;20;19;0;0;20;19
36399;3480;742;20;19;0;0;20;19
36400;3500;742;20;19;0;0;20;19
36401;3520;742;20;19;0;0;20;19
36404;3540;742;20;19;0;0;20;19
36405;3560;742;20;19;0;0;20;19
36409;3580;742;20;19;0;0;20;19
36410;3600;742;20;19;0;0;20;19
36413;3620;742;20;19;0;0;20;19
36416;3640;742;20;19;0;0;20;19
36417;3660;742;20;19;0;0;20;19
36418;3680;742;20;19;0;0;20;19
36420;3700;742;20;19;0;0;20;19
36423;3720;742;20;19;0;0;20;19
36424;3740;742;20;19;0;0;20;19
36425;3760;742;20;19;0;0;20;19
36426;3780;742;20;19;0;0;20;19
36427;3800;742;20;19;0;0;20;19
36428;3820;742;20;19;0;0;20;19
36432;3840;742;20;19;0;0;20;19
36433;3860;742;20;19;0;0;20;19
36434;3880;742;20;19;0;0;20;19
36435;3900;742;20;19;0;0;20;19
36437;3920;742;20;19;0;0;20;19
36441;3940;742;20;19;0;0;20;19
36442;3960;742;20;19;0;0;20;19
36447;3980;742;20;19;0;0;20;19
36451;4000;742;20;19;0;0;20;19
36452;4020;742;20;19;0;0;20;19
36454;4040;742;20;19;0;0;20;19
36457;4060;742;20;19;0;0;20;19
36460;0;761;20;19;0;0;20;19
36461;20;761;20;19;0;0;20;19
36464;40;761;20;19;0;0;20;19
36466;60;761;20;19;0;0;20;19
36468;80;761;20;19;0;0;20;19
36470;100;761;20;19;0;0;20;19
36474;120;761;20;19;0;0;20;19
36476;140;761;20;19;0;0;20;19
36477;160;761;20;19;0;0;20;19
36478;180;761;20;19;0;0;20;19
36479;200;761;20;19;0;0;20;19
36481;220;761;20;19;0;0;20;19
36482;240;761;20;19;0;0;20;19
36485;260;761;20;19;0;0;20;19
36487;280;761;20;19;0;0;20;19
36489;300;761;20;19;0;0;20;19
36490;320;761;20;19;0;0;20;19
36491;340;761;20;19;0;0;20;19
36493;360;761;20;19;0;0;20;19
36495;380;761;20;19;0;0;20;19
36496;400;761;20;19;0;0;20;19
36497;420;761;20;19;0;0;20;19
36498;440;761;20;19;0;0;20;19
36499;460;761;20;19;0;0;20;19
36501;480;761;20;19;0;0;20;19
36506;500;761;20;19;0;0;20;19
36508;520;761;20;19;0;0;20;19
36510;540;761;20;19;0;0;20;19
36513;560;761;20;19;0;0;20;19
36517;580;761;20;19;0;0;20;19
36518;600;761;20;19;0;0;20;19
36522;620;761;20;19;0;0;20;19
36523;640;761;20;19;0;0;20;19
36524;660;761;20;19;0;0;20;19
36527;680;761;20;19;0;0;20;19
36530;700;761;20;19;0;0;20;19
36538;720;761;20;19;0;0;20;19
36544;740;761;20;19;0;0;20;19
36554;760;761;20;19;0;0;20;19
36555;780;761;20;19;0;0;20;19
36556;800;761;20;19;0;0;20;19
36557;820;761;20;19;0;0;20;19
36562;840;761;20;19;0;0;20;19
36564;860;761;20;19;0;0;20;19
36571;880;761;20;19;0;0;20;19
36575;900;761;20;19;0;0;20;19
36578;920;761;20;19;0;0;20;19
36587;940;761;20;19;0;0;20;19
36594;960;761;20;19;0;0;20;19
36600;980;761;20;19;0;0;20;19
36603;1000;761;20;19;0;0;20;19
36604;1020;761;20;19;0;0;20;19
36605;1040;761;20;19;0;0;20;19
36606;1060;761;20;19;0;0;20;19
36611;1080;761;20;19;0;0;20;19
36613;1100;761;20;19;0;0;20;19
36617;1120;761;20;19;0;0;20;19
36618;1140;761;20;19;0;0;20;19
36626;1160;761;20;19;0;0;20;19
36627;1180;761;20;19;0;0;20;19
36628;1200;761;20;19;0;0;20;19
36629;1220;761;20;19;0;0;20;19
36635;1240;761;20;19;0;0;20;19
36636;1260;761;20;19;0;0;20;19
36637;1280;761;20;19;0;0;20;19
36638;1300;761;20;19;0;0;20;19
36639;1320;761;20;19;0;0;20;19
36645;1340;761;20;19;0;0;20;19
36646;1360;761;20;19;0;0;20;19
36649;1380;761;20;19;0;0;20;19
36650;1400;761;20;19;0;0;20;19
36655;1420;761;20;19;0;0;20;19
36659;1440;761;20;19;0;0;20;19
36664;1460;761;20;19;0;0;20;19
36667;1480;761;20;19;0;0;20;19
36670;1500;761;20;19;0;0;20;19
36671;1520;761;20;19;0;0;20;19
36674;1540;761;20;19;0;0;20;19
36676;1560;761;20;19;0;0;20;19
36677;1580;761;20;19;0;0;20;19
36678;1600;761;20;19;0;0;20;19
36679;1620;761;20;19;0;0;20;19
36681;1640;761;20;19;0;0;20;19
36685;1660;761;20;19;0;0;20;19
36686;1680;761;20;19;0;0;20;19
36692;1700;761;20;19;0;0;20;19
36693;1720;761;20;19;0;0;20;19
36703;1740;761;20;19;0;0;20;19
36705;1760;761;20;19;0;0;20;19
36708;1780;761;20;19;0;0;20;19
36710;1800;761;20;19;0;0;20;19
36711;1820;761;20;19;0;0;20;19
36712;1840;761;20;19;0;0;20;19
36713;1860;761;20;19;0;0;20;19
36715;1880;761;20;19;0;0;20;19
36716;1900;761;20;19;0;0;20;19
36717;1920;761;20;19;0;0;20;19
36718;1940;761;20;19;0;0;20;19
36719;1960;761;20;19;0;0;20;19
36720;1980;761;20;19;0;0;20;19
36721;2000;761;20;19;0;0;20;19
36722;2020;761;20;19;0;0;20;19
36723;2040;761;20;19;0;0;20;19
36724;2060;761;20;19;0;0;20;19
36726;2080;761;20;19;0;0;20;19
36728;2100;761;20;19;0;0;20;19
36731;2120;761;20;19;0;0;20;19
36732;2140;761;20;19;0;0;20;19
36733;2160;761;20;19;0;0;20;19
36734;2180;761;20;19;0;0;20;19
36735;2200;761;20;19;0;0;20;19
36738;2220;761;20;19;0;0;20;19
36739;2240;761;20;19;0;0;20;19
36740;2260;761;20;19;0;0;20;19
36741;2280;761;20;19;0;0;20;19
36742;2300;761;20;19;0;0;20;19
36743;2320;761;20;19;0;0;20;19
36744;2340;761;20;19;0;0;20;19
36745;2360;761;20;19;0;0;20;19
36746;2380;761;20;19;0;0;20;19
36747;2400;761;20;19;0;0;20;19
36749;2420;761;20;19;0;0;20;19
36750;2440;761;20;19;0;0;20;19
36751;2460;761;20;19;0;0;20;19
36752;2480;761;20;19;0;0;20;19
36753;2500;761;20;19;0;0;20;19
36755;2520;761;20;19;0;0;20;19
36756;2540;761;20;19;0;0;20;19
36757;2560;761;20;19;0;0;20;19
36758;2580;761;20;19;0;0;20;19
36759;2600;761;20;19;0;0;20;19
36760;2620;761;20;19;0;0;20;19
36761;2640;761;20;19;0;0;20;19
36762;2660;761;20;19;0;0;20;19
36763;2680;761;20;19;0;0;20;19
36764;2700;761;20;19;0;0;20;19
36766;2720;761;20;19;0;0;20;19
36767;2740;761;20;19;0;0;20;19
36771;2760;761;20;19;0;0;20;19
36774;2780;761;20;19;0;0;20;19
36776;2800;761;20;19;0;0;20;19
36777;2820;761;20;19;0;0;20;19
36779;2840;761;20;19;0;0;20;19
36781;2860;761;20;19;0;0;20;19
36782;2880;761;20;19;0;0;20;19
36783;2900;761;20;19;0;0;20;19
36784;2920;761;20;19;0;0;20;19
36785;2940;761;20;19;0;0;20;19
36786;2960;761;20;19;0;0;20;19
36793;2980;761;20;19;0;0;20;19
36794;3000;761;20;19;0;0;20;19
36796;3020;761;20;19;0;0;20;19
36797;3040;761;20;19;0;0;20;19
36798;3060;761;20;19;0;0;20;19
36801;3080;761;20;19;0;0;20;19
36802;3100;761;20;19;0;0;20;19
36804;3120;761;20;19;0;0;20;19
36805;3140;761;20;19;0;0;20;19
36807;3160;761;20;19;0;0;20;19
36808;3180;761;20;19;0;0;20;19
36814;3200;761;20;19;0;0;20;19
36816;3220;761;20;19;0;0;20;19
36817;3240;761;20;19;0;0;20;19
36818;3260;761;20;19;0;0;20;19
36819;3280;761;20;19;0;0;20;19
36820;3300;761;20;19;0;0;20;19
36821;3320;761;20;19;0;0;20;19
36824;3340;761;20;19;0;0;20;19
36825;3360;761;20;19;0;0;20;19
36827;3380;761;20;19;0;0;20;19
36828;3400;761;20;19;0;0;20;19
36829;3420;761;20;19;0;0;20;19
36830;3440;761;20;19;0;0;20;19
36831;3460;761;20;19;0;0;20;19
36834;3480;761;20;19;0;0;20;19
36836;3500;761;20;19;0;0;20;19
36837;3520;761;20;19;0;0;20;19
36838;3540;761;20;19;0;0;20;19
36840;3560;761;20;19;0;0;20;19
36841;3580;761;20;19;0;0;20;19
36842;3600;761;20;19;0;0;20;19
36843;3620;761;20;19;0;0;20;19
36845;3640;761;20;19;0;0;20;19
36846;3660;761;20;19;0;0;20;19
36848;3680;761;20;19;0;0;20;19
36851;3700;761;20;19;0;0;20;19
36852;3720;761;20;19;0;0;20;19
36855;3740;761;20;19;0;0;20;19
36856;3760;761;20;19;0;0;20;19
36857;3780;761;20;19;0;0;20;19
36858;3800;761;20;19;0;0;20;19
36861;3820;761;20;19;0;0;20;19
36864;3840;761;20;19;0;0;20;19
36865;3860;761;20;19;0;0;20;19
36866;3880;761;20;19;0;0;20;19
36867;3900;761;20;19;0;0;20;19
36868;3920;761;20;19;0;0;20;19
36869;3940;761;20;19;0;0;20;19
36870;3960;761;20;19;0;0;20;19
36873;3980;761;20;19;0;0;20;19
36874;4000;761;20;19;0;0;20;19
36875;4020;761;20;19;0;0;20;19
36877;4040;761;20;19;0;0;20;19
36879;4060;761;20;19;0;0;20;19
36880;0;780;20;19;0;0;20;19
36881;20;780;20;19;0;0;20;19
36882;40;780;20;19;0;0;20;19
36883;60;780;20;19;0;0;20;19
36884;80;780;20;19;0;0;20;19
36885;100;780;20;19;0;0;20;19
36886;120;780;20;19;0;0;20;19
36887;140;780;20;19;0;0;20;19
36889;160;780;20;19;0;0;20;19
36890;180;780;20;19;0;0;20;19
36891;200;780;20;19;0;0;20;19
36893;220;780;20;19;0;0;20;19
36894;240;780;20;19;0;0;20;19
36895;260;780;20;19;0;0;20;19
36896;280;780;20;19;0;0;20;19
36897;300;780;20;19;0;0;20;19
36898;320;780;20;19;0;0;20;19
36899;340;780;20;19;0;0;20;19
36902;360;780;20;19;0;0;20;19
36909;380;780;20;19;0;0;20;19
36910;400;780;20;19;0;0;20;19
36911;420;780;20;19;0;0;20;19
36913;440;780;20;19;0;0;20;19
36914;460;780;20;19;0;0;20;19
36917;480;780;20;19;0;0;20;19
36918;500;780;20;19;0;0;20;19
36920;520;780;20;19;0;0;20;19
36923;540;780;20;19;0;0;20;19
36924;560;780;20;19;0;0;20;19
36926;580;780;20;19;0;0;20;19
36929;600;780;20;19;0;0;20;19
36930;620;780;20;19;0;0;20;19
36932;640;780;20;19;0;0;20;19
36933;660;780;20;19;0;0;20;19
36935;680;780;20;19;0;0;20;19
36938;700;780;20;19;0;0;20;19
36939;720;780;20;19;0;0;20;19
36941;740;780;20;19;0;0;20;19
36942;760;780;20;19;0;0;20;19
36943;780;780;20;19;0;0;20;19
36944;800;780;20;19;0;0;20;19
36945;820;780;20;19;0;0;20;19
36946;840;780;20;19;0;0;20;19
36947;860;780;20;19;0;0;20;19
36948;880;780;20;19;0;0;20;19
36949;900;780;20;19;0;0;20;19
36951;920;780;20;19;0;0;20;19
36953;940;780;20;19;0;0;20;19
36955;960;780;20;19;0;0;20;19
36956;980;780;20;19;0;0;20;19
36958;1000;780;20;19;0;0;20;19
36960;1020;780;20;19;0;0;20;19
36961;1040;780;20;19;0;0;20;19
36962;1060;780;20;19;0;0;20;19
36963;1080;780;20;19;0;0;20;19
36965;1100;780;20;19;0;0;20;19
36968;1120;780;20;19;0;0;20;19
36969;1140;780;20;19;0;0;20;19
36973;1160;780;20;19;0;0;20;19
36974;1180;780;20;19;0;0;20;19
36978;1200;780;20;19;0;0;20;19
36980;1220;780;20;19;0;0;20;19
36981;1240;780;20;19;0;0;20;19
36983;1260;780;20;19;0;0;20;19
36984;1280;780;20;19;0;0;20;19
36986;1300;780;20;19;0;0;20;19
36988;1320;780;20;19;0;0;20;19
36989;1340;780;20;19;0;0;20;19
36991;1360;780;20;19;0;0;20;19
36992;1380;780;20;19;0;0;20;19
36993;1400;780;20;19;0;0;20;19
36994;1420;780;20;19;0;0;20;19
36995;1440;780;20;19;0;0;20;19
36996;1460;780;20;19;0;0;20;19
36999;1480;780;20;19;0;0;20;19
37000;1500;780;20;19;0;0;20;19
37002;1520;780;20;19;0;0;20;19
37003;1540;780;20;19;0;0;20;19
37007;1560;780;20;19;0;0;20;19
37008;1580;780;20;19;0;0;20;19
37009;1600;780;20;19;0;0;20;19
37011;1620;780;20;19;0;0;20;19
37013;1640;780;20;19;0;0;20;19
37015;1660;780;20;19;0;0;20;19
37017;1680;780;20;19;0;0;20;19
37019;1700;780;20;19;0;0;20;19
37021;1720;780;20;19;0;0;20;19
37024;1740;780;20;19;0;0;20;19
37026;1760;780;20;19;0;0;20;19
37027;1780;780;20;19;0;0;20;19
37030;1800;780;20;19;0;0;20;19
37034;1820;780;20;19;0;0;20;19
37036;1840;780;20;19;0;0;20;19
37038;1860;780;20;19;0;0;20;19
37039;1880;780;20;19;0;0;20;19
37040;1900;780;20;19;0;0;20;19
37041;1920;780;20;19;0;0;20;19
37043;1940;780;20;19;0;0;20;19
37044;1960;780;20;19;0;0;20;19
37045;1980;780;20;19;0;0;20;19
37046;2000;780;20;19;0;0;20;19
37048;2020;780;20;19;0;0;20;19
37049;2040;780;20;19;0;0;20;19
37050;2060;780;20;19;0;0;20;19
37051;2080;780;20;19;0;0;20;19
37054;2100;780;20;19;0;0;20;19
37057;2120;780;20;19;0;0;20;19
37060;2140;780;20;19;0;0;20;19
37061;2160;780;20;19;0;0;20;19
37063;2180;780;20;19;0;0;20;19
37066;2200;780;20;19;0;0;20;19
37070;2220;780;20;19;0;0;20;19
37071;2240;780;20;19;0;0;20;19
37073;2260;780;20;19;0;0;20;19
37075;2280;780;20;19;0;0;20;19
37079;2300;780;20;19;0;0;20;19
37083;2320;780;20;19;0;0;20;19
37084;2340;780;20;19;0;0;20;19
37085;2360;780;20;19;0;0;20;19
37087;2380;780;20;19;0;0;20;19
37089;2400;780;20;19;0;0;20;19
37090;2420;780;20;19;0;0;20;19
37092;2440;780;20;19;0;0;20;19
37094;2460;780;20;19;0;0;20;19
37095;2480;780;20;19;0;0;20;19
37096;2500;780;20;19;0;0;20;19
37099;2520;780;20;19;0;0;20;19
37101;2540;780;20;19;0;0;20;19
37103;2560;780;20;19;0;0;20;19
37108;2580;780;20;19;0;0;20;19
37109;2600;780;20;19;0;0;20;19
37111;2620;780;20;19;0;0;20;19
37112;2640;780;20;19;0;0;20;19
37117;2660;780;20;19;0;0;20;19
37118;2680;780;20;19;0;0;20;19
37119;2700;780;20;19;0;0;20;19
37122;2720;780;20;19;0;0;20;19
37124;2740;780;20;19;0;0;20;19
37126;2760;780;20;19;0;0;20;19
37129;2780;780;20;19;0;0;20;19
37138;2800;780;20;19;0;0;20;19
37140;2820;780;20;19;0;0;20;19
37142;2840;780;20;19;0;0;20;19
37145;2860;780;20;19;0;0;20;19
37150;2880;780;20;19;0;0;20;19
37154;2900;780;20;19;0;0;20;19
37159;2920;780;20;19;0;0;20;19
37165;2940;780;20;19;0;0;20;19
37167;2960;780;20;19;0;0;20;19
37168;2980;780;20;19;0;0;20;19
37169;3000;780;20;19;0;0;20;19
37170;3020;780;20;19;0;0;20;19
37172;3040;780;20;19;0;0;20;19
37178;3060;780;20;19;0;0;20;19
37187;3080;780;20;19;0;0;20;19
37190;3100;780;20;19;0;0;20;19
37192;3120;780;20;19;0;0;20;19
37193;3140;780;20;19;0;0;20;19
37194;3160;780;20;19;0;0;20;19
37195;3180;780;20;19;0;0;20;19
37196;3200;780;20;19;0;0;20;19
37197;3220;780;20;19;0;0;20;19
37198;3240;780;20;19;0;0;20;19
37200;3260;780;20;19;0;0;20;19
37202;3280;780;20;19;0;0;20;19
37204;3300;780;20;19;0;0;20;19
37207;3320;780;20;19;0;0;20;19
37210;3340;780;20;19;0;0;20;19
37213;3360;780;20;19;0;0;20;19
37214;3380;780;20;19;0;0;20;19
37217;3400;780;20;19;0;0;20;19
37218;3420;780;20;19;0;0;20;19
37219;3440;780;20;19;0;0;20;19
37220;3460;780;20;19;0;0;20;19
37221;3480;780;20;19;0;0;20;19
37225;3500;780;20;19;0;0;20;19
37226;3520;780;20;19;0;0;20;19
37228;3540;780;20;19;0;0;20;19
37230;3560;780;20;19;0;0;20;19
37231;3580;780;20;19;0;0;20;19
37232;3600;780;20;19;0;0;20;19
37233;3620;780;20;19;0;0;20;19
37234;3640;780;20;19;0;0;20;19
37237;3660;780;20;19;0;0;20;19
37238;3680;780;20;19;0;0;20;19
37239;3700;780;20;19;0;0;20;19
37240;3720;780;20;19;0;0;20;19
37241;3740;780;20;19;0;0;20;19
37242;3760;780;20;19;0;0;20;19
37245;3780;780;20;19;0;0;20;19
37247;3800;780;20;19;0;0;20;19
37251;3820;780;20;19;0;0;20;19
37253;3840;780;20;19;0;0;20;19
37255;3860;780;20;19;0;0;20;19
37257;3880;780;20;19;0;0;20;19
37259;3900;780;20;19;0;0;20;19
37260;3920;780;20;19;0;0;20;19
37261;3940;780;20;19;0;0;20;19
37264;3960;780;20;19;0;0;20;19
37266;3980;780;20;19;0;0;20;19
37274;4000;780;20;19;0;0;20;19
37275;4020;780;20;19;0;0;20;19
37276;4040;780;20;19;0;0;20;19
37278;4060;780;20;19;0;0;20;19
37282;0;799;20;19;0;0;20;19
37283;20;799;20;19;0;0;20;19
37290;40;799;20;19;0;0;20;19
37291;60;799;20;19;0;0;20;19
37292;80;799;20;19;0;0;20;19
37294;100;799;20;19;0;0;20;19
37295;120;799;20;19;0;0;20;19
37297;140;799;20;19;0;0;20;19
37300;160;799;20;19;0;0;20;19
37304;180;799;20;19;0;0;20;19
37306;200;799;20;19;0;0;20;19
37312;220;799;20;19;0;0;20;19
37313;240;799;20;19;0;0;20;19
37317;260;799;20;19;0;0;20;19
37319;280;799;20;19;0;0;20;19
37320;300;799;20;19;0;0;20;19
37321;320;799;20;19;0;0;20;19
37322;340;799;20;19;0;0;20;19
37323;360;799;20;19;0;0;20;19
37324;380;799;20;19;0;0;20;19
37325;400;799;20;19;0;0;20;19
37326;420;799;20;19;0;0;20;19
37327;440;799;20;19;0;0;20;19
37328;460;799;20;19;0;0;20;19
37329;480;799;20;19;0;0;20;19
37332;500;799;20;19;0;0;20;19
37333;520;799;20;19;0;0;20;19
37335;540;799;20;19;0;0;20;19
37336;560;799;20;19;0;0;20;19
37337;580;799;20;19;0;0;20;19
37340;600;799;20;19;0;0;20;19
37341;620;799;20;19;0;0;20;19
37347;640;799;20;19;0;0;20;19
37350;660;799;20;19;0;0;20;19
37351;680;799;20;19;0;0;20;19
37353;700;799;20;19;0;0;20;19
37356;720;799;20;19;0;0;20;19
37365;740;799;20;19;0;0;20;19
37367;760;799;20;19;0;0;20;19
37369;780;799;20;19;0;0;20;19
37376;800;799;20;19;0;0;20;19
37377;820;799;20;19;0;0;20;19
37384;840;799;20;19;0;0;20;19
37385;860;799;20;19;0;0;20;19
37389;880;799;20;19;0;0;20;19
37392;900;799;20;19;0;0;20;19
37393;920;799;20;19;0;0;20;19
37396;940;799;20;19;0;0;20;19
37397;960;799;20;19;0;0;20;19
37406;980;799;20;19;0;0;20;19
37411;1000;799;20;19;0;0;20;19
37414;1020;799;20;19;0;0;20;19
37421;1040;799;20;19;0;0;20;19
37422;1060;799;20;19;0;0;20;19
37424;1080;799;20;19;0;0;20;19
37428;1100;799;20;19;0;0;20;19
37431;1120;799;20;19;0;0;20;19
37432;1140;799;20;19;0;0;20;19
37433;1160;799;20;19;0;0;20;19
37434;1180;799;20;19;0;0;20;19
37437;1200;799;20;19;0;0;20;19
37438;1220;799;20;19;0;0;20;19
37439;1240;799;20;19;0;0;20;19
37440;1260;799;20;19;0;0;20;19
37444;1280;799;20;19;0;0;20;19
37445;1300;799;20;19;0;0;20;19
37446;1320;799;20;19;0;0;20;19
37448;1340;799;20;19;0;0;20;19
37449;1360;799;20;19;0;0;20;19
37453;1380;799;20;19;0;0;20;19
37457;1400;799;20;19;0;0;20;19
37463;1420;799;20;19;0;0;20;19
37466;1440;799;20;19;0;0;20;19
37467;1460;799;20;19;0;0;20;19
37470;1480;799;20;19;0;0;20;19
37474;1500;799;20;19;0;0;20;19
37476;1520;799;20;19;0;0;20;19
37478;1540;799;20;19;0;0;20;19
37484;1560;799;20;19;0;0;20;19
37485;1580;799;20;19;0;0;20;19
37489;1600;799;20;19;0;0;20;19
37492;1620;799;20;19;0;0;20;19
37496;1640;799;20;19;0;0;20;19
37498;1660;799;20;19;0;0;20;19
37499;1680;799;20;19;0;0;20;19
37503;1700;799;20;19;0;0;20;19
37504;1720;799;20;19;0;0;20;19
37507;1740;799;20;19;0;0;20;19
37509;1760;799;20;19;0;0;20;19
37514;1780;799;20;19;0;0;20;19
37521;1800;799;20;19;0;0;20;19
37523;1820;799;20;19;0;0;20;19
37526;1840;799;20;19;0;0;20;19
37528;1860;799;20;19;0;0;20;19
37530;1880;799;20;19;0;0;20;19
37532;1900;799;20;19;0;0;20;19
37536;1920;799;20;19;0;0;20;19
37539;1940;799;20;19;0;0;20;19
37541;1960;799;20;19;0;0;20;19
37542;1980;799;20;19;0;0;20;19
37544;2000;799;20;19;0;0;20;19
37547;2020;799;20;19;0;0;20;19
37548;2040;799;20;19;0;0;20;19
37549;2060;799;20;19;0;0;20;19
37550;2080;799;20;19;0;0;20;19
37554;2100;799;20;19;0;0;20;19
37555;2120;799;20;19;0;0;20;19
37559;2140;799;20;19;0;0;20;19
37561;2160;799;20;19;0;0;20;19
37563;2180;799;20;19;0;0;20;19
37564;2200;799;20;19;0;0;20;19
37569;2220;799;20;19;0;0;20;19
37571;2240;799;20;19;0;0;20;19
37573;2260;799;20;19;0;0;20;19
37574;2280;799;20;19;0;0;20;19
37575;2300;799;20;19;0;0;20;19
37576;2320;799;20;19;0;0;20;19
37580;2340;799;20;19;0;0;20;19
37583;2360;799;20;19;0;0;20;19
37584;2380;799;20;19;0;0;20;19
37586;2400;799;20;19;0;0;20;19
37589;2420;799;20;19;0;0;20;19
37604;2440;799;20;19;0;0;20;19
37605;2460;799;20;19;0;0;20;19
37606;2480;799;20;19;0;0;20;19
37608;2500;799;20;19;0;0;20;19
37610;2520;799;20;19;0;0;20;19
37613;2540;799;20;19;0;0;20;19
37615;2560;799;20;19;0;0;20;19
37616;2580;799;20;19;0;0;20;19
37619;2600;799;20;19;0;0;20;19
37624;2620;799;20;19;0;0;20;19
37628;2640;799;20;19;0;0;20;19
37633;2660;799;20;19;0;0;20;19
37636;2680;799;20;19;0;0;20;19
37640;2700;799;20;19;0;0;20;19
37648;2720;799;20;19;0;0;20;19
37650;2740;799;20;19;0;0;20;19
37653;2760;799;20;19;0;0;20;19
37656;2780;799;20;19;0;0;20;19
37657;2800;799;20;19;0;0;20;19
37658;2820;799;20;19;0;0;20;19
37659;2840;799;20;19;0;0;20;19
37664;2860;799;20;19;0;0;20;19
37665;2880;799;20;19;0;0;20;19
37666;2900;799;20;19;0;0;20;19
37670;2920;799;20;19;0;0;20;19
37672;2940;799;20;19;0;0;20;19
37675;2960;799;20;19;0;0;20;19
37676;2980;799;20;19;0;0;20;19
37678;3000;799;20;19;0;0;20;19
37679;3020;799;20;19;0;0;20;19
37682;3040;799;20;19;0;0;20;19
37683;3060;799;20;19;0;0;20;19
37686;3080;799;20;19;0;0;20;19
37688;3100;799;20;19;0;0;20;19
37694;3120;799;20;19;0;0;20;19
37696;3140;799;20;19;0;0;20;19
37697;3160;799;20;19;0;0;20;19
37703;3180;799;20;19;0;0;20;19
37706;3200;799;20;19;0;0;20;19
37707;3220;799;20;19;0;0;20;19
37709;3240;799;20;19;0;0;20;19
37716;3260;799;20;19;0;0;20;19
37720;3280;799;20;19;0;0;20;19
37723;3300;799;20;19;0;0;20;19
37732;3320;799;20;19;0;0;20;19
37733;3340;799;20;19;0;0;20;19
37738;3360;799;20;19;0;0;20;19
37740;3380;799;20;19;0;0;20;19
37749;3400;799;20;19;0;0;20;19
37750;3420;799;20;19;0;0;20;19
37754;3440;799;20;19;0;0;20;19
37758;3460;799;20;19;0;0;20;19
37762;3480;799;20;19;0;0;20;19
37770;3500;799;20;19;0;0;20;19
37772;3520;799;20;19;0;0;20;19
37775;3540;799;20;19;0;0;20;19
37779;3560;799;20;19;0;0;20;19
37780;3580;799;20;19;0;0;20;19
37782;3600;799;20;19;0;0;20;19
37783;3620;799;20;19;0;0;20;19
37784;3640;799;20;19;0;0;20;19
37786;3660;799;20;19;0;0;20;19
37789;3680;799;20;19;0;0;20;19
37794;3700;799;20;19;0;0;20;19
37795;3720;799;20;19;0;0;20;19
37798;3740;799;20;19;0;0;20;19
37799;3760;799;20;19;0;0;20;19
37801;3780;799;20;19;0;0;20;19
37804;3800;799;20;19;0;0;20;19
37806;3820;799;20;19;0;0;20;19
37807;3840;799;20;19;0;0;20;19
37808;3860;799;20;19;0;0;20;19
37811;3880;799;20;19;0;0;20;19
37813;3900;799;20;19;0;0;20;19
37827;3920;799;20;19;0;0;20;19
37831;3940;799;20;19;0;0;20;19
37832;3960;799;20;19;0;0;20;19
37834;3980;799;20;19;0;0;20;19
37840;4000;799;20;19;0;0;20;19
37841;4020;799;20;19;0;0;20;19
37846;4040;799;20;19;0;0;20;19
37847;4060;799;20;19;0;0;20;19
37848;0;818;20;19;0;0;20;19
37852;20;818;20;19;0;0;20;19
37853;40;818;20;19;0;0;20;19
37854;60;818;20;19;0;0;20;19
37855;80;818;20;19;0;0;20;19
37857;100;818;20;19;0;0;20;19
37858;120;818;20;19;0;0;20;19
37860;140;818;20;19;0;0;20;19
37864;160;818;20;19;0;0;20;19
37877;180;818;20;19;0;0;20;19
37881;200;818;20;19;0;0;20;19
37885;220;818;20;19;0;0;20;19
37891;240;818;20;19;0;0;20;19
37904;260;818;20;19;0;0;20;19
37907;280;818;20;19;0;0;20;19
37908;300;818;20;19;0;0;20;19
37912;320;818;20;19;0;0;20;19
37913;340;818;20;19;0;0;20;19
37917;360;818;20;19;0;0;20;19
37927;380;818;20;19;0;0;20;19
37931;400;818;20;19;0;0;20;19
37934;420;818;20;19;0;0;20;19
37938;440;818;20;19;0;0;20;19
37939;460;818;20;19;0;0;20;19
37941;480;818;20;19;0;0;20;19
37944;500;818;20;19;0;0;20;19
37946;520;818;20;19;0;0;20;19
37950;540;818;20;19;0;0;20;19
37956;560;818;20;19;0;0;20;19
37962;580;818;20;19;0;0;20;19
37964;600;818;20;19;0;0;20;19
37969;620;818;20;19;0;0;20;19
37970;640;818;20;19;0;0;20;19
37972;660;818;20;19;0;0;20;19
37984;680;818;20;19;0;0;20;19
37987;700;818;20;19;0;0;20;19
37995;720;818;20;19;0;0;20;19
37997;740;818;20;19;0;0;20;19
38000;760;818;20;19;0;0;20;19
38001;780;818;20;19;0;0;20;19
38002;800;818;20;19;0;0;20;19
38004;820;818;20;19;0;0;20;19
38007;840;818;20;19;0;0;20;19
38009;860;818;20;19;0;0;20;19
38012;880;818;20;19;0;0;20;19
38013;900;818;20;19;0;0;20;19
38014;920;818;20;19;0;0;20;19
38015;940;818;20;19;0;0;20;19
38023;960;818;20;19;0;0;20;19
38024;980;818;20;19;0;0;20;19
38025;1000;818;20;19;0;0;20;19
38026;1020;818;20;19;0;0;20;19
38027;1040;818;20;19;0;0;20;19
38028;1060;818;20;19;0;0;20;19
38029;1080;818;20;19;0;0;20;19
38030;1100;818;20;19;0;0;20;19
38031;1120;818;20;19;0;0;20;19
38034;1140;818;20;19;0;0;20;19
38035;1160;818;20;19;0;0;20;19
38037;1180;818;20;19;0;0;20;19
38039;1200;818;20;19;0;0;20;19
38041;1220;818;20;19;0;0;20;19
38042;1240;818;20;19;0;0;20;19
38043;1260;818;20;19;0;0;20;19
38044;1280;818;20;19;0;0;20;19
38045;1300;818;20;19;0;0;20;19
38046;1320;818;20;19;0;0;20;19
38047;1340;818;20;19;0;0;20;19
38048;1360;818;20;19;0;0;20;19
38049;1380;818;20;19;0;0;20;19
38050;1400;818;20;19;0;0;20;19
38051;1420;818;20;19;0;0;20;19
38052;1440;818;20;19;0;0;20;19
38053;1460;818;20;19;0;0;20;19
38054;1480;818;20;19;0;0;20;19
38055;1500;818;20;19;0;0;20;19
38056;1520;818;20;19;0;0;20;19
38057;1540;818;20;19;0;0;20;19
38059;1560;818;20;19;0;0;20;19
38062;1580;818;20;19;0;0;20;19
38063;1600;818;20;19;0;0;20;19
38064;1620;818;20;19;0;0;20;19
38065;1640;818;20;19;0;0;20;19
38066;1660;818;20;19;0;0;20;19
38067;1680;818;20;19;0;0;20;19
38068;1700;818;20;19;0;0;20;19
38069;1720;818;20;19;0;0;20;19
38073;1740;818;20;19;0;0;20;19
38074;1760;818;20;19;0;0;20;19
38075;1780;818;20;19;0;0;20;19
38076;1800;818;20;19;0;0;20;19
38077;1820;818;20;19;0;0;20;19
38078;1840;818;20;19;0;0;20;19
38079;1860;818;20;19;0;0;20;19
38080;1880;818;20;19;0;0;20;19
38081;1900;818;20;19;0;0;20;19
38082;1920;818;20;19;0;0;20;19
38083;1940;818;20;19;0;0;20;19
38084;1960;818;20;19;0;0;20;19
38085;1980;818;20;19;0;0;20;19
38086;2000;818;20;19;0;0;20;19
38088;2020;818;20;19;0;0;20;19
38089;2040;818;20;19;0;0;20;19
38090;2060;818;20;19;0;0;20;19
38091;2080;818;20;19;0;0;20;19
38092;2100;818;20;19;0;0;20;19
38093;2120;818;20;19;0;0;20;19
38094;2140;818;20;19;0;0;20;19
38096;2160;818;20;19;0;0;20;19
38097;2180;818;20;19;0;0;20;19
38098;2200;818;20;19;0;0;20;19
38103;2220;818;20;19;0;0;20;19
38105;2240;818;20;19;0;0;20;19
38107;2260;818;20;19;0;0;20;19
38108;2280;818;20;19;0;0;20;19
38109;2300;818;20;19;0;0;20;19
38111;2320;818;20;19;0;0;20;19
38112;2340;818;20;19;0;0;20;19
38113;2360;818;20;19;0;0;20;19
38114;2380;818;20;19;0;0;20;19
38115;2400;818;20;19;0;0;20;19
38116;2420;818;20;19;0;0;20;19
38119;2440;818;20;19;0;0;20;19
38120;2460;818;20;19;0;0;20;19
38121;2480;818;20;19;0;0;20;19
38122;2500;818;20;19;0;0;20;19
38123;2520;818;20;19;0;0;20;19
38124;2540;818;20;19;0;0;20;19
38125;2560;818;20;19;0;0;20;19
38126;2580;818;20;19;0;0;20;19
38127;2600;818;20;19;0;0;20;19
38128;2620;818;20;19;0;0;20;19
38129;2640;818;20;19;0;0;20;19
38130;2660;818;20;19;0;0;20;19
38131;2680;818;20;19;0;0;20;19
38133;2700;818;20;19;0;0;20;19
38134;2720;818;20;19;0;0;20;19
38135;2740;818;20;19;0;0;20;19
38136;2760;818;20;19;0;0;20;19
38138;2780;818;20;19;0;0;20;19
38139;2800;818;20;19;0;0;20;19
38140;2820;818;20;19;0;0;20;19
38142;2840;818;20;19;0;0;20;19
38143;2860;818;20;19;0;0;20;19
38144;2880;818;20;19;0;0;20;19
38145;2900;818;20;19;0;0;20;19
38146;2920;818;20;19;0;0;20;19
38147;2940;818;20;19;0;0;20;19
38148;2960;818;20;19;0;0;20;19
38149;2980;818;20;19;0;0;20;19
38150;3000;818;20;19;0;0;20;19
38151;3020;818;20;19;0;0;20;19
38152;3040;818;20;19;0;0;20;19
38153;3060;818;20;19;0;0;20;19
38155;3080;818;20;19;0;0;20;19
38156;3100;818;20;19;0;0;20;19
38159;3120;818;20;19;0;0;20;19
38160;3140;818;20;19;0;0;20;19
38161;3160;818;20;19;0;0;20;19
38162;3180;818;20;19;0;0;20;19
38164;3200;818;20;19;0;0;20;19
38165;3220;818;20;19;0;0;20;19
38167;3240;818;20;19;0;0;20;19
38169;3260;818;20;19;0;0;20;19
38170;3280;818;20;19;0;0;20;19
38171;3300;818;20;19;0;0;20;19
38172;3320;818;20;19;0;0;20;19
38173;3340;818;20;19;0;0;20;19
38174;3360;818;20;19;0;0;20;19
38175;3380;818;20;19;0;0;20;19
38177;3400;818;20;19;0;0;20;19
38178;3420;818;20;19;0;0;20;19
38179;3440;818;20;19;0;0;20;19
38180;3460;818;20;19;0;0;20;19
38181;3480;818;20;19;0;0;20;19
38182;3500;818;20;19;0;0;20;19
38184;3520;818;20;19;0;0;20;19
38185;3540;818;20;19;0;0;20;19
38189;3560;818;20;19;0;0;20;19
38190;3580;818;20;19;0;0;20;19
38191;3600;818;20;19;0;0;20;19
38192;3620;818;20;19;0;0;20;19
38193;3640;818;20;19;0;0;20;19
38194;3660;818;20;19;0;0;20;19
38196;3680;818;20;19;0;0;20;19
38197;3700;818;20;19;0;0;20;19
38198;3720;818;20;19;0;0;20;19
38199;3740;818;20;19;0;0;20;19
38200;3760;818;20;19;0;0;20;19
38201;3780;818;20;19;0;0;20;19
38202;3800;818;20;19;0;0;20;19
38203;3820;818;20;19;0;0;20;19
38208;3840;818;20;19;0;0;20;19
38209;3860;818;20;19;0;0;20;19
38210;3880;818;20;19;0;0;20;19
38215;3900;818;20;19;0;0;20;19
38217;3920;818;20;19;0;0;20;19
38218;3940;818;20;19;0;0;20;19
38220;3960;818;20;19;0;0;20;19
38221;3980;818;20;19;0;0;20;19
38223;4000;818;20;19;0;0;20;19
38224;4020;818;20;19;0;0;20;19
38225;4040;818;20;19;0;0;20;19
38226;4060;818;20;19;0;0;20;19
38227;0;837;20;19;0;0;20;19
38228;20;837;20;19;0;0;20;19
38229;40;837;20;19;0;0;20;19
38230;60;837;20;19;0;0;20;19
38231;80;837;20;19;0;0;20;19
38232;100;837;20;19;0;0;20;19
38234;120;837;20;19;0;0;20;19
38235;140;837;20;19;0;0;20;19
38236;160;837;20;19;0;0;20;19
38237;180;837;20;19;0;0;20;19
38238;200;837;20;19;0;0;20;19
38240;220;837;20;19;0;0;20;19
38241;240;837;20;19;0;0;20;19
38242;260;837;20;19;0;0;20;19
38243;280;837;20;19;0;0;20;19
38246;300;837;20;19;0;0;20;19
38247;320;837;20;19;0;0;20;19
38249;340;837;20;19;0;0;20;19
38250;360;837;20;19;0;0;20;19
38251;380;837;20;19;0;0;20;19
38252;400;837;20;19;0;0;20;19
38253;420;837;20;19;0;0;20;19
38255;440;837;20;19;0;0;20;19
38256;460;837;20;19;0;0;20;19
38258;480;837;20;19;0;0;20;19
38259;500;837;20;19;0;0;20;19
38260;520;837;20;19;0;0;20;19
38261;540;837;20;19;0;0;20;19
38262;560;837;20;19;0;0;20;19
38263;580;837;20;19;0;0;20;19
38271;600;837;20;19;0;0;20;19
38272;620;837;20;19;0;0;20;19
38274;640;837;20;19;0;0;20;19
38275;660;837;20;19;0;0;20;19
38281;680;837;20;19;0;0;20;19
38283;700;837;20;19;0;0;20;19
38284;720;837;20;19;0;0;20;19
38286;740;837;20;19;0;0;20;19
38287;760;837;20;19;0;0;20;19
38289;780;837;20;19;0;0;20;19
38290;800;837;20;19;0;0;20;19
38291;820;837;20;19;0;0;20;19
38292;840;837;20;19;0;0;20;19
38295;860;837;20;19;0;0;20;19
38296;880;837;20;19;0;0;20;19
38305;900;837;20;19;0;0;20;19
38306;920;837;20;19;0;0;20;19
38307;940;837;20;19;0;0;20;19
38308;960;837;20;19;0;0;20;19
38309;980;837;20;19;0;0;20;19
38312;1000;837;20;19;0;0;20;19
38313;1020;837;20;19;0;0;20;19
38315;1040;837;20;19;0;0;20;19
38316;1060;837;20;19;0;0;20;19
38317;1080;837;20;19;0;0;20;19
38320;1100;837;20;19;0;0;20;19
38321;1120;837;20;19;0;0;20;19
38322;1140;837;20;19;0;0;20;19
38326;1160;837;20;19;0;0;20;19
38329;1180;837;20;19;0;0;20;19
38331;1200;837;20;19;0;0;20;19
38332;1220;837;20;19;0;0;20;19
38333;1240;837;20;19;0;0;20;19
38334;1260;837;20;19;0;0;20;19
38338;1280;837;20;19;0;0;20;19
38339;1300;837;20;19;0;0;20;19
38342;1320;837;20;19;0;0;20;19
38343;1340;837;20;19;0;0;20;19
38344;1360;837;20;19;0;0;20;19
38346;1380;837;20;19;0;0;20;19
38347;1400;837;20;19;0;0;20;19
38348;1420;837;20;19;0;0;20;19
38352;1440;837;20;19;0;0;20;19
38355;1460;837;20;19;0;0;20;19
38356;1480;837;20;19;0;0;20;19
38357;1500;837;20;19;0;0;20;19
38358;1520;837;20;19;0;0;20;19
38360;1540;837;20;19;0;0;20;19
38364;1560;837;20;19;0;0;20;19
38366;1580;837;20;19;0;0;20;19
38369;1600;837;20;19;0;0;20;19
38370;1620;837;20;19;0;0;20;19
38373;1640;837;20;19;0;0;20;19
38376;1660;837;20;19;0;0;20;19
38377;1680;837;20;19;0;0;20;19
38378;1700;837;20;19;0;0;20;19
38381;1720;837;20;19;0;0;20;19
38382;1740;837;20;19;0;0;20;19
38383;1760;837;20;19;0;0;20;19
38384;1780;837;20;19;0;0;20;19
38385;1800;837;20;19;0;0;20;19
38386;1820;837;20;19;0;0;20;19
38387;1840;837;20;19;0;0;20;19
38388;1860;837;20;19;0;0;20;19
38389;1880;837;20;19;0;0;20;19
38390;1900;837;20;19;0;0;20;19
38391;1920;837;20;19;0;0;20;19
38392;1940;837;20;19;0;0;20;19
38393;1960;837;20;19;0;0;20;19
38394;1980;837;20;19;0;0;20;19
38395;2000;837;20;19;0;0;20;19
38396;2020;837;20;19;0;0;20;19
38397;2040;837;20;19;0;0;20;19
38398;2060;837;20;19;0;0;20;19
38399;2080;837;20;19;0;0;20;19
38400;2100;837;20;19;0;0;20;19
38401;2120;837;20;19;0;0;20;19
38402;2140;837;20;19;0;0;20;19
38403;2160;837;20;19;0;0;20;19
38404;2180;837;20;19;0;0;20;19
38405;2200;837;20;19;0;0;20;19
38406;2220;837;20;19;0;0;20;19
38407;2240;837;20;19;0;0;20;19
38408;2260;837;20;19;0;0;20;19
38409;2280;837;20;19;0;0;20;19
38410;2300;837;20;19;0;0;20;19
38411;2320;837;20;19;0;0;20;19
38413;2340;837;20;19;0;0;20;19
38414;2360;837;20;19;0;0;20;19
38415;2380;837;20;19;0;0;20;19
38416;2400;837;20;19;0;0;20;19
38417;2420;837;20;19;0;0;20;19
38418;2440;837;20;19;0;0;20;19
38420;2460;837;20;19;0;0;20;19
38421;2480;837;20;19;0;0;20;19
38422;2500;837;20;19;0;0;20;19
38423;2520;837;20;19;0;0;20;19
38425;2540;837;20;19;0;0;20;19
38426;2560;837;20;19;0;0;20;19
38428;2580;837;20;19;0;0;20;19
38431;2600;837;20;19;0;0;20;19
38433;2620;837;20;19;0;0;20;19
38440;2640;837;20;19;0;0;20;19
38442;2660;837;20;19;0;0;20;19
38446;2680;837;20;19;0;0;20;19
38447;2700;837;20;19;0;0;20;19
38449;2720;837;20;19;0;0;20;19
38450;2740;837;20;19;0;0;20;19
38451;2760;837;20;19;0;0;20;19
38452;2780;837;20;19;0;0;20;19
38453;2800;837;20;19;0;0;20;19
38454;2820;837;20;19;0;0;20;19
38459;2840;837;20;19;0;0;20;19
38463;2860;837;20;19;0;0;20;19
38464;2880;837;20;19;0;0;20;19
38466;2900;837;20;19;0;0;20;19
38468;2920;837;20;19;0;0;20;19
38469;2940;837;20;19;0;0;20;19
38470;2960;837;20;19;0;0;20;19
38471;2980;837;20;19;0;0;20;19
38472;3000;837;20;19;0;0;20;19
38473;3020;837;20;19;0;0;20;19
38475;3040;837;20;19;0;0;20;19
38476;3060;837;20;19;0;0;20;19
38477;3080;837;20;19;0;0;20;19
38479;3100;837;20;19;0;0;20;19
38480;3120;837;20;19;0;0;20;19
38484;3140;837;20;19;0;0;20;19
38485;3160;837;20;19;0;0;20;19
38488;3180;837;20;19;0;0;20;19
38491;3200;837;20;19;0;0;20;19
38492;3220;837;20;19;0;0;20;19
38493;3240;837;20;19;0;0;20;19
38494;3260;837;20;19;0;0;20;19
38495;3280;837;20;19;0;0;20;19
38497;3300;837;20;19;0;0;20;19
38498;3320;837;20;19;0;0;20;19
38499;3340;837;20;19;0;0;20;19
38500;3360;837;20;19;0;0;20;19
38501;3380;837;20;19;0;0;20;19
38504;3400;837;20;19;0;0;20;19
38505;3420;837;20;19;0;0;20;19
38506;3440;837;20;19;0;0;20;19
38508;3460;837;20;19;0;0;20;19
38512;3480;837;20;19;0;0;20;19
38514;3500;837;20;19;0;0;20;19
38515;3520;837;20;19;0;0;20;19
38517;3540;837;20;19;0;0;20;19
38518;3560;837;20;19;0;0;20;19
38519;3580;837;20;19;0;0;20;19
38520;3600;837;20;19;0;0;20;19
38522;3620;837;20;19;0;0;20;19
38525;3640;837;20;19;0;0;20;19
38533;3660;837;20;19;0;0;20;19
38534;3680;837;20;19;0;0;20;19
38536;3700;837;20;19;0;0;20;19
38538;3720;837;20;19;0;0;20;19
38539;3740;837;20;19;0;0;20;19
38541;3760;837;20;19;0;0;20;19
38542;3780;837;20;19;0;0;20;19
38543;3800;837;20;19;0;0;20;19
38544;3820;837;20;19;0;0;20;19
38548;3840;837;20;19;0;0;20;19
38549;3860;837;20;19;0;0;20;19
38551;3880;837;20;19;0;0;20;19
38552;3900;837;20;19;0;0;20;19
38553;3920;837;20;19;0;0;20;19
38555;3940;837;20;19;0;0;20;19
38556;3960;837;20;19;0;0;20;19
38558;3980;837;20;19;0;0;20;19
38560;4000;837;20;19;0;0;20;19
38563;4020;837;20;19;0;0;20;19
38564;4040;837;20;19;0;0;20;19
38567;4060;837;20;19;0;0;20;19
38568;0;856;20;19;0;0;20;19
38570;20;856;20;19;0;0;20;19
38576;40;856;20;19;0;0;20;19
38577;60;856;20;19;0;0;20;19
38579;80;856;20;19;0;0;20;19
38580;100;856;20;19;0;0;20;19
38582;120;856;20;19;0;0;20;19
38583;140;856;20;19;0;0;20;19
38584;160;856;20;19;0;0;20;19
38585;180;856;20;19;0;0;20;19
38587;200;856;20;19;0;0;20;19
38588;220;856;20;19;0;0;20;19
38589;240;856;20;19;0;0;20;19
38590;260;856;20;19;0;0;20;19
38592;280;856;20;19;0;0;20;19
38593;300;856;20;19;0;0;20;19
38596;320;856;20;19;0;0;20;19
38597;340;856;20;19;0;0;20;19
38598;360;856;20;19;0;0;20;19
38599;380;856;20;19;0;0;20;19
38601;400;856;20;19;0;0;20;19
38603;420;856;20;19;0;0;20;19
38604;440;856;20;19;0;0;20;19
38605;460;856;20;19;0;0;20;19
38606;480;856;20;19;0;0;20;19
38607;500;856;20;19;0;0;20;19
38609;520;856;20;19;0;0;20;19
38610;540;856;20;19;0;0;20;19
38613;560;856;20;19;0;0;20;19
38614;580;856;20;19;0;0;20;19
38617;600;856;20;19;0;0;20;19
38619;620;856;20;19;0;0;20;19
38620;640;856;20;19;0;0;20;19
38622;660;856;20;19;0;0;20;19
38624;680;856;20;19;0;0;20;19
38626;700;856;20;19;0;0;20;19
38627;720;856;20;19;0;0;20;19
38632;740;856;20;19;0;0;20;19
38633;760;856;20;19;0;0;20;19
38634;780;856;20;19;0;0;20;19
38639;800;856;20;19;0;0;20;19
38640;820;856;20;19;0;0;20;19
38641;840;856;20;19;0;0;20;19
38642;860;856;20;19;0;0;20;19
38643;880;856;20;19;0;0;20;19
38646;900;856;20;19;0;0;20;19
38647;920;856;20;19;0;0;20;19
38649;940;856;20;19;0;0;20;19
38651;960;856;20;19;0;0;20;19
38654;980;856;20;19;0;0;20;19
38656;1000;856;20;19;0;0;20;19
38657;1020;856;20;19;0;0;20;19
38660;1040;856;20;19;0;0;20;19
38662;1060;856;20;19;0;0;20;19
38663;1080;856;20;19;0;0;20;19
38664;1100;856;20;19;0;0;20;19
38665;1120;856;20;19;0;0;20;19
38666;1140;856;20;19;0;0;20;19
38669;1160;856;20;19;0;0;20;19
38670;1180;856;20;19;0;0;20;19
38671;1200;856;20;19;0;0;20;19
38673;1220;856;20;19;0;0;20;19
38675;1240;856;20;19;0;0;20;19
38678;1260;856;20;19;0;0;20;19
38684;1280;856;20;19;0;0;20;19
38686;1300;856;20;19;0;0;20;19
38692;1320;856;20;19;0;0;20;19
38695;1340;856;20;19;0;0;20;19
38696;1360;856;20;19;0;0;20;19
38698;1380;856;20;19;0;0;20;19
38701;1400;856;20;19;0;0;20;19
38704;1420;856;20;19;0;0;20;19
38706;1440;856;20;19;0;0;20;19
38712;1460;856;20;19;0;0;20;19
38713;1480;856;20;19;0;0;20;19
38717;1500;856;20;19;0;0;20;19
38718;1520;856;20;19;0;0;20;19
38722;1540;856;20;19;0;0;20;19
38724;1560;856;20;19;0;0;20;19
38728;1580;856;20;19;0;0;20;19
38729;1600;856;20;19;0;0;20;19
38738;1620;856;20;19;0;0;20;19
38739;1640;856;20;19;0;0;20;19
38742;1660;856;20;19;0;0;20;19
38745;1680;856;20;19;0;0;20;19
38746;1700;856;20;19;0;0;20;19
38747;1720;856;20;19;0;0;20;19
38748;1740;856;20;19;0;0;20;19
38750;1760;856;20;19;0;0;20;19
38752;1780;856;20;19;0;0;20;19
38753;1800;856;20;19;0;0;20;19
38754;1820;856;20;19;0;0;20;19
38757;1840;856;20;19;0;0;20;19
38758;1860;856;20;19;0;0;20;19
38760;1880;856;20;19;0;0;20;19
38761;1900;856;20;19;0;0;20;19
38768;1920;856;20;19;0;0;20;19
38771;1940;856;20;19;0;0;20;19
38772;1960;856;20;19;0;0;20;19
38774;1980;856;20;19;0;0;20;19
38776;2000;856;20;19;0;0;20;19
38778;2020;856;20;19;0;0;20;19
38780;2040;856;20;19;0;0;20;19
38783;2060;856;20;19;0;0;20;19
38789;2080;856;20;19;0;0;20;19
38795;2100;856;20;19;0;0;20;19
38797;2120;856;20;19;0;0;20;19
38799;2140;856;20;19;0;0;20;19
38801;2160;856;20;19;0;0;20;19
38802;2180;856;20;19;0;0;20;19
38808;2200;856;20;19;0;0;20;19
38815;2220;856;20;19;0;0;20;19
38816;2240;856;20;19;0;0;20;19
38817;2260;856;20;19;0;0;20;19
38819;2280;856;20;19;0;0;20;19
38822;2300;856;20;19;0;0;20;19
38823;2320;856;20;19;0;0;20;19
38824;2340;856;20;19;0;0;20;19
38827;2360;856;20;19;0;0;20;19
38828;2380;856;20;19;0;0;20;19
38829;2400;856;20;19;0;0;20;19
38831;2420;856;20;19;0;0;20;19
38834;2440;856;20;19;0;0;20;19
38835;2460;856;20;19;0;0;20;19
38836;2480;856;20;19;0;0;20;19
38845;2500;856;20;19;0;0;20;19
38849;2520;856;20;19;0;0;20;19
38851;2540;856;20;19;0;0;20;19
38854;2560;856;20;19;0;0;20;19
38857;2580;856;20;19;0;0;20;19
38859;2600;856;20;19;0;0;20;19
38860;2620;856;20;19;0;0;20;19
38867;2640;856;20;19;0;0;20;19
38873;2660;856;20;19;0;0;20;19
38876;2680;856;20;19;0;0;20;19
38877;2700;856;20;19;0;0;20;19
38878;2720;856;20;19;0;0;20;19
38886;2740;856;20;19;0;0;20;19
38887;2760;856;20;19;0;0;20;19
38889;2780;856;20;19;0;0;20;19
38890;2800;856;20;19;0;0;20;19
38891;2820;856;20;19;0;0;20;19
38892;2840;856;20;19;0;0;20;19
38893;2860;856;20;19;0;0;20;19
38899;2880;856;20;19;0;0;20;19
38901;2900;856;20;19;0;0;20;19
38902;2920;856;20;19;0;0;20;19
38907;2940;856;20;19;0;0;20;19
38910;2960;856;20;19;0;0;20;19
38911;2980;856;20;19;0;0;20;19
38913;3000;856;20;19;0;0;20;19
38914;3020;856;20;19;0;0;20;19
38915;3040;856;20;19;0;0;20;19
38917;3060;856;20;19;0;0;20;19
38918;3080;856;20;19;0;0;20;19
38919;3100;856;20;19;0;0;20;19
38920;3120;856;20;19;0;0;20;19
38922;3140;856;20;19;0;0;20;19
38924;3160;856;20;19;0;0;20;19
38926;3180;856;20;19;0;0;20;19
38927;3200;856;20;19;0;0;20;19
38928;3220;856;20;19;0;0;20;19
38929;3240;856;20;19;0;0;20;19
38930;3260;856;20;19;0;0;20;19
38931;3280;856;20;19;0;0;20;19
38935;3300;856;20;19;0;0;20;19
38936;3320;856;20;19;0;0;20;19
38940;3340;856;20;19;0;0;20;19
38945;3360;856;20;19;0;0;20;19
38948;3380;856;20;19;0;0;20;19
38950;3400;856;20;19;0;0;20;19
38955;3420;856;20;19;0;0;20;19
38957;3440;856;20;19;0;0;20;19
38960;3460;856;20;19;0;0;20;19
38967;3480;856;20;19;0;0;20;19
38968;3500;856;20;19;0;0;20;19
38969;3520;856;20;19;0;0;20;19
38971;3540;856;20;19;0;0;20;19
38972;3560;856;20;19;0;0;20;19
38982;3580;856;20;19;0;0;20;19
38988;3600;856;20;19;0;0;20;19
38989;3620;856;20;19;0;0;20;19
38990;3640;856;20;19;0;0;20;19
38991;3660;856;20;19;0;0;20;19
38995;3680;856;20;19;0;0;20;19
38996;3700;856;20;19;0;0;20;19
38997;3720;856;20;19;0;0;20;19
39000;3740;856;20;19;0;0;20;19
39001;3760;856;20;19;0;0;20;19
39003;3780;856;20;19;0;0;20;19
39006;3800;856;20;19;0;0;20;19
39010;3820;856;20;19;0;0;20;19
39013;3840;856;20;19;0;0;20;19
39015;3860;856;20;19;0;0;20;19
39019;3880;856;20;19;0;0;20;19
39023;3900;856;20;19;0;0;20;19
39024;3920;856;20;19;0;0;20;19
39025;3940;856;20;19;0;0;20;19
39027;3960;856;20;19;0;0;20;19
39028;3980;856;20;19;0;0;20;19
39029;4000;856;20;19;0;0;20;19
39030;4020;856;20;19;0;0;20;19
39031;4040;856;20;19;0;0;20;19
39032;4060;856;20;19;0;0;20;19
39033;0;875;20;19;0;0;20;19
39034;20;875;20;19;0;0;20;19
39035;40;875;20;19;0;0;20;19
39036;60;875;20;19;0;0;20;19
39037;80;875;20;19;0;0;20;19
39038;100;875;20;19;0;0;20;19
39039;120;875;20;19;0;0;20;19
39040;140;875;20;19;0;0;20;19
39041;160;875;20;19;0;0;20;19
39042;180;875;20;19;0;0;20;19
39043;200;875;20;19;0;0;20;19
39044;220;875;20;19;0;0;20;19
39045;240;875;20;19;0;0;20;19
39046;260;875;20;19;0;0;20;19
39047;280;875;20;19;0;0;20;19
39048;300;875;20;19;0;0;20;19
39049;320;875;20;19;0;0;20;19
39050;340;875;20;19;0;0;20;19
39052;360;875;20;19;0;0;20;19
39053;380;875;20;19;0;0;20;19
39054;400;875;20;19;0;0;20;19
39055;420;875;20;19;0;0;20;19
39056;440;875;20;19;0;0;20;19
39057;460;875;20;19;0;0;20;19
39059;480;875;20;19;0;0;20;19
39060;500;875;20;19;0;0;20;19
39062;520;875;20;19;0;0;20;19
39063;540;875;20;19;0;0;20;19
39064;560;875;20;19;0;0;20;19
39065;580;875;20;19;0;0;20;19
39066;600;875;20;19;0;0;20;19
39067;620;875;20;19;0;0;20;19
39068;640;875;20;19;0;0;20;19
39069;660;875;20;19;0;0;20;19
39070;680;875;20;19;0;0;20;19
39071;700;875;20;19;0;0;20;19
39072;720;875;20;19;0;0;20;19
39073;740;875;20;19;0;0;20;19
39074;760;875;20;19;0;0;20;19
39076;780;875;20;19;0;0;20;19
39078;800;875;20;19;0;0;20;19
39079;820;875;20;19;0;0;20;19
39080;840;875;20;19;0;0;20;19
39085;860;875;20;19;0;0;20;19
39086;880;875;20;19;0;0;20;19
39087;900;875;20;19;0;0;20;19
39089;920;875;20;19;0;0;20;19
39091;940;875;20;19;0;0;20;19
39094;960;875;20;19;0;0;20;19
39098;980;875;20;19;0;0;20;19
39100;1000;875;20;19;0;0;20;19
39108;1020;875;20;19;0;0;20;19
39110;1040;875;20;19;0;0;20;19
39112;1060;875;20;19;0;0;20;19
39118;1080;875;20;19;0;0;20;19
39121;1100;875;20;19;0;0;20;19
39122;1120;875;20;19;0;0;20;19
39123;1140;875;20;19;0;0;20;19
39125;1160;875;20;19;0;0;20;19
39128;1180;875;20;19;0;0;20;19
39129;1200;875;20;19;0;0;20;19
39130;1220;875;20;19;0;0;20;19
39131;1240;875;20;19;0;0;20;19
39134;1260;875;20;19;0;0;20;19
39135;1280;875;20;19;0;0;20;19
39138;1300;875;20;19;0;0;20;19
39143;1320;875;20;19;0;0;20;19
39144;1340;875;20;19;0;0;20;19
39145;1360;875;20;19;0;0;20;19
39146;1380;875;20;19;0;0;20;19
39147;1400;875;20;19;0;0;20;19
39149;1420;875;20;19;0;0;20;19
39151;1440;875;20;19;0;0;20;19
39154;1460;875;20;19;0;0;20;19
39156;1480;875;20;19;0;0;20;19
39164;1500;875;20;19;0;0;20;19
39165;1520;875;20;19;0;0;20;19
39166;1540;875;20;19;0;0;20;19
39171;1560;875;20;19;0;0;20;19
39173;1580;875;20;19;0;0;20;19
39177;1600;875;20;19;0;0;20;19
39178;1620;875;20;19;0;0;20;19
39180;1640;875;20;19;0;0;20;19
39181;1660;875;20;19;0;0;20;19
39184;1680;875;20;19;0;0;20;19
39185;1700;875;20;19;0;0;20;19
39186;1720;875;20;19;0;0;20;19
39187;1740;875;20;19;0;0;20;19
39192;1760;875;20;19;0;0;20;19
39194;1780;875;20;19;0;0;20;19
39195;1800;875;20;19;0;0;20;19
39198;1820;875;20;19;0;0;20;19
39201;1840;875;20;19;0;0;20;19
39208;1860;875;20;19;0;0;20;19
39212;1880;875;20;19;0;0;20;19
39214;1900;875;20;19;0;0;20;19
39219;1920;875;20;19;0;0;20;19
39221;1940;875;20;19;0;0;20;19
39223;1960;875;20;19;0;0;20;19
39228;1980;875;20;19;0;0;20;19
39229;2000;875;20;19;0;0;20;19
39230;2020;875;20;19;0;0;20;19
39231;2040;875;20;19;0;0;20;19
39235;2060;875;20;19;0;0;20;19
39237;2080;875;20;19;0;0;20;19
39240;2100;875;20;19;0;0;20;19
39241;2120;875;20;19;0;0;20;19
39242;2140;875;20;19;0;0;20;19
39243;2160;875;20;19;0;0;20;19
39244;2180;875;20;19;0;0;20;19
39249;2200;875;20;19;0;0;20;19
39250;2220;875;20;19;0;0;20;19
39252;2240;875;20;19;0;0;20;19
39253;2260;875;20;19;0;0;20;19
39255;2280;875;20;19;0;0;20;19
39260;2300;875;20;19;0;0;20;19
39262;2320;875;20;19;0;0;20;19
39266;2340;875;20;19;0;0;20;19
39269;2360;875;20;19;0;0;20;19
39271;2380;875;20;19;0;0;20;19
39272;2400;875;20;19;0;0;20;19
39273;2420;875;20;19;0;0;20;19
39274;2440;875;20;19;0;0;20;19
39275;2460;875;20;19;0;0;20;19
39276;2480;875;20;19;0;0;20;19
39277;2500;875;20;19;0;0;20;19
39278;2520;875;20;19;0;0;20;19
39279;2540;875;20;19;0;0;20;19
39280;2560;875;20;19;0;0;20;19
39281;2580;875;20;19;0;0;20;19
39282;2600;875;20;19;0;0;20;19
39284;2620;875;20;19;0;0;20;19
39285;2640;875;20;19;0;0;20;19
39286;2660;875;20;19;0;0;20;19
39287;2680;875;20;19;0;0;20;19
39288;2700;875;20;19;0;0;20;19
39289;2720;875;20;19;0;0;20;19
39290;2740;875;20;19;0;0;20;19
39292;2760;875;20;19;0;0;20;19
39293;2780;875;20;19;0;0;20;19
39295;2800;875;20;19;0;0;20;19
39296;2820;875;20;19;0;0;20;19
39297;2840;875;20;19;0;0;20;19
39299;2860;875;20;19;0;0;20;19
39300;2880;875;20;19;0;0;20;19
39301;2900;875;20;19;0;0;20;19
39302;2920;875;20;19;0;0;20;19
39303;2940;875;20;19;0;0;20;19
39304;2960;875;20;19;0;0;20;19
39306;2980;875;20;19;0;0;20;19
39307;3000;875;20;19;0;0;20;19
39309;3020;875;20;19;0;0;20;19
39311;3040;875;20;19;0;0;20;19
39312;3060;875;20;19;0;0;20;19
39313;3080;875;20;19;0;0;20;19
39314;3100;875;20;19;0;0;20;19
39315;3120;875;20;19;0;0;20;19
39316;3140;875;20;19;0;0;20;19
39317;3160;875;20;19;0;0;20;19
39318;3180;875;20;19;0;0;20;19
39319;3200;875;20;19;0;0;20;19
39321;3220;875;20;19;0;0;20;19
39333;3240;875;20;19;0;0;20;19
39336;3260;875;20;19;0;0;20;19
39340;3280;875;20;19;0;0;20;19
39341;3300;875;20;19;0;0;20;19
39342;3320;875;20;19;0;0;20;19
39345;3340;875;20;19;0;0;20;19
39347;3360;875;20;19;0;0;20;19
39348;3380;875;20;19;0;0;20;19
39361;3400;875;20;19;0;0;20;19
39364;3420;875;20;19;0;0;20;19
39365;3440;875;20;19;0;0;20;19
39366;3460;875;20;19;0;0;20;19
39376;3480;875;20;19;0;0;20;19
39377;3500;875;20;19;0;0;20;19
39378;3520;875;20;19;0;0;20;19
39381;3540;875;20;19;0;0;20;19
39384;3560;875;20;19;0;0;20;19
39385;3580;875;20;19;0;0;20;19
39387;3600;875;20;19;0;0;20;19
39389;3620;875;20;19;0;0;20;19
39391;3640;875;20;19;0;0;20;19
39394;3660;875;20;19;0;0;20;19
39402;3680;875;20;19;0;0;20;19
39405;3700;875;20;19;0;0;20;19
39409;3720;875;20;19;0;0;20;19
39423;3740;875;20;19;0;0;20;19
39425;3760;875;20;19;0;0;20;19
39427;3780;875;20;19;0;0;20;19
39429;3800;875;20;19;0;0;20;19
39437;3820;875;20;19;0;0;20;19
39438;3840;875;20;19;0;0;20;19
39439;3860;875;20;19;0;0;20;19
39442;3880;875;20;19;0;0;20;19
39443;3900;875;20;19;0;0;20;19
39446;3920;875;20;19;0;0;20;19
39449;3940;875;20;19;0;0;20;19
39467;3960;875;20;19;0;0;20;19
39469;3980;875;20;19;0;0;20;19
39470;4000;875;20;19;0;0;20;19
39472;4020;875;20;19;0;0;20;19
39479;4040;875;20;19;0;0;20;19
39480;4060;875;20;19;0;0;20;19
39486;0;894;20;19;0;0;20;19
39488;20;894;20;19;0;0;20;19
39489;40;894;20;19;0;0;20;19
39490;60;894;20;19;0;0;20;19
39491;80;894;20;19;0;0;20;19
39492;100;894;20;19;0;0;20;19
39493;120;894;20;19;0;0;20;19
39498;140;894;20;19;0;0;20;19
39501;160;894;20;19;0;0;20;19
39503;180;894;20;19;0;0;20;19
39509;200;894;20;19;0;0;20;19
39511;220;894;20;19;0;0;20;19
39514;240;894;20;19;0;0;20;19
39515;260;894;20;19;0;0;20;19
39519;280;894;20;19;0;0;20;19
39522;300;894;20;19;0;0;20;19
39524;320;894;20;19;0;0;20;19
39525;340;894;20;19;0;0;20;19
39530;360;894;20;19;0;0;20;19
39532;380;894;20;19;0;0;20;19
39533;400;894;20;19;0;0;20;19
39534;420;894;20;19;0;0;20;19
39535;440;894;20;19;0;0;20;19
39536;460;894;20;19;0;0;20;19
39537;480;894;20;19;0;0;20;19
39539;500;894;20;19;0;0;20;19
39540;520;894;20;19;0;0;20;19
39542;540;894;20;19;0;0;20;19
39543;560;894;20;19;0;0;20;19
39544;580;894;20;19;0;0;20;19
39545;600;894;20;19;0;0;20;19
39547;620;894;20;19;0;0;20;19
39548;640;894;20;19;0;0;20;19
39549;660;894;20;19;0;0;20;19
39550;680;894;20;19;0;0;20;19
39551;700;894;20;19;0;0;20;19
39552;720;894;20;19;0;0;20;19
39553;740;894;20;19;0;0;20;19
39554;760;894;20;19;0;0;20;19
39556;780;894;20;19;0;0;20;19
39557;800;894;20;19;0;0;20;19
39558;820;894;20;19;0;0;20;19
39559;840;894;20;19;0;0;20;19
39560;860;894;20;19;0;0;20;19
39562;880;894;20;19;0;0;20;19
39563;900;894;20;19;0;0;20;19
39564;920;894;20;19;0;0;20;19
39566;940;894;20;19;0;0;20;19
39567;960;894;20;19;0;0;20;19
39568;980;894;20;19;0;0;20;19
39569;1000;894;20;19;0;0;20;19
39570;1020;894;20;19;0;0;20;19
39571;1040;894;20;19;0;0;20;19
39574;1060;894;20;19;0;0;20;19
39575;1080;894;20;19;0;0;20;19
39576;1100;894;20;19;0;0;20;19
39578;1120;894;20;19;0;0;20;19
39579;1140;894;20;19;0;0;20;19
39580;1160;894;20;19;0;0;20;19
39581;1180;894;20;19;0;0;20;19
39582;1200;894;20;19;0;0;20;19
39583;1220;894;20;19;0;0;20;19
39584;1240;894;20;19;0;0;20;19
39585;1260;894;20;19;0;0;20;19
39586;1280;894;20;19;0;0;20;19
39587;1300;894;20;19;0;0;20;19
39588;1320;894;20;19;0;0;20;19
39589;1340;894;20;19;0;0;20;19
39591;1360;894;20;19;0;0;20;19
39592;1380;894;20;19;0;0;20;19
39599;1400;894;20;19;0;0;20;19
39600;1420;894;20;19;0;0;20;19
39606;1440;894;20;19;0;0;20;19
39607;1460;894;20;19;0;0;20;19
39608;1480;894;20;19;0;0;20;19
39610;1500;894;20;19;0;0;20;19
39612;1520;894;20;19;0;0;20;19
39616;1540;894;20;19;0;0;20;19
39617;1560;894;20;19;0;0;20;19
39618;1580;894;20;19;0;0;20;19
39620;1600;894;20;19;0;0;20;19
39621;1620;894;20;19;0;0;20;19
39627;1640;894;20;19;0;0;20;19
39628;1660;894;20;19;0;0;20;19
39631;1680;894;20;19;0;0;20;19
39633;1700;894;20;19;0;0;20;19
39634;1720;894;20;19;0;0;20;19
39635;1740;894;20;19;0;0;20;19
39636;1760;894;20;19;0;0;20;19
39637;1780;894;20;19;0;0;20;19
39638;1800;894;20;19;0;0;20;19
39640;1820;894;20;19;0;0;20;19
39649;1840;894;20;19;0;0;20;19
39651;1860;894;20;19;0;0;20;19
39654;1880;894;20;19;0;0;20;19
39658;1900;894;20;19;0;0;20;19
39659;1920;894;20;19;0;0;20;19
39661;1940;894;20;19;0;0;20;19
39662;1960;894;20;19;0;0;20;19
39663;1980;894;20;19;0;0;20;19
39673;2000;894;20;19;0;0;20;19
39675;2020;894;20;19;0;0;20;19
39683;2040;894;20;19;0;0;20;19
39686;2060;894;20;19;0;0;20;19
39688;2080;894;20;19;0;0;20;19
39693;2100;894;20;19;0;0;20;19
39695;2120;894;20;19;0;0;20;19
39699;2140;894;20;19;0;0;20;19
39706;2160;894;20;19;0;0;20;19
39711;2180;894;20;19;0;0;20;19
39714;2200;894;20;19;0;0;20;19
39715;2220;894;20;19;0;0;20;19
39717;2240;894;20;19;0;0;20;19
39719;2260;894;20;19;0;0;20;19
39720;2280;894;20;19;0;0;20;19
39721;2300;894;20;19;0;0;20;19
39726;2320;894;20;19;0;0;20;19
39729;2340;894;20;19;0;0;20;19
39730;2360;894;20;19;0;0;20;19
39739;2380;894;20;19;0;0;20;19
39740;2400;894;20;19;0;0;20;19
39745;2420;894;20;19;0;0;20;19
39746;2440;894;20;19;0;0;20;19
39747;2460;894;20;19;0;0;20;19
39748;2480;894;20;19;0;0;20;19
39749;2500;894;20;19;0;0;20;19
39750;2520;894;20;19;0;0;20;19
39751;2540;894;20;19;0;0;20;19
39752;2560;894;20;19;0;0;20;19
39753;2580;894;20;19;0;0;20;19
39757;2600;894;20;19;0;0;20;19
39758;2620;894;20;19;0;0;20;19
39759;2640;894;20;19;0;0;20;19
39761;2660;894;20;19;0;0;20;19
39764;2680;894;20;19;0;0;20;19
39768;2700;894;20;19;0;0;20;19
39770;2720;894;20;19;0;0;20;19
39784;2740;894;20;19;0;0;20;19
39791;2760;894;20;19;0;0;20;19
39796;2780;894;20;19;0;0;20;19
39799;2800;894;20;19;0;0;20;19
39809;2820;894;20;19;0;0;20;19
39811;2840;894;20;19;0;0;20;19
39822;2860;894;20;19;0;0;20;19
39824;2880;894;20;19;0;0;20;19
39825;2900;894;20;19;0;0;20;19
39826;2920;894;20;19;0;0;20;19
39850;2940;894;20;19;0;0;20;19
39851;2960;894;20;19;0;0;20;19
39853;2980;894;20;19;0;0;20;19
39854;3000;894;20;19;0;0;20;19
39872;3020;894;20;19;0;0;20;19
39873;3040;894;20;19;0;0;20;19
39879;3060;894;20;19;0;0;20;19
39881;3080;894;20;19;0;0;20;19
39882;3100;894;20;19;0;0;20;19
39892;3120;894;20;19;0;0;20;19
39894;3140;894;20;19;0;0;20;19
39895;3160;894;20;19;0;0;20;19
39899;3180;894;20;19;0;0;20;19
39901;3200;894;20;19;0;0;20;19
39905;3220;894;20;19;0;0;20;19
39906;3240;894;20;19;0;0;20;19
39908;3260;894;20;19;0;0;20;19
39911;3280;894;20;19;0;0;20;19
39912;3300;894;20;19;0;0;20;19
39914;3320;894;20;19;0;0;20;19
39920;3340;894;20;19;0;0;20;19
39933;3360;894;20;19;0;0;20;19
39935;3380;894;20;19;0;0;20;19
39944;3400;894;20;19;0;0;20;19
39945;3420;894;20;19;0;0;20;19
39949;3440;894;20;19;0;0;20;19
39954;3460;894;20;19;0;0;20;19
39955;3480;894;20;19;0;0;20;19
39971;3500;894;20;19;0;0;20;19
39973;3520;894;20;19;0;0;20;19
39976;3540;894;20;19;0;0;20;19
39977;3560;894;20;19;0;0;20;19
39981;3580;894;20;19;0;0;20;19
39985;3600;894;20;19;0;0;20;19
39986;3620;894;20;19;0;0;20;19
39987;3640;894;20;19;0;0;20;19
39993;3660;894;20;19;0;0;20;19
39995;3680;894;20;19;0;0;20;19
39998;3700;894;20;19;0;0;20;19
40005;3720;894;20;19;0;0;20;19
40008;3740;894;20;19;0;0;20;19
40009;3760;894;20;19;0;0;20;19
40018;3780;894;20;19;0;0;20;19
40020;3800;894;20;19;0;0;20;19
40022;3820;894;20;19;0;0;20;19
40023;3840;894;20;19;0;0;20;19
40024;3860;894;20;19;0;0;20;19
40029;3880;894;20;19;0;0;20;19
40031;3900;894;20;19;0;0;20;19
40039;3920;894;20;19;0;0;20;19
40045;3940;894;20;19;0;0;20;19
40055;3960;894;20;19;0;0;20;19
40056;3980;894;20;19;0;0;20;19
40058;4000;894;20;19;0;0;20;19
40060;4020;894;20;19;0;0;20;19
40063;4040;894;20;19;0;0;20;19
40064;4060;894;20;19;0;0;20;19
40065;0;913;20;19;0;0;20;19
40066;20;913;20;19;0;0;20;19
40069;40;913;20;19;0;0;20;19
40070;60;913;20;19;0;0;20;19
40071;80;913;20;19;0;0;20;19
40072;100;913;20;19;0;0;20;19
40075;120;913;20;19;0;0;20;19
40077;140;913;20;19;0;0;20;19
40078;160;913;20;19;0;0;20;19
40080;180;913;20;19;0;0;20;19
40081;200;913;20;19;0;0;20;19
40084;220;913;20;19;0;0;20;19
40090;240;913;20;19;0;0;20;19
40091;260;913;20;19;0;0;20;19
40092;280;913;20;19;0;0;20;19
40094;300;913;20;19;0;0;20;19
40095;320;913;20;19;0;0;20;19
40096;340;913;20;19;0;0;20;19
40097;360;913;20;19;0;0;20;19
40098;380;913;20;19;0;0;20;19
40099;400;913;20;19;0;0;20;19
40100;420;913;20;19;0;0;20;19
40101;440;913;20;19;0;0;20;19
40103;460;913;20;19;0;0;20;19
40104;480;913;20;19;0;0;20;19
40105;500;913;20;19;0;0;20;19
40107;520;913;20;19;0;0;20;19
40110;540;913;20;19;0;0;20;19
40113;560;913;20;19;0;0;20;19
40114;580;913;20;19;0;0;20;19
40115;600;913;20;19;0;0;20;19
40116;620;913;20;19;0;0;20;19
40117;640;913;20;19;0;0;20;19
40119;660;913;20;19;0;0;20;19
40120;680;913;20;19;0;0;20;19
40123;700;913;20;19;0;0;20;19
40124;720;913;20;19;0;0;20;19
40125;740;913;20;19;0;0;20;19
40128;760;913;20;19;0;0;20;19
40131;780;913;20;19;0;0;20;19
40132;800;913;20;19;0;0;20;19
40133;820;913;20;19;0;0;20;19
40135;840;913;20;19;0;0;20;19
40138;860;913;20;19;0;0;20;19
40140;880;913;20;19;0;0;20;19
40141;900;913;20;19;0;0;20;19
40142;920;913;20;19;0;0;20;19
40143;940;913;20;19;0;0;20;19
40144;960;913;20;19;0;0;20;19
40147;980;913;20;19;0;0;20;19
40148;1000;913;20;19;0;0;20;19
40149;1020;913;20;19;0;0;20;19
40150;1040;913;20;19;0;0;20;19
40151;1060;913;20;19;0;0;20;19
40153;1080;913;20;19;0;0;20;19
40156;1100;913;20;19;0;0;20;19
40157;1120;913;20;19;0;0;20;19
40158;1140;913;20;19;0;0;20;19
40159;1160;913;20;19;0;0;20;19
40162;1180;913;20;19;0;0;20;19
40165;1200;913;20;19;0;0;20;19
40167;1220;913;20;19;0;0;20;19
40169;1240;913;20;19;0;0;20;19
40179;1260;913;20;19;0;0;20;19
40180;1280;913;20;19;0;0;20;19
40182;1300;913;20;19;0;0;20;19
40195;1320;913;20;19;0;0;20;19
40198;1340;913;20;19;0;0;20;19
40199;1360;913;20;19;0;0;20;19
40201;1380;913;20;19;0;0;20;19
40210;1400;913;20;19;0;0;20;19
40213;1420;913;20;19;0;0;20;19
40219;1440;913;20;19;0;0;20;19
40221;1460;913;20;19;0;0;20;19
40223;1480;913;20;19;0;0;20;19
40227;1500;913;20;19;0;0;20;19
40230;1520;913;20;19;0;0;20;19
40232;1540;913;20;19;0;0;20;19
40239;1560;913;20;19;0;0;20;19
40240;1580;913;20;19;0;0;20;19
40251;1600;913;20;19;0;0;20;19
40255;1620;913;20;19;0;0;20;19
40273;1640;913;20;19;0;0;20;19
40274;1660;913;20;19;0;0;20;19
40275;1680;913;20;19;0;0;20;19
40284;1700;913;20;19;0;0;20;19
40285;1720;913;20;19;0;0;20;19
40288;1740;913;20;19;0;0;20;19
40289;1760;913;20;19;0;0;20;19
40298;1780;913;20;19;0;0;20;19
40300;1800;913;20;19;0;0;20;19
40303;1820;913;20;19;0;0;20;19
40304;1840;913;20;19;0;0;20;19
40306;1860;913;20;19;0;0;20;19
40327;1880;913;20;19;0;0;20;19
40329;1900;913;20;19;0;0;20;19
40335;1920;913;20;19;0;0;20;19
40339;1940;913;20;19;0;0;20;19
40342;1960;913;20;19;0;0;20;19
40344;1980;913;20;19;0;0;20;19
40346;2000;913;20;19;0;0;20;19
40357;2020;913;20;19;0;0;20;19
40358;2040;913;20;19;0;0;20;19
40361;2060;913;20;19;0;0;20;19
40367;2080;913;20;19;0;0;20;19
40370;2100;913;20;19;0;0;20;19
40372;2120;913;20;19;0;0;20;19
40377;2140;913;20;19;0;0;20;19
40378;2160;913;20;19;0;0;20;19
40379;2180;913;20;19;0;0;20;19
40380;2200;913;20;19;0;0;20;19
40383;2220;913;20;19;0;0;20;19
40386;2240;913;20;19;0;0;20;19
40389;2260;913;20;19;0;0;20;19
40403;2280;913;20;19;0;0;20;19
40407;2300;913;20;19;0;0;20;19
40409;2320;913;20;19;0;0;20;19
40421;2340;913;20;19;0;0;20;19
40422;2360;913;20;19;0;0;20;19
40431;2380;913;20;19;0;0;20;19
40434;2400;913;20;19;0;0;20;19
40436;2420;913;20;19;0;0;20;19
40440;2440;913;20;19;0;0;20;19
40441;2460;913;20;19;0;0;20;19
40442;2480;913;20;19;0;0;20;19
40469;2500;913;20;19;0;0;20;19
40474;2520;913;20;19;0;0;20;19
40475;2540;913;20;19;0;0;20;19
40477;2560;913;20;19;0;0;20;19
40478;2580;913;20;19;0;0;20;19
40479;2600;913;20;19;0;0;20;19
40480;2620;913;20;19;0;0;20;19
40481;2640;913;20;19;0;0;20;19
40482;2660;913;20;19;0;0;20;19
40483;2680;913;20;19;0;0;20;19
40485;2700;913;20;19;0;0;20;19
40486;2720;913;20;19;0;0;20;19
40488;2740;913;20;19;0;0;20;19
40489;2760;913;20;19;0;0;20;19
40490;2780;913;20;19;0;0;20;19
40491;2800;913;20;19;0;0;20;19
40492;2820;913;20;19;0;0;20;19
40493;2840;913;20;19;0;0;20;19
40494;2860;913;20;19;0;0;20;19
40495;2880;913;20;19;0;0;20;19
40497;2900;913;20;19;0;0;20;19
40498;2920;913;20;19;0;0;20;19
40499;2940;913;20;19;0;0;20;19
40501;2960;913;20;19;0;0;20;19
40502;2980;913;20;19;0;0;20;19
40503;3000;913;20;19;0;0;20;19
40504;3020;913;20;19;0;0;20;19
40505;3040;913;20;19;0;0;20;19
40507;3060;913;20;19;0;0;20;19
40509;3080;913;20;19;0;0;20;19
40510;3100;913;20;19;0;0;20;19
40511;3120;913;20;19;0;0;20;19
40513;3140;913;20;19;0;0;20;19
40514;3160;913;20;19;0;0;20;19
40515;3180;913;20;19;0;0;20;19
40516;3200;913;20;19;0;0;20;19
40517;3220;913;20;19;0;0;20;19
40518;3240;913;20;19;0;0;20;19
40519;3260;913;20;19;0;0;20;19
40520;3280;913;20;19;0;0;20;19
40521;3300;913;20;19;0;0;20;19
40522;3320;913;20;19;0;0;20;19
40523;3340;913;20;19;0;0;20;19
40524;3360;913;20;19;0;0;20;19
40527;3380;913;20;19;0;0;20;19
40528;3400;913;20;19;0;0;20;19
40529;3420;913;20;19;0;0;20;19
40533;3440;913;20;19;0;0;20;19
40535;3460;913;20;19;0;0;20;19
40536;3480;913;20;19;0;0;20;19
40538;3500;913;20;19;0;0;20;19
40539;3520;913;20;19;0;0;20;19
40540;3540;913;20;19;0;0;20;19
40542;3560;913;20;19;0;0;20;19
40548;3580;913;20;19;0;0;20;19
40550;3600;913;20;19;0;0;20;19
40551;3620;913;20;19;0;0;20;19
40553;3640;913;20;19;0;0;20;19
40554;3660;913;20;19;0;0;20;19
40555;3680;913;20;19;0;0;20;19
40556;3700;913;20;19;0;0;20;19
40557;3720;913;20;19;0;0;20;19
40558;3740;913;20;19;0;0;20;19
40560;3760;913;20;19;0;0;20;19
40563;3780;913;20;19;0;0;20;19
40565;3800;913;20;19;0;0;20;19
40569;3820;913;20;19;0;0;20;19
40572;3840;913;20;19;0;0;20;19
40573;3860;913;20;19;0;0;20;19
40575;3880;913;20;19;0;0;20;19
40578;3900;913;20;19;0;0;20;19
40581;3920;913;20;19;0;0;20;19
40583;3940;913;20;19;0;0;20;19
40584;3960;913;20;19;0;0;20;19
40587;3980;913;20;19;0;0;20;19
40594;4000;913;20;19;0;0;20;19
40595;4020;913;20;19;0;0;20;19
40599;4040;913;20;19;0;0;20;19
40605;4060;913;20;19;0;0;20;19
40607;0;932;20;19;0;0;20;19
40612;20;932;20;19;0;0;20;19
40613;40;932;20;19;0;0;20;19
40614;60;932;20;19;0;0;20;19
40617;80;932;20;19;0;0;20;19
40623;100;932;20;19;0;0;20;19
40628;120;932;20;19;0;0;20;19
40629;140;932;20;19;0;0;20;19
40632;160;932;20;19;0;0;20;19
40634;180;932;20;19;0;0;20;19
40635;200;932;20;19;0;0;20;19
40636;220;932;20;19;0;0;20;19
40637;240;932;20;19;0;0;20;19
40638;260;932;20;19;0;0;20;19
40643;280;932;20;19;0;0;20;19
40644;300;932;20;19;0;0;20;19
40652;320;932;20;19;0;0;20;19
40653;340;932;20;19;0;0;20;19
40654;360;932;20;19;0;0;20;19
40655;380;932;20;19;0;0;20;19
40657;400;932;20;19;0;0;20;19
40658;420;932;20;19;0;0;20;19
40660;440;932;20;19;0;0;20;19
40664;460;932;20;19;0;0;20;19
40665;480;932;20;19;0;0;20;19
40667;500;932;20;19;0;0;20;19
40668;520;932;20;19;0;0;20;19
40669;540;932;20;19;0;0;20;19
40670;560;932;20;19;0;0;20;19
40671;580;932;20;19;0;0;20;19
40672;600;932;20;19;0;0;20;19
40674;620;932;20;19;0;0;20;19
40677;640;932;20;19;0;0;20;19
40679;660;932;20;19;0;0;20;19
40680;680;932;20;19;0;0;20;19
40681;700;932;20;19;0;0;20;19
40682;720;932;20;19;0;0;20;19
40687;740;932;20;19;0;0;20;19
40690;760;932;20;19;0;0;20;19
40692;780;932;20;19;0;0;20;19
40695;800;932;20;19;0;0;20;19
40697;820;932;20;19;0;0;20;19
40699;840;932;20;19;0;0;20;19
40700;860;932;20;19;0;0;20;19
40701;880;932;20;19;0;0;20;19
40702;900;932;20;19;0;0;20;19
40703;920;932;20;19;0;0;20;19
40713;940;932;20;19;0;0;20;19
40715;960;932;20;19;0;0;20;19
40717;980;932;20;19;0;0;20;19
40718;1000;932;20;19;0;0;20;19
40720;1020;932;20;19;0;0;20;19
40723;1040;932;20;19;0;0;20;19
40729;1060;932;20;19;0;0;20;19
40736;1080;932;20;19;0;0;20;19
40738;1100;932;20;19;0;0;20;19
40745;1120;932;20;19;0;0;20;19
40748;1140;932;20;19;0;0;20;19
40751;1160;932;20;19;0;0;20;19
40753;1180;932;20;19;0;0;20;19
40756;1200;932;20;19;0;0;20;19
40761;1220;932;20;19;0;0;20;19
40763;1240;932;20;19;0;0;20;19
40766;1260;932;20;19;0;0;20;19
40769;1280;932;20;19;0;0;20;19
40777;1300;932;20;19;0;0;20;19
40778;1320;932;20;19;0;0;20;19
40779;1340;932;20;19;0;0;20;19
40782;1360;932;20;19;0;0;20;19
40783;1380;932;20;19;0;0;20;19
40784;1400;932;20;19;0;0;20;19
40785;1420;932;20;19;0;0;20;19
40786;1440;932;20;19;0;0;20;19
40788;1460;932;20;19;0;0;20;19
40789;1480;932;20;19;0;0;20;19
40793;1500;932;20;19;0;0;20;19
40796;1520;932;20;19;0;0;20;19
40799;1540;932;20;19;0;0;20;19
40801;1560;932;20;19;0;0;20;19
40802;1580;932;20;19;0;0;20;19
40803;1600;932;20;19;0;0;20;19
40806;1620;932;20;19;0;0;20;19
40807;1640;932;20;19;0;0;20;19
40810;1660;932;20;19;0;0;20;19
40812;1680;932;20;19;0;0;20;19
40818;1700;932;20;19;0;0;20;19
40823;1720;932;20;19;0;0;20;19
40831;1740;932;20;19;0;0;20;19
40832;1760;932;20;19;0;0;20;19
40835;1780;932;20;19;0;0;20;19
40836;1800;932;20;19;0;0;20;19
40837;1820;932;20;19;0;0;20;19
40839;1840;932;20;19;0;0;20;19
40840;1860;932;20;19;0;0;20;19
40841;1880;932;20;19;0;0;20;19
40842;1900;932;20;19;0;0;20;19
40843;1920;932;20;19;0;0;20;19
40844;1940;932;20;19;0;0;20;19
40845;1960;932;20;19;0;0;20;19
40848;1980;932;20;19;0;0;20;19
40852;2000;932;20;19;0;0;20;19
40853;2020;932;20;19;0;0;20;19
40857;2040;932;20;19;0;0;20;19
40858;2060;932;20;19;0;0;20;19
40859;2080;932;20;19;0;0;20;19
40860;2100;932;20;19;0;0;20;19
40863;2120;932;20;19;0;0;20;19
40864;2140;932;20;19;0;0;20;19
40866;2160;932;20;19;0;0;20;19
65281;0;951;20;18;0;0;20;18
65283;20;951;20;18;0;0;20;18
65284;40;951;20;18;0;0;20;18
65285;60;951;20;18;0;0;20;18
65288;80;951;20;18;0;0;20;18
65289;100;951;20;18;0;0;20;18
65290;120;951;20;18;0;0;20;18
65292;140;951;20;18;0;0;20;18
65296;160;951;20;18;0;0;20;18
65297;180;951;20;18;0;0;20;18
65298;200;951;20;18;0;0;20;18
65299;220;951;20;18;0;0;20;18
65300;240;951;20;18;0;0;20;18
65301;260;951;20;18;0;0;20;18
65302;280;951;20;18;0;0;20;18
65303;300;951;20;18;0;0;20;18
65304;320;951;20;18;0;0;20;18
65305;340;951;20;18;0;0;20;18
65306;360;951;20;18;0;0;20;18
65307;380;951;20;18;0;0;20;18
65311;400;951;20;18;0;0;20;18
65313;420;951;20;18;0;0;20;18
65314;440;951;20;18;0;0;20;18
65315;460;951;20;18;0;0;20;18
65316;480;951;20;18;0;0;20;18
65317;500;951;20;18;0;0;20;18
65318;520;951;20;18;0;0;20;18
65319;540;951;20;18;0;0;20;18
65320;560;951;20;18;0;0;20;18
65321;580;951;20;18;0;0;20;18
65322;600;951;20;18;0;0;20;18
65323;620;951;20;18;0;0;20;18
65324;640;951;20;18;0;0;20;18
65325;660;951;20;18;0;0;20;18
65326;680;951;20;18;0;0;20;18
65327;700;951;20;18;0;0;20;18
65328;720;951;20;18;0;0;20;18
65329;740;951;20;18;0;0;20;18
65330;760;951;20;18;0;0;20;18
65331;780;951;20;18;0;0;20;18
65332;800;951;20;18;0;0;20;18
65333;820;951;20;18;0;0;20;18
65334;840;951;20;18;0;0;20;18
65335;860;951;20;18;0;0;20;18
65336;880;951;20;18;0;0;20;18
65337;900;951;20;18;0;0;20;18
65338;920;951;20;18;0;0;20;18
65345;940;951;20;18;0;0;20;18
65346;960;951;20;18;0;0;20;18
65347;980;951;20;18;0;0;20;18
65348;1000;951;20;18;0;0;20;18
65349;1020;951;20;18;0;0;20;18
65350;1040;951;20;18;0;0;20;18
65351;1060;951;20;18;0;0;20;18
65352;1080;951;20;18;0;0;20;18
65353;1100;951;20;18;0;0;20;18
65354;1120;951;20;18;0;0;20;18
65355;1140;951;20;18;0;0;20;18
65356;1160;951;20;18;0;0;20;18
65357;1180;951;20;18;0;0;20;18
65358;1200;951;20;18;0;0;20;18
65359;1220;951;20;18;0;0;20;18
65360;1240;951;20;18;0;0;20;18
65361;1260;951;20;18;0;0;20;18
65362;1280;951;20;18;0;0;20;18
65363;1300;951;20;18;0;0;20;18
65364;1320;951;20;18;0;0;20;18
65365;1340;951;20;18;0;0;20;18
65366;1360;951;20;18;0;0;20;18
65367;1380;951;20;18;0;0;20;18
65368;1400;951;20;18;0;0;20;18
65369;1420;951;20;18;0;0;20;18
65370;1440;951;20;18;0;0;20;18
65371;1460;951;20;18;0;0;20;18
65373;1480;951;20;18;0;0;20;18
65374;1500;951;20;18;0;0;20;18
65509;1520;951;20;18;0;0;20;18
