24;0.5;-1.5;18
32;0;0;11;22;0;0;11;22
33;11;0;15;22;0;0;15;22
34;26;0;15;22;0;0;15;22
35;41;0;15;22;0;0;15;22
36;56;0;15;22;0;0;15;22
37;71;0;15;22;0;0;15;22
38;86;0;15;22;0;0;15;22
39;101;0;15;22;0;0;15;22
40;116;0;15;22;0;0;15;22
41;131;0;15;22;0;0;15;22
42;146;0;15;22;0;0;15;22
43;161;0;15;22;0;0;15;22
44;176;0;15;22;0;0;15;22
45;191;0;15;22;0;0;15;22
46;206;0;15;22;0;0;15;22
47;221;0;15;22;0;0;15;22
48;236;0;15;22;0;0;15;22
49;251;0;15;22;0;0;15;22
50;266;0;15;22;0;0;15;22
51;281;0;15;22;0;0;15;22
52;296;0;15;22;0;0;15;22
53;311;0;15;22;0;0;15;22
54;326;0;15;22;0;0;15;22
55;341;0;15;22;0;0;15;22
56;356;0;15;22;0;0;15;22
57;371;0;15;22;0;0;15;22
58;386;0;9;22;0;0;9;22
59;395;0;15;22;0;0;15;22
60;410;0;15;22;0;0;15;22
61;425;0;15;22;0;0;15;22
62;440;0;15;22;0;0;15;22
63;455;0;15;22;0;0;15;22
64;470;0;15;22;0;0;15;22
65;485;0;15;22;0;0;15;22
66;500;0;15;22;0;0;15;22
67;515;0;15;22;0;0;15;22
68;530;0;15;22;0;0;15;22
69;545;0;15;22;0;0;15;22
70;560;0;15;22;0;0;15;22
71;575;0;15;22;0;0;15;22
72;590;0;15;22;0;0;15;22
73;605;0;15;22;0;0;15;22
74;620;0;15;22;0;0;15;22
75;635;0;15;22;0;0;15;22
76;650;0;15;22;0;0;15;22
77;665;0;18;22;0;0;18;22
78;683;0;15;22;0;0;15;22
79;698;0;15;22;0;0;15;22
80;713;0;15;22;0;0;15;22
81;728;0;15;22;0;0;15;22
82;743;0;15;22;0;0;15;22
83;758;0;15;22;0;0;15;22
84;773;0;15;22;0;0;15;22
85;788;0;15;22;0;0;15;22
86;803;0;15;22;0;0;15;22
87;818;0;18;22;0;0;18;22
88;836;0;15;22;0;0;15;22
89;851;0;15;22;0;0;15;22
90;866;0;15;22;0;0;15;22
91;881;0;15;22;0;0;15;22
92;896;0;15;22;0;0;15;22
93;911;0;15;22;0;0;15;22
94;926;0;15;22;0;0;15;22
95;941;0;15;22;0;0;15;22
96;956;0;15;22;0;0;15;22
97;971;0;15;22;0;0;15;22
98;986;0;15;22;0;0;15;22
99;1001;0;15;22;0;0;15;22
100;1016;0;15;22;0;0;15;22
101;1031;0;15;22;0;0;15;22
102;1046;0;15;22;0;0;15;22
103;1061;0;15;22;0;0;15;22
104;1076;0;15;22;0;0;15;22
105;1091;0;15;22;0;0;15;22
106;1106;0;15;22;0;0;15;22
107;1121;0;15;22;0;0;15;22
108;1136;0;15;22;0;0;15;22
109;1151;0;18;22;0;0;18;22
110;1169;0;15;22;0;0;15;22
111;1184;0;15;22;0;0;15;22
112;1199;0;15;22;0;0;15;22
113;1214;0;15;22;0;0;15;22
114;1229;0;15;22;0;0;15;22
115;1244;0;15;22;0;0;15;22
116;1259;0;15;22;0;0;15;22
117;1274;0;15;22;0;0;15;22
118;1289;0;15;22;0;0;15;22
119;1304;0;18;22;0;0;18;22
120;1322;0;15;22;0;0;15;22
121;1337;0;15;22;0;0;15;22
122;1352;0;15;22;0;0;15;22
123;1367;0;15;22;0;0;15;22
124;1382;0;15;22;0;0;15;22
125;1397;0;15;22;0;0;15;22
126;1412;0;15;22;0;0;15;22
161;1427;0;15;22;0;0;15;22
162;1442;0;15;22;0;0;15;22
163;1457;0;15;22;0;0;15;22
164;1472;0;15;22;0;0;15;22
165;1487;0;15;22;0;0;15;22
166;1502;0;15;22;0;0;15;22
167;1517;0;15;22;0;0;15;22
168;1532;0;15;22;0;0;15;22
169;1547;0;15;22;0;0;15;22
170;1562;0;15;22;0;0;15;22
171;1577;0;15;22;0;0;15;22
172;1592;0;15;22;0;0;15;22
174;1607;0;15;22;0;0;15;22
175;1622;0;15;22;0;0;15;22
176;1637;0;15;22;0;0;15;22
177;1652;0;15;22;0;0;15;22
178;1667;0;15;22;0;0;15;22
179;1682;0;15;22;0;0;15;22
180;1697;0;15;22;0;0;15;22
181;1712;0;15;22;0;0;15;22
182;1727;0;15;22;0;0;15;22
183;1742;0;15;22;0;0;15;22
184;1757;0;15;22;0;0;15;22
185;1772;0;15;22;0;0;15;22
186;1787;0;15;22;0;0;15;22
187;1802;0;15;22;0;0;15;22
188;1817;0;15;22;0;0;15;22
189;1832;0;15;22;0;0;15;22
190;1847;0;15;22;0;0;15;22
191;1862;0;15;22;0;0;15;22
192;1877;0;15;22;0;0;15;22
193;1892;0;15;22;0;0;15;22
194;1907;0;15;22;0;0;15;22
195;1922;0;15;22;0;0;15;22
196;1937;0;15;22;0;0;15;22
197;1952;0;15;22;0;0;15;22
198;1967;0;21;22;0;0;21;22
199;1988;0;15;27;0;0;15;27
200;2003;0;15;22;0;0;15;22
201;2018;0;15;22;0;0;15;22
202;2033;0;15;22;0;0;15;22
203;2048;0;15;22;0;0;15;22
204;2063;0;15;22;0;0;15;22
205;2078;0;15;22;0;0;15;22
206;2093;0;15;22;0;0;15;22
207;2108;0;15;22;0;0;15;22
208;2123;0;15;22;0;0;15;22
209;2138;0;15;22;0;0;15;22
210;2153;0;15;22;0;0;15;22
211;2168;0;15;22;0;0;15;22
212;2183;0;15;22;0;0;15;22
213;2198;0;15;22;0;0;15;22
214;2213;0;15;22;0;0;15;22
215;2228;0;15;22;0;0;15;22
216;2243;0;15;24;0;0;15;24
217;2258;0;15;22;0;0;15;22
218;2273;0;15;22;0;0;15;22
219;2288;0;15;22;0;0;15;22
220;2303;0;15;22;0;0;15;22
221;2318;0;15;22;0;0;15;22
222;2333;0;15;22;0;0;15;22
223;2348;0;15;22;0;0;15;22
224;2363;0;15;22;0;0;15;22
225;2378;0;15;22;0;0;15;22
226;2393;0;15;22;0;0;15;22
227;2408;0;15;22;0;0;15;22
228;2423;0;15;22;0;0;15;22
229;2438;0;15;22;0;0;15;22
230;2453;0;21;22;0;0;21;22
231;2474;0;15;27;0;0;15;27
232;2489;0;15;22;0;0;15;22
233;2504;0;15;22;0;0;15;22
234;2519;0;15;22;0;0;15;22
235;2534;0;15;22;0;0;15;22
236;2549;0;15;22;0;0;15;22
237;2564;0;15;22;0;0;15;22
238;2579;0;15;22;0;0;15;22
239;2594;0;15;22;0;0;15;22
240;2609;0;15;22;0;0;15;22
241;2624;0;15;22;0;0;15;22
242;2639;0;15;22;0;0;15;22
243;2654;0;15;22;0;0;15;22
244;2669;0;15;22;0;0;15;22
245;2684;0;15;22;0;0;15;22
246;2699;0;15;22;0;0;15;22
247;2714;0;15;22;0;0;15;22
248;2729;0;15;24;0;0;15;24
249;2744;0;15;22;0;0;15;22
250;2759;0;15;22;0;0;15;22
251;2774;0;15;22;0;0;15;22
252;2789;0;15;22;0;0;15;22
253;2804;0;15;22;0;0;15;22
254;2819;0;15;22;0;0;15;22
255;2834;0;15;22;0;0;15;22
257;2849;0;15;22;0;0;15;22
268;2864;0;15;22;0;0;15;22
269;2879;0;15;22;0;0;15;22
270;2894;0;15;22;0;0;15;22
271;2909;0;15;22;0;0;15;22
282;2924;0;15;22;0;0;15;22
283;2939;0;15;22;0;0;15;22
286;2954;0;15;24;0;0;15;24
287;2969;0;15;24;0;0;15;24
299;2984;0;15;22;0;0;15;22
304;2999;0;15;24;0;0;15;24
305;3014;0;15;24;0;0;15;24
327;3029;0;15;22;0;0;15;22
328;3044;0;15;22;0;0;15;22
333;3059;0;15;22;0;0;15;22
336;3074;0;15;22;0;0;15;22
337;3089;0;15;22;0;0;15;22
344;3104;0;15;22;0;0;15;22
345;3119;0;15;22;0;0;15;22
350;3134;0;15;27;0;0;15;27
351;3149;0;15;27;0;0;15;27
352;3164;0;15;22;0;0;15;22
353;3179;0;15;22;0;0;15;22
356;3194;0;15;22;0;0;15;22
357;3209;0;15;22;0;0;15;22
363;3224;0;15;22;0;0;15;22
366;3239;0;15;22;0;0;15;22
367;3254;0;15;22;0;0;15;22
368;3269;0;15;22;0;0;15;22
369;3284;0;15;22;0;0;15;22
381;3299;0;15;22;0;0;15;22
382;3314;0;15;22;0;0;15;22
462;3329;0;15;22;0;0;15;22
466;3344;0;15;22;0;0;15;22
601;3359;0;15;22;0;0;15;22
650;3374;0;15;22;0;0;15;22
658;3389;0;15;22;0;0;15;22
916;3404;0;15;22;0;0;15;22
960;3419;0;15;22;0;0;15;22
1329;3434;0;18;22;0;0;18;22
1330;3452;0;15;22;0;0;15;22
1331;3467;0;18;22;0;0;18;22
1332;3485;0;18;22;0;0;18;22
1333;3503;0;15;22;0;0;15;22
1334;3518;0;15;22;0;0;15;22
1335;3533;0;15;22;0;0;15;22
1336;3548;0;15;22;0;0;15;22
1337;3563;0;18;22;0;0;18;22
1338;3581;0;18;22;0;0;18;22
1339;3599;0;15;22;0;0;15;22
1340;3614;0;15;22;0;0;15;22
1341;3629;0;18;22;0;0;18;22
1342;3647;0;18;22;0;0;18;22
1343;3665;0;15;22;0;0;15;22
1344;3680;0;15;22;0;0;15;22
1345;3695;0;15;22;0;0;15;22
1346;3710;0;18;22;0;0;18;22
1347;3728;0;15;22;0;0;15;22
1348;3743;0;18;22;0;0;18;22
1349;3761;0;15;22;0;0;15;22
1350;3776;0;18;22;0;0;18;22
1351;3794;0;15;22;0;0;15;22
1352;3809;0;15;22;0;0;15;22
1353;3824;0;15;22;0;0;15;22
1354;3839;0;18;22;0;0;18;22
1355;3857;0;15;22;0;0;15;22
1356;3872;0;18;22;0;0;18;22
1357;3890;0;15;22;0;0;15;22
1358;3905;0;18;22;0;0;18;22
1359;3923;0;15;22;0;0;15;22
1360;3938;0;15;22;0;0;15;22
1361;3953;0;15;22;0;0;15;22
1362;3968;0;15;22;0;0;15;22
1363;3983;0;18;22;0;0;18;22
1364;4001;0;15;22;0;0;15;22
1365;4016;0;15;22;0;0;15;22
1366;4031;0;18;22;0;0;18;22
1372;4049;0;15;22;0;0;15;22
1373;4064;0;15;22;0;0;15;22
1374;4079;0;15;22;0;0;15;22
1415;0;22;15;22;0;0;15;22
1417;15;22;15;22;0;0;15;22
1418;30;22;15;22;0;0;15;22
8734;45;22;39;24;0;0;39;24
711;0;44;16;20;0;0;16;20
714;16;44;16;20;0;0;16;20
715;32;44;16;20;0;0;16;20
729;48;44;16;20;0;0;16;20
8212;64;44;16;20;0;0;16;20
8216;80;44;16;20;0;0;16;20
8217;96;44;16;20;0;0;16;20
8220;112;44;16;20;0;0;16;20
8221;128;44;16;20;0;0;16;20
8230;144;44;16;20;0;0;16;20
8592;160;44;16;20;0;0;16;20
8593;176;44;16;20;0;0;16;20
8594;192;44;16;20;0;0;16;20
8595;208;44;16;20;0;0;16;20
8598;224;44;16;20;0;0;16;20
8599;240;44;16;20;0;0;16;20
8600;256;44;16;20;0;0;16;20
8601;272;44;16;20;0;0;16;20
9320;288;44;16;20;0;0;16;20
9734;304;44;16;20;0;0;16;20
12288;320;44;16;20;0;0;16;20
12289;336;44;16;20;0;0;16;20
12290;352;44;16;20;0;0;16;20
12293;368;44;16;20;0;0;16;20
12298;384;44;16;20;0;0;16;20
12299;400;44;16;20;0;0;16;20
12300;416;44;16;20;0;0;16;20
12301;432;44;16;20;0;0;16;20
12302;448;44;16;20;0;0;16;20
12303;464;44;16;20;0;0;16;20
12304;480;44;16;20;0;0;16;20
12305;496;44;16;20;0;0;16;20
12308;512;44;16;20;0;0;16;20
12309;528;44;16;20;0;0;16;20
12310;544;44;16;20;0;0;16;20
12311;560;44;16;20;0;0;16;20
12353;0;64;16;20;0;0;16;20
12354;16;64;16;20;0;0;16;20
12355;32;64;16;20;0;0;16;20
12356;48;64;16;20;0;0;16;20
12357;64;64;16;20;0;0;16;20
12358;80;64;16;20;0;0;16;20
12359;96;64;16;20;0;0;16;20
12360;112;64;16;20;0;0;16;20
12361;128;64;16;20;0;0;16;20
12362;144;64;16;20;0;0;16;20
12363;160;64;16;20;0;0;16;20
12364;176;64;16;20;0;0;16;20
12365;192;64;16;20;0;0;16;20
12366;208;64;16;20;0;0;16;20
12367;224;64;16;20;0;0;16;20
12368;240;64;16;20;0;0;16;20
12369;256;64;16;20;0;0;16;20
12370;272;64;16;20;0;0;16;20
12371;288;64;16;20;0;0;16;20
12372;304;64;16;20;0;0;16;20
12373;320;64;16;20;0;0;16;20
12374;336;64;16;20;0;0;16;20
12375;352;64;16;20;0;0;16;20
12376;368;64;16;20;0;0;16;20
12377;384;64;16;20;0;0;16;20
12378;400;64;16;20;0;0;16;20
12379;416;64;16;20;0;0;16;20
12380;432;64;16;20;0;0;16;20
12381;448;64;16;20;0;0;16;20
12382;464;64;16;20;0;0;16;20
12383;480;64;16;20;0;0;16;20
12384;496;64;16;20;0;0;16;20
12385;512;64;16;20;0;0;16;20
12386;528;64;16;20;0;0;16;20
12387;544;64;16;20;0;0;16;20
12388;560;64;16;20;0;0;16;20
12389;576;64;16;20;0;0;16;20
12390;592;64;16;20;0;0;16;20
12391;608;64;16;20;0;0;16;20
12392;624;64;16;20;0;0;16;20
12393;640;64;16;20;0;0;16;20
12394;656;64;16;20;0;0;16;20
12395;672;64;16;20;0;0;16;20
12396;688;64;16;20;0;0;16;20
12397;704;64;16;20;0;0;16;20
12398;720;64;16;20;0;0;16;20
12399;736;64;16;20;0;0;16;20
12400;752;64;16;20;0;0;16;20
12401;768;64;16;20;0;0;16;20
12402;784;64;16;20;0;0;16;20
12403;800;64;16;20;0;0;16;20
12404;816;64;16;20;0;0;16;20
12405;832;64;16;20;0;0;16;20
12406;848;64;16;20;0;0;16;20
12407;864;64;16;20;0;0;16;20
12408;880;64;16;20;0;0;16;20
12409;896;64;16;20;0;0;16;20
12410;912;64;16;20;0;0;16;20
12411;928;64;16;20;0;0;16;20
12412;944;64;16;20;0;0;16;20
12413;960;64;16;20;0;0;16;20
12414;976;64;16;20;0;0;16;20
12415;992;64;16;20;0;0;16;20
12416;1008;64;16;20;0;0;16;20
12417;1024;64;16;20;0;0;16;20
12418;1040;64;16;20;0;0;16;20
12419;1056;64;16;20;0;0;16;20
12420;1072;64;16;20;0;0;16;20
12421;1088;64;16;20;0;0;16;20
12422;1104;64;16;20;0;0;16;20
12423;1120;64;16;20;0;0;16;20
12424;1136;64;16;20;0;0;16;20
12425;1152;64;16;20;0;0;16;20
12426;1168;64;16;20;0;0;16;20
12427;1184;64;16;20;0;0;16;20
12428;1200;64;16;20;0;0;16;20
12429;1216;64;16;20;0;0;16;20
12430;1232;64;16;20;0;0;16;20
12431;1248;64;16;20;0;0;16;20
12432;1264;64;16;20;0;0;16;20
12433;1280;64;16;20;0;0;16;20
12434;1296;64;16;20;0;0;16;20
12435;1312;64;16;20;0;0;16;20
12436;1328;64;16;20;0;0;16;20
12443;1344;64;16;20;0;0;16;20
12444;1360;64;16;20;0;0;16;20
12445;1376;64;16;20;0;0;16;20
12446;1392;64;16;20;0;0;16;20
12449;1408;64;16;20;0;0;16;20
12450;1424;64;16;20;0;0;16;20
12451;1440;64;16;20;0;0;16;20
12452;1456;64;16;20;0;0;16;20
12453;1472;64;16;20;0;0;16;20
12454;1488;64;16;20;0;0;16;20
12455;1504;64;16;20;0;0;16;20
12456;1520;64;16;20;0;0;16;20
12457;1536;64;16;20;0;0;16;20
12458;1552;64;16;20;0;0;16;20
12459;1568;64;16;20;0;0;16;20
12460;1584;64;16;20;0;0;16;20
12461;1600;64;16;20;0;0;16;20
12462;1616;64;16;20;0;0;16;20
12463;1632;64;16;20;0;0;16;20
12464;1648;64;16;20;0;0;16;20
12465;1664;64;16;20;0;0;16;20
12466;1680;64;16;20;0;0;16;20
12467;1696;64;16;20;0;0;16;20
12468;1712;64;16;20;0;0;16;20
12469;1728;64;16;20;0;0;16;20
12470;1744;64;16;20;0;0;16;20
12471;1760;64;16;20;0;0;16;20
12472;1776;64;16;20;0;0;16;20
12473;1792;64;16;20;0;0;16;20
12474;1808;64;16;20;0;0;16;20
12475;1824;64;16;20;0;0;16;20
12476;1840;64;16;20;0;0;16;20
12477;1856;64;16;20;0;0;16;20
12478;1872;64;16;20;0;0;16;20
12479;1888;64;16;20;0;0;16;20
12480;1904;64;16;20;0;0;16;20
12481;1920;64;16;20;0;0;16;20
12482;1936;64;16;20;0;0;16;20
12483;1952;64;16;20;0;0;16;20
12484;1968;64;16;20;0;0;16;20
12485;1984;64;16;20;0;0;16;20
12486;2000;64;16;20;0;0;16;20
12487;2016;64;16;20;0;0;16;20
12488;2032;64;16;20;0;0;16;20
12489;2048;64;16;20;0;0;16;20
12490;2064;64;16;20;0;0;16;20
12491;2080;64;16;20;0;0;16;20
12492;2096;64;16;20;0;0;16;20
12493;2112;64;16;20;0;0;16;20
12494;2128;64;16;20;0;0;16;20
12495;2144;64;16;20;0;0;16;20
12496;2160;64;16;20;0;0;16;20
12497;2176;64;16;20;0;0;16;20
12498;2192;64;16;20;0;0;16;20
12499;2208;64;16;20;0;0;16;20
12500;2224;64;16;20;0;0;16;20
12501;2240;64;16;20;0;0;16;20
12502;2256;64;16;20;0;0;16;20
12503;2272;64;16;20;0;0;16;20
12504;2288;64;16;20;0;0;16;20
12505;2304;64;16;20;0;0;16;20
12506;2320;64;16;20;0;0;16;20
12507;2336;64;16;20;0;0;16;20
12508;2352;64;16;20;0;0;16;20
12509;2368;64;16;20;0;0;16;20
12510;2384;64;16;20;0;0;16;20
12511;2400;64;16;20;0;0;16;20
12512;2416;64;16;20;0;0;16;20
12513;2432;64;16;20;0;0;16;20
12514;2448;64;16;20;0;0;16;20
12515;2464;64;16;20;0;0;16;20
12516;2480;64;16;20;0;0;16;20
12517;2496;64;16;20;0;0;16;20
12518;2512;64;16;20;0;0;16;20
12519;2528;64;16;20;0;0;16;20
12520;2544;64;16;20;0;0;16;20
12521;2560;64;16;20;0;0;16;20
12522;2576;64;16;20;0;0;16;20
12523;2592;64;16;20;0;0;16;20
12524;2608;64;16;20;0;0;16;20
12525;2624;64;16;20;0;0;16;20
12526;2640;64;16;20;0;0;16;20
12527;2656;64;16;20;0;0;16;20
12528;2672;64;16;20;0;0;16;20
12529;2688;64;16;20;0;0;16;20
12530;2704;64;16;20;0;0;16;20
12531;2720;64;16;20;0;0;16;20
12532;2736;64;16;20;0;0;16;20
12533;2752;64;16;20;0;0;16;20
12534;2768;64;16;20;0;0;16;20
12535;2784;64;16;20;0;0;16;20
12536;2800;64;16;20;0;0;16;20
12537;2816;64;16;20;0;0;16;20
12538;2832;64;16;20;0;0;16;20
12540;2848;64;16;20;0;0;16;20
12541;2864;64;16;20;0;0;16;20
12542;2880;64;16;20;0;0;16;20
12549;2896;64;16;20;0;0;16;20
12550;2912;64;16;20;0;0;16;20
12551;2928;64;16;20;0;0;16;20
12552;2944;64;16;20;0;0;16;20
12553;2960;64;16;20;0;0;16;20
12554;2976;64;16;20;0;0;16;20
12555;2992;64;16;20;0;0;16;20
12556;3008;64;16;20;0;0;16;20
12557;3024;64;16;20;0;0;16;20
12558;3040;64;16;20;0;0;16;20
12559;3056;64;16;20;0;0;16;20
12560;3072;64;16;20;0;0;16;20
12561;3088;64;16;20;0;0;16;20
12562;3104;64;16;20;0;0;16;20
12563;3120;64;16;20;0;0;16;20
12564;3136;64;16;20;0;0;16;20
12565;3152;64;16;20;0;0;16;20
12566;3168;64;16;20;0;0;16;20
12567;3184;64;16;20;0;0;16;20
12568;3200;64;16;20;0;0;16;20
12569;3216;64;16;20;0;0;16;20
12570;3232;64;16;20;0;0;16;20
12571;3248;64;16;20;0;0;16;20
12572;3264;64;16;20;0;0;16;20
12573;3280;64;16;20;0;0;16;20
12574;3296;64;16;20;0;0;16;20
12575;3312;64;16;20;0;0;16;20
12576;3328;64;16;20;0;0;16;20
12577;3344;64;16;20;0;0;16;20
12578;3360;64;16;20;0;0;16;20
12579;3376;64;16;20;0;0;16;20
12580;3392;64;16;20;0;0;16;20
12581;3408;64;16;20;0;0;16;20
12582;3424;64;16;20;0;0;16;20
12583;3440;64;16;20;0;0;16;20
12584;3456;64;16;20;0;0;16;20
12585;3472;64;16;20;0;0;16;20
13685;3488;64;16;20;0;0;16;20
14038;3504;64;16;20;0;0;16;20
14444;3520;64;16;20;0;0;16;20
14445;3536;64;16;20;0;0;16;20
14600;3552;64;16;20;0;0;16;20
14615;3568;64;16;20;0;0;16;20
14657;3584;64;16;20;0;0;16;20
14705;3600;64;16;20;0;0;16;20
15056;3616;64;16;20;0;0;16;20
15439;3632;64;16;20;0;0;16;20
15875;3648;64;16;20;0;0;16;20
15902;3664;64;16;20;0;0;16;20
15941;3680;64;16;20;0;0;16;20
16058;3696;64;16;20;0;0;16;20
16139;3712;64;16;20;0;0;16;20
16870;3728;64;16;20;0;0;16;20
17020;3744;64;16;20;0;0;16;20
17857;3760;64;16;20;0;0;16;20
17868;3776;64;16;20;0;0;16;20
18264;3792;64;16;20;0;0;16;20
18891;3808;64;16;20;0;0;16;20
18938;3824;64;16;20;0;0;16;20
19968;3840;64;16;20;0;0;16;20
19969;3856;64;16;20;0;0;16;20
19971;3872;64;16;20;0;0;16;20
19975;3888;64;16;20;0;0;16;20
19976;3904;64;16;20;0;0;16;20
19977;3920;64;16;20;0;0;16;20
19978;3936;64;16;20;0;0;16;20
19979;3952;64;16;20;0;0;16;20
19981;3968;64;16;20;0;0;16;20
19982;3984;64;16;20;0;0;16;20
19983;4000;64;16;20;0;0;16;20
19984;4016;64;16;20;0;0;16;20
19985;4032;64;16;20;0;0;16;20
19987;4048;64;16;20;0;0;16;20
19988;4064;64;16;20;0;0;16;20
19989;4080;64;16;20;0;0;16;20
19990;0;84;16;20;0;0;16;20
19992;16;84;16;20;0;0;16;20
19993;32;84;16;20;0;0;16;20
19994;48;84;16;20;0;0;16;20
19995;64;84;16;20;0;0;16;20
19996;80;84;16;20;0;0;16;20
19997;96;84;16;20;0;0;16;20
19998;112;84;16;20;0;0;16;20
19999;128;84;16;20;0;0;16;20
20001;144;84;16;20;0;0;16;20
20002;160;84;16;20;0;0;16;20
20004;176;84;16;20;0;0;16;20
20005;192;84;16;20;0;0;16;20
20006;208;84;16;20;0;0;16;20
20007;224;84;16;20;0;0;16;20
20010;240;84;16;20;0;0;16;20
20011;256;84;16;20;0;0;16;20
20013;272;84;16;20;0;0;16;20
20016;288;84;16;20;0;0;16;20
20018;304;84;16;20;0;0;16;20
20020;320;84;16;20;0;0;16;20
20021;336;84;16;20;0;0;16;20
20024;352;84;16;20;0;0;16;20
20025;368;84;16;20;0;0;16;20
20026;384;84;16;20;0;0;16;20
20027;400;84;16;20;0;0;16;20
20028;416;84;16;20;0;0;16;20
20029;432;84;16;20;0;0;16;20
20030;448;84;16;20;0;0;16;20
20034;464;84;16;20;0;0;16;20
20035;480;84;16;20;0;0;16;20
20037;496;84;16;20;0;0;16;20
20040;512;84;16;20;0;0;16;20
20041;528;84;16;20;0;0;16;20
20043;544;84;16;20;0;0;16;20
20044;560;84;16;20;0;0;16;20
20045;576;84;16;20;0;0;16;20
20046;592;84;16;20;0;0;16;20
20047;608;84;16;20;0;0;16;20
20048;624;84;16;20;0;0;16;20
20050;640;84;16;20;0;0;16;20
20051;656;84;16;20;0;0;16;20
20052;672;84;16;20;0;0;16;20
20054;688;84;16;20;0;0;16;20
20055;704;84;16;20;0;0;16;20
20056;720;84;16;20;0;0;16;20
20057;736;84;16;20;0;0;16;20
20060;752;84;16;20;0;0;16;20
20061;768;84;16;20;0;0;16;20
20062;784;84;16;20;0;0;16;20
20063;800;84;16;20;0;0;16;20
20064;816;84;16;20;0;0;16;20
20065;832;84;16;20;0;0;16;20
20070;848;84;16;20;0;0;16;20
20073;864;84;16;20;0;0;16;20
20080;880;84;16;20;0;0;16;20
20081;896;84;16;20;0;0;16;20
20083;912;84;16;20;0;0;16;20
20094;928;84;16;20;0;0;16;20
20096;944;84;16;20;0;0;16;20
20098;960;84;16;20;0;0;16;20
20102;976;84;16;20;0;0;16;20
20104;992;84;16;20;0;0;16;20
20105;1008;84;16;20;0;0;16;20
20107;1024;84;16;20;0;0;16;20
20108;1040;84;16;20;0;0;16;20
20109;1056;84;16;20;0;0;16;20
20110;1072;84;16;20;0;0;16;20
20111;1088;84;16;20;0;0;16;20
20113;1104;84;16;20;0;0;16;20
20114;1120;84;16;20;0;0;16;20
20115;1136;84;16;20;0;0;16;20
20116;1152;84;16;20;0;0;16;20
20117;1168;84;16;20;0;0;16;20
20120;1184;84;16;20;0;0;16;20
20121;1200;84;16;20;0;0;16;20
20122;1216;84;16;20;0;0;16;20
20123;1232;84;16;20;0;0;16;20
20124;1248;84;16;20;0;0;16;20
20126;1264;84;16;20;0;0;16;20
20127;1280;84;16;20;0;0;16;20
20129;1296;84;16;20;0;0;16;20
20130;1312;84;16;20;0;0;16;20
20132;1328;84;16;20;0;0;16;20
20133;1344;84;16;20;0;0;16;20
20134;1360;84;16;20;0;0;16;20
20135;1376;84;16;20;0;0;16;20
20136;1392;84;16;20;0;0;16;20
20137;1408;84;16;20;0;0;16;20
20139;1424;84;16;20;0;0;16;20
20140;1440;84;16;20;0;0;16;20
20141;1456;84;16;20;0;0;16;20
20142;1472;84;16;20;0;0;16;20
20146;1488;84;16;20;0;0;16;20
20147;1504;84;16;20;0;0;16;20
20149;1520;84;16;20;0;0;16;20
20150;1536;84;16;20;0;0;16;20
20154;1552;84;16;20;0;0;16;20
20155;1568;84;16;20;0;0;16;20
20158;1584;84;16;20;0;0;16;20
20159;1600;84;16;20;0;0;16;20
20160;1616;84;16;20;0;0;16;20
20161;1632;84;16;20;0;0;16;20
20162;1648;84;16;20;0;0;16;20
20163;1664;84;16;20;0;0;16;20
20164;1680;84;16;20;0;0;16;20
20165;1696;84;16;20;0;0;16;20
20166;1712;84;16;20;0;0;16;20
20167;1728;84;16;20;0;0;16;20
20169;1744;84;16;20;0;0;16;20
20170;1760;84;16;20;0;0;16;20
20171;1776;84;16;20;0;0;16;20
20173;1792;84;16;20;0;0;16;20
20174;1808;84;16;20;0;0;16;20
20175;1824;84;16;20;0;0;16;20
20177;1840;84;16;20;0;0;16;20
20179;1856;84;16;20;0;0;16;20
20180;1872;84;16;20;0;0;16;20
20181;1888;84;16;20;0;0;16;20
20182;1904;84;16;20;0;0;16;20
20183;1920;84;16;20;0;0;16;20
20184;1936;84;16;20;0;0;16;20
20185;1952;84;16;20;0;0;16;20
20189;1968;84;16;20;0;0;16;20
20190;1984;84;16;20;0;0;16;20
20191;2000;84;16;20;0;0;16;20
20193;2016;84;16;20;0;0;16;20
20195;2032;84;16;20;0;0;16;20
20196;2048;84;16;20;0;0;16;20
20197;2064;84;16;20;0;0;16;20
20200;2080;84;16;20;0;0;16;20
20202;2096;84;16;20;0;0;16;20
20203;2112;84;16;20;0;0;16;20
20204;2128;84;16;20;0;0;16;20
20206;2144;84;16;20;0;0;16;20
20208;2160;84;16;20;0;0;16;20
20210;2176;84;16;20;0;0;16;20
20211;2192;84;16;20;0;0;16;20
20213;2208;84;16;20;0;0;16;20
20214;2224;84;16;20;0;0;16;20
20215;2240;84;16;20;0;0;16;20
20219;2256;84;16;20;0;0;16;20
20221;2272;84;16;20;0;0;16;20
20223;2288;84;16;20;0;0;16;20
20225;2304;84;16;20;0;0;16;20
20233;2320;84;16;20;0;0;16;20
20234;2336;84;16;20;0;0;16;20
20237;2352;84;16;20;0;0;16;20
20238;2368;84;16;20;0;0;16;20
20239;2384;84;16;20;0;0;16;20
20240;2400;84;16;20;0;0;16;20
20241;2416;84;16;20;0;0;16;20
20245;2432;84;16;20;0;0;16;20
20247;2448;84;16;20;0;0;16;20
20248;2464;84;16;20;0;0;16;20
20249;2480;84;16;20;0;0;16;20
20250;2496;84;16;20;0;0;16;20
20251;2512;84;16;20;0;0;16;20
20253;2528;84;16;20;0;0;16;20
20254;2544;84;16;20;0;0;16;20
20255;2560;84;16;20;0;0;16;20
20256;2576;84;16;20;0;0;16;20
20258;2592;84;16;20;0;0;16;20
20260;2608;84;16;20;0;0;16;20
20261;2624;84;16;20;0;0;16;20
20262;2640;84;16;20;0;0;16;20
20263;2656;84;16;20;0;0;16;20
20266;2672;84;16;20;0;0;16;20
20267;2688;84;16;20;0;0;16;20
20271;2704;84;16;20;0;0;16;20
20272;2720;84;16;20;0;0;16;20
20274;2736;84;16;20;0;0;16;20
20276;2752;84;16;20;0;0;16;20
20278;2768;84;16;20;0;0;16;20
20280;2784;84;16;20;0;0;16;20
20282;2800;84;16;20;0;0;16;20
20284;2816;84;16;20;0;0;16;20
20285;2832;84;16;20;0;0;16;20
20291;2848;84;16;20;0;0;16;20
20294;2864;84;16;20;0;0;16;20
20295;2880;84;16;20;0;0;16;20
20296;2896;84;16;20;0;0;16;20
20297;2912;84;16;20;0;0;16;20
20301;2928;84;16;20;0;0;16;20
20302;2944;84;16;20;0;0;16;20
20303;2960;84;16;20;0;0;16;20
20304;2976;84;16;20;0;0;16;20
20305;2992;84;16;20;0;0;16;20
20307;3008;84;16;20;0;0;16;20
20308;3024;84;16;20;0;0;16;20
20309;3040;84;16;20;0;0;16;20
20311;3056;84;16;20;0;0;16;20
20312;3072;84;16;20;0;0;16;20
20313;3088;84;16;20;0;0;16;20
20314;3104;84;16;20;0;0;16;20
20315;3120;84;16;20;0;0;16;20
20316;3136;84;16;20;0;0;16;20
20317;3152;84;16;20;0;0;16;20
20318;3168;84;16;20;0;0;16;20
20319;3184;84;16;20;0;0;16;20
20320;3200;84;16;20;0;0;16;20
20323;3216;84;16;20;0;0;16;20
20324;3232;84;16;20;0;0;16;20
20325;3248;84;16;20;0;0;16;20
20329;3264;84;16;20;0;0;16;20
20332;3280;84;16;20;0;0;16;20
20335;3296;84;16;20;0;0;16;20
20336;3312;84;16;20;0;0;16;20
20339;3328;84;16;20;0;0;16;20
20341;3344;84;16;20;0;0;16;20
20342;3360;84;16;20;0;0;16;20
20347;3376;84;16;20;0;0;16;20
20348;3392;84;16;20;0;0;16;20
20350;3408;84;16;20;0;0;16;20
20351;3424;84;16;20;0;0;16;20
20355;3440;84;16;20;0;0;16;20
20356;3456;84;16;20;0;0;16;20
20358;3472;84;16;20;0;0;16;20
20360;3488;84;16;20;0;0;16;20
20361;3504;84;16;20;0;0;16;20
20363;3520;84;16;20;0;0;16;20
20365;3536;84;16;20;0;0;16;20
20367;3552;84;16;20;0;0;16;20
20369;3568;84;16;20;0;0;16;20
20372;3584;84;16;20;0;0;16;20
20374;3600;84;16;20;0;0;16;20
20375;3616;84;16;20;0;0;16;20
20379;3632;84;16;20;0;0;16;20
20381;3648;84;16;20;0;0;16;20
20384;3664;84;16;20;0;0;16;20
20385;3680;84;16;20;0;0;16;20
20387;3696;84;16;20;0;0;16;20
20389;3712;84;16;20;0;0;16;20
20390;3728;84;16;20;0;0;16;20
20391;3744;84;16;20;0;0;16;20
20392;3760;84;16;20;0;0;16;20
20393;3776;84;16;20;0;0;16;20
20394;3792;84;16;20;0;0;16;20
20396;3808;84;16;20;0;0;16;20
20398;3824;84;16;20;0;0;16;20
20399;3840;84;16;20;0;0;16;20
20402;3856;84;16;20;0;0;16;20
20405;3872;84;16;20;0;0;16;20
20406;3888;84;16;20;0;0;16;20
20407;3904;84;16;20;0;0;16;20
20415;3920;84;16;20;0;0;16;20
20417;3936;84;16;20;0;0;16;20
20418;3952;84;16;20;0;0;16;20
20419;3968;84;16;20;0;0;16;20
20420;3984;84;16;20;0;0;16;20
20421;4000;84;16;20;0;0;16;20
20426;4016;84;16;20;0;0;16;20
20430;4032;84;16;20;0;0;16;20
20431;4048;84;16;20;0;0;16;20
20432;4064;84;16;20;0;0;16;20
20433;4080;84;16;20;0;0;16;20
20439;0;104;16;20;0;0;16;20
20440;16;104;16;20;0;0;16;20
20442;32;104;16;20;0;0;16;20
20443;48;104;16;20;0;0;16;20
20445;64;104;16;20;0;0;16;20
20446;80;104;16;20;0;0;16;20
20447;96;104;16;20;0;0;16;20
20448;112;104;16;20;0;0;16;20
20449;128;104;16;20;0;0;16;20
20451;144;104;16;20;0;0;16;20
20454;160;104;16;20;0;0;16;20
20456;176;104;16;20;0;0;16;20
20457;192;104;16;20;0;0;16;20
20458;208;104;16;20;0;0;16;20
20461;224;104;16;20;0;0;16;20
20462;240;104;16;20;0;0;16;20
20463;256;104;16;20;0;0;16;20
20465;272;104;16;20;0;0;16;20
20467;288;104;16;20;0;0;16;20
20469;304;104;16;20;0;0;16;20
20470;320;104;16;20;0;0;16;20
20472;336;104;16;20;0;0;16;20
20474;352;104;16;20;0;0;16;20
20478;368;104;16;20;0;0;16;20
20480;384;104;16;20;0;0;16;20
20486;400;104;16;20;0;0;16;20
20489;416;104;16;20;0;0;16;20
20491;432;104;16;20;0;0;16;20
20492;448;104;16;20;0;0;16;20
20493;464;104;16;20;0;0;16;20
20495;480;104;16;20;0;0;16;20
20497;496;104;16;20;0;0;16;20
20498;512;104;16;20;0;0;16;20
20500;528;104;16;20;0;0;16;20
20502;544;104;16;20;0;0;16;20
20504;560;104;16;20;0;0;16;20
20505;576;104;16;20;0;0;16;20
20506;592;104;16;20;0;0;16;20
20508;608;104;16;20;0;0;16;20
20511;624;104;16;20;0;0;16;20
20513;640;104;16;20;0;0;16;20
20515;656;104;16;20;0;0;16;20
20516;672;104;16;20;0;0;16;20
20517;688;104;16;20;0;0;16;20
20518;704;104;16;20;0;0;16;20
20520;720;104;16;20;0;0;16;20
20521;736;104;16;20;0;0;16;20
20522;752;104;16;20;0;0;16;20
20523;768;104;16;20;0;0;16;20
20524;784;104;16;20;0;0;16;20
20525;800;104;16;20;0;0;16;20
20537;816;104;16;20;0;0;16;20
20538;832;104;16;20;0;0;16;20
20540;848;104;16;20;0;0;16;20
20542;864;104;16;20;0;0;16;20
20544;880;104;16;20;0;0;16;20
20545;896;104;16;20;0;0;16;20
20547;912;104;16;20;0;0;16;20
20551;928;104;16;20;0;0;16;20
20552;944;104;16;20;0;0;16;20
20553;960;104;16;20;0;0;16;20
20556;976;104;16;20;0;0;16;20
20558;992;104;16;20;0;0;16;20
20559;1008;104;16;20;0;0;16;20
20565;1024;104;16;20;0;0;16;20
20570;1040;104;16;20;0;0;16;20
20572;1056;104;16;20;0;0;16;20
20581;1072;104;16;20;0;0;16;20
20588;1088;104;16;20;0;0;16;20
20594;1104;104;16;20;0;0;16;20
20596;1120;104;16;20;0;0;16;20
20597;1136;104;16;20;0;0;16;20
20598;1152;104;16;20;0;0;16;20
20599;1168;104;16;20;0;0;16;20
20603;1184;104;16;20;0;0;16;20
20605;1200;104;16;20;0;0;16;20
20606;1216;104;16;20;0;0;16;20
20607;1232;104;16;20;0;0;16;20
20608;1248;104;16;20;0;0;16;20
20613;1264;104;16;20;0;0;16;20
20616;1280;104;16;20;0;0;16;20
20621;1296;104;16;20;0;0;16;20
20625;1312;104;16;20;0;0;16;20
20630;1328;104;16;20;0;0;16;20
20632;1344;104;16;20;0;0;16;20
20633;1360;104;16;20;0;0;16;20
20634;1376;104;16;20;0;0;16;20
20636;1392;104;16;20;0;0;16;20
20642;1408;104;16;20;0;0;16;20
20643;1424;104;16;20;0;0;16;20
20645;1440;104;16;20;0;0;16;20
20647;1456;104;16;20;0;0;16;20
20648;1472;104;16;20;0;0;16;20
20649;1488;104;16;20;0;0;16;20
20652;1504;104;16;20;0;0;16;20
20653;1520;104;16;20;0;0;16;20
20655;1536;104;16;20;0;0;16;20
20658;1552;104;16;20;0;0;16;20
20659;1568;104;16;20;0;0;16;20
20660;1584;104;16;20;0;0;16;20
20661;1600;104;16;20;0;0;16;20
20663;1616;104;16;20;0;0;16;20
20667;1632;104;16;20;0;0;16;20
20670;1648;104;16;20;0;0;16;20
20674;1664;104;16;20;0;0;16;20
20677;1680;104;16;20;0;0;16;20
20679;1696;104;16;20;0;0;16;20
20681;1712;104;16;20;0;0;16;20
20685;1728;104;16;20;0;0;16;20
20687;1744;104;16;20;0;0;16;20
20689;1760;104;16;20;0;0;16;20
20693;1776;104;16;20;0;0;16;20
20694;1792;104;16;20;0;0;16;20
20698;1808;104;16;20;0;0;16;20
20709;1824;104;16;20;0;0;16;20
20711;1840;104;16;20;0;0;16;20
20712;1856;104;16;20;0;0;16;20
20717;1872;104;16;20;0;0;16;20
20718;1888;104;16;20;0;0;16;20
20720;1904;104;16;20;0;0;16;20
20721;1920;104;16;20;0;0;16;20
20723;1936;104;16;20;0;0;16;20
20725;1952;104;16;20;0;0;16;20
20729;1968;104;16;20;0;0;16;20
20731;1984;104;16;20;0;0;16;20
20736;2000;104;16;20;0;0;16;20
20738;2016;104;16;20;0;0;16;20
20740;2032;104;16;20;0;0;16;20
20742;2048;104;16;20;0;0;16;20
20744;2064;104;16;20;0;0;16;20
20745;2080;104;16;20;0;0;16;20
20747;2096;104;16;20;0;0;16;20
20752;2112;104;16;20;0;0;16;20
20754;2128;104;16;20;0;0;16;20
20756;2144;104;16;20;0;0;16;20
20757;2160;104;16;20;0;0;16;20
20760;2176;104;16;20;0;0;16;20
20767;2192;104;16;20;0;0;16;20
20769;2208;104;16;20;0;0;16;20
20778;2224;104;16;20;0;0;16;20
20786;2240;104;16;20;0;0;16;20
20791;2256;104;16;20;0;0;16;20
20792;2272;104;16;20;0;0;16;20
20794;2288;104;16;20;0;0;16;20
20795;2304;104;16;20;0;0;16;20
20796;2320;104;16;20;0;0;16;20
20799;2336;104;16;20;0;0;16;20
20800;2352;104;16;20;0;0;16;20
20801;2368;104;16;20;0;0;16;20
20803;2384;104;16;20;0;0;16;20
20804;2400;104;16;20;0;0;16;20
20805;2416;104;16;20;0;0;16;20
20806;2432;104;16;20;0;0;16;20
20807;2448;104;16;20;0;0;16;20
20808;2464;104;16;20;0;0;16;20
20809;2480;104;16;20;0;0;16;20
20811;2496;104;16;20;0;0;16;20
20812;2512;104;16;20;0;0;16;20
20813;2528;104;16;20;0;0;16;20
20816;2544;104;16;20;0;0;16;20
20817;2560;104;16;20;0;0;16;20
20818;2576;104;16;20;0;0;16;20
20820;2592;104;16;20;0;0;16;20
20821;2608;104;16;20;0;0;16;20
20822;2624;104;16;20;0;0;16;20
20823;2640;104;16;20;0;0;16;20
20826;2656;104;16;20;0;0;16;20
20828;2672;104;16;20;0;0;16;20
20834;2688;104;16;20;0;0;16;20
20837;2704;104;16;20;0;0;16;20
20839;2720;104;16;20;0;0;16;20
20840;2736;104;16;20;0;0;16;20
20841;2752;104;16;20;0;0;16;20
20843;2768;104;16;20;0;0;16;20
20844;2784;104;16;20;0;0;16;20
20845;2800;104;16;20;0;0;16;20
20846;2816;104;16;20;0;0;16;20
20848;2832;104;16;20;0;0;16;20
20849;2848;104;16;20;0;0;16;20
20851;2864;104;16;20;0;0;16;20
20852;2880;104;16;20;0;0;16;20
20853;2896;104;16;20;0;0;16;20
20854;2912;104;16;20;0;0;16;20
20855;2928;104;16;20;0;0;16;20
20856;2944;104;16;20;0;0;16;20
20857;2960;104;16;20;0;0;16;20
20859;2976;104;16;20;0;0;16;20
20860;2992;104;16;20;0;0;16;20
20861;3008;104;16;20;0;0;16;20
20864;3024;104;16;20;0;0;16;20
20869;3040;104;16;20;0;0;16;20
20870;3056;104;16;20;0;0;16;20
20871;3072;104;16;20;0;0;16;20
20872;3088;104;16;20;0;0;16;20
20873;3104;104;16;20;0;0;16;20
20874;3120;104;16;20;0;0;16;20
20876;3136;104;16;20;0;0;16;20
20877;3152;104;16;20;0;0;16;20
20881;3168;104;16;20;0;0;16;20
20882;3184;104;16;20;0;0;16;20
20885;3200;104;16;20;0;0;16;20
20887;3216;104;16;20;0;0;16;20
20889;3232;104;16;20;0;0;16;20
20891;3248;104;16;20;0;0;16;20
20892;3264;104;16;20;0;0;16;20
20896;3280;104;16;20;0;0;16;20
20898;3296;104;16;20;0;0;16;20
20900;3312;104;16;20;0;0;16;20
20901;3328;104;16;20;0;0;16;20
20906;3344;104;16;20;0;0;16;20
20908;3360;104;16;20;0;0;16;20
20911;3376;104;16;20;0;0;16;20
20912;3392;104;16;20;0;0;16;20
20914;3408;104;16;20;0;0;16;20
20915;3424;104;16;20;0;0;16;20
20917;3440;104;16;20;0;0;16;20
20918;3456;104;16;20;0;0;16;20
20919;3472;104;16;20;0;0;16;20
20923;3488;104;16;20;0;0;16;20
20924;3504;104;16;20;0;0;16;20
20925;3520;104;16;20;0;0;16;20
20928;3536;104;16;20;0;0;16;20
20932;3552;104;16;20;0;0;16;20
20934;3568;104;16;20;0;0;16;20
20935;3584;104;16;20;0;0;16;20
20936;3600;104;16;20;0;0;16;20
20937;3616;104;16;20;0;0;16;20
20939;3632;104;16;20;0;0;16;20
20940;3648;104;16;20;0;0;16;20
20941;3664;104;16;20;0;0;16;20
20943;3680;104;16;20;0;0;16;20
20945;3696;104;16;20;0;0;16;20
20955;3712;104;16;20;0;0;16;20
20956;3728;104;16;20;0;0;16;20
20957;3744;104;16;20;0;0;16;20
20960;3760;104;16;20;0;0;16;20
20961;3776;104;16;20;0;0;16;20
20964;3792;104;16;20;0;0;16;20
20966;3808;104;16;20;0;0;16;20
20971;3824;104;16;20;0;0;16;20
20973;3840;104;16;20;0;0;16;20
20975;3856;104;16;20;0;0;16;20
20976;3872;104;16;20;0;0;16;20
20977;3888;104;16;20;0;0;16;20
20979;3904;104;16;20;0;0;16;20
20982;3920;104;16;20;0;0;16;20
20984;3936;104;16;20;0;0;16;20
20985;3952;104;16;20;0;0;16;20
20986;3968;104;16;20;0;0;16;20
20987;3984;104;16;20;0;0;16;20
20988;4000;104;16;20;0;0;16;20
20989;4016;104;16;20;0;0;16;20
20991;4032;104;16;20;0;0;16;20
20992;4048;104;16;20;0;0;16;20
20993;4064;104;16;20;0;0;16;20
20995;4080;104;16;20;0;0;16;20
20998;0;124;16;20;0;0;16;20
20999;16;124;16;20;0;0;16;20
21000;32;124;16;20;0;0;16;20
21002;48;124;16;20;0;0;16;20
21005;64;124;16;20;0;0;16;20
21006;80;124;16;20;0;0;16;20
21009;96;124;16;20;0;0;16;20
21010;112;124;16;20;0;0;16;20
21014;128;124;16;20;0;0;16;20
21015;144;124;16;20;0;0;16;20
21016;160;124;16;20;0;0;16;20
21017;176;124;16;20;0;0;16;20
21018;192;124;16;20;0;0;16;20
21019;208;124;16;20;0;0;16;20
21021;224;124;16;20;0;0;16;20
21024;240;124;16;20;0;0;16;20
21028;256;124;16;20;0;0;16;20
21029;272;124;16;20;0;0;16;20
21032;288;124;16;20;0;0;16;20
21033;304;124;16;20;0;0;16;20
21034;320;124;16;20;0;0;16;20
21035;336;124;16;20;0;0;16;20
21037;352;124;16;20;0;0;16;20
21038;368;124;16;20;0;0;16;20
21040;384;124;16;20;0;0;16;20
21042;400;124;16;20;0;0;16;20
21043;416;124;16;20;0;0;16;20
21046;432;124;16;20;0;0;16;20
21047;448;124;16;20;0;0;16;20
21048;464;124;16;20;0;0;16;20
21049;480;124;16;20;0;0;16;20
21050;496;124;16;20;0;0;16;20
21051;512;124;16;20;0;0;16;20
21053;528;124;16;20;0;0;16;20
21055;544;124;16;20;0;0;16;20
21056;560;124;16;20;0;0;16;20
21057;576;124;16;20;0;0;16;20
21058;592;124;16;20;0;0;16;20
21059;608;124;16;20;0;0;16;20
21060;624;124;16;20;0;0;16;20
21063;640;124;16;20;0;0;16;20
21065;656;124;16;20;0;0;16;20
21066;672;124;16;20;0;0;16;20
21067;688;124;16;20;0;0;16;20
21068;704;124;16;20;0;0;16;20
21069;720;124;16;20;0;0;16;20
21070;736;124;16;20;0;0;16;20
21072;752;124;16;20;0;0;16;20
21073;768;124;16;20;0;0;16;20
21074;784;124;16;20;0;0;16;20
21076;800;124;16;20;0;0;16;20
21078;816;124;16;20;0;0;16;20
21083;832;124;16;20;0;0;16;20
21084;848;124;16;20;0;0;16;20
21085;864;124;16;20;0;0;16;20
21086;880;124;16;20;0;0;16;20
21089;896;124;16;20;0;0;16;20
21091;912;124;16;20;0;0;16;20
21092;928;124;16;20;0;0;16;20
21093;944;124;16;20;0;0;16;20
21095;960;124;16;20;0;0;16;20
21097;976;124;16;20;0;0;16;20
21098;992;124;16;20;0;0;16;20
21102;1008;124;16;20;0;0;16;20
21103;1024;124;16;20;0;0;16;20
21104;1040;124;16;20;0;0;16;20
21106;1056;124;16;20;0;0;16;20
21108;1072;124;16;20;0;0;16;20
21109;1088;124;16;20;0;0;16;20
21111;1104;124;16;20;0;0;16;20
21117;1120;124;16;20;0;0;16;20
21119;1136;124;16;20;0;0;16;20
21120;1152;124;16;20;0;0;16;20
21121;1168;124;16;20;0;0;16;20
21123;1184;124;16;20;0;0;16;20
21124;1200;124;16;20;0;0;16;20
21127;1216;124;16;20;0;0;16;20
21128;1232;124;16;20;0;0;16;20
21129;1248;124;16;20;0;0;16;20
21130;1264;124;16;20;0;0;16;20
21132;1280;124;16;20;0;0;16;20
21133;1296;124;16;20;0;0;16;20
21137;1312;124;16;20;0;0;16;20
21139;1328;124;16;20;0;0;16;20
21147;1344;124;16;20;0;0;16;20
21148;1360;124;16;20;0;0;16;20
21149;1376;124;16;20;0;0;16;20
21150;1392;124;16;20;0;0;16;20
21151;1408;124;16;20;0;0;16;20
21152;1424;124;16;20;0;0;16;20
21153;1440;124;16;20;0;0;16;20
21154;1456;124;16;20;0;0;16;20
21155;1472;124;16;20;0;0;16;20
21160;1488;124;16;20;0;0;16;20
21161;1504;124;16;20;0;0;16;20
21162;1520;124;16;20;0;0;16;20
21163;1536;124;16;20;0;0;16;20
21164;1552;124;16;20;0;0;16;20
21165;1568;124;16;20;0;0;16;20
21169;1584;124;16;20;0;0;16;20
21170;1600;124;16;20;0;0;16;20
21171;1616;124;16;20;0;0;16;20
21172;1632;124;16;20;0;0;16;20
21177;1648;124;16;20;0;0;16;20
21179;1664;124;16;20;0;0;16;20
21180;1680;124;16;20;0;0;16;20
21182;1696;124;16;20;0;0;16;20
21183;1712;124;16;20;0;0;16;20
21185;1728;124;16;20;0;0;16;20
21187;1744;124;16;20;0;0;16;20
21189;1760;124;16;20;0;0;16;20
21191;1776;124;16;20;0;0;16;20
21192;1792;124;16;20;0;0;16;20
21193;1808;124;16;20;0;0;16;20
21195;1824;124;16;20;0;0;16;20
21200;1840;124;16;20;0;0;16;20
21202;1856;124;16;20;0;0;16;20
21205;1872;124;16;20;0;0;16;20
21206;1888;124;16;20;0;0;16;20
21208;1904;124;16;20;0;0;16;20
21209;1920;124;16;20;0;0;16;20
21211;1936;124;16;20;0;0;16;20
21213;1952;124;16;20;0;0;16;20
21214;1968;124;16;20;0;0;16;20
21215;1984;124;16;20;0;0;16;20
21218;2000;124;16;20;0;0;16;20
21220;2016;124;16;20;0;0;16;20
21223;2032;124;16;20;0;0;16;20
21232;2048;124;16;20;0;0;16;20
21233;2064;124;16;20;0;0;16;20
21234;2080;124;16;20;0;0;16;20
21235;2096;124;16;20;0;0;16;20
21237;2112;124;16;20;0;0;16;20
21240;2128;124;16;20;0;0;16;20
21241;2144;124;16;20;0;0;16;20
21242;2160;124;16;20;0;0;16;20
21243;2176;124;16;20;0;0;16;20
21246;2192;124;16;20;0;0;16;20
21247;2208;124;16;20;0;0;16;20
21248;2224;124;16;20;0;0;16;20
21250;2240;124;16;20;0;0;16;20
21253;2256;124;16;20;0;0;16;20
21254;2272;124;16;20;0;0;16;20
21256;2288;124;16;20;0;0;16;20
21261;2304;124;16;20;0;0;16;20
21263;2320;124;16;20;0;0;16;20
21264;2336;124;16;20;0;0;16;20
21269;2352;124;16;20;0;0;16;20
21270;2368;124;16;20;0;0;16;20
21271;2384;124;16;20;0;0;16;20
21273;2400;124;16;20;0;0;16;20
21276;2416;124;16;20;0;0;16;20
21277;2432;124;16;20;0;0;16;20
21280;2448;124;16;20;0;0;16;20
21281;2464;124;16;20;0;0;16;20
21283;2480;124;16;20;0;0;16;20
21286;2496;124;16;20;0;0;16;20
21290;2512;124;16;20;0;0;16;20
21293;2528;124;16;20;0;0;16;20
21294;2544;124;16;20;0;0;16;20
21295;2560;124;16;20;0;0;16;20
21297;2576;124;16;20;0;0;16;20
21305;2592;124;16;20;0;0;16;20
21306;2608;124;16;20;0;0;16;20
21307;2624;124;16;20;0;0;16;20
21310;2640;124;16;20;0;0;16;20
21311;2656;124;16;20;0;0;16;20
21312;2672;124;16;20;0;0;16;20
21313;2688;124;16;20;0;0;16;20
21315;2704;124;16;20;0;0;16;20
21317;2720;124;16;20;0;0;16;20
21319;2736;124;16;20;0;0;16;20
21320;2752;124;16;20;0;0;16;20
21321;2768;124;16;20;0;0;16;20
21322;2784;124;16;20;0;0;16;20
21325;2800;124;16;20;0;0;16;20
21326;2816;124;16;20;0;0;16;20
21327;2832;124;16;20;0;0;16;20
21329;2848;124;16;20;0;0;16;20
21330;2864;124;16;20;0;0;16;20
21331;2880;124;16;20;0;0;16;20
21332;2896;124;16;20;0;0;16;20
21333;2912;124;16;20;0;0;16;20
21334;2928;124;16;20;0;0;16;20
21335;2944;124;16;20;0;0;16;20
21336;2960;124;16;20;0;0;16;20
21338;2976;124;16;20;0;0;16;20
21340;2992;124;16;20;0;0;16;20
21342;3008;124;16;20;0;0;16;20
21343;3024;124;16;20;0;0;16;20
21344;3040;124;16;20;0;0;16;20
21345;3056;124;16;20;0;0;16;20
21346;3072;124;16;20;0;0;16;20
21347;3088;124;16;20;0;0;16;20
21348;3104;124;16;20;0;0;16;20
21350;3120;124;16;20;0;0;16;20
21351;3136;124;16;20;0;0;16;20
21355;3152;124;16;20;0;0;16;20
21358;3168;124;16;20;0;0;16;20
21359;3184;124;16;20;0;0;16;20
21360;3200;124;16;20;0;0;16;20
21361;3216;124;16;20;0;0;16;20
21363;3232;124;16;20;0;0;16;20
21364;3248;124;16;20;0;0;16;20
21365;3264;124;16;20;0;0;16;20
21367;3280;124;16;20;0;0;16;20
21368;3296;124;16;20;0;0;16;20
21369;3312;124;16;20;0;0;16;20
21371;3328;124;16;20;0;0;16;20
21375;3344;124;16;20;0;0;16;20
21378;3360;124;16;20;0;0;16;20
21380;3376;124;16;20;0;0;16;20
21381;3392;124;16;20;0;0;16;20
21382;3408;124;16;20;0;0;16;20
21385;3424;124;16;20;0;0;16;20
21387;3440;124;16;20;0;0;16;20
21388;3456;124;16;20;0;0;16;20
21389;3472;124;16;20;0;0;16;20
21397;3488;124;16;20;0;0;16;20
21400;3504;124;16;20;0;0;16;20
21401;3520;124;16;20;0;0;16;20
21402;3536;124;16;20;0;0;16;20
21405;3552;124;16;20;0;0;16;20
21407;3568;124;16;20;0;0;16;20
21410;3584;124;16;20;0;0;16;20
21413;3600;124;16;20;0;0;16;20
21414;3616;124;16;20;0;0;16;20
21416;3632;124;16;20;0;0;16;20
21417;3648;124;16;20;0;0;16;20
21421;3664;124;16;20;0;0;16;20
21422;3680;124;16;20;0;0;16;20
21426;3696;124;16;20;0;0;16;20
21427;3712;124;16;20;0;0;16;20
21435;3728;124;16;20;0;0;16;20
21438;3744;124;16;20;0;0;16;20
21439;3760;124;16;20;0;0;16;20
21440;3776;124;16;20;0;0;16;20
21441;3792;124;16;20;0;0;16;20
21442;3808;124;16;20;0;0;16;20
21443;3824;124;16;20;0;0;16;20
21446;3840;124;16;20;0;0;16;20
21448;3856;124;16;20;0;0;16;20
21449;3872;124;16;20;0;0;16;20
21450;3888;124;16;20;0;0;16;20
21451;3904;124;16;20;0;0;16;20
21452;3920;124;16;20;0;0;16;20
21453;3936;124;16;20;0;0;16;20
21454;3952;124;16;20;0;0;16;20
21457;3968;124;16;20;0;0;16;20
21460;3984;124;16;20;0;0;16;20
21462;4000;124;16;20;0;0;16;20
21463;4016;124;16;20;0;0;16;20
21464;4032;124;16;20;0;0;16;20
21465;4048;124;16;20;0;0;16;20
21467;4064;124;16;20;0;0;16;20
21471;4080;124;16;20;0;0;16;20
21472;0;144;16;20;0;0;16;20
21474;16;144;16;20;0;0;16;20
21475;32;144;16;20;0;0;16;20
21476;48;144;16;20;0;0;16;20
21477;64;144;16;20;0;0;16;20
21478;80;144;16;20;0;0;16;20
21480;96;144;16;20;0;0;16;20
21481;112;144;16;20;0;0;16;20
21482;128;144;16;20;0;0;16;20
21483;144;144;16;20;0;0;16;20
21484;160;144;16;20;0;0;16;20
21485;176;144;16;20;0;0;16;20
21486;192;144;16;20;0;0;16;20
21487;208;144;16;20;0;0;16;20
21488;224;144;16;20;0;0;16;20
21489;240;144;16;20;0;0;16;20
21490;256;144;16;20;0;0;16;20
21491;272;144;16;20;0;0;16;20
21493;288;144;16;20;0;0;16;20
21494;304;144;16;20;0;0;16;20
21495;320;144;16;20;0;0;16;20
21496;336;144;16;20;0;0;16;20
21497;352;144;16;20;0;0;16;20
21499;368;144;16;20;0;0;16;20
21500;384;144;16;20;0;0;16;20
21501;400;144;16;20;0;0;16;20
21505;416;144;16;20;0;0;16;20
21507;432;144;16;20;0;0;16;20
21508;448;144;16;20;0;0;16;20
21510;464;144;16;20;0;0;16;20
21512;480;144;16;20;0;0;16;20
21513;496;144;16;20;0;0;16;20
21514;512;144;16;20;0;0;16;20
21515;528;144;16;20;0;0;16;20
21516;544;144;16;20;0;0;16;20
21517;560;144;16;20;0;0;16;20
21518;576;144;16;20;0;0;16;20
21519;592;144;16;20;0;0;16;20
21520;608;144;16;20;0;0;16;20
21521;624;144;16;20;0;0;16;20
21522;640;144;16;20;0;0;16;20
21523;656;144;16;20;0;0;16;20
21525;672;144;16;20;0;0;16;20
21526;688;144;16;20;0;0;16;20
21527;704;144;16;20;0;0;16;20
21531;720;144;16;20;0;0;16;20
21532;736;144;16;20;0;0;16;20
21533;752;144;16;20;0;0;16;20
21534;768;144;16;20;0;0;16;20
21535;784;144;16;20;0;0;16;20
21536;800;144;16;20;0;0;16;20
21537;816;144;16;20;0;0;16;20
21539;832;144;16;20;0;0;16;20
21542;848;144;16;20;0;0;16;20
21543;864;144;16;20;0;0;16;20
21544;880;144;16;20;0;0;16;20
21545;896;144;16;20;0;0;16;20
21547;912;144;16;20;0;0;16;20
21548;928;144;16;20;0;0;16;20
21549;944;144;16;20;0;0;16;20
21550;960;144;16;20;0;0;16;20
21551;976;144;16;20;0;0;16;20
21553;992;144;16;20;0;0;16;20
21554;1008;144;16;20;0;0;16;20
21555;1024;144;16;20;0;0;16;20
21556;1040;144;16;20;0;0;16;20
21557;1056;144;16;20;0;0;16;20
21558;1072;144;16;20;0;0;16;20
21560;1088;144;16;20;0;0;16;20
21561;1104;144;16;20;0;0;16;20
21562;1120;144;16;20;0;0;16;20
21563;1136;144;16;20;0;0;16;20
21564;1152;144;16;20;0;0;16;20
21565;1168;144;16;20;0;0;16;20
21566;1184;144;16;20;0;0;16;20
21568;1200;144;16;20;0;0;16;20
21570;1216;144;16;20;0;0;16;20
21571;1232;144;16;20;0;0;16;20
21574;1248;144;16;20;0;0;16;20
21576;1264;144;16;20;0;0;16;20
21577;1280;144;16;20;0;0;16;20
21578;1296;144;16;20;0;0;16;20
21579;1312;144;16;20;0;0;16;20
21582;1328;144;16;20;0;0;16;20
21584;1344;144;16;20;0;0;16;20
21586;1360;144;16;20;0;0;16;20
21587;1376;144;16;20;0;0;16;20
21588;1392;144;16;20;0;0;16;20
21589;1408;144;16;20;0;0;16;20
21590;1424;144;16;20;0;0;16;20
21591;1440;144;16;20;0;0;16;20
21592;1456;144;16;20;0;0;16;20
21595;1472;144;16;20;0;0;16;20
21596;1488;144;16;20;0;0;16;20
21602;1504;144;16;20;0;0;16;20
21603;1520;144;16;20;0;0;16;20
21604;1536;144;16;20;0;0;16;20
21606;1552;144;16;20;0;0;16;20
21608;1568;144;16;20;0;0;16;20
21610;1584;144;16;20;0;0;16;20
21613;1600;144;16;20;0;0;16;20
21615;1616;144;16;20;0;0;16;20
21617;1632;144;16;20;0;0;16;20
21618;1648;144;16;20;0;0;16;20
21619;1664;144;16;20;0;0;16;20
21621;1680;144;16;20;0;0;16;20
21622;1696;144;16;20;0;0;16;20
21623;1712;144;16;20;0;0;16;20
21624;1728;144;16;20;0;0;16;20
21627;1744;144;16;20;0;0;16;20
21628;1760;144;16;20;0;0;16;20
21629;1776;144;16;20;0;0;16;20
21632;1792;144;16;20;0;0;16;20
21634;1808;144;16;20;0;0;16;20
21636;1824;144;16;20;0;0;16;20
21638;1840;144;16;20;0;0;16;20
21643;1856;144;16;20;0;0;16;20
21644;1872;144;16;20;0;0;16;20
21646;1888;144;16;20;0;0;16;20
21647;1904;144;16;20;0;0;16;20
21648;1920;144;16;20;0;0;16;20
21650;1936;144;16;20;0;0;16;20
21652;1952;144;16;20;0;0;16;20
21653;1968;144;16;20;0;0;16;20
21654;1984;144;16;20;0;0;16;20
21657;2000;144;16;20;0;0;16;20
21658;2016;144;16;20;0;0;16;20
21659;2032;144;16;20;0;0;16;20
21661;2048;144;16;20;0;0;16;20
21667;2064;144;16;20;0;0;16;20
21668;2080;144;16;20;0;0;16;20
21670;2096;144;16;20;0;0;16;20
21671;2112;144;16;20;0;0;16;20
21672;2128;144;16;20;0;0;16;20
21673;2144;144;16;20;0;0;16;20
21674;2160;144;16;20;0;0;16;20
21675;2176;144;16;20;0;0;16;20
21676;2192;144;16;20;0;0;16;20
21679;2208;144;16;20;0;0;16;20
21681;2224;144;16;20;0;0;16;20
21682;2240;144;16;20;0;0;16;20
21683;2256;144;16;20;0;0;16;20
21684;2272;144;16;20;0;0;16;20
21688;2288;144;16;20;0;0;16;20
21691;2304;144;16;20;0;0;16;20
21693;2320;144;16;20;0;0;16;20
21695;2336;144;16;20;0;0;16;20
21696;2352;144;16;20;0;0;16;20
21697;2368;144;16;20;0;0;16;20
21698;2384;144;16;20;0;0;16;20
21700;2400;144;16;20;0;0;16;20
21702;2416;144;16;20;0;0;16;20
21703;2432;144;16;20;0;0;16;20
21704;2448;144;16;20;0;0;16;20
21705;2464;144;16;20;0;0;16;20
21708;2480;144;16;20;0;0;16;20
21709;2496;144;16;20;0;0;16;20
21710;2512;144;16;20;0;0;16;20
21711;2528;144;16;20;0;0;16;20
21712;2544;144;16;20;0;0;16;20
21713;2560;144;16;20;0;0;16;20
21714;2576;144;16;20;0;0;16;20
21715;2592;144;16;20;0;0;16;20
21716;2608;144;16;20;0;0;16;20
21717;2624;144;16;20;0;0;16;20
21719;2640;144;16;20;0;0;16;20
21721;2656;144;16;20;0;0;16;20
21722;2672;144;16;20;0;0;16;20
21725;2688;144;16;20;0;0;16;20
21726;2704;144;16;20;0;0;16;20
21727;2720;144;16;20;0;0;16;20
21729;2736;144;16;20;0;0;16;20
21730;2752;144;16;20;0;0;16;20
21733;2768;144;16;20;0;0;16;20
21734;2784;144;16;20;0;0;16;20
21735;2800;144;16;20;0;0;16;20
21736;2816;144;16;20;0;0;16;20
21737;2832;144;16;20;0;0;16;20
21738;2848;144;16;20;0;0;16;20
21741;2864;144;16;20;0;0;16;20
21742;2880;144;16;20;0;0;16;20
21746;2896;144;16;20;0;0;16;20
21748;2912;144;16;20;0;0;16;20
21754;2928;144;16;20;0;0;16;20
21756;2944;144;16;20;0;0;16;20
21757;2960;144;16;20;0;0;16;20
21761;2976;144;16;20;0;0;16;20
21764;2992;144;16;20;0;0;16;20
21766;3008;144;16;20;0;0;16;20
21767;3024;144;16;20;0;0;16;20
21769;3040;144;16;20;0;0;16;20
21770;3056;144;16;20;0;0;16;20
21775;3072;144;16;20;0;0;16;20
21776;3088;144;16;20;0;0;16;20
21777;3104;144;16;20;0;0;16;20
21780;3120;144;16;20;0;0;16;20
21786;3136;144;16;20;0;0;16;20
21787;3152;144;16;20;0;0;16;20
21792;3168;144;16;20;0;0;16;20
21794;3184;144;16;20;0;0;16;20
21795;3200;144;16;20;0;0;16;20
21796;3216;144;16;20;0;0;16;20
21799;3232;144;16;20;0;0;16;20
21804;3248;144;16;20;0;0;16;20
21806;3264;144;16;20;0;0;16;20
21807;3280;144;16;20;0;0;16;20
21808;3296;144;16;20;0;0;16;20
21809;3312;144;16;20;0;0;16;20
21811;3328;144;16;20;0;0;16;20
21813;3344;144;16;20;0;0;16;20
21815;3360;144;16;20;0;0;16;20
21816;3376;144;16;20;0;0;16;20
21820;3392;144;16;20;0;0;16;20
21822;3408;144;16;20;0;0;16;20
21823;3424;144;16;20;0;0;16;20
21825;3440;144;16;20;0;0;16;20
21827;3456;144;16;20;0;0;16;20
21828;3472;144;16;20;0;0;16;20
21830;3488;144;16;20;0;0;16;20
21833;3504;144;16;20;0;0;16;20
21834;3520;144;16;20;0;0;16;20
21839;3536;144;16;20;0;0;16;20
21840;3552;144;16;20;0;0;16;20
21843;3568;144;16;20;0;0;16;20
21845;3584;144;16;20;0;0;16;20
21846;3600;144;16;20;0;0;16;20
21847;3616;144;16;20;0;0;16;20
21852;3632;144;16;20;0;0;16;20
21854;3648;144;16;20;0;0;16;20
21855;3664;144;16;20;0;0;16;20
21857;3680;144;16;20;0;0;16;20
21859;3696;144;16;20;0;0;16;20
21860;3712;144;16;20;0;0;16;20
21861;3728;144;16;20;0;0;16;20
21862;3744;144;16;20;0;0;16;20
21863;3760;144;16;20;0;0;16;20
21866;3776;144;16;20;0;0;16;20
21868;3792;144;16;20;0;0;16;20
21869;3808;144;16;20;0;0;16;20
21870;3824;144;16;20;0;0;16;20
21872;3840;144;16;20;0;0;16;20
21877;3856;144;16;20;0;0;16;20
21878;3872;144;16;20;0;0;16;20
21879;3888;144;16;20;0;0;16;20
21880;3904;144;16;20;0;0;16;20
21883;3920;144;16;20;0;0;16;20
21884;3936;144;16;20;0;0;16;20
21886;3952;144;16;20;0;0;16;20
21888;3968;144;16;20;0;0;16;20
21889;3984;144;16;20;0;0;16;20
21890;4000;144;16;20;0;0;16;20
21891;4016;144;16;20;0;0;16;20
21892;4032;144;16;20;0;0;16;20
21895;4048;144;16;20;0;0;16;20
21896;4064;144;16;20;0;0;16;20
21897;4080;144;16;20;0;0;16;20
21898;0;164;16;20;0;0;16;20
21899;16;164;16;20;0;0;16;20
21903;32;164;16;20;0;0;16;20
21905;48;164;16;20;0;0;16;20
21908;64;164;16;20;0;0;16;20
21912;80;164;16;20;0;0;16;20
21913;96;164;16;20;0;0;16;20
21914;112;164;16;20;0;0;16;20
21916;128;164;16;20;0;0;16;20
21917;144;164;16;20;0;0;16;20
21919;160;164;16;20;0;0;16;20
21927;176;164;16;20;0;0;16;20
21929;192;164;16;20;0;0;16;20
21930;208;164;16;20;0;0;16;20
21931;224;164;16;20;0;0;16;20
21932;240;164;16;20;0;0;16;20
21934;256;164;16;20;0;0;16;20
21937;272;164;16;20;0;0;16;20
21938;288;164;16;20;0;0;16;20
21939;304;164;16;20;0;0;16;20
21941;320;164;16;20;0;0;16;20
21942;336;164;16;20;0;0;16;20
21943;352;164;16;20;0;0;16;20
21945;368;164;16;20;0;0;16;20
21947;384;164;16;20;0;0;16;20
21949;400;164;16;20;0;0;16;20
21950;416;164;16;20;0;0;16;20
21956;432;164;16;20;0;0;16;20
21957;448;164;16;20;0;0;16;20
21958;464;164;16;20;0;0;16;20
21959;480;164;16;20;0;0;16;20
21961;496;164;16;20;0;0;16;20
21964;512;164;16;20;0;0;16;20
21965;528;164;16;20;0;0;16;20
21966;544;164;16;20;0;0;16;20
21968;560;164;16;20;0;0;16;20
21969;576;164;16;20;0;0;16;20
21970;592;164;16;20;0;0;16;20
21971;608;164;16;20;0;0;16;20
21972;624;164;16;20;0;0;16;20
21974;640;164;16;20;0;0;16;20
21976;656;164;16;20;0;0;16;20
21978;672;164;16;20;0;0;16;20
21980;688;164;16;20;0;0;16;20
21981;704;164;16;20;0;0;16;20
21982;720;164;16;20;0;0;16;20
21983;736;164;16;20;0;0;16;20
21985;752;164;16;20;0;0;16;20
21987;768;164;16;20;0;0;16;20
21988;784;164;16;20;0;0;16;20
21989;800;164;16;20;0;0;16;20
21990;816;164;16;20;0;0;16;20
21992;832;164;16;20;0;0;16;20
21993;848;164;16;20;0;0;16;20
21994;864;164;16;20;0;0;16;20
21995;880;164;16;20;0;0;16;20
21996;896;164;16;20;0;0;16;20
21999;912;164;16;20;0;0;16;20
22002;928;164;16;20;0;0;16;20
22003;944;164;16;20;0;0;16;20
22005;960;164;16;20;0;0;16;20
22006;976;164;16;20;0;0;16;20
22007;992;164;16;20;0;0;16;20
22013;1008;164;16;20;0;0;16;20
22014;1024;164;16;20;0;0;16;20
22016;1040;164;16;20;0;0;16;20
22017;1056;164;16;20;0;0;16;20
22022;1072;164;16;20;0;0;16;20
22024;1088;164;16;20;0;0;16;20
22025;1104;164;16;20;0;0;16;20
22028;1120;164;16;20;0;0;16;20
22029;1136;164;16;20;0;0;16;20
22030;1152;164;16;20;0;0;16;20
22036;1168;164;16;20;0;0;16;20
22038;1184;164;16;20;0;0;16;20
22039;1200;164;16;20;0;0;16;20
22040;1216;164;16;20;0;0;16;20
22042;1232;164;16;20;0;0;16;20
22043;1248;164;16;20;0;0;16;20
22044;1264;164;16;20;0;0;16;20
22046;1280;164;16;20;0;0;16;20
22047;1296;164;16;20;0;0;16;20
22049;1312;164;16;20;0;0;16;20
22051;1328;164;16;20;0;0;16;20
22052;1344;164;16;20;0;0;16;20
22055;1360;164;16;20;0;0;16;20
22057;1376;164;16;20;0;0;16;20
22060;1392;164;16;20;0;0;16;20
22061;1408;164;16;20;0;0;16;20
22062;1424;164;16;20;0;0;16;20
22063;1440;164;16;20;0;0;16;20
22064;1456;164;16;20;0;0;16;20
22065;1472;164;16;20;0;0;16;20
22066;1488;164;16;20;0;0;16;20
22068;1504;164;16;20;0;0;16;20
22069;1520;164;16;20;0;0;16;20
22070;1536;164;16;20;0;0;16;20
22072;1552;164;16;20;0;0;16;20
22073;1568;164;16;20;0;0;16;20
22075;1584;164;16;20;0;0;16;20
22079;1600;164;16;20;0;0;16;20
22081;1616;164;16;20;0;0;16;20
22085;1632;164;16;20;0;0;16;20
22092;1648;164;16;20;0;0;16;20
22093;1664;164;16;20;0;0;16;20
22094;1680;164;16;20;0;0;16;20
22096;1696;164;16;20;0;0;16;20
22099;1712;164;16;20;0;0;16;20
22100;1728;164;16;20;0;0;16;20
22103;1744;164;16;20;0;0;16;20
22104;1760;164;16;20;0;0;16;20
22105;1776;164;16;20;0;0;16;20
22106;1792;164;16;20;0;0;16;20
22108;1808;164;16;20;0;0;16;20
22109;1824;164;16;20;0;0;16;20
22112;1840;164;16;20;0;0;16;20
22114;1856;164;16;20;0;0;16;20
22116;1872;164;16;20;0;0;16;20
22117;1888;164;16;20;0;0;16;20
22118;1904;164;16;20;0;0;16;20
22120;1920;164;16;20;0;0;16;20
22121;1936;164;16;20;0;0;16;20
22122;1952;164;16;20;0;0;16;20
22123;1968;164;16;20;0;0;16;20
22124;1984;164;16;20;0;0;16;20
22127;2000;164;16;20;0;0;16;20
22129;2016;164;16;20;0;0;16;20
22130;2032;164;16;20;0;0;16;20
22132;2048;164;16;20;0;0;16;20
22134;2064;164;16;20;0;0;16;20
22136;2080;164;16;20;0;0;16;20
22137;2096;164;16;20;0;0;16;20
22139;2112;164;16;20;0;0;16;20
22140;2128;164;16;20;0;0;16;20
22144;2144;164;16;20;0;0;16;20
22148;2160;164;16;20;0;0;16;20
22149;2176;164;16;20;0;0;16;20
22150;2192;164;16;20;0;0;16;20
22151;2208;164;16;20;0;0;16;20
22158;2224;164;16;20;0;0;16;20
22159;2240;164;16;20;0;0;16;20
22160;2256;164;16;20;0;0;16;20
22163;2272;164;16;20;0;0;16;20
22165;2288;164;16;20;0;0;16;20
22169;2304;164;16;20;0;0;16;20
22179;2320;164;16;20;0;0;16;20
22181;2336;164;16;20;0;0;16;20
22182;2352;164;16;20;0;0;16;20
22183;2368;164;16;20;0;0;16;20
22184;2384;164;16;20;0;0;16;20
22190;2400;164;16;20;0;0;16;20
22191;2416;164;16;20;0;0;16;20
22195;2432;164;16;20;0;0;16;20
22196;2448;164;16;20;0;0;16;20
22198;2464;164;16;20;0;0;16;20
22199;2480;164;16;20;0;0;16;20
22204;2496;164;16;20;0;0;16;20
22208;2512;164;16;20;0;0;16;20
22209;2528;164;16;20;0;0;16;20
22210;2544;164;16;20;0;0;16;20
22216;2560;164;16;20;0;0;16;20
22217;2576;164;16;20;0;0;16;20
22218;2592;164;16;20;0;0;16;20
22220;2608;164;16;20;0;0;16;20
22221;2624;164;16;20;0;0;16;20
22225;2640;164;16;20;0;0;16;20
22228;2656;164;16;20;0;0;16;20
22234;2672;164;16;20;0;0;16;20
22235;2688;164;16;20;0;0;16;20
22237;2704;164;16;20;0;0;16;20
22238;2720;164;16;20;0;0;16;20
22239;2736;164;16;20;0;0;16;20
22240;2752;164;16;20;0;0;16;20
22241;2768;164;16;20;0;0;16;20
22242;2784;164;16;20;0;0;16;20
22243;2800;164;16;20;0;0;16;20
22244;2816;164;16;20;0;0;16;20
22250;2832;164;16;20;0;0;16;20
22251;2848;164;16;20;0;0;16;20
22253;2864;164;16;20;0;0;16;20
22256;2880;164;16;20;0;0;16;20
22257;2896;164;16;20;0;0;16;20
22258;2912;164;16;20;0;0;16;20
22259;2928;164;16;20;0;0;16;20
22260;2944;164;16;20;0;0;16;20
22261;2960;164;16;20;0;0;16;20
22263;2976;164;16;20;0;0;16;20
22265;2992;164;16;20;0;0;16;20
22266;3008;164;16;20;0;0;16;20
22269;3024;164;16;20;0;0;16;20
22270;3040;164;16;20;0;0;16;20
22271;3056;164;16;20;0;0;16;20
22275;3072;164;16;20;0;0;16;20
22276;3088;164;16;20;0;0;16;20
22278;3104;164;16;20;0;0;16;20
22279;3120;164;16;20;0;0;16;20
22280;3136;164;16;20;0;0;16;20
22281;3152;164;16;20;0;0;16;20
22282;3168;164;16;20;0;0;16;20
22283;3184;164;16;20;0;0;16;20
22285;3200;164;16;20;0;0;16;20
22287;3216;164;16;20;0;0;16;20
22290;3232;164;16;20;0;0;16;20
22291;3248;164;16;20;0;0;16;20
22294;3264;164;16;20;0;0;16;20
22296;3280;164;16;20;0;0;16;20
22300;3296;164;16;20;0;0;16;20
22303;3312;164;16;20;0;0;16;20
22307;3328;164;16;20;0;0;16;20
22311;3344;164;16;20;0;0;16;20
22312;3360;164;16;20;0;0;16;20
22313;3376;164;16;20;0;0;16;20
22314;3392;164;16;20;0;0;16;20
22316;3408;164;16;20;0;0;16;20
22317;3424;164;16;20;0;0;16;20
22318;3440;164;16;20;0;0;16;20
22319;3456;164;16;20;0;0;16;20
22320;3472;164;16;20;0;0;16;20
22323;3488;164;16;20;0;0;16;20
22329;3504;164;16;20;0;0;16;20
22330;3520;164;16;20;0;0;16;20
22331;3536;164;16;20;0;0;16;20
22334;3552;164;16;20;0;0;16;20
22336;3568;164;16;20;0;0;16;20
22338;3584;164;16;20;0;0;16;20
22343;3600;164;16;20;0;0;16;20
22346;3616;164;16;20;0;0;16;20
22348;3632;164;16;20;0;0;16;20
22349;3648;164;16;20;0;0;16;20
22350;3664;164;16;20;0;0;16;20
22351;3680;164;16;20;0;0;16;20
22352;3696;164;16;20;0;0;16;20
22353;3712;164;16;20;0;0;16;20
22359;3728;164;16;20;0;0;16;20
22362;3744;164;16;20;0;0;16;20
22363;3760;164;16;20;0;0;16;20
22365;3776;164;16;20;0;0;16;20
22366;3792;164;16;20;0;0;16;20
22367;3808;164;16;20;0;0;16;20
22368;3824;164;16;20;0;0;16;20
22369;3840;164;16;20;0;0;16;20
22372;3856;164;16;20;0;0;16;20
22374;3872;164;16;20;0;0;16;20
22376;3888;164;16;20;0;0;16;20
22377;3904;164;16;20;0;0;16;20
22378;3920;164;16;20;0;0;16;20
22379;3936;164;16;20;0;0;16;20
22381;3952;164;16;20;0;0;16;20
22383;3968;164;16;20;0;0;16;20
22384;3984;164;16;20;0;0;16;20
22387;4000;164;16;20;0;0;16;20
22391;4016;164;16;20;0;0;16;20
22395;4032;164;16;20;0;0;16;20
22396;4048;164;16;20;0;0;16;20
22402;4064;164;16;20;0;0;16;20
22403;4080;164;16;20;0;0;16;20
22404;0;184;16;20;0;0;16;20
22406;16;184;16;20;0;0;16;20
22411;32;184;16;20;0;0;16;20
22412;48;184;16;20;0;0;16;20
22418;64;184;16;20;0;0;16;20
22419;80;184;16;20;0;0;16;20
22427;96;184;16;20;0;0;16;20
22432;112;184;16;20;0;0;16;20
22433;128;184;16;20;0;0;16;20
22434;144;184;16;20;0;0;16;20
22435;160;184;16;20;0;0;16;20
22436;176;184;16;20;0;0;16;20
22438;192;184;16;20;0;0;16;20
22439;208;184;16;20;0;0;16;20
22441;224;184;16;20;0;0;16;20
22443;240;184;16;20;0;0;16;20
22445;256;184;16;20;0;0;16;20
22446;272;184;16;20;0;0;16;20
22449;288;184;16;20;0;0;16;20
22453;304;184;16;20;0;0;16;20
22456;320;184;16;20;0;0;16;20
22466;336;184;16;20;0;0;16;20
22467;352;184;16;20;0;0;16;20
22475;368;184;16;20;0;0;16;20
22478;384;184;16;20;0;0;16;20
22482;400;184;16;20;0;0;16;20
22484;416;184;16;20;0;0;16;20
22485;432;184;16;20;0;0;16;20
22488;448;184;16;20;0;0;16;20
22489;464;184;16;20;0;0;16;20
22490;480;184;16;20;0;0;16;20
22493;496;184;16;20;0;0;16;20
22495;512;184;16;20;0;0;16;20
22496;528;184;16;20;0;0;16;20
22497;544;184;16;20;0;0;16;20
22500;560;184;16;20;0;0;16;20
22509;576;184;16;20;0;0;16;20
22511;592;184;16;20;0;0;16;20
22516;608;184;16;20;0;0;16;20
22517;624;184;16;20;0;0;16;20
22519;640;184;16;20;0;0;16;20
22520;656;184;16;20;0;0;16;20
22521;672;184;16;20;0;0;16;20
22522;688;184;16;20;0;0;16;20
22524;704;184;16;20;0;0;16;20
22525;720;184;16;20;0;0;16;20
22528;736;184;16;20;0;0;16;20
22530;752;184;16;20;0;0;16;20
22533;768;184;16;20;0;0;16;20
22534;784;184;16;20;0;0;16;20
22535;800;184;16;20;0;0;16;20
22537;816;184;16;20;0;0;16;20
22538;832;184;16;20;0;0;16;20
22539;848;184;16;20;0;0;16;20
22541;864;184;16;20;0;0;16;20
22545;880;184;16;20;0;0;16;20
22549;896;184;16;20;0;0;16;20
22553;912;184;16;20;0;0;16;20
22557;928;184;16;20;0;0;16;20
22558;944;184;16;20;0;0;16;20
22560;960;184;16;20;0;0;16;20
22561;976;184;16;20;0;0;16;20
22563;992;184;16;20;0;0;16;20
22564;1008;184;16;20;0;0;16;20
22566;1024;184;16;20;0;0;16;20
22570;1040;184;16;20;0;0;16;20
22575;1056;184;16;20;0;0;16;20
22576;1072;184;16;20;0;0;16;20
22577;1088;184;16;20;0;0;16;20
22580;1104;184;16;20;0;0;16;20
22581;1120;184;16;20;0;0;16;20
22591;1136;184;16;20;0;0;16;20
22592;1152;184;16;20;0;0;16;20
22593;1168;184;16;20;0;0;16;20
22596;1184;184;16;20;0;0;16;20
22598;1200;184;16;20;0;0;16;20
22602;1216;184;16;20;0;0;16;20
22603;1232;184;16;20;0;0;16;20
22604;1248;184;16;20;0;0;16;20
22605;1264;184;16;20;0;0;16;20
22609;1280;184;16;20;0;0;16;20
22610;1296;184;16;20;0;0;16;20
22612;1312;184;16;20;0;0;16;20
22615;1328;184;16;20;0;0;16;20
22616;1344;184;16;20;0;0;16;20
22618;1360;184;16;20;0;0;16;20
22622;1376;184;16;20;0;0;16;20
22625;1392;184;16;20;0;0;16;20
22626;1408;184;16;20;0;0;16;20
22628;1424;184;16;20;0;0;16;20
22633;1440;184;16;20;0;0;16;20
22635;1456;184;16;20;0;0;16;20
22636;1472;184;16;20;0;0;16;20
22637;1488;184;16;20;0;0;16;20
22645;1504;184;16;20;0;0;16;20
22649;1520;184;16;20;0;0;16;20
22654;1536;184;16;20;0;0;16;20
22656;1552;184;16;20;0;0;16;20
22657;1568;184;16;20;0;0;16;20
22659;1584;184;16;20;0;0;16;20
22661;1600;184;16;20;0;0;16;20
22665;1616;184;16;20;0;0;16;20
22666;1632;184;16;20;0;0;16;20
22673;1648;184;16;20;0;0;16;20
22674;1664;184;16;20;0;0;16;20
22675;1680;184;16;20;0;0;16;20
22679;1696;184;16;20;0;0;16;20
22680;1712;184;16;20;0;0;16;20
22681;1728;184;16;20;0;0;16;20
22684;1744;184;16;20;0;0;16;20
22686;1760;184;16;20;0;0;16;20
22687;1776;184;16;20;0;0;16;20
22694;1792;184;16;20;0;0;16;20
22696;1808;184;16;20;0;0;16;20
22697;1824;184;16;20;0;0;16;20
22702;1840;184;16;20;0;0;16;20
22707;1856;184;16;20;0;0;16;20
22715;1872;184;16;20;0;0;16;20
22716;1888;184;16;20;0;0;16;20
22718;1904;184;16;20;0;0;16;20
22721;1920;184;16;20;0;0;16;20
22722;1936;184;16;20;0;0;16;20
22725;1952;184;16;20;0;0;16;20
22726;1968;184;16;20;0;0;16;20
22727;1984;184;16;20;0;0;16;20
22730;2000;184;16;20;0;0;16;20
22732;2016;184;16;20;0;0;16;20
22737;2032;184;16;20;0;0;16;20
22739;2048;184;16;20;0;0;16;20
22741;2064;184;16;20;0;0;16;20
22744;2080;184;16;20;0;0;16;20
22745;2096;184;16;20;0;0;16;20
22746;2112;184;16;20;0;0;16;20
22750;2128;184;16;20;0;0;16;20
22751;2144;184;16;20;0;0;16;20
22754;2160;184;16;20;0;0;16;20
22756;2176;184;16;20;0;0;16;20
22761;2192;184;16;20;0;0;16;20
22763;2208;184;16;20;0;0;16;20
22764;2224;184;16;20;0;0;16;20
22766;2240;184;16;20;0;0;16;20
22767;2256;184;16;20;0;0;16;20
22768;2272;184;16;20;0;0;16;20
22769;2288;184;16;20;0;0;16;20
22770;2304;184;16;20;0;0;16;20
22771;2320;184;16;20;0;0;16;20
22774;2336;184;16;20;0;0;16;20
22777;2352;184;16;20;0;0;16;20
22778;2368;184;16;20;0;0;16;20
22781;2384;184;16;20;0;0;16;20
22788;2400;184;16;20;0;0;16;20
22791;2416;184;16;20;0;0;16;20
22793;2432;184;16;20;0;0;16;20
22797;2448;184;16;20;0;0;16;20
22799;2464;184;16;20;0;0;16;20
22804;2480;184;16;20;0;0;16;20
22805;2496;184;16;20;0;0;16;20
22806;2512;184;16;20;0;0;16;20
22809;2528;184;16;20;0;0;16;20
22810;2544;184;16;20;0;0;16;20
22812;2560;184;16;20;0;0;16;20
22815;2576;184;16;20;0;0;16;20
22816;2592;184;16;20;0;0;16;20
22818;2608;184;16;20;0;0;16;20
22820;2624;184;16;20;0;0;16;20
22821;2640;184;16;20;0;0;16;20
22823;2656;184;16;20;0;0;16;20
22825;2672;184;16;20;0;0;16;20
22826;2688;184;16;20;0;0;16;20
22827;2704;184;16;20;0;0;16;20
22828;2720;184;16;20;0;0;16;20
22829;2736;184;16;20;0;0;16;20
22830;2752;184;16;20;0;0;16;20
22831;2768;184;16;20;0;0;16;20
22833;2784;184;16;20;0;0;16;20
22836;2800;184;16;20;0;0;16;20
22839;2816;184;16;20;0;0;16;20
22840;2832;184;16;20;0;0;16;20
22841;2848;184;16;20;0;0;16;20
22842;2864;184;16;20;0;0;16;20
22844;2880;184;16;20;0;0;16;20
22846;2896;184;16;20;0;0;16;20
22849;2912;184;16;20;0;0;16;20
22850;2928;184;16;20;0;0;16;20
22852;2944;184;16;20;0;0;16;20
22855;2960;184;16;20;0;0;16;20
22856;2976;184;16;20;0;0;16;20
22857;2992;184;16;20;0;0;16;20
22859;3008;184;16;20;0;0;16;20
22860;3024;184;16;20;0;0;16;20
22862;3040;184;16;20;0;0;16;20
22863;3056;184;16;20;0;0;16;20
22864;3072;184;16;20;0;0;16;20
22865;3088;184;16;20;0;0;16;20
22868;3104;184;16;20;0;0;16;20
22869;3120;184;16;20;0;0;16;20
22870;3136;184;16;20;0;0;16;20
22871;3152;184;16;20;0;0;16;20
22872;3168;184;16;20;0;0;16;20
22874;3184;184;16;20;0;0;16;20
22880;3200;184;16;20;0;0;16;20
22882;3216;184;16;20;0;0;16;20
22885;3232;184;16;20;0;0;16;20
22887;3248;184;16;20;0;0;16;20
22888;3264;184;16;20;0;0;16;20
22889;3280;184;16;20;0;0;16;20
22890;3296;184;16;20;0;0;16;20
22893;3312;184;16;20;0;0;16;20
22894;3328;184;16;20;0;0;16;20
22899;3344;184;16;20;0;0;16;20
22900;3360;184;16;20;0;0;16;20
22902;3376;184;16;20;0;0;16;20
22904;3392;184;16;20;0;0;16;20
22905;3408;184;16;20;0;0;16;20
22909;3424;184;16;20;0;0;16;20
22913;3440;184;16;20;0;0;16;20
22914;3456;184;16;20;0;0;16;20
22915;3472;184;16;20;0;0;16;20
22916;3488;184;16;20;0;0;16;20
22918;3504;184;16;20;0;0;16;20
22919;3520;184;16;20;0;0;16;20
22920;3536;184;16;20;0;0;16;20
22922;3552;184;16;20;0;0;16;20
22925;3568;184;16;20;0;0;16;20
22930;3584;184;16;20;0;0;16;20
22931;3600;184;16;20;0;0;16;20
22934;3616;184;16;20;0;0;16;20
22935;3632;184;16;20;0;0;16;20
22937;3648;184;16;20;0;0;16;20
22941;3664;184;16;20;0;0;16;20
22942;3680;184;16;20;0;0;16;20
22947;3696;184;16;20;0;0;16;20
22948;3712;184;16;20;0;0;16;20
22949;3728;184;16;20;0;0;16;20
22952;3744;184;16;20;0;0;16;20
22953;3760;184;16;20;0;0;16;20
22954;3776;184;16;20;0;0;16;20
22955;3792;184;16;20;0;0;16;20
22956;3808;184;16;20;0;0;16;20
22958;3824;184;16;20;0;0;16;20
22959;3840;184;16;20;0;0;16;20
22962;3856;184;16;20;0;0;16;20
22963;3872;184;16;20;0;0;16;20
22969;3888;184;16;20;0;0;16;20
22970;3904;184;16;20;0;0;16;20
22971;3920;184;16;20;0;0;16;20
22974;3936;184;16;20;0;0;16;20
22982;3952;184;16;20;0;0;16;20
22985;3968;184;16;20;0;0;16;20
22986;3984;184;16;20;0;0;16;20
22987;4000;184;16;20;0;0;16;20
22989;4016;184;16;20;0;0;16;20
22992;4032;184;16;20;0;0;16;20
22993;4048;184;16;20;0;0;16;20
22994;4064;184;16;20;0;0;16;20
22995;4080;184;16;20;0;0;16;20
22996;0;204;16;20;0;0;16;20
22999;16;204;16;20;0;0;16;20
23000;32;204;16;20;0;0;16;20
23002;48;204;16;20;0;0;16;20
23004;64;204;16;20;0;0;16;20
23005;80;204;16;20;0;0;16;20
23011;96;204;16;20;0;0;16;20
23013;112;204;16;20;0;0;16;20
23014;128;204;16;20;0;0;16;20
23016;144;204;16;20;0;0;16;20
23018;160;204;16;20;0;0;16;20
23019;176;204;16;20;0;0;16;20
23020;192;204;16;20;0;0;16;20
23022;208;204;16;20;0;0;16;20
23033;224;204;16;20;0;0;16;20
23035;240;204;16;20;0;0;16;20
23039;256;204;16;20;0;0;16;20
23041;272;204;16;20;0;0;16;20
23043;288;204;16;20;0;0;16;20
23044;304;204;16;20;0;0;16;20
23045;320;204;16;20;0;0;16;20
23046;336;204;16;20;0;0;16;20
23047;352;204;16;20;0;0;16;20
23048;368;204;16;20;0;0;16;20
23049;384;204;16;20;0;0;16;20
23052;400;204;16;20;0;0;16;20
23057;416;204;16;20;0;0;16;20
23059;432;204;16;20;0;0;16;20
23064;448;204;16;20;0;0;16;20
23067;464;204;16;20;0;0;16;20
23068;480;204;16;20;0;0;16;20
23071;496;204;16;20;0;0;16;20
23072;512;204;16;20;0;0;16;20
23075;528;204;16;20;0;0;16;20
23077;544;204;16;20;0;0;16;20
23081;560;204;16;20;0;0;16;20
23087;576;204;16;20;0;0;16;20
23089;592;204;16;20;0;0;16;20
23090;608;204;16;20;0;0;16;20
23092;624;204;16;20;0;0;16;20
23094;640;204;16;20;0;0;16;20
23100;656;204;16;20;0;0;16;20
23104;672;204;16;20;0;0;16;20
23105;688;204;16;20;0;0;16;20
23110;704;204;16;20;0;0;16;20
23113;720;204;16;20;0;0;16;20
23114;736;204;16;20;0;0;16;20
23125;752;204;16;20;0;0;16;20
23130;768;204;16;20;0;0;16;20
23138;784;204;16;20;0;0;16;20
23142;800;204;16;20;0;0;16;20
23143;816;204;16;20;0;0;16;20
23146;832;204;16;20;0;0;16;20
23149;848;204;16;20;0;0;16;20
23156;864;204;16;20;0;0;16;20
23157;880;204;16;20;0;0;16;20
23158;896;204;16;20;0;0;16;20
23159;912;204;16;20;0;0;16;20
23162;928;204;16;20;0;0;16;20
23167;944;204;16;20;0;0;16;20
23186;960;204;16;20;0;0;16;20
23194;976;204;16;20;0;0;16;20
23195;992;204;16;20;0;0;16;20
23196;1008;204;16;20;0;0;16;20
23207;1024;204;16;20;0;0;16;20
23210;1040;204;16;20;0;0;16;20
23213;1056;204;16;20;0;0;16;20
23215;1072;204;16;20;0;0;16;20
23218;1088;204;16;20;0;0;16;20
23219;1104;204;16;20;0;0;16;20
23221;1120;204;16;20;0;0;16;20
23224;1136;204;16;20;0;0;16;20
23228;1152;204;16;20;0;0;16;20
23229;1168;204;16;20;0;0;16;20
23230;1184;204;16;20;0;0;16;20
23231;1200;204;16;20;0;0;16;20
23233;1216;204;16;20;0;0;16;20
23234;1232;204;16;20;0;0;16;20
23236;1248;204;16;20;0;0;16;20
23241;1264;204;16;20;0;0;16;20
23243;1280;204;16;20;0;0;16;20
23244;1296;204;16;20;0;0;16;20
23250;1312;204;16;20;0;0;16;20
23252;1328;204;16;20;0;0;16;20
23254;1344;204;16;20;0;0;16;20
23255;1360;204;16;20;0;0;16;20
23256;1376;204;16;20;0;0;16;20
23258;1392;204;16;20;0;0;16;20
23264;1408;204;16;20;0;0;16;20
23265;1424;204;16;20;0;0;16;20
23267;1440;204;16;20;0;0;16;20
23270;1456;204;16;20;0;0;16;20
23273;1472;204;16;20;0;0;16;20
23275;1488;204;16;20;0;0;16;20
23281;1504;204;16;20;0;0;16;20
23285;1520;204;16;20;0;0;16;20
23290;1536;204;16;20;0;0;16;20
23291;1552;204;16;20;0;0;16;20
23304;1568;204;16;20;0;0;16;20
23305;1584;204;16;20;0;0;16;20
23307;1600;204;16;20;0;0;16;20
23308;1616;204;16;20;0;0;16;20
23311;1632;204;16;20;0;0;16;20
23318;1648;204;16;20;0;0;16;20
23319;1664;204;16;20;0;0;16;20
23321;1680;204;16;20;0;0;16;20
23325;1696;204;16;20;0;0;16;20
23329;1712;204;16;20;0;0;16;20
23330;1728;204;16;20;0;0;16;20
23332;1744;204;16;20;0;0;16;20
23338;1760;204;16;20;0;0;16;20
23344;1776;204;16;20;0;0;16;20
23348;1792;204;16;20;0;0;16;20
23351;1808;204;16;20;0;0;16;20
23352;1824;204;16;20;0;0;16;20
23360;1840;204;16;20;0;0;16;20
23363;1856;204;16;20;0;0;16;20
23372;1872;204;16;20;0;0;16;20
23376;1888;204;16;20;0;0;16;20
23377;1904;204;16;20;0;0;16;20
23379;1920;204;16;20;0;0;16;20
23380;1936;204;16;20;0;0;16;20
23381;1952;204;16;20;0;0;16;20
23383;1968;204;16;20;0;0;16;20
23384;1984;204;16;20;0;0;16;20
23385;2000;204;16;20;0;0;16;20
23386;2016;204;16;20;0;0;16;20
23387;2032;204;16;20;0;0;16;20
23388;2048;204;16;20;0;0;16;20
23389;2064;204;16;20;0;0;16;20
23391;2080;204;16;20;0;0;16;20
23394;2096;204;16;20;0;0;16;20
23395;2112;204;16;20;0;0;16;20
23396;2128;204;16;20;0;0;16;20
23397;2144;204;16;20;0;0;16;20
23398;2160;204;16;20;0;0;16;20
23401;2176;204;16;20;0;0;16;20
23402;2192;204;16;20;0;0;16;20
23403;2208;204;16;20;0;0;16;20
23404;2224;204;16;20;0;0;16;20
23408;2240;204;16;20;0;0;16;20
23409;2256;204;16;20;0;0;16;20
23411;2272;204;16;20;0;0;16;20
23413;2288;204;16;20;0;0;16;20
23416;2304;204;16;20;0;0;16;20
23418;2320;204;16;20;0;0;16;20
23421;2336;204;16;20;0;0;16;20
23423;2352;204;16;20;0;0;16;20
23425;2368;204;16;20;0;0;16;20
23427;2384;204;16;20;0;0;16;20
23429;2400;204;16;20;0;0;16;20
23431;2416;204;16;20;0;0;16;20
23432;2432;204;16;20;0;0;16;20
23433;2448;204;16;20;0;0;16;20
23435;2464;204;16;20;0;0;16;20
23436;2480;204;16;20;0;0;16;20
23439;2496;204;16;20;0;0;16;20
23443;2512;204;16;20;0;0;16;20
23444;2528;204;16;20;0;0;16;20
23445;2544;204;16;20;0;0;16;20
23447;2560;204;16;20;0;0;16;20
23448;2576;204;16;20;0;0;16;20
23449;2592;204;16;20;0;0;16;20
23450;2608;204;16;20;0;0;16;20
23451;2624;204;16;20;0;0;16;20
23452;2640;204;16;20;0;0;16;20
23453;2656;204;16;20;0;0;16;20
23454;2672;204;16;20;0;0;16;20
23455;2688;204;16;20;0;0;16;20
23456;2704;204;16;20;0;0;16;20
23457;2720;204;16;20;0;0;16;20
23458;2736;204;16;20;0;0;16;20
23459;2752;204;16;20;0;0;16;20
23460;2768;204;16;20;0;0;16;20
23461;2784;204;16;20;0;0;16;20
23462;2800;204;16;20;0;0;16;20
23466;2816;204;16;20;0;0;16;20
23467;2832;204;16;20;0;0;16;20
23470;2848;204;16;20;0;0;16;20
23472;2864;204;16;20;0;0;16;20
23475;2880;204;16;20;0;0;16;20
23476;2896;204;16;20;0;0;16;20
23477;2912;204;16;20;0;0;16;20
23478;2928;204;16;20;0;0;16;20
23480;2944;204;16;20;0;0;16;20
23481;2960;204;16;20;0;0;16;20
23485;2976;204;16;20;0;0;16;20
23486;2992;204;16;20;0;0;16;20
23487;3008;204;16;20;0;0;16;20
23490;3024;204;16;20;0;0;16;20
23492;3040;204;16;20;0;0;16;20
23493;3056;204;16;20;0;0;16;20
23494;3072;204;16;20;0;0;16;20
23495;3088;204;16;20;0;0;16;20
23500;3104;204;16;20;0;0;16;20
23504;3120;204;16;20;0;0;16;20
23506;3136;204;16;20;0;0;16;20
23507;3152;204;16;20;0;0;16;20
23515;3168;204;16;20;0;0;16;20
23517;3184;204;16;20;0;0;16;20
23518;3200;204;16;20;0;0;16;20
23519;3216;204;16;20;0;0;16;20
23521;3232;204;16;20;0;0;16;20
23522;3248;204;16;20;0;0;16;20
23524;3264;204;16;20;0;0;16;20
23525;3280;204;16;20;0;0;16;20
23526;3296;204;16;20;0;0;16;20
23527;3312;204;16;20;0;0;16;20
23528;3328;204;16;20;0;0;16;20
23529;3344;204;16;20;0;0;16;20
23531;3360;204;16;20;0;0;16;20
23532;3376;204;16;20;0;0;16;20
23534;3392;204;16;20;0;0;16;20
23536;3408;204;16;20;0;0;16;20
23541;3424;204;16;20;0;0;16;20
23542;3440;204;16;20;0;0;16;20
23544;3456;204;16;20;0;0;16;20
23545;3472;204;16;20;0;0;16;20
23546;3488;204;16;20;0;0;16;20
23547;3504;204;16;20;0;0;16;20
23548;3520;204;16;20;0;0;16;20
23550;3536;204;16;20;0;0;16;20
23551;3552;204;16;20;0;0;16;20
23553;3568;204;16;20;0;0;16;20
23554;3584;204;16;20;0;0;16;20
23556;3600;204;16;20;0;0;16;20
23558;3616;204;16;20;0;0;16;20
23559;3632;204;16;20;0;0;16;20
23560;3648;204;16;20;0;0;16;20
23561;3664;204;16;20;0;0;16;20
23562;3680;204;16;20;0;0;16;20
23563;3696;204;16;20;0;0;16;20
23565;3712;204;16;20;0;0;16;20
23566;3728;204;16;20;0;0;16;20
23567;3744;204;16;20;0;0;16;20
23569;3760;204;16;20;0;0;16;20
23571;3776;204;16;20;0;0;16;20
23572;3792;204;16;20;0;0;16;20
23573;3808;204;16;20;0;0;16;20
23574;3824;204;16;20;0;0;16;20
23576;3840;204;16;20;0;0;16;20
23578;3856;204;16;20;0;0;16;20
23580;3872;204;16;20;0;0;16;20
23581;3888;204;16;20;0;0;16;20
23588;3904;204;16;20;0;0;16;20
23589;3920;204;16;20;0;0;16;20
23591;3936;204;16;20;0;0;16;20
23594;3952;204;16;20;0;0;16;20
23596;3968;204;16;20;0;0;16;20
23601;3984;204;16;20;0;0;16;20
23602;4000;204;16;20;0;0;16;20
23604;4016;204;16;20;0;0;16;20
23607;4032;204;16;20;0;0;16;20
23608;4048;204;16;20;0;0;16;20
23609;4064;204;16;20;0;0;16;20
23610;4080;204;16;20;0;0;16;20
23611;0;224;16;20;0;0;16;20
23612;16;224;16;20;0;0;16;20
23613;32;224;16;20;0;0;16;20
23614;48;224;16;20;0;0;16;20
23615;64;224;16;20;0;0;16;20
23616;80;224;16;20;0;0;16;20
23617;96;224;16;20;0;0;16;20
23618;112;224;16;20;0;0;16;20
23621;128;224;16;20;0;0;16;20
23622;144;224;16;20;0;0;16;20
23624;160;224;16;20;0;0;16;20
23625;176;224;16;20;0;0;16;20
23626;192;224;16;20;0;0;16;20
23627;208;224;16;20;0;0;16;20
23629;224;224;16;20;0;0;16;20
23630;240;224;16;20;0;0;16;20
23631;256;224;16;20;0;0;16;20
23632;272;224;16;20;0;0;16;20
23633;288;224;16;20;0;0;16;20
23637;304;224;16;20;0;0;16;20
23640;320;224;16;20;0;0;16;20
23641;336;224;16;20;0;0;16;20
23644;352;224;16;20;0;0;16;20
23646;368;224;16;20;0;0;16;20
23648;384;224;16;20;0;0;16;20
23649;400;224;16;20;0;0;16;20
23650;416;224;16;20;0;0;16;20
23651;432;224;16;20;0;0;16;20
23652;448;224;16;20;0;0;16;20
23653;464;224;16;20;0;0;16;20
23654;480;224;16;20;0;0;16;20
23656;496;224;16;20;0;0;16;20
23660;512;224;16;20;0;0;16;20
23663;528;224;16;20;0;0;16;20
23665;544;224;16;20;0;0;16;20
23673;560;224;16;20;0;0;16;20
23674;576;224;16;20;0;0;16;20
23676;592;224;16;20;0;0;16;20
23679;608;224;16;20;0;0;16;20
23681;624;224;16;20;0;0;16;20
23682;640;224;16;20;0;0;16;20
23688;656;224;16;20;0;0;16;20
23692;672;224;16;20;0;0;16;20
23696;688;224;16;20;0;0;16;20
23697;704;224;16;20;0;0;16;20
23700;720;224;16;20;0;0;16;20
23702;736;224;16;20;0;0;16;20
23703;752;224;16;20;0;0;16;20
23704;768;224;16;20;0;0;16;20
23706;784;224;16;20;0;0;16;20
23707;800;224;16;20;0;0;16;20
23713;816;224;16;20;0;0;16;20
23714;832;224;16;20;0;0;16;20
23715;848;224;16;20;0;0;16;20
23721;864;224;16;20;0;0;16;20
23723;880;224;16;20;0;0;16;20
23724;896;224;16;20;0;0;16;20
23725;912;224;16;20;0;0;16;20
23729;928;224;16;20;0;0;16;20
23731;944;224;16;20;0;0;16;20
23735;960;224;16;20;0;0;16;20
23736;976;224;16;20;0;0;16;20
23743;992;224;16;20;0;0;16;20
23745;1008;224;16;20;0;0;16;20
23748;1024;224;16;20;0;0;16;20
23751;1040;224;16;20;0;0;16;20
23755;1056;224;16;20;0;0;16;20
23762;1072;224;16;20;0;0;16;20
23769;1088;224;16;20;0;0;16;20
23776;1104;224;16;20;0;0;16;20
23777;1120;224;16;20;0;0;16;20
23779;1136;224;16;20;0;0;16;20
23780;1152;224;16;20;0;0;16;20
23781;1168;224;16;20;0;0;16;20
23782;1184;224;16;20;0;0;16;20
23784;1200;224;16;20;0;0;16;20
23786;1216;224;16;20;0;0;16;20
23789;1232;224;16;20;0;0;16;20
23792;1248;224;16;20;0;0;16;20
23796;1264;224;16;20;0;0;16;20
23798;1280;224;16;20;0;0;16;20
23803;1296;224;16;20;0;0;16;20
23805;1312;224;16;20;0;0;16;20
23809;1328;224;16;20;0;0;16;20
23810;1344;224;16;20;0;0;16;20
23811;1360;224;16;20;0;0;16;20
23814;1376;224;16;20;0;0;16;20
23815;1392;224;16;20;0;0;16;20
23821;1408;224;16;20;0;0;16;20
23822;1424;224;16;20;0;0;16;20
23825;1440;224;16;20;0;0;16;20
23828;1456;224;16;20;0;0;16;20
23830;1472;224;16;20;0;0;16;20
23831;1488;224;16;20;0;0;16;20
23833;1504;224;16;20;0;0;16;20
23834;1520;224;16;20;0;0;16;20
23835;1536;224;16;20;0;0;16;20
23842;1552;224;16;20;0;0;16;20
23844;1568;224;16;20;0;0;16;20
23846;1584;224;16;20;0;0;16;20
23849;1600;224;16;20;0;0;16;20
23853;1616;224;16;20;0;0;16;20
23854;1632;224;16;20;0;0;16;20
23859;1648;224;16;20;0;0;16;20
23860;1664;224;16;20;0;0;16;20
23869;1680;224;16;20;0;0;16;20
23879;1696;224;16;20;0;0;16;20
23882;1712;224;16;20;0;0;16;20
23883;1728;224;16;20;0;0;16;20
23884;1744;224;16;20;0;0;16;20
23886;1760;224;16;20;0;0;16;20
23888;1776;224;16;20;0;0;16;20
23894;1792;224;16;20;0;0;16;20
23896;1808;224;16;20;0;0;16;20
23897;1824;224;16;20;0;0;16;20
23899;1840;224;16;20;0;0;16;20
23901;1856;224;16;20;0;0;16;20
23912;1872;224;16;20;0;0;16;20
23913;1888;224;16;20;0;0;16;20
23915;1904;224;16;20;0;0;16;20
23916;1920;224;16;20;0;0;16;20
23919;1936;224;16;20;0;0;16;20
23924;1952;224;16;20;0;0;16;20
23936;1968;224;16;20;0;0;16;20
23937;1984;224;16;20;0;0;16;20
23938;2000;224;16;20;0;0;16;20
23940;2016;224;16;20;0;0;16;20
23943;2032;224;16;20;0;0;16;20
23956;2048;224;16;20;0;0;16;20
23959;2064;224;16;20;0;0;16;20
23961;2080;224;16;20;0;0;16;20
23965;2096;224;16;20;0;0;16;20
23968;2112;224;16;20;0;0;16;20
23975;2128;224;16;20;0;0;16;20
23991;2144;224;16;20;0;0;16;20
23992;2160;224;16;20;0;0;16;20
23994;2176;224;16;20;0;0;16;20
23996;2192;224;16;20;0;0;16;20
23997;2208;224;16;20;0;0;16;20
24005;2224;224;16;20;0;0;16;20
24009;2240;224;16;20;0;0;16;20
24011;2256;224;16;20;0;0;16;20
24013;2272;224;16;20;0;0;16;20
24018;2288;224;16;20;0;0;16;20
24020;2304;224;16;20;0;0;16;20
24022;2320;224;16;20;0;0;16;20
24029;2336;224;16;20;0;0;16;20
24030;2352;224;16;20;0;0;16;20
24033;2368;224;16;20;0;0;16;20
24034;2384;224;16;20;0;0;16;20
24035;2400;224;16;20;0;0;16;20
24037;2416;224;16;20;0;0;16;20
24038;2432;224;16;20;0;0;16;20
24039;2448;224;16;20;0;0;16;20
24040;2464;224;16;20;0;0;16;20
24041;2480;224;16;20;0;0;16;20
24043;2496;224;16;20;0;0;16;20
24046;2512;224;16;20;0;0;16;20
24047;2528;224;16;20;0;0;16;20
24048;2544;224;16;20;0;0;16;20
24049;2560;224;16;20;0;0;16;20
24050;2576;224;16;20;0;0;16;20
24051;2592;224;16;20;0;0;16;20
24052;2608;224;16;20;0;0;16;20
24055;2624;224;16;20;0;0;16;20
24057;2640;224;16;20;0;0;16;20
24059;2656;224;16;20;0;0;16;20
24061;2672;224;16;20;0;0;16;20
24062;2688;224;16;20;0;0;16;20
24065;2704;224;16;20;0;0;16;20
24066;2720;224;16;20;0;0;16;20
24067;2736;224;16;20;0;0;16;20
24069;2752;224;16;20;0;0;16;20
24070;2768;224;16;20;0;0;16;20
24072;2784;224;16;20;0;0;16;20
24076;2800;224;16;20;0;0;16;20
24079;2816;224;16;20;0;0;16;20
24080;2832;224;16;20;0;0;16;20
24081;2848;224;16;20;0;0;16;20
24084;2864;224;16;20;0;0;16;20
24085;2880;224;16;20;0;0;16;20
24086;2896;224;16;20;0;0;16;20
24088;2912;224;16;20;0;0;16;20
24089;2928;224;16;20;0;0;16;20
24090;2944;224;16;20;0;0;16;20
24091;2960;224;16;20;0;0;16;20
24092;2976;224;16;20;0;0;16;20
24093;2992;224;16;20;0;0;16;20
24101;3008;224;16;20;0;0;16;20
24102;3024;224;16;20;0;0;16;20
24103;3040;224;16;20;0;0;16;20
24107;3056;224;16;20;0;0;16;20
24109;3072;224;16;20;0;0;16;20
24110;3088;224;16;20;0;0;16;20
24111;3104;224;16;20;0;0;16;20
24112;3120;224;16;20;0;0;16;20
24115;3136;224;16;20;0;0;16;20
24118;3152;224;16;20;0;0;16;20
24119;3168;224;16;20;0;0;16;20
24120;3184;224;16;20;0;0;16;20
24123;3200;224;16;20;0;0;16;20
24124;3216;224;16;20;0;0;16;20
24125;3232;224;16;20;0;0;16;20
24128;3248;224;16;20;0;0;16;20
24130;3264;224;16;20;0;0;16;20
24131;3280;224;16;20;0;0;16;20
24132;3296;224;16;20;0;0;16;20
24133;3312;224;16;20;0;0;16;20
24140;3328;224;16;20;0;0;16;20
24148;3344;224;16;20;0;0;16;20
24149;3360;224;16;20;0;0;16;20
24151;3376;224;16;20;0;0;16;20
24152;3392;224;16;20;0;0;16;20
24155;3408;224;16;20;0;0;16;20
24158;3424;224;16;20;0;0;16;20
24159;3440;224;16;20;0;0;16;20
24161;3456;224;16;20;0;0;16;20
24162;3472;224;16;20;0;0;16;20
24163;3488;224;16;20;0;0;16;20
24171;3504;224;16;20;0;0;16;20
24178;3520;224;16;20;0;0;16;20
24179;3536;224;16;20;0;0;16;20
24180;3552;224;16;20;0;0;16;20
24182;3568;224;16;20;0;0;16;20
24184;3584;224;16;20;0;0;16;20
24185;3600;224;16;20;0;0;16;20
24186;3616;224;16;20;0;0;16;20
24187;3632;224;16;20;0;0;16;20
24188;3648;224;16;20;0;0;16;20
24189;3664;224;16;20;0;0;16;20
24190;3680;224;16;20;0;0;16;20
24191;3696;224;16;20;0;0;16;20
24193;3712;224;16;20;0;0;16;20
24195;3728;224;16;20;0;0;16;20
24196;3744;224;16;20;0;0;16;20
24198;3760;224;16;20;0;0;16;20
24199;3776;224;16;20;0;0;16;20
24202;3792;224;16;20;0;0;16;20
24203;3808;224;16;20;0;0;16;20
24207;3824;224;16;20;0;0;16;20
24208;3840;224;16;20;0;0;16;20
24209;3856;224;16;20;0;0;16;20
24211;3872;224;16;20;0;0;16;20
24212;3888;224;16;20;0;0;16;20
24213;3904;224;16;20;0;0;16;20
24214;3920;224;16;20;0;0;16;20
24215;3936;224;16;20;0;0;16;20
24217;3952;224;16;20;0;0;16;20
24218;3968;224;16;20;0;0;16;20
24220;3984;224;16;20;0;0;16;20
24222;4000;224;16;20;0;0;16;20
24223;4016;224;16;20;0;0;16;20
24224;4032;224;16;20;0;0;16;20
24229;4048;224;16;20;0;0;16;20
24230;4064;224;16;20;0;0;16;20
24231;4080;224;16;20;0;0;16;20
24235;0;244;16;20;0;0;16;20
24237;16;244;16;20;0;0;16;20
24244;32;244;16;20;0;0;16;20
24245;48;244;16;20;0;0;16;20
24246;64;244;16;20;0;0;16;20
24247;80;244;16;20;0;0;16;20
24248;96;244;16;20;0;0;16;20
24249;112;244;16;20;0;0;16;20
24254;128;244;16;20;0;0;16;20
24257;144;244;16;20;0;0;16;20
24258;160;244;16;20;0;0;16;20
24259;176;244;16;20;0;0;16;20
24260;192;244;16;20;0;0;16;20
24264;208;244;16;20;0;0;16;20
24265;224;244;16;20;0;0;16;20
24266;240;244;16;20;0;0;16;20
24275;256;244;16;20;0;0;16;20
24278;272;244;16;20;0;0;16;20
24279;288;244;16;20;0;0;16;20
24282;304;244;16;20;0;0;16;20
24283;320;244;16;20;0;0;16;20
24285;336;244;16;20;0;0;16;20
24287;352;244;16;20;0;0;16;20
24288;368;244;16;20;0;0;16;20
24289;384;244;16;20;0;0;16;20
24290;400;244;16;20;0;0;16;20
24291;416;244;16;20;0;0;16;20
24296;432;244;16;20;0;0;16;20
24297;448;244;16;20;0;0;16;20
24298;464;244;16;20;0;0;16;20
24300;480;244;16;20;0;0;16;20
24307;496;244;16;20;0;0;16;20
24310;512;244;16;20;0;0;16;20
24311;528;244;16;20;0;0;16;20
24312;544;244;16;20;0;0;16;20
24314;560;244;16;20;0;0;16;20
24319;576;244;16;20;0;0;16;20
24320;592;244;16;20;0;0;16;20
24321;608;244;16;20;0;0;16;20
24322;624;244;16;20;0;0;16;20
24323;640;244;16;20;0;0;16;20
24324;656;244;16;20;0;0;16;20
24328;672;244;16;20;0;0;16;20
24330;688;244;16;20;0;0;16;20
24331;704;244;16;20;0;0;16;20
24335;720;244;16;20;0;0;16;20
24336;736;244;16;20;0;0;16;20
24337;752;244;16;20;0;0;16;20
24338;768;244;16;20;0;0;16;20
24339;784;244;16;20;0;0;16;20
24340;800;244;16;20;0;0;16;20
24341;816;244;16;20;0;0;16;20
24343;832;244;16;20;0;0;16;20
24344;848;244;16;20;0;0;16;20
24347;864;244;16;20;0;0;16;20
24351;880;244;16;20;0;0;16;20
24352;896;244;16;20;0;0;16;20
24357;912;244;16;20;0;0;16;20
24358;928;244;16;20;0;0;16;20
24359;944;244;16;20;0;0;16;20
24361;960;244;16;20;0;0;16;20
24365;976;244;16;20;0;0;16;20
24367;992;244;16;20;0;0;16;20
24369;1008;244;16;20;0;0;16;20
24373;1024;244;16;20;0;0;16;20
24375;1040;244;16;20;0;0;16;20
24377;1056;244;16;20;0;0;16;20
24378;1072;244;16;20;0;0;16;20
24380;1088;244;16;20;0;0;16;20
24382;1104;244;16;20;0;0;16;20
24384;1120;244;16;20;0;0;16;20
24390;1136;244;16;20;0;0;16;20
24392;1152;244;16;20;0;0;16;20
24396;1168;244;16;20;0;0;16;20
24398;1184;244;16;20;0;0;16;20
24402;1200;244;16;20;0;0;16;20
24403;1216;244;16;20;0;0;16;20
24405;1232;244;16;20;0;0;16;20
24407;1248;244;16;20;0;0;16;20
24408;1264;244;16;20;0;0;16;20
24409;1280;244;16;20;0;0;16;20
24412;1296;244;16;20;0;0;16;20
24413;1312;244;16;20;0;0;16;20
24414;1328;244;16;20;0;0;16;20
24418;1344;244;16;20;0;0;16;20
24420;1360;244;16;20;0;0;16;20
24421;1376;244;16;20;0;0;16;20
24422;1392;244;16;20;0;0;16;20
24423;1408;244;16;20;0;0;16;20
24425;1424;244;16;20;0;0;16;20
24426;1440;244;16;20;0;0;16;20
24427;1456;244;16;20;0;0;16;20
24428;1472;244;16;20;0;0;16;20
24429;1488;244;16;20;0;0;16;20
24432;1504;244;16;20;0;0;16;20
24433;1520;244;16;20;0;0;16;20
24435;1536;244;16;20;0;0;16;20
24439;1552;244;16;20;0;0;16;20
24441;1568;244;16;20;0;0;16;20
24443;1584;244;16;20;0;0;16;20
24444;1600;244;16;20;0;0;16;20
24447;1616;244;16;20;0;0;16;20
24448;1632;244;16;20;0;0;16;20
24449;1648;244;16;20;0;0;16;20
24450;1664;244;16;20;0;0;16;20
24452;1680;244;16;20;0;0;16;20
24453;1696;244;16;20;0;0;16;20
24455;1712;244;16;20;0;0;16;20
24456;1728;244;16;20;0;0;16;20
24457;1744;244;16;20;0;0;16;20
24458;1760;244;16;20;0;0;16;20
24459;1776;244;16;20;0;0;16;20
24460;1792;244;16;20;0;0;16;20
24464;1808;244;16;20;0;0;16;20
24465;1824;244;16;20;0;0;16;20
24466;1840;244;16;20;0;0;16;20
24467;1856;244;16;20;0;0;16;20
24469;1872;244;16;20;0;0;16;20
24471;1888;244;16;20;0;0;16;20
24472;1904;244;16;20;0;0;16;20
24473;1920;244;16;20;0;0;16;20
24476;1936;244;16;20;0;0;16;20
24478;1952;244;16;20;0;0;16;20
24480;1968;244;16;20;0;0;16;20
24481;1984;244;16;20;0;0;16;20
24488;2000;244;16;20;0;0;16;20
24489;2016;244;16;20;0;0;16;20
24490;2032;244;16;20;0;0;16;20
24492;2048;244;16;20;0;0;16;20
24493;2064;244;16;20;0;0;16;20
24494;2080;244;16;20;0;0;16;20
24499;2096;244;16;20;0;0;16;20
24500;2112;244;16;20;0;0;16;20
24501;2128;244;16;20;0;0;16;20
24503;2144;244;16;20;0;0;16;20
24505;2160;244;16;20;0;0;16;20
24508;2176;244;16;20;0;0;16;20
24509;2192;244;16;20;0;0;16;20
24515;2208;244;16;20;0;0;16;20
24517;2224;244;16;20;0;0;16;20
24518;2240;244;16;20;0;0;16;20
24524;2256;244;16;20;0;0;16;20
24525;2272;244;16;20;0;0;16;20
24527;2288;244;16;20;0;0;16;20
24528;2304;244;16;20;0;0;16;20
24529;2320;244;16;20;0;0;16;20
24530;2336;244;16;20;0;0;16;20
24534;2352;244;16;20;0;0;16;20
24535;2368;244;16;20;0;0;16;20
24536;2384;244;16;20;0;0;16;20
24537;2400;244;16;20;0;0;16;20
24540;2416;244;16;20;0;0;16;20
24541;2432;244;16;20;0;0;16;20
24544;2448;244;16;20;0;0;16;20
24545;2464;244;16;20;0;0;16;20
24548;2480;244;16;20;0;0;16;20
24551;2496;244;16;20;0;0;16;20
24554;2512;244;16;20;0;0;16;20
24555;2528;244;16;20;0;0;16;20
24557;2544;244;16;20;0;0;16;20
24558;2560;244;16;20;0;0;16;20
24561;2576;244;16;20;0;0;16;20
24565;2592;244;16;20;0;0;16;20
24568;2608;244;16;20;0;0;16;20
24571;2624;244;16;20;0;0;16;20
24573;2640;244;16;20;0;0;16;20
24574;2656;244;16;20;0;0;16;20
24575;2672;244;16;20;0;0;16;20
24576;2688;244;16;20;0;0;16;20
24577;2704;244;16;20;0;0;16;20
24578;2720;244;16;20;0;0;16;20
24579;2736;244;16;20;0;0;16;20
24580;2752;244;16;20;0;0;16;20
24581;2768;244;16;20;0;0;16;20
24582;2784;244;16;20;0;0;16;20
24589;2800;244;16;20;0;0;16;20
24590;2816;244;16;20;0;0;16;20
24591;2832;244;16;20;0;0;16;20
24594;2848;244;16;20;0;0;16;20
24596;2864;244;16;20;0;0;16;20
24597;2880;244;16;20;0;0;16;20
24598;2896;244;16;20;0;0;16;20
24601;2912;244;16;20;0;0;16;20
24603;2928;244;16;20;0;0;16;20
24604;2944;244;16;20;0;0;16;20
24605;2960;244;16;20;0;0;16;20
24608;2976;244;16;20;0;0;16;20
24609;2992;244;16;20;0;0;16;20
24613;3008;244;16;20;0;0;16;20
24614;3024;244;16;20;0;0;16;20
24615;3040;244;16;20;0;0;16;20
24616;3056;244;16;20;0;0;16;20
24617;3072;244;16;20;0;0;16;20
24618;3088;244;16;20;0;0;16;20
24619;3104;244;16;20;0;0;16;20
24623;3120;244;16;20;0;0;16;20
24629;3136;244;16;20;0;0;16;20
24635;3152;244;16;20;0;0;16;20
24636;3168;244;16;20;0;0;16;20
24639;3184;244;16;20;0;0;16;20
24641;3200;244;16;20;0;0;16;20
24642;3216;244;16;20;0;0;16;20
24643;3232;244;16;20;0;0;16;20
24646;3248;244;16;20;0;0;16;20
24651;3264;244;16;20;0;0;16;20
24653;3280;244;16;20;0;0;16;20
24656;3296;244;16;20;0;0;16;20
24658;3312;244;16;20;0;0;16;20
24659;3328;244;16;20;0;0;16;20
24661;3344;244;16;20;0;0;16;20
24665;3360;244;16;20;0;0;16;20
24666;3376;244;16;20;0;0;16;20
24672;3392;244;16;20;0;0;16;20
24674;3408;244;16;20;0;0;16;20
24675;3424;244;16;20;0;0;16;20
24676;3440;244;16;20;0;0;16;20
24677;3456;244;16;20;0;0;16;20
24679;3472;244;16;20;0;0;16;20
24680;3488;244;16;20;0;0;16;20
24681;3504;244;16;20;0;0;16;20
24682;3520;244;16;20;0;0;16;20
24683;3536;244;16;20;0;0;16;20
24684;3552;244;16;20;0;0;16;20
24685;3568;244;16;20;0;0;16;20
24687;3584;244;16;20;0;0;16;20
24688;3600;244;16;20;0;0;16;20
24691;3616;244;16;20;0;0;16;20
24693;3632;244;16;20;0;0;16;20
24694;3648;244;16;20;0;0;16;20
24696;3664;244;16;20;0;0;16;20
24697;3680;244;16;20;0;0;16;20
24698;3696;244;16;20;0;0;16;20
24699;3712;244;16;20;0;0;16;20
24700;3728;244;16;20;0;0;16;20
24701;3744;244;16;20;0;0;16;20
24703;3760;244;16;20;0;0;16;20
24708;3776;244;16;20;0;0;16;20
24709;3792;244;16;20;0;0;16;20
24713;3808;244;16;20;0;0;16;20
24716;3824;244;16;20;0;0;16;20
24717;3840;244;16;20;0;0;16;20
24722;3856;244;16;20;0;0;16;20
24724;3872;244;16;20;0;0;16;20
24726;3888;244;16;20;0;0;16;20
24730;3904;244;16;20;0;0;16;20
24731;3920;244;16;20;0;0;16;20
24733;3936;244;16;20;0;0;16;20
24735;3952;244;16;20;0;0;16;20
24736;3968;244;16;20;0;0;16;20
24739;3984;244;16;20;0;0;16;20
24741;4000;244;16;20;0;0;16;20
24742;4016;244;16;20;0;0;16;20
24744;4032;244;16;20;0;0;16;20
24745;4048;244;16;20;0;0;16;20
24746;4064;244;16;20;0;0;16;20
24747;4080;244;16;20;0;0;16;20
24748;0;264;16;20;0;0;16;20
24749;16;264;16;20;0;0;16;20
24751;32;264;16;20;0;0;16;20
24753;48;264;16;20;0;0;16;20
24754;64;264;16;20;0;0;16;20
24756;80;264;16;20;0;0;16;20
24757;96;264;16;20;0;0;16;20
24758;112;264;16;20;0;0;16;20
24760;128;264;16;20;0;0;16;20
24763;144;264;16;20;0;0;16;20
24764;160;264;16;20;0;0;16;20
24765;176;264;16;20;0;0;16;20
24766;192;264;16;20;0;0;16;20
24772;208;264;16;20;0;0;16;20
24773;224;264;16;20;0;0;16;20
24774;240;264;16;20;0;0;16;20
24775;256;264;16;20;0;0;16;20
24778;272;264;16;20;0;0;16;20
24779;288;264;16;20;0;0;16;20
24785;304;264;16;20;0;0;16;20
24787;320;264;16;20;0;0;16;20
24789;336;264;16;20;0;0;16;20
24792;352;264;16;20;0;0;16;20
24794;368;264;16;20;0;0;16;20
24796;384;264;16;20;0;0;16;20
24797;400;264;16;20;0;0;16;20
24799;416;264;16;20;0;0;16;20
24800;432;264;16;20;0;0;16;20
24801;448;264;16;20;0;0;16;20
24806;464;264;16;20;0;0;16;20
24807;480;264;16;20;0;0;16;20
24808;496;264;16;20;0;0;16;20
24809;512;264;16;20;0;0;16;20
24811;528;264;16;20;0;0;16;20
24812;544;264;16;20;0;0;16;20
24813;560;264;16;20;0;0;16;20
24814;576;264;16;20;0;0;16;20
24815;592;264;16;20;0;0;16;20
24816;608;264;16;20;0;0;16;20
24817;624;264;16;20;0;0;16;20
24818;640;264;16;20;0;0;16;20
24819;656;264;16;20;0;0;16;20
24820;672;264;16;20;0;0;16;20
24822;688;264;16;20;0;0;16;20
24825;704;264;16;20;0;0;16;20
24826;720;264;16;20;0;0;16;20
24827;736;264;16;20;0;0;16;20
24832;752;264;16;20;0;0;16;20
24833;768;264;16;20;0;0;16;20
24838;784;264;16;20;0;0;16;20
24840;800;264;16;20;0;0;16;20
24841;816;264;16;20;0;0;16;20
24846;832;264;16;20;0;0;16;20
24847;848;264;16;20;0;0;16;20
24850;864;264;16;20;0;0;16;20
24852;880;264;16;20;0;0;16;20
24853;896;264;16;20;0;0;16;20
24858;912;264;16;20;0;0;16;20
24859;928;264;16;20;0;0;16;20
24860;944;264;16;20;0;0;16;20
24863;960;264;16;20;0;0;16;20
24864;976;264;16;20;0;0;16;20
24867;992;264;16;20;0;0;16;20
24868;1008;264;16;20;0;0;16;20
24870;1024;264;16;20;0;0;16;20
24871;1040;264;16;20;0;0;16;20
24872;1056;264;16;20;0;0;16;20
24875;1072;264;16;20;0;0;16;20
24884;1088;264;16;20;0;0;16;20
24887;1104;264;16;20;0;0;16;20
24894;1120;264;16;20;0;0;16;20
24895;1136;264;16;20;0;0;16;20
24900;1152;264;16;20;0;0;16;20
24903;1168;264;16;20;0;0;16;20
24904;1184;264;16;20;0;0;16;20
24906;1200;264;16;20;0;0;16;20
24907;1216;264;16;20;0;0;16;20
24908;1232;264;16;20;0;0;16;20
24909;1248;264;16;20;0;0;16;20
24910;1264;264;16;20;0;0;16;20
24913;1280;264;16;20;0;0;16;20
24915;1296;264;16;20;0;0;16;20
24917;1312;264;16;20;0;0;16;20
24920;1328;264;16;20;0;0;16;20
24922;1344;264;16;20;0;0;16;20
24925;1360;264;16;20;0;0;16;20
24927;1376;264;16;20;0;0;16;20
24930;1392;264;16;20;0;0;16;20
24931;1408;264;16;20;0;0;16;20
24935;1424;264;16;20;0;0;16;20
24936;1440;264;16;20;0;0;16;20
24938;1456;264;16;20;0;0;16;20
24939;1472;264;16;20;0;0;16;20
24942;1488;264;16;20;0;0;16;20
24944;1504;264;16;20;0;0;16;20
24947;1520;264;16;20;0;0;16;20
24949;1536;264;16;20;0;0;16;20
24950;1552;264;16;20;0;0;16;20
24951;1568;264;16;20;0;0;16;20
24958;1584;264;16;20;0;0;16;20
24962;1600;264;16;20;0;0;16;20
24970;1616;264;16;20;0;0;16;20
24971;1632;264;16;20;0;0;16;20
24974;1648;264;16;20;0;0;16;20
24976;1664;264;16;20;0;0;16;20
24977;1680;264;16;20;0;0;16;20
24978;1696;264;16;20;0;0;16;20
24980;1712;264;16;20;0;0;16;20
24986;1728;264;16;20;0;0;16;20
24987;1744;264;16;20;0;0;16;20
24996;1760;264;16;20;0;0;16;20
24999;1776;264;16;20;0;0;16;20
25000;1792;264;16;20;0;0;16;20
25001;1808;264;16;20;0;0;16;20
25003;1824;264;16;20;0;0;16;20
25004;1840;264;16;20;0;0;16;20
25006;1856;264;16;20;0;0;16;20
25010;1872;264;16;20;0;0;16;20
25014;1888;264;16;20;0;0;16;20
25022;1904;264;16;20;0;0;16;20
25026;1920;264;16;20;0;0;16;20
25031;1936;264;16;20;0;0;16;20
25032;1952;264;16;20;0;0;16;20
25033;1968;264;16;20;0;0;16;20
25034;1984;264;16;20;0;0;16;20
25035;2000;264;16;20;0;0;16;20
25036;2016;264;16;20;0;0;16;20
25037;2032;264;16;20;0;0;16;20
25040;2048;264;16;20;0;0;16;20
25041;2064;264;16;20;0;0;16;20
25042;2080;264;16;20;0;0;16;20
25044;2096;264;16;20;0;0;16;20
25055;2112;264;16;20;0;0;16;20
25059;2128;264;16;20;0;0;16;20
25062;2144;264;16;20;0;0;16;20
25064;2160;264;16;20;0;0;16;20
25074;2176;264;16;20;0;0;16;20
25077;2192;264;16;20;0;0;16;20
25078;2208;264;16;20;0;0;16;20
25079;2224;264;16;20;0;0;16;20
25080;2240;264;16;20;0;0;16;20
25082;2256;264;16;20;0;0;16;20
25084;2272;264;16;20;0;0;16;20
25086;2288;264;16;20;0;0;16;20
25087;2304;264;16;20;0;0;16;20
25088;2320;264;16;20;0;0;16;20
25094;2336;264;16;20;0;0;16;20
25095;2352;264;16;20;0;0;16;20
25096;2368;264;16;20;0;0;16;20
25098;2384;264;16;20;0;0;16;20
25100;2400;264;16;20;0;0;16;20
25101;2416;264;16;20;0;0;16;20
25102;2432;264;16;20;0;0;16;20
25103;2448;264;16;20;0;0;16;20
25104;2464;264;16;20;0;0;16;20
25105;2480;264;16;20;0;0;16;20
25106;2496;264;16;20;0;0;16;20
25108;2512;264;16;20;0;0;16;20
25109;2528;264;16;20;0;0;16;20
25110;2544;264;16;20;0;0;16;20
25111;2560;264;16;20;0;0;16;20
25112;2576;264;16;20;0;0;16;20
25114;2592;264;16;20;0;0;16;20
25115;2608;264;16;20;0;0;16;20
25119;2624;264;16;20;0;0;16;20
25121;2640;264;16;20;0;0;16;20
25122;2656;264;16;20;0;0;16;20
25125;2672;264;16;20;0;0;16;20
25126;2688;264;16;20;0;0;16;20
25127;2704;264;16;20;0;0;16;20
25129;2720;264;16;20;0;0;16;20
25130;2736;264;16;20;0;0;16;20
25132;2752;264;16;20;0;0;16;20
25134;2768;264;16;20;0;0;16;20
25135;2784;264;16;20;0;0;16;20
25136;2800;264;16;20;0;0;16;20
25138;2816;264;16;20;0;0;16;20
25139;2832;264;16;20;0;0;16;20
25140;2848;264;16;20;0;0;16;20
25142;2864;264;16;20;0;0;16;20
25143;2880;264;16;20;0;0;16;20
25144;2896;264;16;20;0;0;16;20
25147;2912;264;16;20;0;0;16;20
25149;2928;264;16;20;0;0;16;20
25150;2944;264;16;20;0;0;16;20
25151;2960;264;16;20;0;0;16;20
25152;2976;264;16;20;0;0;16;20
25153;2992;264;16;20;0;0;16;20
25155;3008;264;16;20;0;0;16;20
25159;3024;264;16;20;0;0;16;20
25160;3040;264;16;20;0;0;16;20
25161;3056;264;16;20;0;0;16;20
25163;3072;264;16;20;0;0;16;20
25165;3088;264;16;20;0;0;16;20
25166;3104;264;16;20;0;0;16;20
25169;3120;264;16;20;0;0;16;20
25170;3136;264;16;20;0;0;16;20
25171;3152;264;16;20;0;0;16;20
25172;3168;264;16;20;0;0;16;20
25173;3184;264;16;20;0;0;16;20
25176;3200;264;16;20;0;0;16;20
25179;3216;264;16;20;0;0;16;20
25182;3232;264;16;20;0;0;16;20
25185;3248;264;16;20;0;0;16;20
25187;3264;264;16;20;0;0;16;20
25190;3280;264;16;20;0;0;16;20
25191;3296;264;16;20;0;0;16;20
25193;3312;264;16;20;0;0;16;20
25194;3328;264;16;20;0;0;16;20
25195;3344;264;16;20;0;0;16;20
25196;3360;264;16;20;0;0;16;20
25197;3376;264;16;20;0;0;16;20
25198;3392;264;16;20;0;0;16;20
25199;3408;264;16;20;0;0;16;20
25200;3424;264;16;20;0;0;16;20
25201;3440;264;16;20;0;0;16;20
25203;3456;264;16;20;0;0;16;20
25206;3472;264;16;20;0;0;16;20
25209;3488;264;16;20;0;0;16;20
25212;3504;264;16;20;0;0;16;20
25214;3520;264;16;20;0;0;16;20
25215;3536;264;16;20;0;0;16;20
25216;3552;264;16;20;0;0;16;20
25220;3568;264;16;20;0;0;16;20
25225;3584;264;16;20;0;0;16;20
25226;3600;264;16;20;0;0;16;20
25233;3616;264;16;20;0;0;16;20
25234;3632;264;16;20;0;0;16;20
25235;3648;264;16;20;0;0;16;20
25236;3664;264;16;20;0;0;16;20
25237;3680;264;16;20;0;0;16;20
25238;3696;264;16;20;0;0;16;20
25239;3712;264;16;20;0;0;16;20
25240;3728;264;16;20;0;0;16;20
25242;3744;264;16;20;0;0;16;20
25243;3760;264;16;20;0;0;16;20
25244;3776;264;16;20;0;0;16;20
25246;3792;264;16;20;0;0;16;20
25247;3808;264;16;20;0;0;16;20
25248;3824;264;16;20;0;0;16;20
25249;3840;264;16;20;0;0;16;20
25250;3856;264;16;20;0;0;16;20
25252;3872;264;16;20;0;0;16;20
25253;3888;264;16;20;0;0;16;20
25256;3904;264;16;20;0;0;16;20
25259;3920;264;16;20;0;0;16;20
25260;3936;264;16;20;0;0;16;20
25265;3952;264;16;20;0;0;16;20
25269;3968;264;16;20;0;0;16;20
25273;3984;264;16;20;0;0;16;20
25275;4000;264;16;20;0;0;16;20
25276;4016;264;16;20;0;0;16;20
25277;4032;264;16;20;0;0;16;20
25279;4048;264;16;20;0;0;16;20
25282;4064;264;16;20;0;0;16;20
25283;4080;264;16;20;0;0;16;20
25284;0;284;16;20;0;0;16;20
25285;16;284;16;20;0;0;16;20
25286;32;284;16;20;0;0;16;20
25287;48;284;16;20;0;0;16;20
25288;64;284;16;20;0;0;16;20
25289;80;284;16;20;0;0;16;20
25290;96;284;16;20;0;0;16;20
25291;112;284;16;20;0;0;16;20
25292;128;284;16;20;0;0;16;20
25293;144;284;16;20;0;0;16;20
25294;160;284;16;20;0;0;16;20
25295;176;284;16;20;0;0;16;20
25296;192;284;16;20;0;0;16;20
25298;208;284;16;20;0;0;16;20
25299;224;284;16;20;0;0;16;20
25300;240;284;16;20;0;0;16;20
25302;256;284;16;20;0;0;16;20
25303;272;284;16;20;0;0;16;20
25304;288;284;16;20;0;0;16;20
25305;304;284;16;20;0;0;16;20
25306;320;284;16;20;0;0;16;20
25307;336;284;16;20;0;0;16;20
25308;352;284;16;20;0;0;16;20
25309;368;284;16;20;0;0;16;20
25311;384;284;16;20;0;0;16;20
25312;400;284;16;20;0;0;16;20
25313;416;284;16;20;0;0;16;20
25314;432;284;16;20;0;0;16;20
25315;448;284;16;20;0;0;16;20
25316;464;284;16;20;0;0;16;20
25317;480;284;16;20;0;0;16;20
25318;496;284;16;20;0;0;16;20
25319;512;284;16;20;0;0;16;20
25320;528;284;16;20;0;0;16;20
25321;544;284;16;20;0;0;16;20
25324;560;284;16;20;0;0;16;20
25325;576;284;16;20;0;0;16;20
25326;592;284;16;20;0;0;16;20
25327;608;284;16;20;0;0;16;20
25329;624;284;16;20;0;0;16;20
25331;640;284;16;20;0;0;16;20
25332;656;284;16;20;0;0;16;20
25334;672;284;16;20;0;0;16;20
25335;688;284;16;20;0;0;16;20
25340;704;284;16;20;0;0;16;20
25341;720;284;16;20;0;0;16;20
25342;736;284;16;20;0;0;16;20
25343;752;284;16;20;0;0;16;20
25345;768;284;16;20;0;0;16;20
25346;784;284;16;20;0;0;16;20
25351;800;284;16;20;0;0;16;20
25352;816;284;16;20;0;0;16;20
25353;832;284;16;20;0;0;16;20
25358;848;284;16;20;0;0;16;20
25361;864;284;16;20;0;0;16;20
25366;880;284;16;20;0;0;16;20
25369;896;284;16;20;0;0;16;20
25370;912;284;16;20;0;0;16;20
25371;928;284;16;20;0;0;16;20
25373;944;284;16;20;0;0;16;20
25374;960;284;16;20;0;0;16;20
25375;976;284;16;20;0;0;16;20
25376;992;284;16;20;0;0;16;20
25377;1008;284;16;20;0;0;16;20
25379;1024;284;16;20;0;0;16;20
25380;1040;284;16;20;0;0;16;20
25381;1056;284;16;20;0;0;16;20
25382;1072;284;16;20;0;0;16;20
25384;1088;284;16;20;0;0;16;20
25386;1104;284;16;20;0;0;16;20
25387;1120;284;16;20;0;0;16;20
25391;1136;284;16;20;0;0;16;20
25394;1152;284;16;20;0;0;16;20
25401;1168;284;16;20;0;0;16;20
25402;1184;284;16;20;0;0;16;20
25404;1200;284;16;20;0;0;16;20
25405;1216;284;16;20;0;0;16;20
25406;1232;284;16;20;0;0;16;20
25407;1248;284;16;20;0;0;16;20
25410;1264;284;16;20;0;0;16;20
25411;1280;284;16;20;0;0;16;20
25413;1296;284;16;20;0;0;16;20
25414;1312;284;16;20;0;0;16;20
25417;1328;284;16;20;0;0;16;20
25419;1344;284;16;20;0;0;16;20
25420;1360;284;16;20;0;0;16;20
25421;1376;284;16;20;0;0;16;20
25422;1392;284;16;20;0;0;16;20
25423;1408;284;16;20;0;0;16;20
25424;1424;284;16;20;0;0;16;20
25429;1440;284;16;20;0;0;16;20
25431;1456;284;16;20;0;0;16;20
25436;1472;284;16;20;0;0;16;20
25438;1488;284;16;20;0;0;16;20
25439;1504;284;16;20;0;0;16;20
25441;1520;284;16;20;0;0;16;20
25442;1536;284;16;20;0;0;16;20
25443;1552;284;16;20;0;0;16;20
25447;1568;284;16;20;0;0;16;20
25448;1584;284;16;20;0;0;16;20
25449;1600;284;16;20;0;0;16;20
25451;1616;284;16;20;0;0;16;20
25453;1632;284;16;20;0;0;16;20
25454;1648;284;16;20;0;0;16;20
25455;1664;284;16;20;0;0;16;20
25457;1680;284;16;20;0;0;16;20
25458;1696;284;16;20;0;0;16;20
25462;1712;284;16;20;0;0;16;20
25463;1728;284;16;20;0;0;16;20
25466;1744;284;16;20;0;0;16;20
25467;1760;284;16;20;0;0;16;20
25469;1776;284;16;20;0;0;16;20
25472;1792;284;16;20;0;0;16;20
25474;1808;284;16;20;0;0;16;20
25475;1824;284;16;20;0;0;16;20
25476;1840;284;16;20;0;0;16;20
25479;1856;284;16;20;0;0;16;20
25480;1872;284;16;20;0;0;16;20
25481;1888;284;16;20;0;0;16;20
25482;1904;284;16;20;0;0;16;20
25484;1920;284;16;20;0;0;16;20
25487;1936;284;16;20;0;0;16;20
25488;1952;284;16;20;0;0;16;20
25490;1968;284;16;20;0;0;16;20
25491;1984;284;16;20;0;0;16;20
25494;2000;284;16;20;0;0;16;20
25496;2016;284;16;20;0;0;16;20
25497;2032;284;16;20;0;0;16;20
25499;2048;284;16;20;0;0;16;20
25504;2064;284;16;20;0;0;16;20
25505;2080;284;16;20;0;0;16;20
25506;2096;284;16;20;0;0;16;20
25507;2112;284;16;20;0;0;16;20
25509;2128;284;16;20;0;0;16;20
25511;2144;284;16;20;0;0;16;20
25512;2160;284;16;20;0;0;16;20
25513;2176;284;16;20;0;0;16;20
25514;2192;284;16;20;0;0;16;20
25516;2208;284;16;20;0;0;16;20
25518;2224;284;16;20;0;0;16;20
25520;2240;284;16;20;0;0;16;20
25521;2256;284;16;20;0;0;16;20
25522;2272;284;16;20;0;0;16;20
25523;2288;284;16;20;0;0;16;20
25524;2304;284;16;20;0;0;16;20
25527;2320;284;16;20;0;0;16;20
25528;2336;284;16;20;0;0;16;20
25530;2352;284;16;20;0;0;16;20
25532;2368;284;16;20;0;0;16;20
25534;2384;284;16;20;0;0;16;20
25536;2400;284;16;20;0;0;16;20
25540;2416;284;16;20;0;0;16;20
25542;2432;284;16;20;0;0;16;20
25545;2448;284;16;20;0;0;16;20
25549;2464;284;16;20;0;0;16;20
25551;2480;284;16;20;0;0;16;20
25552;2496;284;16;20;0;0;16;20
25554;2512;284;16;20;0;0;16;20
25558;2528;284;16;20;0;0;16;20
25562;2544;284;16;20;0;0;16;20
25563;2560;284;16;20;0;0;16;20
25568;2576;284;16;20;0;0;16;20
25569;2592;284;16;20;0;0;16;20
25571;2608;284;16;20;0;0;16;20
25577;2624;284;16;20;0;0;16;20
25578;2640;284;16;20;0;0;16;20
25581;2656;284;16;20;0;0;16;20
25582;2672;284;16;20;0;0;16;20
25587;2688;284;16;20;0;0;16;20
25588;2704;284;16;20;0;0;16;20
25590;2720;284;16;20;0;0;16;20
25592;2736;284;16;20;0;0;16;20
25593;2752;284;16;20;0;0;16;20
25594;2768;284;16;20;0;0;16;20
25597;2784;284;16;20;0;0;16;20
25599;2800;284;16;20;0;0;16;20
25600;2816;284;16;20;0;0;16;20
25601;2832;284;16;20;0;0;16;20
25602;2848;284;16;20;0;0;16;20
25605;2864;284;16;20;0;0;16;20
25606;2880;284;16;20;0;0;16;20
25611;2896;284;16;20;0;0;16;20
25613;2912;284;16;20;0;0;16;20
25615;2928;284;16;20;0;0;16;20
25616;2944;284;16;20;0;0;16;20
25619;2960;284;16;20;0;0;16;20
25620;2976;284;16;20;0;0;16;20
25622;2992;284;16;20;0;0;16;20
25623;3008;284;16;20;0;0;16;20
25627;3024;284;16;20;0;0;16;20
25628;3040;284;16;20;0;0;16;20
25630;3056;284;16;20;0;0;16;20
25631;3072;284;16;20;0;0;16;20
25632;3088;284;16;20;0;0;16;20
25633;3104;284;16;20;0;0;16;20
25637;3120;284;16;20;0;0;16;20
25638;3136;284;16;20;0;0;16;20
25639;3152;284;16;20;0;0;16;20
25642;3168;284;16;20;0;0;16;20
25644;3184;284;16;20;0;0;16;20
25645;3200;284;16;20;0;0;16;20
25647;3216;284;16;20;0;0;16;20
25652;3232;284;16;20;0;0;16;20
25654;3248;284;16;20;0;0;16;20
25658;3264;284;16;20;0;0;16;20
25661;3280;284;16;20;0;0;16;20
25662;3296;284;16;20;0;0;16;20
25664;3312;284;16;20;0;0;16;20
25665;3328;284;16;20;0;0;16;20
25666;3344;284;16;20;0;0;16;20
25668;3360;284;16;20;0;0;16;20
25669;3376;284;16;20;0;0;16;20
25670;3392;284;16;20;0;0;16;20
25671;3408;284;16;20;0;0;16;20
25672;3424;284;16;20;0;0;16;20
25674;3440;284;16;20;0;0;16;20
25675;3456;284;16;20;0;0;16;20
25681;3472;284;16;20;0;0;16;20
25682;3488;284;16;20;0;0;16;20
25684;3504;284;16;20;0;0;16;20
25688;3520;284;16;20;0;0;16;20
25692;3536;284;16;20;0;0;16;20
25694;3552;284;16;20;0;0;16;20
25695;3568;284;16;20;0;0;16;20
25699;3584;284;16;20;0;0;16;20
25703;3600;284;16;20;0;0;16;20
25705;3616;284;16;20;0;0;16;20
25709;3632;284;16;20;0;0;16;20
25710;3648;284;16;20;0;0;16;20
25711;3664;284;16;20;0;0;16;20
25715;3680;284;16;20;0;0;16;20
25718;3696;284;16;20;0;0;16;20
25720;3712;284;16;20;0;0;16;20
25721;3728;284;16;20;0;0;16;20
25722;3744;284;16;20;0;0;16;20
25723;3760;284;16;20;0;0;16;20
25725;3776;284;16;20;0;0;16;20
25730;3792;284;16;20;0;0;16;20
25731;3808;284;16;20;0;0;16;20
25732;3824;284;16;20;0;0;16;20
25733;3840;284;16;20;0;0;16;20
25735;3856;284;16;20;0;0;16;20
25736;3872;284;16;20;0;0;16;20
25744;3888;284;16;20;0;0;16;20
25745;3904;284;16;20;0;0;16;20
25746;3920;284;16;20;0;0;16;20
25747;3936;284;16;20;0;0;16;20
25749;3952;284;16;20;0;0;16;20
25753;3968;284;16;20;0;0;16;20
25754;3984;284;16;20;0;0;16;20
25758;4000;284;16;20;0;0;16;20
25762;4016;284;16;20;0;0;16;20
25763;4032;284;16;20;0;0;16;20
25764;4048;284;16;20;0;0;16;20
25765;4064;284;16;20;0;0;16;20
25769;4080;284;16;20;0;0;16;20
25771;0;304;16;20;0;0;16;20
25772;16;304;16;20;0;0;16;20
25773;32;304;16;20;0;0;16;20
25774;48;304;16;20;0;0;16;20
25776;64;304;16;20;0;0;16;20
25778;80;304;16;20;0;0;16;20
25779;96;304;16;20;0;0;16;20
25781;112;304;16;20;0;0;16;20
25783;128;304;16;20;0;0;16;20
25784;144;304;16;20;0;0;16;20
25786;160;304;16;20;0;0;16;20
25787;176;304;16;20;0;0;16;20
25788;192;304;16;20;0;0;16;20
25790;208;304;16;20;0;0;16;20
25791;224;304;16;20;0;0;16;20
25792;240;304;16;20;0;0;16;20
25793;256;304;16;20;0;0;16;20
25794;272;304;16;20;0;0;16;20
25796;288;304;16;20;0;0;16;20
25797;304;304;16;20;0;0;16;20
25799;320;304;16;20;0;0;16;20
25802;336;304;16;20;0;0;16;20
25803;352;304;16;20;0;0;16;20
25805;368;304;16;20;0;0;16;20
25806;384;304;16;20;0;0;16;20
25810;400;304;16;20;0;0;16;20
25812;416;304;16;20;0;0;16;20
25816;432;304;16;20;0;0;16;20
25818;448;304;16;20;0;0;16;20
25822;464;304;16;20;0;0;16;20
25824;480;304;16;20;0;0;16;20
25825;496;304;16;20;0;0;16;20
25826;512;304;16;20;0;0;16;20
25827;528;304;16;20;0;0;16;20
25828;544;304;16;20;0;0;16;20
25830;560;304;16;20;0;0;16;20
25835;576;304;16;20;0;0;16;20
25836;592;304;16;20;0;0;16;20
25839;608;304;16;20;0;0;16;20
25840;624;304;16;20;0;0;16;20
25841;640;304;16;20;0;0;16;20
25842;656;304;16;20;0;0;16;20
25844;672;304;16;20;0;0;16;20
25847;688;304;16;20;0;0;16;20
25850;704;304;16;20;0;0;16;20
25851;720;304;16;20;0;0;16;20
25852;736;304;16;20;0;0;16;20
25854;752;304;16;20;0;0;16;20
25856;768;304;16;20;0;0;16;20
25860;784;304;16;20;0;0;16;20
25862;800;304;16;20;0;0;16;20
25865;816;304;16;20;0;0;16;20
25871;832;304;16;20;0;0;16;20
25874;848;304;16;20;0;0;16;20
25876;864;304;16;20;0;0;16;20
25878;880;304;16;20;0;0;16;20
25880;896;304;16;20;0;0;16;20
25881;912;304;16;20;0;0;16;20
25883;928;304;16;20;0;0;16;20
25884;944;304;16;20;0;0;16;20
25885;960;304;16;20;0;0;16;20
25890;976;304;16;20;0;0;16;20
25891;992;304;16;20;0;0;16;20
25892;1008;304;16;20;0;0;16;20
25893;1024;304;16;20;0;0;16;20
25898;1040;304;16;20;0;0;16;20
25899;1056;304;16;20;0;0;16;20
25900;1072;304;16;20;0;0;16;20
25902;1088;304;16;20;0;0;16;20
25903;1104;304;16;20;0;0;16;20
25910;1120;304;16;20;0;0;16;20
25912;1136;304;16;20;0;0;16;20
25913;1152;304;16;20;0;0;16;20
25915;1168;304;16;20;0;0;16;20
25918;1184;304;16;20;0;0;16;20
25919;1200;304;16;20;0;0;16;20
25925;1216;304;16;20;0;0;16;20
25928;1232;304;16;20;0;0;16;20
25929;1248;304;16;20;0;0;16;20
25932;1264;304;16;20;0;0;16;20
25935;1280;304;16;20;0;0;16;20
25937;1296;304;16;20;0;0;16;20
25941;1312;304;16;20;0;0;16;20
25942;1328;304;16;20;0;0;16;20
25943;1344;304;16;20;0;0;16;20
25944;1360;304;16;20;0;0;16;20
25945;1376;304;16;20;0;0;16;20
25947;1392;304;16;20;0;0;16;20
25949;1408;304;16;20;0;0;16;20
25950;1424;304;16;20;0;0;16;20
25954;1440;304;16;20;0;0;16;20
25955;1456;304;16;20;0;0;16;20
25958;1472;304;16;20;0;0;16;20
25959;1488;304;16;20;0;0;16;20
25963;1504;304;16;20;0;0;16;20
25964;1520;304;16;20;0;0;16;20
25968;1536;304;16;20;0;0;16;20
25970;1552;304;16;20;0;0;16;20
25972;1568;304;16;20;0;0;16;20
25973;1584;304;16;20;0;0;16;20
25975;1600;304;16;20;0;0;16;20
25976;1616;304;16;20;0;0;16;20
25979;1632;304;16;20;0;0;16;20
25986;1648;304;16;20;0;0;16;20
25987;1664;304;16;20;0;0;16;20
25991;1680;304;16;20;0;0;16;20
25993;1696;304;16;20;0;0;16;20
25995;1712;304;16;20;0;0;16;20
25996;1728;304;16;20;0;0;16;20
25998;1744;304;16;20;0;0;16;20
26000;1760;304;16;20;0;0;16;20
26001;1776;304;16;20;0;0;16;20
26003;1792;304;16;20;0;0;16;20
26005;1808;304;16;20;0;0;16;20
26007;1824;304;16;20;0;0;16;20
26009;1840;304;16;20;0;0;16;20
26011;1856;304;16;20;0;0;16;20
26012;1872;304;16;20;0;0;16;20
26015;1888;304;16;20;0;0;16;20
26017;1904;304;16;20;0;0;16;20
26020;1920;304;16;20;0;0;16;20
26021;1936;304;16;20;0;0;16;20
26023;1952;304;16;20;0;0;16;20
26025;1968;304;16;20;0;0;16;20
26027;1984;304;16;20;0;0;16;20
26028;2000;304;16;20;0;0;16;20
26029;2016;304;16;20;0;0;16;20
26031;2032;304;16;20;0;0;16;20
26032;2048;304;16;20;0;0;16;20
26039;2064;304;16;20;0;0;16;20
26041;2080;304;16;20;0;0;16;20
26044;2096;304;16;20;0;0;16;20
26045;2112;304;16;20;0;0;16;20
26049;2128;304;16;20;0;0;16;20
26051;2144;304;16;20;0;0;16;20
26052;2160;304;16;20;0;0;16;20
26053;2176;304;16;20;0;0;16;20
26054;2192;304;16;20;0;0;16;20
26059;2208;304;16;20;0;0;16;20
26060;2224;304;16;20;0;0;16;20
26062;2240;304;16;20;0;0;16;20
26063;2256;304;16;20;0;0;16;20
26066;2272;304;16;20;0;0;16;20
26070;2288;304;16;20;0;0;16;20
26071;2304;304;16;20;0;0;16;20
26075;2320;304;16;20;0;0;16;20
26080;2336;304;16;20;0;0;16;20
26082;2352;304;16;20;0;0;16;20
26085;2368;304;16;20;0;0;16;20
26086;2384;304;16;20;0;0;16;20
26087;2400;304;16;20;0;0;16;20
26088;2416;304;16;20;0;0;16;20
26089;2432;304;16;20;0;0;16;20
26092;2448;304;16;20;0;0;16;20
26093;2464;304;16;20;0;0;16;20
26094;2480;304;16;20;0;0;16;20
26095;2496;304;16;20;0;0;16;20
26096;2512;304;16;20;0;0;16;20
26097;2528;304;16;20;0;0;16;20
26102;2544;304;16;20;0;0;16;20
26103;2560;304;16;20;0;0;16;20
26104;2576;304;16;20;0;0;16;20
26106;2592;304;16;20;0;0;16;20
26107;2608;304;16;20;0;0;16;20
26112;2624;304;16;20;0;0;16;20
26114;2640;304;16;20;0;0;16;20
26115;2656;304;16;20;0;0;16;20
26118;2672;304;16;20;0;0;16;20
26119;2688;304;16;20;0;0;16;20
26121;2704;304;16;20;0;0;16;20
26122;2720;304;16;20;0;0;16;20
26124;2736;304;16;20;0;0;16;20
26126;2752;304;16;20;0;0;16;20
26127;2768;304;16;20;0;0;16;20
26131;2784;304;16;20;0;0;16;20
26132;2800;304;16;20;0;0;16;20
26133;2816;304;16;20;0;0;16;20
26137;2832;304;16;20;0;0;16;20
26141;2848;304;16;20;0;0;16;20
26142;2864;304;16;20;0;0;16;20
26143;2880;304;16;20;0;0;16;20
26144;2896;304;16;20;0;0;16;20
26149;2912;304;16;20;0;0;16;20
26151;2928;304;16;20;0;0;16;20
26152;2944;304;16;20;0;0;16;20
26157;2960;304;16;20;0;0;16;20
26159;2976;304;16;20;0;0;16;20
26161;2992;304;16;20;0;0;16;20
26164;3008;304;16;20;0;0;16;20
26165;3024;304;16;20;0;0;16;20
26166;3040;304;16;20;0;0;16;20
26172;3056;304;16;20;0;0;16;20
26174;3072;304;16;20;0;0;16;20
26177;3088;304;16;20;0;0;16;20
26178;3104;304;16;20;0;0;16;20
26179;3120;304;16;20;0;0;16;20
26185;3136;304;16;20;0;0;16;20
26187;3152;304;16;20;0;0;16;20
26188;3168;304;16;20;0;0;16;20
26191;3184;304;16;20;0;0;16;20
26194;3200;304;16;20;0;0;16;20
26195;3216;304;16;20;0;0;16;20
26196;3232;304;16;20;0;0;16;20
26197;3248;304;16;20;0;0;16;20
26198;3264;304;16;20;0;0;16;20
26199;3280;304;16;20;0;0;16;20
26202;3296;304;16;20;0;0;16;20
26205;3312;304;16;20;0;0;16;20
26206;3328;304;16;20;0;0;16;20
26207;3344;304;16;20;0;0;16;20
26209;3360;304;16;20;0;0;16;20
26212;3376;304;16;20;0;0;16;20
26214;3392;304;16;20;0;0;16;20
26216;3408;304;16;20;0;0;16;20
26217;3424;304;16;20;0;0;16;20
26220;3440;304;16;20;0;0;16;20
26222;3456;304;16;20;0;0;16;20
26223;3472;304;16;20;0;0;16;20
26224;3488;304;16;20;0;0;16;20
26228;3504;304;16;20;0;0;16;20
26230;3520;304;16;20;0;0;16;20
26231;3536;304;16;20;0;0;16;20
26234;3552;304;16;20;0;0;16;20
26238;3568;304;16;20;0;0;16;20
26241;3584;304;16;20;0;0;16;20
26242;3600;304;16;20;0;0;16;20
26244;3616;304;16;20;0;0;16;20
26247;3632;304;16;20;0;0;16;20
26248;3648;304;16;20;0;0;16;20
26249;3664;304;16;20;0;0;16;20
26252;3680;304;16;20;0;0;16;20
26257;3696;304;16;20;0;0;16;20
26262;3712;304;16;20;0;0;16;20
26263;3728;304;16;20;0;0;16;20
26269;3744;304;16;20;0;0;16;20
26274;3760;304;16;20;0;0;16;20
26278;3776;304;16;20;0;0;16;20
26279;3792;304;16;20;0;0;16;20
26280;3808;304;16;20;0;0;16;20
26283;3824;304;16;20;0;0;16;20
26286;3840;304;16;20;0;0;16;20
26289;3856;304;16;20;0;0;16;20
26292;3872;304;16;20;0;0;16;20
26297;3888;304;16;20;0;0;16;20
26302;3904;304;16;20;0;0;16;20
26308;3920;304;16;20;0;0;16;20
26310;3936;304;16;20;0;0;16;20
26311;3952;304;16;20;0;0;16;20
26313;3968;304;16;20;0;0;16;20
26326;3984;304;16;20;0;0;16;20
26329;4000;304;16;20;0;0;16;20
26331;4016;304;16;20;0;0;16;20
26332;4032;304;16;20;0;0;16;20
26333;4048;304;16;20;0;0;16;20
26336;4064;304;16;20;0;0;16;20
26342;4080;304;16;20;0;0;16;20
26345;0;324;16;20;0;0;16;20
26348;16;324;16;20;0;0;16;20
26352;32;324;16;20;0;0;16;20
26354;48;324;16;20;0;0;16;20
26355;64;324;16;20;0;0;16;20
26356;80;324;16;20;0;0;16;20
26359;96;324;16;20;0;0;16;20
26360;112;324;16;20;0;0;16;20
26361;128;324;16;20;0;0;16;20
26364;144;324;16;20;0;0;16;20
26365;160;324;16;20;0;0;16;20
26366;176;324;16;20;0;0;16;20
26367;192;324;16;20;0;0;16;20
26368;208;324;16;20;0;0;16;20
26371;224;324;16;20;0;0;16;20
26376;240;324;16;20;0;0;16;20
26377;256;324;16;20;0;0;16;20
26379;272;324;16;20;0;0;16;20
26381;288;324;16;20;0;0;16;20
26384;304;324;16;20;0;0;16;20
26388;320;324;16;20;0;0;16;20
26389;336;324;16;20;0;0;16;20
26391;352;324;16;20;0;0;16;20
26395;368;324;16;20;0;0;16;20
26397;384;324;16;20;0;0;16;20
26399;400;324;16;20;0;0;16;20
26406;416;324;16;20;0;0;16;20
26407;432;324;16;20;0;0;16;20
26408;448;324;16;20;0;0;16;20
26410;464;324;16;20;0;0;16;20
26411;480;324;16;20;0;0;16;20
26412;496;324;16;20;0;0;16;20
26413;512;324;16;20;0;0;16;20
26414;528;324;16;20;0;0;16;20
26415;544;324;16;20;0;0;16;20
26417;560;324;16;20;0;0;16;20
26420;576;324;16;20;0;0;16;20
26421;592;324;16;20;0;0;16;20
26426;608;324;16;20;0;0;16;20
26429;624;324;16;20;0;0;16;20
26432;640;324;16;20;0;0;16;20
26434;656;324;16;20;0;0;16;20
26435;672;324;16;20;0;0;16;20
26438;688;324;16;20;0;0;16;20
26440;704;324;16;20;0;0;16;20
26441;720;324;16;20;0;0;16;20
26444;736;324;16;20;0;0;16;20
26446;752;324;16;20;0;0;16;20
26447;768;324;16;20;0;0;16;20
26448;784;324;16;20;0;0;16;20
26449;800;324;16;20;0;0;16;20
26451;816;324;16;20;0;0;16;20
26454;832;324;16;20;0;0;16;20
26460;848;324;16;20;0;0;16;20
26462;864;324;16;20;0;0;16;20
26463;880;324;16;20;0;0;16;20
26464;896;324;16;20;0;0;16;20
26465;912;324;16;20;0;0;16;20
26469;928;324;16;20;0;0;16;20
26472;944;324;16;20;0;0;16;20
26474;960;324;16;20;0;0;16;20
26477;976;324;16;20;0;0;16;20
26479;992;324;16;20;0;0;16;20
26480;1008;324;16;20;0;0;16;20
26481;1024;324;16;20;0;0;16;20
26482;1040;324;16;20;0;0;16;20
26483;1056;324;16;20;0;0;16;20
26485;1072;324;16;20;0;0;16;20
26487;1088;324;16;20;0;0;16;20
26491;1104;324;16;20;0;0;16;20
26492;1120;324;16;20;0;0;16;20
26494;1136;324;16;20;0;0;16;20
26495;1152;324;16;20;0;0;16;20
26497;1168;324;16;20;0;0;16;20
26500;1184;324;16;20;0;0;16;20
26503;1200;324;16;20;0;0;16;20
26505;1216;324;16;20;0;0;16;20
26507;1232;324;16;20;0;0;16;20
26512;1248;324;16;20;0;0;16;20
26514;1264;324;16;20;0;0;16;20
26515;1280;324;16;20;0;0;16;20
26517;1296;324;16;20;0;0;16;20
26519;1312;324;16;20;0;0;16;20
26522;1328;324;16;20;0;0;16;20
26524;1344;324;16;20;0;0;16;20
26525;1360;324;16;20;0;0;16;20
26526;1376;324;16;20;0;0;16;20
26528;1392;324;16;20;0;0;16;20
26530;1408;324;16;20;0;0;16;20
26531;1424;324;16;20;0;0;16;20
26533;1440;324;16;20;0;0;16;20
26535;1456;324;16;20;0;0;16;20
26536;1472;324;16;20;0;0;16;20
26538;1488;324;16;20;0;0;16;20
26539;1504;324;16;20;0;0;16;20
26541;1520;324;16;20;0;0;16;20
26543;1536;324;16;20;0;0;16;20
26544;1552;324;16;20;0;0;16;20
26547;1568;324;16;20;0;0;16;20
26548;1584;324;16;20;0;0;16;20
26549;1600;324;16;20;0;0;16;20
26550;1616;324;16;20;0;0;16;20
26551;1632;324;16;20;0;0;16;20
26552;1648;324;16;20;0;0;16;20
26560;1664;324;16;20;0;0;16;20
26561;1680;324;16;20;0;0;16;20
26564;1696;324;16;20;0;0;16;20
26568;1712;324;16;20;0;0;16;20
26575;1728;324;16;20;0;0;16;20
26576;1744;324;16;20;0;0;16;20
26577;1760;324;16;20;0;0;16;20
26578;1776;324;16;20;0;0;16;20
26579;1792;324;16;20;0;0;16;20
26580;1808;324;16;20;0;0;16;20
26584;1824;324;16;20;0;0;16;20
26585;1840;324;16;20;0;0;16;20
26586;1856;324;16;20;0;0;16;20
26588;1872;324;16;20;0;0;16;20
26589;1888;324;16;20;0;0;16;20
26590;1904;324;16;20;0;0;16;20
26592;1920;324;16;20;0;0;16;20
26594;1936;324;16;20;0;0;16;20
26597;1952;324;16;20;0;0;16;20
26601;1968;324;16;20;0;0;16;20
26604;1984;324;16;20;0;0;16;20
26607;2000;324;16;20;0;0;16;20
26608;2016;324;16;20;0;0;16;20
26609;2032;324;16;20;0;0;16;20
26611;2048;324;16;20;0;0;16;20
26612;2064;324;16;20;0;0;16;20
26613;2080;324;16;20;0;0;16;20
26618;2096;324;16;20;0;0;16;20
26619;2112;324;16;20;0;0;16;20
26621;2128;324;16;20;0;0;16;20
26623;2144;324;16;20;0;0;16;20
26624;2160;324;16;20;0;0;16;20
26627;2176;324;16;20;0;0;16;20
26628;2192;324;16;20;0;0;16;20
26629;2208;324;16;20;0;0;16;20
26631;2224;324;16;20;0;0;16;20
26632;2240;324;16;20;0;0;16;20
26633;2256;324;16;20;0;0;16;20
26634;2272;324;16;20;0;0;16;20
26635;2288;324;16;20;0;0;16;20
26636;2304;324;16;20;0;0;16;20
26638;2320;324;16;20;0;0;16;20
26639;2336;324;16;20;0;0;16;20
26641;2352;324;16;20;0;0;16;20
26643;2368;324;16;20;0;0;16;20
26646;2384;324;16;20;0;0;16;20
26647;2400;324;16;20;0;0;16;20
26653;2416;324;16;20;0;0;16;20
26655;2432;324;16;20;0;0;16;20
26657;2448;324;16;20;0;0;16;20
26665;2464;324;16;20;0;0;16;20
26666;2480;324;16;20;0;0;16;20
26673;2496;324;16;20;0;0;16;20
26674;2512;324;16;20;0;0;16;20
26675;2528;324;16;20;0;0;16;20
26679;2544;324;16;20;0;0;16;20
26680;2560;324;16;20;0;0;16;20
26681;2576;324;16;20;0;0;16;20
26684;2592;324;16;20;0;0;16;20
26685;2608;324;16;20;0;0;16;20
26686;2624;324;16;20;0;0;16;20
26688;2640;324;16;20;0;0;16;20
26689;2656;324;16;20;0;0;16;20
26690;2672;324;16;20;0;0;16;20
26691;2688;324;16;20;0;0;16;20
26693;2704;324;16;20;0;0;16;20
26694;2720;324;16;20;0;0;16;20
26696;2736;324;16;20;0;0;16;20
26697;2752;324;16;20;0;0;16;20
26700;2768;324;16;20;0;0;16;20
26702;2784;324;16;20;0;0;16;20
26704;2800;324;16;20;0;0;16;20
26705;2816;324;16;20;0;0;16;20
26707;2832;324;16;20;0;0;16;20
26708;2848;324;16;20;0;0;16;20
26709;2864;324;16;20;0;0;16;20
26716;2880;324;16;20;0;0;16;20
26717;2896;324;16;20;0;0;16;20
26719;2912;324;16;20;0;0;16;20
26720;2928;324;16;20;0;0;16;20
26721;2944;324;16;20;0;0;16;20
26722;2960;324;16;20;0;0;16;20
26723;2976;324;16;20;0;0;16;20
26724;2992;324;16;20;0;0;16;20
26725;3008;324;16;20;0;0;16;20
26726;3024;324;16;20;0;0;16;20
26727;3040;324;16;20;0;0;16;20
26728;3056;324;16;20;0;0;16;20
26729;3072;324;16;20;0;0;16;20
26731;3088;324;16;20;0;0;16;20
26740;3104;324;16;20;0;0;16;20
26742;3120;324;16;20;0;0;16;20
26743;3136;324;16;20;0;0;16;20
26751;3152;324;16;20;0;0;16;20
26753;3168;324;16;20;0;0;16;20
26755;3184;324;16;20;0;0;16;20
26757;3200;324;16;20;0;0;16;20
26758;3216;324;16;20;0;0;16;20
26767;3232;324;16;20;0;0;16;20
26771;3248;324;16;20;0;0;16;20
26772;3264;324;16;20;0;0;16;20
26775;3280;324;16;20;0;0;16;20
26776;3296;324;16;20;0;0;16;20
26781;3312;324;16;20;0;0;16;20
26783;3328;324;16;20;0;0;16;20
26786;3344;324;16;20;0;0;16;20
26790;3360;324;16;20;0;0;16;20
26791;3376;324;16;20;0;0;16;20
26792;3392;324;16;20;0;0;16;20
26795;3408;324;16;20;0;0;16;20
26797;3424;324;16;20;0;0;16;20
26799;3440;324;16;20;0;0;16;20
26800;3456;324;16;20;0;0;16;20
26803;3472;324;16;20;0;0;16;20
26805;3488;324;16;20;0;0;16;20
26815;3504;324;16;20;0;0;16;20
26816;3520;324;16;20;0;0;16;20
26817;3536;324;16;20;0;0;16;20
26818;3552;324;16;20;0;0;16;20
26820;3568;324;16;20;0;0;16;20
26821;3584;324;16;20;0;0;16;20
26825;3600;324;16;20;0;0;16;20
26827;3616;324;16;20;0;0;16;20
26829;3632;324;16;20;0;0;16;20
26834;3648;324;16;20;0;0;16;20
26835;3664;324;16;20;0;0;16;20
26837;3680;324;16;20;0;0;16;20
26838;3696;324;16;20;0;0;16;20
26839;3712;324;16;20;0;0;16;20
26840;3728;324;16;20;0;0;16;20
26842;3744;324;16;20;0;0;16;20
26845;3760;324;16;20;0;0;16;20
26847;3776;324;16;20;0;0;16;20
26848;3792;324;16;20;0;0;16;20
26851;3808;324;16;20;0;0;16;20
26855;3824;324;16;20;0;0;16;20
26862;3840;324;16;20;0;0;16;20
26864;3856;324;16;20;0;0;16;20
26865;3872;324;16;20;0;0;16;20
26866;3888;324;16;20;0;0;16;20
26869;3904;324;16;20;0;0;16;20
26873;3920;324;16;20;0;0;16;20
26874;3936;324;16;20;0;0;16;20
26875;3952;324;16;20;0;0;16;20
26876;3968;324;16;20;0;0;16;20
26881;3984;324;16;20;0;0;16;20
26885;4000;324;16;20;0;0;16;20
26891;4016;324;16;20;0;0;16;20
26893;4032;324;16;20;0;0;16;20
26894;4048;324;16;20;0;0;16;20
26895;4064;324;16;20;0;0;16;20
26896;4080;324;16;20;0;0;16;20
26898;0;344;16;20;0;0;16;20
26908;16;344;16;20;0;0;16;20
26911;32;344;16;20;0;0;16;20
26912;48;344;16;20;0;0;16;20
26916;64;344;16;20;0;0;16;20
26922;80;344;16;20;0;0;16;20
26925;96;344;16;20;0;0;16;20
26928;112;344;16;20;0;0;16;20
26932;128;344;16;20;0;0;16;20
26937;144;344;16;20;0;0;16;20
26941;160;344;16;20;0;0;16;20
26943;176;344;16;20;0;0;16;20
26946;192;344;16;20;0;0;16;20
26954;208;344;16;20;0;0;16;20
26963;224;344;16;20;0;0;16;20
26964;240;344;16;20;0;0;16;20
26970;256;344;16;20;0;0;16;20
26973;272;344;16;20;0;0;16;20
26974;288;344;16;20;0;0;16;20
26976;304;344;16;20;0;0;16;20
26978;320;344;16;20;0;0;16;20
26979;336;344;16;20;0;0;16;20
26982;352;344;16;20;0;0;16;20
26984;368;344;16;20;0;0;16;20
26987;384;344;16;20;0;0;16;20
26989;400;344;16;20;0;0;16;20
26990;416;344;16;20;0;0;16;20
26991;432;344;16;20;0;0;16;20
26997;448;344;16;20;0;0;16;20
26999;464;344;16;20;0;0;16;20
27000;480;344;16;20;0;0;16;20
27001;496;344;16;20;0;0;16;20
27004;512;344;16;20;0;0;16;20
27005;528;344;16;20;0;0;16;20
27010;544;344;16;20;0;0;16;20
27012;560;344;16;20;0;0;16;20
27014;576;344;16;20;0;0;16;20
27016;592;344;16;20;0;0;16;20
27017;608;344;16;20;0;0;16;20
27028;624;344;16;20;0;0;16;20
27029;640;344;16;20;0;0;16;20
27030;656;344;16;20;0;0;16;20
27032;672;344;16;20;0;0;16;20
27035;688;344;16;20;0;0;16;20
27036;704;344;16;20;0;0;16;20
27047;720;344;16;20;0;0;16;20
27048;736;344;16;20;0;0;16;20
27051;752;344;16;20;0;0;16;20
27053;768;344;16;20;0;0;16;20
27054;784;344;16;20;0;0;16;20
27057;800;344;16;20;0;0;16;20
27060;816;344;16;20;0;0;16;20
27063;832;344;16;20;0;0;16;20
27067;848;344;16;20;0;0;16;20
27071;864;344;16;20;0;0;16;20
27073;880;344;16;20;0;0;16;20
27075;896;344;16;20;0;0;16;20
27082;912;344;16;20;0;0;16;20
27083;928;344;16;20;0;0;16;20
27084;944;344;16;20;0;0;16;20
27085;960;344;16;20;0;0;16;20
27086;976;344;16;20;0;0;16;20
27088;992;344;16;20;0;0;16;20
27091;1008;344;16;20;0;0;16;20
27092;1024;344;16;20;0;0;16;20
27096;1040;344;16;20;0;0;16;20
27097;1056;344;16;20;0;0;16;20
27099;1072;344;16;20;0;0;16;20
27103;1088;344;16;20;0;0;16;20
27104;1104;344;16;20;0;0;16;20
27108;1120;344;16;20;0;0;16;20
27111;1136;344;16;20;0;0;16;20
27112;1152;344;16;20;0;0;16;20
27117;1168;344;16;20;0;0;16;20
27122;1184;344;16;20;0;0;16;20
27123;1200;344;16;20;0;0;16;20
27133;1216;344;16;20;0;0;16;20
27135;1232;344;16;20;0;0;16;20
27137;1248;344;16;20;0;0;16;20
27138;1264;344;16;20;0;0;16;20
27141;1280;344;16;20;0;0;16;20
27146;1296;344;16;20;0;0;16;20
27155;1312;344;16;20;0;0;16;20
27159;1328;344;16;20;0;0;16;20
27160;1344;344;16;20;0;0;16;20
27161;1360;344;16;20;0;0;16;20
27166;1376;344;16;20;0;0;16;20
27167;1392;344;16;20;0;0;16;20
27169;1408;344;16;20;0;0;16;20
27171;1424;344;16;20;0;0;16;20
27176;1440;344;16;20;0;0;16;20
27177;1456;344;16;20;0;0;16;20
27178;1472;344;16;20;0;0;16;20
27183;1488;344;16;20;0;0;16;20
27185;1504;344;16;20;0;0;16;20
27189;1520;344;16;20;0;0;16;20
27192;1536;344;16;20;0;0;16;20
27193;1552;344;16;20;0;0;16;20
27194;1568;344;16;20;0;0;16;20
27197;1584;344;16;20;0;0;16;20
27198;1600;344;16;20;0;0;16;20
27204;1616;344;16;20;0;0;16;20
27206;1632;344;16;20;0;0;16;20
27207;1648;344;16;20;0;0;16;20
27208;1664;344;16;20;0;0;16;20
27211;1680;344;16;20;0;0;16;20
27216;1696;344;16;20;0;0;16;20
27224;1712;344;16;20;0;0;16;20
27225;1728;344;16;20;0;0;16;20
27226;1744;344;16;20;0;0;16;20
27227;1760;344;16;20;0;0;16;20
27231;1776;344;16;20;0;0;16;20
27233;1792;344;16;20;0;0;16;20
27234;1808;344;16;20;0;0;16;20
27243;1824;344;16;20;0;0;16;20
27248;1840;344;16;20;0;0;16;20
27249;1856;344;16;20;0;0;16;20
27257;1872;344;16;20;0;0;16;20
27260;1888;344;16;20;0;0;16;20
27263;1904;344;16;20;0;0;16;20
27264;1920;344;16;20;0;0;16;20
27265;1936;344;16;20;0;0;16;20
27268;1952;344;16;20;0;0;16;20
27273;1968;344;16;20;0;0;16;20
27278;1984;344;16;20;0;0;16;20
27280;2000;344;16;20;0;0;16;20
27284;2016;344;16;20;0;0;16;20
27287;2032;344;16;20;0;0;16;20
27292;2048;344;16;20;0;0;16;20
27296;2064;344;16;20;0;0;16;20
27298;2080;344;16;20;0;0;16;20
27299;2096;344;16;20;0;0;16;20
27301;2112;344;16;20;0;0;16;20
27305;2128;344;16;20;0;0;16;20
27308;2144;344;16;20;0;0;16;20
27310;2160;344;16;20;0;0;16;20
27311;2176;344;16;20;0;0;16;20
27315;2192;344;16;20;0;0;16;20
27320;2208;344;16;20;0;0;16;20
27323;2224;344;16;20;0;0;16;20
27326;2240;344;16;20;0;0;16;20
27331;2256;344;16;20;0;0;16;20
27347;2272;344;16;20;0;0;16;20
27354;2288;344;16;20;0;0;16;20
27355;2304;344;16;20;0;0;16;20
27357;2320;344;16;20;0;0;16;20
27358;2336;344;16;20;0;0;16;20
27359;2352;344;16;20;0;0;16;20
27365;2368;344;16;20;0;0;16;20
27367;2384;344;16;20;0;0;16;20
27368;2400;344;16;20;0;0;16;20
27370;2416;344;16;20;0;0;16;20
27371;2432;344;16;20;0;0;16;20
27379;2448;344;16;20;0;0;16;20
27384;2464;344;16;20;0;0;16;20
27386;2480;344;16;20;0;0;16;20
27387;2496;344;16;20;0;0;16;20
27396;2512;344;16;20;0;0;16;20
27402;2528;344;16;20;0;0;16;20
27407;2544;344;16;20;0;0;16;20
27410;2560;344;16;20;0;0;16;20
27414;2576;344;16;20;0;0;16;20
27422;2592;344;16;20;0;0;16;20
27424;2608;344;16;20;0;0;16;20
27425;2624;344;16;20;0;0;16;20
27426;2640;344;16;20;0;0;16;20
27427;2656;344;16;20;0;0;16;20
27428;2672;344;16;20;0;0;16;20
27431;2688;344;16;20;0;0;16;20
27442;2704;344;16;20;0;0;16;20
27447;2720;344;16;20;0;0;16;20
27448;2736;344;16;20;0;0;16;20
27450;2752;344;16;20;0;0;16;20
27453;2768;344;16;20;0;0;16;20
27454;2784;344;16;20;0;0;16;20
27459;2800;344;16;20;0;0;16;20
27462;2816;344;16;20;0;0;16;20
27463;2832;344;16;20;0;0;16;20
27465;2848;344;16;20;0;0;16;20
27468;2864;344;16;20;0;0;16;20
27470;2880;344;16;20;0;0;16;20
27472;2896;344;16;20;0;0;16;20
27475;2912;344;16;20;0;0;16;20
27476;2928;344;16;20;0;0;16;20
27481;2944;344;16;20;0;0;16;20
27487;2960;344;16;20;0;0;16;20
27489;2976;344;16;20;0;0;16;20
27490;2992;344;16;20;0;0;16;20
27491;3008;344;16;20;0;0;16;20
27492;3024;344;16;20;0;0;16;20
27493;3040;344;16;20;0;0;16;20
27494;3056;344;16;20;0;0;16;20
27495;3072;344;16;20;0;0;16;20
27497;3088;344;16;20;0;0;16;20
27498;3104;344;16;20;0;0;16;20
27503;3120;344;16;20;0;0;16;20
27506;3136;344;16;20;0;0;16;20
27507;3152;344;16;20;0;0;16;20
27508;3168;344;16;20;0;0;16;20
27511;3184;344;16;20;0;0;16;20
27512;3200;344;16;20;0;0;16;20
27513;3216;344;16;20;0;0;16;20
27515;3232;344;16;20;0;0;16;20
27516;3248;344;16;20;0;0;16;20
27519;3264;344;16;20;0;0;16;20
27521;3280;344;16;20;0;0;16;20
27522;3296;344;16;20;0;0;16;20
27523;3312;344;16;20;0;0;16;20
27524;3328;344;16;20;0;0;16;20
27526;3344;344;16;20;0;0;16;20
27527;3360;344;16;20;0;0;16;20
27529;3376;344;16;20;0;0;16;20
27530;3392;344;16;20;0;0;16;20
27531;3408;344;16;20;0;0;16;20
27533;3424;344;16;20;0;0;16;20
27538;3440;344;16;20;0;0;16;20
27539;3456;344;16;20;0;0;16;20
27542;3472;344;16;20;0;0;16;20
27544;3488;344;16;20;0;0;16;20
27546;3504;344;16;20;0;0;16;20
27547;3520;344;16;20;0;0;16;20
27550;3536;344;16;20;0;0;16;20
27553;3552;344;16;20;0;0;16;20
27554;3568;344;16;20;0;0;16;20
27556;3584;344;16;20;0;0;16;20
27562;3600;344;16;20;0;0;16;20
27563;3616;344;16;20;0;0;16;20
27565;3632;344;16;20;0;0;16;20
27566;3648;344;16;20;0;0;16;20
27567;3664;344;16;20;0;0;16;20
27570;3680;344;16;20;0;0;16;20
27571;3696;344;16;20;0;0;16;20
27572;3712;344;16;20;0;0;16;20
27573;3728;344;16;20;0;0;16;20
27575;3744;344;16;20;0;0;16;20
27578;3760;344;16;20;0;0;16;20
27579;3776;344;16;20;0;0;16;20
27580;3792;344;16;20;0;0;16;20
27583;3808;344;16;20;0;0;16;20
27584;3824;344;16;20;0;0;16;20
27585;3840;344;16;20;0;0;16;20
27586;3856;344;16;20;0;0;16;20
27589;3872;344;16;20;0;0;16;20
27590;3888;344;16;20;0;0;16;20
27595;3904;344;16;20;0;0;16;20
27597;3920;344;16;20;0;0;16;20
27598;3936;344;16;20;0;0;16;20
27599;3952;344;16;20;0;0;16;20
27602;3968;344;16;20;0;0;16;20
27603;3984;344;16;20;0;0;16;20
27604;4000;344;16;20;0;0;16;20
27605;4016;344;16;20;0;0;16;20
27606;4032;344;16;20;0;0;16;20
27607;4048;344;16;20;0;0;16;20
27609;4064;344;16;20;0;0;16;20
27611;4080;344;16;20;0;0;16;20
27617;0;364;16;20;0;0;16;20
27626;16;364;16;20;0;0;16;20
27627;32;364;16;20;0;0;16;20
27628;48;364;16;20;0;0;16;20
27631;64;364;16;20;0;0;16;20
27635;80;364;16;20;0;0;16;20
27641;96;364;16;20;0;0;16;20
27645;112;364;16;20;0;0;16;20
27653;128;364;16;20;0;0;16;20
27654;144;364;16;20;0;0;16;20
27655;160;364;16;20;0;0;16;20
27656;176;364;16;20;0;0;16;20
27660;192;364;16;20;0;0;16;20
27661;208;364;16;20;0;0;16;20
27663;224;364;16;20;0;0;16;20
27664;240;364;16;20;0;0;16;20
27665;256;364;16;20;0;0;16;20
27667;272;364;16;20;0;0;16;20
27668;288;364;16;20;0;0;16;20
27670;304;364;16;20;0;0;16;20
27671;320;364;16;20;0;0;16;20
27672;336;364;16;20;0;0;16;20
27673;352;364;16;20;0;0;16;20
27674;368;364;16;20;0;0;16;20
27675;384;364;16;20;0;0;16;20
27679;400;364;16;20;0;0;16;20
27681;416;364;16;20;0;0;16;20
27682;432;364;16;20;0;0;16;20
27683;448;364;16;20;0;0;16;20
27684;464;364;16;20;0;0;16;20
27686;480;364;16;20;0;0;16;20
27687;496;364;16;20;0;0;16;20
27688;512;364;16;20;0;0;16;20
27689;528;364;16;20;0;0;16;20
27690;544;364;16;20;0;0;16;20
27691;560;364;16;20;0;0;16;20
27692;576;364;16;20;0;0;16;20
27694;592;364;16;20;0;0;16;20
27695;608;364;16;20;0;0;16;20
27696;624;364;16;20;0;0;16;20
27698;640;364;16;20;0;0;16;20
27699;656;364;16;20;0;0;16;20
27700;672;364;16;20;0;0;16;20
27701;688;364;16;20;0;0;16;20
27703;704;364;16;20;0;0;16;20
27704;720;364;16;20;0;0;16;20
27705;736;364;16;20;0;0;16;20
27710;752;364;16;20;0;0;16;20
27712;768;364;16;20;0;0;16;20
27713;784;364;16;20;0;0;16;20
27714;800;364;16;20;0;0;16;20
27718;816;364;16;20;0;0;16;20
27719;832;364;16;20;0;0;16;20
27721;848;364;16;20;0;0;16;20
27722;864;364;16;20;0;0;16;20
27726;880;364;16;20;0;0;16;20
27728;896;364;16;20;0;0;16;20
27732;912;364;16;20;0;0;16;20
27733;928;364;16;20;0;0;16;20
27735;944;364;16;20;0;0;16;20
27737;960;364;16;20;0;0;16;20
27738;976;364;16;20;0;0;16;20
27739;992;364;16;20;0;0;16;20
27740;1008;364;16;20;0;0;16;20
27741;1024;364;16;20;0;0;16;20
27742;1040;364;16;20;0;0;16;20
27743;1056;364;16;20;0;0;16;20
27744;1072;364;16;20;0;0;16;20
27745;1088;364;16;20;0;0;16;20
27748;1104;364;16;20;0;0;16;20
27752;1120;364;16;20;0;0;16;20
27753;1136;364;16;20;0;0;16;20
27754;1152;364;16;20;0;0;16;20
27760;1168;364;16;20;0;0;16;20
27761;1184;364;16;20;0;0;16;20
27762;1200;364;16;20;0;0;16;20
27764;1216;364;16;20;0;0;16;20
27766;1232;364;16;20;0;0;16;20
27769;1248;364;16;20;0;0;16;20
27770;1264;364;16;20;0;0;16;20
27773;1280;364;16;20;0;0;16;20
27774;1296;364;16;20;0;0;16;20
27777;1312;364;16;20;0;0;16;20
27778;1328;364;16;20;0;0;16;20
27779;1344;364;16;20;0;0;16;20
27781;1360;364;16;20;0;0;16;20
27782;1376;364;16;20;0;0;16;20
27784;1392;364;16;20;0;0;16;20
27785;1408;364;16;20;0;0;16;20
27788;1424;364;16;20;0;0;16;20
27791;1440;364;16;20;0;0;16;20
27792;1456;364;16;20;0;0;16;20
27794;1472;364;16;20;0;0;16;20
27795;1488;364;16;20;0;0;16;20
27796;1504;364;16;20;0;0;16;20
27798;1520;364;16;20;0;0;16;20
27801;1536;364;16;20;0;0;16;20
27802;1552;364;16;20;0;0;16;20
27803;1568;364;16;20;0;0;16;20
27807;1584;364;16;20;0;0;16;20
27809;1600;364;16;20;0;0;16;20
27810;1616;364;16;20;0;0;16;20
27811;1632;364;16;20;0;0;16;20
27812;1648;364;16;20;0;0;16;20
27813;1664;364;16;20;0;0;16;20
27814;1680;364;16;20;0;0;16;20
27815;1696;364;16;20;0;0;16;20
27816;1712;364;16;20;0;0;16;20
27817;1728;364;16;20;0;0;16;20
27818;1744;364;16;20;0;0;16;20
27819;1760;364;16;20;0;0;16;20
27821;1776;364;16;20;0;0;16;20
27822;1792;364;16;20;0;0;16;20
27825;1808;364;16;20;0;0;16;20
27827;1824;364;16;20;0;0;16;20
27832;1840;364;16;20;0;0;16;20
27833;1856;364;16;20;0;0;16;20
27834;1872;364;16;20;0;0;16;20
27835;1888;364;16;20;0;0;16;20
27836;1904;364;16;20;0;0;16;20
27837;1920;364;16;20;0;0;16;20
27838;1936;364;16;20;0;0;16;20
27839;1952;364;16;20;0;0;16;20
27841;1968;364;16;20;0;0;16;20
27844;1984;364;16;20;0;0;16;20
27845;2000;364;16;20;0;0;16;20
27849;2016;364;16;20;0;0;16;20
27850;2032;364;16;20;0;0;16;20
27852;2048;364;16;20;0;0;16;20
27856;2064;364;16;20;0;0;16;20
27859;2080;364;16;20;0;0;16;20
27860;2096;364;16;20;0;0;16;20
27861;2112;364;16;20;0;0;16;20
27862;2128;364;16;20;0;0;16;20
27863;2144;364;16;20;0;0;16;20
27867;2160;364;16;20;0;0;16;20
27870;2176;364;16;20;0;0;16;20
27872;2192;364;16;20;0;0;16;20
27873;2208;364;16;20;0;0;16;20
27874;2224;364;16;20;0;0;16;20
27875;2240;364;16;20;0;0;16;20
27877;2256;364;16;20;0;0;16;20
27880;2272;364;16;20;0;0;16;20
27882;2288;364;16;20;0;0;16;20
27883;2304;364;16;20;0;0;16;20
27886;2320;364;16;20;0;0;16;20
27887;2336;364;16;20;0;0;16;20
27888;2352;364;16;20;0;0;16;20
27889;2368;364;16;20;0;0;16;20
27891;2384;364;16;20;0;0;16;20
27893;2400;364;16;20;0;0;16;20
27895;2416;364;16;20;0;0;16;20
27896;2432;364;16;20;0;0;16;20
27898;2448;364;16;20;0;0;16;20
27899;2464;364;16;20;0;0;16;20
27900;2480;364;16;20;0;0;16;20
27901;2496;364;16;20;0;0;16;20
27902;2512;364;16;20;0;0;16;20
27905;2528;364;16;20;0;0;16;20
27908;2544;364;16;20;0;0;16;20
27911;2560;364;16;20;0;0;16;20
27915;2576;364;16;20;0;0;16;20
27916;2592;364;16;20;0;0;16;20
27918;2608;364;16;20;0;0;16;20
27920;2624;364;16;20;0;0;16;20
27922;2640;364;16;20;0;0;16;20
27927;2656;364;16;20;0;0;16;20
27929;2672;364;16;20;0;0;16;20
27931;2688;364;16;20;0;0;16;20
27934;2704;364;16;20;0;0;16;20
27941;2720;364;16;20;0;0;16;20
27943;2736;364;16;20;0;0;16;20
27945;2752;364;16;20;0;0;16;20
27946;2768;364;16;20;0;0;16;20
27947;2784;364;16;20;0;0;16;20
27950;2800;364;16;20;0;0;16;20
27953;2816;364;16;20;0;0;16;20
27954;2832;364;16;20;0;0;16;20
27955;2848;364;16;20;0;0;16;20
27957;2864;364;16;20;0;0;16;20
27958;2880;364;16;20;0;0;16;20
27961;2896;364;16;20;0;0;16;20
27963;2912;364;16;20;0;0;16;20
27964;2928;364;16;20;0;0;16;20
27965;2944;364;16;20;0;0;16;20
27966;2960;364;16;20;0;0;16;20
27969;2976;364;16;20;0;0;16;20
27971;2992;364;16;20;0;0;16;20
27972;3008;364;16;20;0;0;16;20
27973;3024;364;16;20;0;0;16;20
27974;3040;364;16;20;0;0;16;20
27975;3056;364;16;20;0;0;16;20
27978;3072;364;16;20;0;0;16;20
27979;3088;364;16;20;0;0;16;20
27981;3104;364;16;20;0;0;16;20
27982;3120;364;16;20;0;0;16;20
27983;3136;364;16;20;0;0;16;20
27985;3152;364;16;20;0;0;16;20
27986;3168;364;16;20;0;0;16;20
27987;3184;364;16;20;0;0;16;20
27988;3200;364;16;20;0;0;16;20
27989;3216;364;16;20;0;0;16;20
27993;3232;364;16;20;0;0;16;20
27994;3248;364;16;20;0;0;16;20
27996;3264;364;16;20;0;0;16;20
27998;3280;364;16;20;0;0;16;20
28000;3296;364;16;20;0;0;16;20
28001;3312;364;16;20;0;0;16;20
28003;3328;364;16;20;0;0;16;20
28005;3344;364;16;20;0;0;16;20
28006;3360;364;16;20;0;0;16;20
28009;3376;364;16;20;0;0;16;20
28010;3392;364;16;20;0;0;16;20
28012;3408;364;16;20;0;0;16;20
28014;3424;364;16;20;0;0;16;20
28015;3440;364;16;20;0;0;16;20
28020;3456;364;16;20;0;0;16;20
28023;3472;364;16;20;0;0;16;20
28024;3488;364;16;20;0;0;16;20
28025;3504;364;16;20;0;0;16;20
28034;3520;364;16;20;0;0;16;20
28037;3536;364;16;20;0;0;16;20
28039;3552;364;16;20;0;0;16;20
28040;3568;364;16;20;0;0;16;20
28041;3584;364;16;20;0;0;16;20
28044;3600;364;16;20;0;0;16;20
28046;3616;364;16;20;0;0;16;20
28049;3632;364;16;20;0;0;16;20
28051;3648;364;16;20;0;0;16;20
28052;3664;364;16;20;0;0;16;20
28053;3680;364;16;20;0;0;16;20
28057;3696;364;16;20;0;0;16;20
28059;3712;364;16;20;0;0;16;20
28061;3728;364;16;20;0;0;16;20
28062;3744;364;16;20;0;0;16;20
28063;3760;364;16;20;0;0;16;20
28064;3776;364;16;20;0;0;16;20
28065;3792;364;16;20;0;0;16;20
28067;3808;364;16;20;0;0;16;20
28068;3824;364;16;20;0;0;16;20
28070;3840;364;16;20;0;0;16;20
28071;3856;364;16;20;0;0;16;20
28072;3872;364;16;20;0;0;16;20
28073;3888;364;16;20;0;0;16;20
28074;3904;364;16;20;0;0;16;20
28075;3920;364;16;20;0;0;16;20
28078;3936;364;16;20;0;0;16;20
28079;3952;364;16;20;0;0;16;20
28082;3968;364;16;20;0;0;16;20
28085;3984;364;16;20;0;0;16;20
28088;4000;364;16;20;0;0;16;20
28092;4016;364;16;20;0;0;16;20
28095;4032;364;16;20;0;0;16;20
28096;4048;364;16;20;0;0;16;20
28100;4064;364;16;20;0;0;16;20
28101;4080;364;16;20;0;0;16;20
28102;0;384;16;20;0;0;16;20
28103;16;384;16;20;0;0;16;20
28107;32;384;16;20;0;0;16;20
28108;48;384;16;20;0;0;16;20
28113;64;384;16;20;0;0;16;20
28114;80;384;16;20;0;0;16;20
28118;96;384;16;20;0;0;16;20
28120;112;384;16;20;0;0;16;20
28121;128;384;16;20;0;0;16;20
28122;144;384;16;20;0;0;16;20
28125;160;384;16;20;0;0;16;20
28126;176;384;16;20;0;0;16;20
28128;192;384;16;20;0;0;16;20
28129;208;384;16;20;0;0;16;20
28132;224;384;16;20;0;0;16;20
28133;240;384;16;20;0;0;16;20
28134;256;384;16;20;0;0;16;20
28136;272;384;16;20;0;0;16;20
28137;288;384;16;20;0;0;16;20
28138;304;384;16;20;0;0;16;20
28139;320;384;16;20;0;0;16;20
28140;336;384;16;20;0;0;16;20
28142;352;384;16;20;0;0;16;20
28145;368;384;16;20;0;0;16;20
28147;384;384;16;20;0;0;16;20
28149;400;384;16;20;0;0;16;20
28150;416;384;16;20;0;0;16;20
28151;432;384;16;20;0;0;16;20
28153;448;384;16;20;0;0;16;20
28154;464;384;16;20;0;0;16;20
28155;480;384;16;20;0;0;16;20
28156;496;384;16;20;0;0;16;20
28165;512;384;16;20;0;0;16;20
28167;528;384;16;20;0;0;16;20
28168;544;384;16;20;0;0;16;20
28169;560;384;16;20;0;0;16;20
28170;576;384;16;20;0;0;16;20
28171;592;384;16;20;0;0;16;20
28172;608;384;16;20;0;0;16;20
28173;624;384;16;20;0;0;16;20
28174;640;384;16;20;0;0;16;20
28176;656;384;16;20;0;0;16;20
28177;672;384;16;20;0;0;16;20
28179;688;384;16;20;0;0;16;20
28180;704;384;16;20;0;0;16;20
28183;720;384;16;20;0;0;16;20
28185;736;384;16;20;0;0;16;20
28186;752;384;16;20;0;0;16;20
28187;768;384;16;20;0;0;16;20
28189;784;384;16;20;0;0;16;20
28192;800;384;16;20;0;0;16;20
28193;816;384;16;20;0;0;16;20
28195;832;384;16;20;0;0;16;20
28196;848;384;16;20;0;0;16;20
28197;864;384;16;20;0;0;16;20
28198;880;384;16;20;0;0;16;20
28201;896;384;16;20;0;0;16;20
28203;912;384;16;20;0;0;16;20
28204;928;384;16;20;0;0;16;20
28205;944;384;16;20;0;0;16;20
28207;960;384;16;20;0;0;16;20
28210;976;384;16;20;0;0;16;20
28212;992;384;16;20;0;0;16;20
28216;1008;384;16;20;0;0;16;20
28218;1024;384;16;20;0;0;16;20
28222;1040;384;16;20;0;0;16;20
28227;1056;384;16;20;0;0;16;20
28228;1072;384;16;20;0;0;16;20
28233;1088;384;16;20;0;0;16;20
28234;1104;384;16;20;0;0;16;20
28237;1120;384;16;20;0;0;16;20
28238;1136;384;16;20;0;0;16;20
28244;1152;384;16;20;0;0;16;20
28246;1168;384;16;20;0;0;16;20
28248;1184;384;16;20;0;0;16;20
28251;1200;384;16;20;0;0;16;20
28252;1216;384;16;20;0;0;16;20
28255;1232;384;16;20;0;0;16;20
28263;1248;384;16;20;0;0;16;20
28267;1264;384;16;20;0;0;16;20
28270;1280;384;16;20;0;0;16;20
28271;1296;384;16;20;0;0;16;20
28274;1312;384;16;20;0;0;16;20
28275;1328;384;16;20;0;0;16;20
28286;1344;384;16;20;0;0;16;20
28287;1360;384;16;20;0;0;16;20
28288;1376;384;16;20;0;0;16;20
28291;1392;384;16;20;0;0;16;20
28293;1408;384;16;20;0;0;16;20
28294;1424;384;16;20;0;0;16;20
28296;1440;384;16;20;0;0;16;20
28297;1456;384;16;20;0;0;16;20
28303;1472;384;16;20;0;0;16;20
28304;1488;384;16;20;0;0;16;20
28310;1504;384;16;20;0;0;16;20
28312;1520;384;16;20;0;0;16;20
28316;1536;384;16;20;0;0;16;20
28317;1552;384;16;20;0;0;16;20
28319;1568;384;16;20;0;0;16;20
28322;1584;384;16;20;0;0;16;20
28325;1600;384;16;20;0;0;16;20
28327;1616;384;16;20;0;0;16;20
28330;1632;384;16;20;0;0;16;20
28331;1648;384;16;20;0;0;16;20
28335;1664;384;16;20;0;0;16;20
28337;1680;384;16;20;0;0;16;20
28338;1696;384;16;20;0;0;16;20
28340;1712;384;16;20;0;0;16;20
28342;1728;384;16;20;0;0;16;20
28343;1744;384;16;20;0;0;16;20
28346;1760;384;16;20;0;0;16;20
28347;1776;384;16;20;0;0;16;20
28348;1792;384;16;20;0;0;16;20
28349;1808;384;16;20;0;0;16;20
28353;1824;384;16;20;0;0;16;20
28354;1840;384;16;20;0;0;16;20
28355;1856;384;16;20;0;0;16;20
28356;1872;384;16;20;0;0;16;20
28357;1888;384;16;20;0;0;16;20
28359;1904;384;16;20;0;0;16;20
28361;1920;384;16;20;0;0;16;20
28363;1936;384;16;20;0;0;16;20
28364;1952;384;16;20;0;0;16;20
28366;1968;384;16;20;0;0;16;20
28367;1984;384;16;20;0;0;16;20
28369;2000;384;16;20;0;0;16;20
28371;2016;384;16;20;0;0;16;20
28372;2032;384;16;20;0;0;16;20
28373;2048;384;16;20;0;0;16;20
28375;2064;384;16;20;0;0;16;20
28378;2080;384;16;20;0;0;16;20
28381;2096;384;16;20;0;0;16;20
28382;2112;384;16;20;0;0;16;20
28383;2128;384;16;20;0;0;16;20
28385;2144;384;16;20;0;0;16;20
28386;2160;384;16;20;0;0;16;20
28388;2176;384;16;20;0;0;16;20
28389;2192;384;16;20;0;0;16;20
28390;2208;384;16;20;0;0;16;20
28392;2224;384;16;20;0;0;16;20
28393;2240;384;16;20;0;0;16;20
28394;2256;384;16;20;0;0;16;20
28395;2272;384;16;20;0;0;16;20
28396;2288;384;16;20;0;0;16;20
28399;2304;384;16;20;0;0;16;20
28402;2320;384;16;20;0;0;16;20
28404;2336;384;16;20;0;0;16;20
28407;2352;384;16;20;0;0;16;20
28408;2368;384;16;20;0;0;16;20
28409;2384;384;16;20;0;0;16;20
28414;2400;384;16;20;0;0;16;20
28415;2416;384;16;20;0;0;16;20
28417;2432;384;16;20;0;0;16;20
28418;2448;384;16;20;0;0;16;20
28422;2464;384;16;20;0;0;16;20
28424;2480;384;16;20;0;0;16;20
28425;2496;384;16;20;0;0;16;20
28431;2512;384;16;20;0;0;16;20
28435;2528;384;16;20;0;0;16;20
28436;2544;384;16;20;0;0;16;20
28437;2560;384;16;20;0;0;16;20
28442;2576;384;16;20;0;0;16;20
28448;2592;384;16;20;0;0;16;20
28450;2608;384;16;20;0;0;16;20
28451;2624;384;16;20;0;0;16;20
28457;2640;384;16;20;0;0;16;20
28458;2656;384;16;20;0;0;16;20
28459;2672;384;16;20;0;0;16;20
28460;2688;384;16;20;0;0;16;20
28461;2704;384;16;20;0;0;16;20
28463;2720;384;16;20;0;0;16;20
28465;2736;384;16;20;0;0;16;20
28466;2752;384;16;20;0;0;16;20
28467;2768;384;16;20;0;0;16;20
28469;2784;384;16;20;0;0;16;20
28470;2800;384;16;20;0;0;16;20
28472;2816;384;16;20;0;0;16;20
28478;2832;384;16;20;0;0;16;20
28479;2848;384;16;20;0;0;16;20
28481;2864;384;16;20;0;0;16;20
28487;2880;384;16;20;0;0;16;20
28491;2896;384;16;20;0;0;16;20
28493;2912;384;16;20;0;0;16;20
28495;2928;384;16;20;0;0;16;20
28497;2944;384;16;20;0;0;16;20
28500;2960;384;16;20;0;0;16;20
28504;2976;384;16;20;0;0;16;20
28507;2992;384;16;20;0;0;16;20
28508;3008;384;16;20;0;0;16;20
28510;3024;384;16;20;0;0;16;20
28511;3040;384;16;20;0;0;16;20
28514;3056;384;16;20;0;0;16;20
28516;3072;384;16;20;0;0;16;20
28518;3088;384;16;20;0;0;16;20
28525;3104;384;16;20;0;0;16;20
28526;3120;384;16;20;0;0;16;20
28527;3136;384;16;20;0;0;16;20
28528;3152;384;16;20;0;0;16;20
28530;3168;384;16;20;0;0;16;20
28532;3184;384;16;20;0;0;16;20
28535;3200;384;16;20;0;0;16;20
28536;3216;384;16;20;0;0;16;20
28538;3232;384;16;20;0;0;16;20
28540;3248;384;16;20;0;0;16;20
28543;3264;384;16;20;0;0;16;20
28544;3280;384;16;20;0;0;16;20
28546;3296;384;16;20;0;0;16;20
28548;3312;384;16;20;0;0;16;20
28550;3328;384;16;20;0;0;16;20
28551;3344;384;16;20;0;0;16;20
28552;3360;384;16;20;0;0;16;20
28553;3376;384;16;20;0;0;16;20
28556;3392;384;16;20;0;0;16;20
28557;3408;384;16;20;0;0;16;20
28558;3424;384;16;20;0;0;16;20
28567;3440;384;16;20;0;0;16;20
28572;3456;384;16;20;0;0;16;20
28576;3472;384;16;20;0;0;16;20
28577;3488;384;16;20;0;0;16;20
28579;3504;384;16;20;0;0;16;20
28580;3520;384;16;20;0;0;16;20
28581;3536;384;16;20;0;0;16;20
28583;3552;384;16;20;0;0;16;20
28590;3568;384;16;20;0;0;16;20
28591;3584;384;16;20;0;0;16;20
28593;3600;384;16;20;0;0;16;20
28595;3616;384;16;20;0;0;16;20
28598;3632;384;16;20;0;0;16;20
28601;3648;384;16;20;0;0;16;20
28608;3664;384;16;20;0;0;16;20
28609;3680;384;16;20;0;0;16;20
28610;3696;384;16;20;0;0;16;20
28611;3712;384;16;20;0;0;16;20
28617;3728;384;16;20;0;0;16;20
28625;3744;384;16;20;0;0;16;20
28626;3760;384;16;20;0;0;16;20
28629;3776;384;16;20;0;0;16;20
28632;3792;384;16;20;0;0;16;20
28635;3808;384;16;20;0;0;16;20
28638;3824;384;16;20;0;0;16;20
28639;3840;384;16;20;0;0;16;20
28640;3856;384;16;20;0;0;16;20
28641;3872;384;16;20;0;0;16;20
28644;3888;384;16;20;0;0;16;20
28651;3904;384;16;20;0;0;16;20
28652;3920;384;16;20;0;0;16;20
28654;3936;384;16;20;0;0;16;20
28655;3952;384;16;20;0;0;16;20
28656;3968;384;16;20;0;0;16;20
28657;3984;384;16;20;0;0;16;20
28666;4000;384;16;20;0;0;16;20
28668;4016;384;16;20;0;0;16;20
28670;4032;384;16;20;0;0;16;20
28677;4048;384;16;20;0;0;16;20
28678;4064;384;16;20;0;0;16;20
28681;4080;384;16;20;0;0;16;20
28683;0;404;16;20;0;0;16;20
28687;16;404;16;20;0;0;16;20
28689;32;404;16;20;0;0;16;20
28693;48;404;16;20;0;0;16;20
28696;64;404;16;20;0;0;16;20
28698;80;404;16;20;0;0;16;20
28699;96;404;16;20;0;0;16;20
28701;112;404;16;20;0;0;16;20
28703;128;404;16;20;0;0;16;20
28707;144;404;16;20;0;0;16;20
28710;160;404;16;20;0;0;16;20
28711;176;404;16;20;0;0;16;20
28712;192;404;16;20;0;0;16;20
28716;208;404;16;20;0;0;16;20
28720;224;404;16;20;0;0;16;20
28722;240;404;16;20;0;0;16;20
28734;256;404;16;20;0;0;16;20
28739;272;404;16;20;0;0;16;20
28748;288;404;16;20;0;0;16;20
28751;304;404;16;20;0;0;16;20
28753;320;404;16;20;0;0;16;20
28757;336;404;16;20;0;0;16;20
28760;352;404;16;20;0;0;16;20
28765;368;404;16;20;0;0;16;20
28766;384;404;16;20;0;0;16;20
28771;400;404;16;20;0;0;16;20
28772;416;404;16;20;0;0;16;20
28777;432;404;16;20;0;0;16;20
28779;448;404;16;20;0;0;16;20
28781;464;404;16;20;0;0;16;20
28783;480;404;16;20;0;0;16;20
28784;496;404;16;20;0;0;16;20
28789;512;404;16;20;0;0;16;20
28790;528;404;16;20;0;0;16;20
28792;544;404;16;20;0;0;16;20
28796;560;404;16;20;0;0;16;20
28797;576;404;16;20;0;0;16;20
28798;592;404;16;20;0;0;16;20
28799;608;404;16;20;0;0;16;20
28800;624;404;16;20;0;0;16;20
28801;640;404;16;20;0;0;16;20
28805;656;404;16;20;0;0;16;20
28809;672;404;16;20;0;0;16;20
28810;688;404;16;20;0;0;16;20
28814;704;404;16;20;0;0;16;20
28818;720;404;16;20;0;0;16;20
28820;736;404;16;20;0;0;16;20
28821;752;404;16;20;0;0;16;20
28822;768;404;16;20;0;0;16;20
28824;784;404;16;20;0;0;16;20
28825;800;404;16;20;0;0;16;20
28828;816;404;16;20;0;0;16;20
28829;832;404;16;20;0;0;16;20
28836;848;404;16;20;0;0;16;20
28843;864;404;16;20;0;0;16;20
28844;880;404;16;20;0;0;16;20
28845;896;404;16;20;0;0;16;20
28846;912;404;16;20;0;0;16;20
28847;928;404;16;20;0;0;16;20
28849;944;404;16;20;0;0;16;20
28851;960;404;16;20;0;0;16;20
28855;976;404;16;20;0;0;16;20
28856;992;404;16;20;0;0;16;20
28857;1008;404;16;20;0;0;16;20
28858;1024;404;16;20;0;0;16;20
28859;1040;404;16;20;0;0;16;20
28860;1056;404;16;20;0;0;16;20
28861;1072;404;16;20;0;0;16;20
28862;1088;404;16;20;0;0;16;20
28864;1104;404;16;20;0;0;16;20
28865;1120;404;16;20;0;0;16;20
28866;1136;404;16;20;0;0;16;20
28867;1152;404;16;20;0;0;16;20
28872;1168;404;16;20;0;0;16;20
28874;1184;404;16;20;0;0;16;20
28879;1200;404;16;20;0;0;16;20
28884;1216;404;16;20;0;0;16;20
28888;1232;404;16;20;0;0;16;20
28889;1248;404;16;20;0;0;16;20
28891;1264;404;16;20;0;0;16;20
28892;1280;404;16;20;0;0;16;20
28895;1296;404;16;20;0;0;16;20
28900;1312;404;16;20;0;0;16;20
28902;1328;404;16;20;0;0;16;20
28903;1344;404;16;20;0;0;16;20
28904;1360;404;16;20;0;0;16;20
28905;1376;404;16;20;0;0;16;20
28907;1392;404;16;20;0;0;16;20
28908;1408;404;16;20;0;0;16;20
28909;1424;404;16;20;0;0;16;20
28911;1440;404;16;20;0;0;16;20
28916;1456;404;16;20;0;0;16;20
28919;1472;404;16;20;0;0;16;20
28921;1488;404;16;20;0;0;16;20
28925;1504;404;16;20;0;0;16;20
28926;1520;404;16;20;0;0;16;20
28937;1536;404;16;20;0;0;16;20
28938;1552;404;16;20;0;0;16;20
28944;1568;404;16;20;0;0;16;20
28947;1584;404;16;20;0;0;16;20
28949;1600;404;16;20;0;0;16;20
28950;1616;404;16;20;0;0;16;20
28951;1632;404;16;20;0;0;16;20
28952;1648;404;16;20;0;0;16;20
28953;1664;404;16;20;0;0;16;20
28954;1680;404;16;20;0;0;16;20
28956;1696;404;16;20;0;0;16;20
28961;1712;404;16;20;0;0;16;20
28962;1728;404;16;20;0;0;16;20
28966;1744;404;16;20;0;0;16;20
28975;1760;404;16;20;0;0;16;20
28976;1776;404;16;20;0;0;16;20
28977;1792;404;16;20;0;0;16;20
28982;1808;404;16;20;0;0;16;20
28988;1824;404;16;20;0;0;16;20
28997;1840;404;16;20;0;0;16;20
28998;1856;404;16;20;0;0;16;20
29001;1872;404;16;20;0;0;16;20
29002;1888;404;16;20;0;0;16;20
29004;1904;404;16;20;0;0;16;20
29006;1920;404;16;20;0;0;16;20
29010;1936;404;16;20;0;0;16;20
29017;1952;404;16;20;0;0;16;20
29020;1968;404;16;20;0;0;16;20
29022;1984;404;16;20;0;0;16;20
29024;2000;404;16;20;0;0;16;20
29026;2016;404;16;20;0;0;16;20
29028;2032;404;16;20;0;0;16;20
29029;2048;404;16;20;0;0;16;20
29030;2064;404;16;20;0;0;16;20
29031;2080;404;16;20;0;0;16;20
29032;2096;404;16;20;0;0;16;20
29033;2112;404;16;20;0;0;16;20
29036;2128;404;16;20;0;0;16;20
29038;2144;404;16;20;0;0;16;20
29042;2160;404;16;20;0;0;16;20
29043;2176;404;16;20;0;0;16;20
29048;2192;404;16;20;0;0;16;20
29050;2208;404;16;20;0;0;16;20
29053;2224;404;16;20;0;0;16;20
29060;2240;404;16;20;0;0;16;20
29066;2256;404;16;20;0;0;16;20
29071;2272;404;16;20;0;0;16;20
29074;2288;404;16;20;0;0;16;20
29076;2304;404;16;20;0;0;16;20
29079;2320;404;16;20;0;0;16;20
29080;2336;404;16;20;0;0;16;20
29081;2352;404;16;20;0;0;16;20
29084;2368;404;16;20;0;0;16;20
29087;2384;404;16;20;0;0;16;20
29088;2400;404;16;20;0;0;16;20
29093;2416;404;16;20;0;0;16;20
29096;2432;404;16;20;0;0;16;20
29100;2448;404;16;20;0;0;16;20
29105;2464;404;16;20;0;0;16;20
29109;2480;404;16;20;0;0;16;20
29113;2496;404;16;20;0;0;16;20
29118;2512;404;16;20;0;0;16;20
29121;2528;404;16;20;0;0;16;20
29123;2544;404;16;20;0;0;16;20
29124;2560;404;16;20;0;0;16;20
29128;2576;404;16;20;0;0;16;20
29129;2592;404;16;20;0;0;16;20
29130;2608;404;16;20;0;0;16;20
29134;2624;404;16;20;0;0;16;20
29138;2640;404;16;20;0;0;16;20
29140;2656;404;16;20;0;0;16;20
29141;2672;404;16;20;0;0;16;20
29145;2688;404;16;20;0;0;16;20
29148;2704;404;16;20;0;0;16;20
29151;2720;404;16;20;0;0;16;20
29152;2736;404;16;20;0;0;16;20
29157;2752;404;16;20;0;0;16;20
29158;2768;404;16;20;0;0;16;20
29159;2784;404;16;20;0;0;16;20
29164;2800;404;16;20;0;0;16;20
29165;2816;404;16;20;0;0;16;20
29166;2832;404;16;20;0;0;16;20
29172;2848;404;16;20;0;0;16;20
29177;2864;404;16;20;0;0;16;20
29179;2880;404;16;20;0;0;16;20
29180;2896;404;16;20;0;0;16;20
29182;2912;404;16;20;0;0;16;20
29183;2928;404;16;20;0;0;16;20
29190;2944;404;16;20;0;0;16;20
29197;2960;404;16;20;0;0;16;20
29200;2976;404;16;20;0;0;16;20
29211;2992;404;16;20;0;0;16;20
29213;3008;404;16;20;0;0;16;20
29224;3024;404;16;20;0;0;16;20
29226;3040;404;16;20;0;0;16;20
29228;3056;404;16;20;0;0;16;20
29229;3072;404;16;20;0;0;16;20
29232;3088;404;16;20;0;0;16;20
29233;3104;404;16;20;0;0;16;20
29237;3120;404;16;20;0;0;16;20
29238;3136;404;16;20;0;0;16;20
29239;3152;404;16;20;0;0;16;20
29240;3168;404;16;20;0;0;16;20
29241;3184;404;16;20;0;0;16;20
29242;3200;404;16;20;0;0;16;20
29243;3216;404;16;20;0;0;16;20
29245;3232;404;16;20;0;0;16;20
29246;3248;404;16;20;0;0;16;20
29247;3264;404;16;20;0;0;16;20
29249;3280;404;16;20;0;0;16;20
29250;3296;404;16;20;0;0;16;20
29254;3312;404;16;20;0;0;16;20
29255;3328;404;16;20;0;0;16;20
29256;3344;404;16;20;0;0;16;20
29260;3360;404;16;20;0;0;16;20
29261;3376;404;16;20;0;0;16;20
29266;3392;404;16;20;0;0;16;20
29270;3408;404;16;20;0;0;16;20
29272;3424;404;16;20;0;0;16;20
29273;3440;404;16;20;0;0;16;20
29275;3456;404;16;20;0;0;16;20
29277;3472;404;16;20;0;0;16;20
29279;3488;404;16;20;0;0;16;20
29280;3504;404;16;20;0;0;16;20
29281;3520;404;16;20;0;0;16;20
29282;3536;404;16;20;0;0;16;20
29284;3552;404;16;20;0;0;16;20
29286;3568;404;16;20;0;0;16;20
29287;3584;404;16;20;0;0;16;20
29289;3600;404;16;20;0;0;16;20
29294;3616;404;16;20;0;0;16;20
29295;3632;404;16;20;0;0;16;20
29298;3648;404;16;20;0;0;16;20
29300;3664;404;16;20;0;0;16;20
29301;3680;404;16;20;0;0;16;20
29305;3696;404;16;20;0;0;16;20
29306;3712;404;16;20;0;0;16;20
29309;3728;404;16;20;0;0;16;20
29310;3744;404;16;20;0;0;16;20
29312;3760;404;16;20;0;0;16;20
29313;3776;404;16;20;0;0;16;20
29316;3792;404;16;20;0;0;16;20
29322;3808;404;16;20;0;0;16;20
29323;3824;404;16;20;0;0;16;20
29325;3840;404;16;20;0;0;16;20
29327;3856;404;16;20;0;0;16;20
29330;3872;404;16;20;0;0;16;20
29334;3888;404;16;20;0;0;16;20
29339;3904;404;16;20;0;0;16;20
29343;3920;404;16;20;0;0;16;20
29344;3936;404;16;20;0;0;16;20
29346;3952;404;16;20;0;0;16;20
29351;3968;404;16;20;0;0;16;20
29356;3984;404;16;20;0;0;16;20
29359;4000;404;16;20;0;0;16;20
29360;4016;404;16;20;0;0;16;20
29366;4032;404;16;20;0;0;16;20
29367;4048;404;16;20;0;0;16;20
29368;4064;404;16;20;0;0;16;20
29369;4080;404;16;20;0;0;16;20
29376;0;424;16;20;0;0;16;20
29377;16;424;16;20;0;0;16;20
29378;32;424;16;20;0;0;16;20
29380;48;424;16;20;0;0;16;20
29384;64;424;16;20;0;0;16;20
29389;80;424;16;20;0;0;16;20
29390;96;424;16;20;0;0;16;20
29392;112;424;16;20;0;0;16;20
29394;128;424;16;20;0;0;16;20
29399;144;424;16;20;0;0;16;20
29401;160;424;16;20;0;0;16;20
29406;176;424;16;20;0;0;16;20
29408;192;424;16;20;0;0;16;20
29409;208;424;16;20;0;0;16;20
29416;224;424;16;20;0;0;16;20
29417;240;424;16;20;0;0;16;20
29420;256;424;16;20;0;0;16;20
29421;272;424;16;20;0;0;16;20
29422;288;424;16;20;0;0;16;20
29423;304;424;16;20;0;0;16;20
29424;320;424;16;20;0;0;16;20
29425;336;424;16;20;0;0;16;20
29426;352;424;16;20;0;0;16;20
29427;368;424;16;20;0;0;16;20
29431;384;424;16;20;0;0;16;20
29432;400;424;16;20;0;0;16;20
29433;416;424;16;20;0;0;16;20
29434;432;424;16;20;0;0;16;20
29435;448;424;16;20;0;0;16;20
29436;464;424;16;20;0;0;16;20
29437;480;424;16;20;0;0;16;20
29441;496;424;16;20;0;0;16;20
29443;512;424;16;20;0;0;16;20
29454;528;424;16;20;0;0;16;20
29459;544;424;16;20;0;0;16;20
29461;560;424;16;20;0;0;16;20
29462;576;424;16;20;0;0;16;20
29463;592;424;16;20;0;0;16;20
29465;608;424;16;20;0;0;16;20
29467;624;424;16;20;0;0;16;20
29468;640;424;16;20;0;0;16;20
29469;656;424;16;20;0;0;16;20
29470;672;424;16;20;0;0;16;20
29471;688;424;16;20;0;0;16;20
29473;704;424;16;20;0;0;16;20
29474;720;424;16;20;0;0;16;20
29477;736;424;16;20;0;0;16;20
29481;752;424;16;20;0;0;16;20
29482;768;424;16;20;0;0;16;20
29483;784;424;16;20;0;0;16;20
29484;800;424;16;20;0;0;16;20
29486;816;424;16;20;0;0;16;20
29489;832;424;16;20;0;0;16;20
29492;848;424;16;20;0;0;16;20
29494;864;424;16;20;0;0;16;20
29495;880;424;16;20;0;0;16;20
29496;896;424;16;20;0;0;16;20
29497;912;424;16;20;0;0;16;20
29499;928;424;16;20;0;0;16;20
29502;944;424;16;20;0;0;16;20
29503;960;424;16;20;0;0;16;20
29505;976;424;16;20;0;0;16;20
29507;992;424;16;20;0;0;16;20
29508;1008;424;16;20;0;0;16;20
29509;1024;424;16;20;0;0;16;20
29518;1040;424;16;20;0;0;16;20
29520;1056;424;16;20;0;0;16;20
29522;1072;424;16;20;0;0;16;20
29527;1088;424;16;20;0;0;16;20
29536;1104;424;16;20;0;0;16;20
29539;1120;424;16;20;0;0;16;20
29544;1136;424;16;20;0;0;16;20
29546;1152;424;16;20;0;0;16;20
29547;1168;424;16;20;0;0;16;20
29548;1184;424;16;20;0;0;16;20
29549;1200;424;16;20;0;0;16;20
29552;1216;424;16;20;0;0;16;20
29554;1232;424;16;20;0;0;16;20
29556;1248;424;16;20;0;0;16;20
29557;1264;424;16;20;0;0;16;20
29559;1280;424;16;20;0;0;16;20
29560;1296;424;16;20;0;0;16;20
29562;1312;424;16;20;0;0;16;20
29563;1328;424;16;20;0;0;16;20
29564;1344;424;16;20;0;0;16;20
29566;1360;424;16;20;0;0;16;20
29568;1376;424;16;20;0;0;16;20
29572;1392;424;16;20;0;0;16;20
29575;1408;424;16;20;0;0;16;20
29577;1424;424;16;20;0;0;16;20
29579;1440;424;16;20;0;0;16;20
29582;1456;424;16;20;0;0;16;20
29585;1472;424;16;20;0;0;16;20
29590;1488;424;16;20;0;0;16;20
29593;1504;424;16;20;0;0;16;20
29595;1520;424;16;20;0;0;16;20
29596;1536;424;16;20;0;0;16;20
29599;1552;424;16;20;0;0;16;20
29600;1568;424;16;20;0;0;16;20
29601;1584;424;16;20;0;0;16;20
29602;1600;424;16;20;0;0;16;20
29605;1616;424;16;20;0;0;16;20
29606;1632;424;16;20;0;0;16;20
29608;1648;424;16;20;0;0;16;20
29609;1664;424;16;20;0;0;16;20
29611;1680;424;16;20;0;0;16;20
29613;1696;424;16;20;0;0;16;20
29614;1712;424;16;20;0;0;16;20
29615;1728;424;16;20;0;0;16;20
29616;1744;424;16;20;0;0;16;20
29618;1760;424;16;20;0;0;16;20
29619;1776;424;16;20;0;0;16;20
29623;1792;424;16;20;0;0;16;20
29626;1808;424;16;20;0;0;16;20
29627;1824;424;16;20;0;0;16;20
29632;1840;424;16;20;0;0;16;20
29634;1856;424;16;20;0;0;16;20
29640;1872;424;16;20;0;0;16;20
29641;1888;424;16;20;0;0;16;20
29642;1904;424;16;20;0;0;16;20
29645;1920;424;16;20;0;0;16;20
29647;1936;424;16;20;0;0;16;20
29648;1952;424;16;20;0;0;16;20
29649;1968;424;16;20;0;0;16;20
29657;1984;424;16;20;0;0;16;20
29662;2000;424;16;20;0;0;16;20
29664;2016;424;16;20;0;0;16;20
29667;2032;424;16;20;0;0;16;20
29669;2048;424;16;20;0;0;16;20
29671;2064;424;16;20;0;0;16;20
29673;2080;424;16;20;0;0;16;20
29674;2096;424;16;20;0;0;16;20
29677;2112;424;16;20;0;0;16;20
29678;2128;424;16;20;0;0;16;20
29680;2144;424;16;20;0;0;16;20
29682;2160;424;16;20;0;0;16;20
29690;2176;424;16;20;0;0;16;20
29694;2192;424;16;20;0;0;16;20
29699;2208;424;16;20;0;0;16;20
29701;2224;424;16;20;0;0;16;20
29702;2240;424;16;20;0;0;16;20
29703;2256;424;16;20;0;0;16;20
29705;2272;424;16;20;0;0;16;20
29706;2288;424;16;20;0;0;16;20
29709;2304;424;16;20;0;0;16;20
29711;2320;424;16;20;0;0;16;20
29712;2336;424;16;20;0;0;16;20
29719;2352;424;16;20;0;0;16;20
29722;2368;424;16;20;0;0;16;20
29723;2384;424;16;20;0;0;16;20
29729;2400;424;16;20;0;0;16;20
29730;2416;424;16;20;0;0;16;20
29732;2432;424;16;20;0;0;16;20
29733;2448;424;16;20;0;0;16;20
29734;2464;424;16;20;0;0;16;20
29736;2480;424;16;20;0;0;16;20
29738;2496;424;16;20;0;0;16;20
29739;2512;424;16;20;0;0;16;20
29740;2528;424;16;20;0;0;16;20
29742;2544;424;16;20;0;0;16;20
29743;2560;424;16;20;0;0;16;20
29744;2576;424;16;20;0;0;16;20
29747;2592;424;16;20;0;0;16;20
29748;2608;424;16;20;0;0;16;20
29749;2624;424;16;20;0;0;16;20
29750;2640;424;16;20;0;0;16;20
29754;2656;424;16;20;0;0;16;20
29756;2672;424;16;20;0;0;16;20
29759;2688;424;16;20;0;0;16;20
29761;2704;424;16;20;0;0;16;20
29764;2720;424;16;20;0;0;16;20
29769;2736;424;16;20;0;0;16;20
29771;2752;424;16;20;0;0;16;20
29781;2768;424;16;20;0;0;16;20
29783;2784;424;16;20;0;0;16;20
29785;2800;424;16;20;0;0;16;20
29786;2816;424;16;20;0;0;16;20
29787;2832;424;16;20;0;0;16;20
29788;2848;424;16;20;0;0;16;20
29790;2864;424;16;20;0;0;16;20
29791;2880;424;16;20;0;0;16;20
29792;2896;424;16;20;0;0;16;20
29795;2912;424;16;20;0;0;16;20
29796;2928;424;16;20;0;0;16;20
29801;2944;424;16;20;0;0;16;20
29802;2960;424;16;20;0;0;16;20
29805;2976;424;16;20;0;0;16;20
29807;2992;424;16;20;0;0;16;20
29808;3008;424;16;20;0;0;16;20
29814;3024;424;16;20;0;0;16;20
29822;3040;424;16;20;0;0;16;20
29824;3056;424;16;20;0;0;16;20
29825;3072;424;16;20;0;0;16;20
29827;3088;424;16;20;0;0;16;20
29831;3104;424;16;20;0;0;16;20
29832;3120;424;16;20;0;0;16;20
29833;3136;424;16;20;0;0;16;20
29835;3152;424;16;20;0;0;16;20
29838;3168;424;16;20;0;0;16;20
29840;3184;424;16;20;0;0;16;20
29848;3200;424;16;20;0;0;16;20
29852;3216;424;16;20;0;0;16;20
29854;3232;424;16;20;0;0;16;20
29855;3248;424;16;20;0;0;16;20
29856;3264;424;16;20;0;0;16;20
29859;3280;424;16;20;0;0;16;20
29863;3296;424;16;20;0;0;16;20
29864;3312;424;16;20;0;0;16;20
29865;3328;424;16;20;0;0;16;20
29866;3344;424;16;20;0;0;16;20
29867;3360;424;16;20;0;0;16;20
29872;3376;424;16;20;0;0;16;20
29882;3392;424;16;20;0;0;16;20
29885;3408;424;16;20;0;0;16;20
29887;3424;424;16;20;0;0;16;20
29898;3440;424;16;20;0;0;16;20
29903;3456;424;16;20;0;0;16;20
29906;3472;424;16;20;0;0;16;20
29908;3488;424;16;20;0;0;16;20
29912;3504;424;16;20;0;0;16;20
29914;3520;424;16;20;0;0;16;20
29916;3536;424;16;20;0;0;16;20
29918;3552;424;16;20;0;0;16;20
29920;3568;424;16;20;0;0;16;20
29922;3584;424;16;20;0;0;16;20
29923;3600;424;16;20;0;0;16;20
29924;3616;424;16;20;0;0;16;20
29926;3632;424;16;20;0;0;16;20
29934;3648;424;16;20;0;0;16;20
29935;3664;424;16;20;0;0;16;20
29940;3680;424;16;20;0;0;16;20
29942;3696;424;16;20;0;0;16;20
29943;3712;424;16;20;0;0;16;20
29951;3728;424;16;20;0;0;16;20
29956;3744;424;16;20;0;0;16;20
29964;3760;424;16;20;0;0;16;20
29965;3776;424;16;20;0;0;16;20
29967;3792;424;16;20;0;0;16;20
29969;3808;424;16;20;0;0;16;20
29973;3824;424;16;20;0;0;16;20
29976;3840;424;16;20;0;0;16;20
29978;3856;424;16;20;0;0;16;20
29980;3872;424;16;20;0;0;16;20
29983;3888;424;16;20;0;0;16;20
29986;3904;424;16;20;0;0;16;20
29987;3920;424;16;20;0;0;16;20
29989;3936;424;16;20;0;0;16;20
29990;3952;424;16;20;0;0;16;20
29992;3968;424;16;20;0;0;16;20
29993;3984;424;16;20;0;0;16;20
29995;4000;424;16;20;0;0;16;20
29996;4016;424;16;20;0;0;16;20
29997;4032;424;16;20;0;0;16;20
29999;4048;424;16;20;0;0;16;20
30000;4064;424;16;20;0;0;16;20
30001;4080;424;16;20;0;0;16;20
30002;0;444;16;20;0;0;16;20
30003;16;444;16;20;0;0;16;20
30005;32;444;16;20;0;0;16;20
30007;48;444;16;20;0;0;16;20
30008;64;444;16;20;0;0;16;20
30010;80;444;16;20;0;0;16;20
30011;96;444;16;20;0;0;16;20
30014;112;444;16;20;0;0;16;20
30016;128;444;16;20;0;0;16;20
30021;144;444;16;20;0;0;16;20
30024;160;444;16;20;0;0;16;20
30027;176;444;16;20;0;0;16;20
30028;192;444;16;20;0;0;16;20
30030;208;444;16;20;0;0;16;20
30031;224;444;16;20;0;0;16;20
30033;240;444;16;20;0;0;16;20
30036;256;444;16;20;0;0;16;20
30041;272;444;16;20;0;0;16;20
30042;288;444;16;20;0;0;16;20
30043;304;444;16;20;0;0;16;20
30044;320;444;16;20;0;0;16;20
30045;336;444;16;20;0;0;16;20
30050;352;444;16;20;0;0;16;20
30053;368;444;16;20;0;0;16;20
30054;384;444;16;20;0;0;16;20
30056;400;444;16;20;0;0;16;20
30058;416;444;16;20;0;0;16;20
30059;432;444;16;20;0;0;16;20
30060;448;444;16;20;0;0;16;20
30064;464;444;16;20;0;0;16;20
30066;480;444;16;20;0;0;16;20
30067;496;444;16;20;0;0;16;20
30068;512;444;16;20;0;0;16;20
30070;528;444;16;20;0;0;16;20
30072;544;444;16;20;0;0;16;20
30073;560;444;16;20;0;0;16;20
30079;576;444;16;20;0;0;16;20
30083;592;444;16;20;0;0;16;20
30086;608;444;16;20;0;0;16;20
30087;624;444;16;20;0;0;16;20
30090;640;444;16;20;0;0;16;20
30091;656;444;16;20;0;0;16;20
30094;672;444;16;20;0;0;16;20
30095;688;444;16;20;0;0;16;20
30097;704;444;16;20;0;0;16;20
30100;720;444;16;20;0;0;16;20
30102;736;444;16;20;0;0;16;20
30103;752;444;16;20;0;0;16;20
30105;768;444;16;20;0;0;16;20
30106;784;444;16;20;0;0;16;20
30109;800;444;16;20;0;0;16;20
30111;816;444;16;20;0;0;16;20
30112;832;444;16;20;0;0;16;20
30113;848;444;16;20;0;0;16;20
30114;864;444;16;20;0;0;16;20
30115;880;444;16;20;0;0;16;20
30116;896;444;16;20;0;0;16;20
30117;912;444;16;20;0;0;16;20
30122;928;444;16;20;0;0;16;20
30123;944;444;16;20;0;0;16;20
30124;960;444;16;20;0;0;16;20
30125;976;444;16;20;0;0;16;20
30126;992;444;16;20;0;0;16;20
30127;1008;444;16;20;0;0;16;20
30129;1024;444;16;20;0;0;16;20
30130;1040;444;16;20;0;0;16;20
30131;1056;444;16;20;0;0;16;20
30132;1072;444;16;20;0;0;16;20
30133;1088;444;16;20;0;0;16;20
30136;1104;444;16;20;0;0;16;20
30137;1120;444;16;20;0;0;16;20
30140;1136;444;16;20;0;0;16;20
30141;1152;444;16;20;0;0;16;20
30142;1168;444;16;20;0;0;16;20
30144;1184;444;16;20;0;0;16;20
30146;1200;444;16;20;0;0;16;20
30149;1216;444;16;20;0;0;16;20
30151;1232;444;16;20;0;0;16;20
30152;1248;444;16;20;0;0;16;20
30153;1264;444;16;20;0;0;16;20
30154;1280;444;16;20;0;0;16;20
30157;1296;444;16;20;0;0;16;20
30162;1312;444;16;20;0;0;16;20
30164;1328;444;16;20;0;0;16;20
30165;1344;444;16;20;0;0;16;20
30168;1360;444;16;20;0;0;16;20
30169;1376;444;16;20;0;0;16;20
30171;1392;444;16;20;0;0;16;20
30174;1408;444;16;20;0;0;16;20
30176;1424;444;16;20;0;0;16;20
30178;1440;444;16;20;0;0;16;20
30179;1456;444;16;20;0;0;16;20
30180;1472;444;16;20;0;0;16;20
30182;1488;444;16;20;0;0;16;20
30183;1504;444;16;20;0;0;16;20
30184;1520;444;16;20;0;0;16;20
30185;1536;444;16;20;0;0;16;20
30186;1552;444;16;20;0;0;16;20
30187;1568;444;16;20;0;0;16;20
30192;1584;444;16;20;0;0;16;20
30193;1600;444;16;20;0;0;16;20
30194;1616;444;16;20;0;0;16;20
30196;1632;444;16;20;0;0;16;20
30201;1648;444;16;20;0;0;16;20
30202;1664;444;16;20;0;0;16;20
30204;1680;444;16;20;0;0;16;20
30206;1696;444;16;20;0;0;16;20
30207;1712;444;16;20;0;0;16;20
30208;1728;444;16;20;0;0;16;20
30209;1744;444;16;20;0;0;16;20
30211;1760;444;16;20;0;0;16;20
30214;1776;444;16;20;0;0;16;20
30218;1792;444;16;20;0;0;16;20
30219;1808;444;16;20;0;0;16;20
30220;1824;444;16;20;0;0;16;20
30221;1840;444;16;20;0;0;16;20
30224;1856;444;16;20;0;0;16;20
30227;1872;444;16;20;0;0;16;20
30230;1888;444;16;20;0;0;16;20
30232;1904;444;16;20;0;0;16;20
30233;1920;444;16;20;0;0;16;20
30235;1936;444;16;20;0;0;16;20
30238;1952;444;16;20;0;0;16;20
30239;1968;444;16;20;0;0;16;20
30240;1984;444;16;20;0;0;16;20
30241;2000;444;16;20;0;0;16;20
30242;2016;444;16;20;0;0;16;20
30244;2032;444;16;20;0;0;16;20
30246;2048;444;16;20;0;0;16;20
30247;2064;444;16;20;0;0;16;20
30249;2080;444;16;20;0;0;16;20
30250;2096;444;16;20;0;0;16;20
30251;2112;444;16;20;0;0;16;20
30256;2128;444;16;20;0;0;16;20
30259;2144;444;16;20;0;0;16;20
30260;2160;444;16;20;0;0;16;20
30261;2176;444;16;20;0;0;16;20
30264;2192;444;16;20;0;0;16;20
30266;2208;444;16;20;0;0;16;20
30268;2224;444;16;20;0;0;16;20
30270;2240;444;16;20;0;0;16;20
30271;2256;444;16;20;0;0;16;20
30274;2272;444;16;20;0;0;16;20
30275;2288;444;16;20;0;0;16;20
30278;2304;444;16;20;0;0;16;20
30279;2320;444;16;20;0;0;16;20
30280;2336;444;16;20;0;0;16;20
30284;2352;444;16;20;0;0;16;20
30285;2368;444;16;20;0;0;16;20
30290;2384;444;16;20;0;0;16;20
30292;2400;444;16;20;0;0;16;20
30294;2416;444;16;20;0;0;16;20
30296;2432;444;16;20;0;0;16;20
30300;2448;444;16;20;0;0;16;20
30302;2464;444;16;20;0;0;16;20
30303;2480;444;16;20;0;0;16;20
30305;2496;444;16;20;0;0;16;20
30306;2512;444;16;20;0;0;16;20
30307;2528;444;16;20;0;0;16;20
30308;2544;444;16;20;0;0;16;20
30309;2560;444;16;20;0;0;16;20
30311;2576;444;16;20;0;0;16;20
30313;2592;444;16;20;0;0;16;20
30315;2608;444;16;20;0;0;16;20
30316;2624;444;16;20;0;0;16;20
30317;2640;444;16;20;0;0;16;20
30318;2656;444;16;20;0;0;16;20
30319;2672;444;16;20;0;0;16;20
30320;2688;444;16;20;0;0;16;20
30321;2704;444;16;20;0;0;16;20
30322;2720;444;16;20;0;0;16;20
30325;2736;444;16;20;0;0;16;20
30328;2752;444;16;20;0;0;16;20
30330;2768;444;16;20;0;0;16;20
30331;2784;444;16;20;0;0;16;20
30332;2800;444;16;20;0;0;16;20
30333;2816;444;16;20;0;0;16;20
30334;2832;444;16;20;0;0;16;20
30338;2848;444;16;20;0;0;16;20
30340;2864;444;16;20;0;0;16;20
30342;2880;444;16;20;0;0;16;20
30343;2896;444;16;20;0;0;16;20
30344;2912;444;16;20;0;0;16;20
30347;2928;444;16;20;0;0;16;20
30350;2944;444;16;20;0;0;16;20
30353;2960;444;16;20;0;0;16;20
30355;2976;444;16;20;0;0;16;20
30358;2992;444;16;20;0;0;16;20
30361;3008;444;16;20;0;0;16;20
30362;3024;444;16;20;0;0;16;20
30372;3040;444;16;20;0;0;16;20
30382;3056;444;16;20;0;0;16;20
30384;3072;444;16;20;0;0;16;20
30385;3088;444;16;20;0;0;16;20
30386;3104;444;16;20;0;0;16;20
30388;3120;444;16;20;0;0;16;20
30392;3136;444;16;20;0;0;16;20
30394;3152;444;16;20;0;0;16;20
30399;3168;444;16;20;0;0;16;20
30402;3184;444;16;20;0;0;16;20
30403;3200;444;16;20;0;0;16;20
30405;3216;444;16;20;0;0;16;20
30406;3232;444;16;20;0;0;16;20
30408;3248;444;16;20;0;0;16;20
30409;3264;444;16;20;0;0;16;20
30410;3280;444;16;20;0;0;16;20
30413;3296;444;16;20;0;0;16;20
30414;3312;444;16;20;0;0;16;20
30415;3328;444;16;20;0;0;16;20
30416;3344;444;16;20;0;0;16;20
30417;3360;444;16;20;0;0;16;20
30418;3376;444;16;20;0;0;16;20
30420;3392;444;16;20;0;0;16;20
30422;3408;444;16;20;0;0;16;20
30423;3424;444;16;20;0;0;16;20
30424;3440;444;16;20;0;0;16;20
30427;3456;444;16;20;0;0;16;20
30428;3472;444;16;20;0;0;16;20
30430;3488;444;16;20;0;0;16;20
30431;3504;444;16;20;0;0;16;20
30433;3520;444;16;20;0;0;16;20
30435;3536;444;16;20;0;0;16;20
30436;3552;444;16;20;0;0;16;20
30437;3568;444;16;20;0;0;16;20
30438;3584;444;16;20;0;0;16;20
30439;3600;444;16;20;0;0;16;20
30442;3616;444;16;20;0;0;16;20
30446;3632;444;16;20;0;0;16;20
30447;3648;444;16;20;0;0;16;20
30449;3664;444;16;20;0;0;16;20
30450;3680;444;16;20;0;0;16;20
30452;3696;444;16;20;0;0;16;20
30456;3712;444;16;20;0;0;16;20
30457;3728;444;16;20;0;0;16;20
30460;3744;444;16;20;0;0;16;20
30462;3760;444;16;20;0;0;16;20
30465;3776;444;16;20;0;0;16;20
30468;3792;444;16;20;0;0;16;20
30471;3808;444;16;20;0;0;16;20
30472;3824;444;16;20;0;0;16;20
30473;3840;444;16;20;0;0;16;20
30474;3856;444;16;20;0;0;16;20
30475;3872;444;16;20;0;0;16;20
30476;3888;444;16;20;0;0;16;20
30477;3904;444;16;20;0;0;16;20
30489;3920;444;16;20;0;0;16;20
30490;3936;444;16;20;0;0;16;20
30491;3952;444;16;20;0;0;16;20
30495;3968;444;16;20;0;0;16;20
30496;3984;444;16;20;0;0;16;20
30501;4000;444;16;20;0;0;16;20
30502;4016;444;16;20;0;0;16;20
30504;4032;444;16;20;0;0;16;20
30505;4048;444;16;20;0;0;16;20
30508;4064;444;16;20;0;0;16;20
30509;4080;444;16;20;0;0;16;20
30511;0;464;16;20;0;0;16;20
30517;16;464;16;20;0;0;16;20
30518;32;464;16;20;0;0;16;20
30519;48;464;16;20;0;0;16;20
30520;64;464;16;20;0;0;16;20
30522;80;464;16;20;0;0;16;20
30524;96;464;16;20;0;0;16;20
30526;112;464;16;20;0;0;16;20
30528;128;464;16;20;0;0;16;20
30529;144;464;16;20;0;0;16;20
30531;160;464;16;20;0;0;16;20
30532;176;464;16;20;0;0;16;20
30535;192;464;16;20;0;0;16;20
30543;208;464;16;20;0;0;16;20
30544;224;464;16;20;0;0;16;20
30545;240;464;16;20;0;0;16;20
30554;256;464;16;20;0;0;16;20
30555;272;464;16;20;0;0;16;20
30556;288;464;16;20;0;0;16;20
30558;304;464;16;20;0;0;16;20
30561;320;464;16;20;0;0;16;20
30562;336;464;16;20;0;0;16;20
30563;352;464;16;20;0;0;16;20
30565;368;464;16;20;0;0;16;20
30566;384;464;16;20;0;0;16;20
30568;400;464;16;20;0;0;16;20
30570;416;464;16;20;0;0;16;20
30571;432;464;16;20;0;0;16;20
30572;448;464;16;20;0;0;16;20
30585;464;464;16;20;0;0;16;20
30589;480;464;16;20;0;0;16;20
30590;496;464;16;20;0;0;16;20
30591;512;464;16;20;0;0;16;20
30592;528;464;16;20;0;0;16;20
30596;544;464;16;20;0;0;16;20
30597;560;464;16;20;0;0;16;20
30599;576;464;16;20;0;0;16;20
30603;592;464;16;20;0;0;16;20
30604;608;464;16;20;0;0;16;20
30606;624;464;16;20;0;0;16;20
30609;640;464;16;20;0;0;16;20
30610;656;464;16;20;0;0;16;20
30616;672;464;16;20;0;0;16;20
30622;688;464;16;20;0;0;16;20
30623;704;464;16;20;0;0;16;20
30624;720;464;16;20;0;0;16;20
30626;736;464;16;20;0;0;16;20
30629;752;464;16;20;0;0;16;20
30631;768;464;16;20;0;0;16;20
30633;784;464;16;20;0;0;16;20
30634;800;464;16;20;0;0;16;20
30636;816;464;16;20;0;0;16;20
30637;832;464;16;20;0;0;16;20
30640;848;464;16;20;0;0;16;20
30643;864;464;16;20;0;0;16;20
30645;880;464;16;20;0;0;16;20
30647;896;464;16;20;0;0;16;20
30651;912;464;16;20;0;0;16;20
30652;928;464;16;20;0;0;16;20
30653;944;464;16;20;0;0;16;20
30655;960;464;16;20;0;0;16;20
30663;976;464;16;20;0;0;16;20
30669;992;464;16;20;0;0;16;20
30675;1008;464;16;20;0;0;16;20
30679;1024;464;16;20;0;0;16;20
30682;1040;464;16;20;0;0;16;20
30683;1056;464;16;20;0;0;16;20
30684;1072;464;16;20;0;0;16;20
30690;1088;464;16;20;0;0;16;20
30691;1104;464;16;20;0;0;16;20
30693;1120;464;16;20;0;0;16;20
30697;1136;464;16;20;0;0;16;20
30699;1152;464;16;20;0;0;16;20
30700;1168;464;16;20;0;0;16;20
30701;1184;464;16;20;0;0;16;20
30702;1200;464;16;20;0;0;16;20
30703;1216;464;16;20;0;0;16;20
30707;1232;464;16;20;0;0;16;20
30710;1248;464;16;20;0;0;16;20
30712;1264;464;16;20;0;0;16;20
30715;1280;464;16;20;0;0;16;20
30717;1296;464;16;20;0;0;16;20
30718;1312;464;16;20;0;0;16;20
30719;1328;464;16;20;0;0;16;20
30720;1344;464;16;20;0;0;16;20
30721;1360;464;16;20;0;0;16;20
30722;1376;464;16;20;0;0;16;20
30732;1392;464;16;20;0;0;16;20
30733;1408;464;16;20;0;0;16;20
30738;1424;464;16;20;0;0;16;20
30740;1440;464;16;20;0;0;16;20
30741;1456;464;16;20;0;0;16;20
30742;1472;464;16;20;0;0;16;20
30743;1488;464;16;20;0;0;16;20
30744;1504;464;16;20;0;0;16;20
30746;1520;464;16;20;0;0;16;20
30748;1536;464;16;20;0;0;16;20
30749;1552;464;16;20;0;0;16;20
30751;1568;464;16;20;0;0;16;20
30755;1584;464;16;20;0;0;16;20
30757;1600;464;16;20;0;0;16;20
30758;1616;464;16;20;0;0;16;20
30759;1632;464;16;20;0;0;16;20
30765;1648;464;16;20;0;0;16;20
30767;1664;464;16;20;0;0;16;20
30768;1680;464;16;20;0;0;16;20
30770;1696;464;16;20;0;0;16;20
30772;1712;464;16;20;0;0;16;20
30775;1728;464;16;20;0;0;16;20
30776;1744;464;16;20;0;0;16;20
30777;1760;464;16;20;0;0;16;20
30778;1776;464;16;20;0;0;16;20
30779;1792;464;16;20;0;0;16;20
30780;1808;464;16;20;0;0;16;20
30782;1824;464;16;20;0;0;16;20
30784;1840;464;16;20;0;0;16;20
30787;1856;464;16;20;0;0;16;20
30789;1872;464;16;20;0;0;16;20
30791;1888;464;16;20;0;0;16;20
30796;1904;464;16;20;0;0;16;20
30798;1920;464;16;20;0;0;16;20
30800;1936;464;16;20;0;0;16;20
30802;1952;464;16;20;0;0;16;20
30805;1968;464;16;20;0;0;16;20
30806;1984;464;16;20;0;0;16;20
30807;2000;464;16;20;0;0;16;20
30813;2016;464;16;20;0;0;16;20
30820;2032;464;16;20;0;0;16;20
30824;2048;464;16;20;0;0;16;20
30827;2064;464;16;20;0;0;16;20
30828;2080;464;16;20;0;0;16;20
30829;2096;464;16;20;0;0;16;20
30830;2112;464;16;20;0;0;16;20
30831;2128;464;16;20;0;0;16;20
30844;2144;464;16;20;0;0;16;20
30849;2160;464;16;20;0;0;16;20
30855;2176;464;16;20;0;0;16;20
30857;2192;464;16;20;0;0;16;20
30860;2208;464;16;20;0;0;16;20
30861;2224;464;16;20;0;0;16;20
30862;2240;464;16;20;0;0;16;20
30865;2256;464;16;20;0;0;16;20
30867;2272;464;16;20;0;0;16;20
30871;2288;464;16;20;0;0;16;20
30872;2304;464;16;20;0;0;16;20
30874;2320;464;16;20;0;0;16;20
30875;2336;464;16;20;0;0;16;20
30876;2352;464;16;20;0;0;16;20
30879;2368;464;16;20;0;0;16;20
30881;2384;464;16;20;0;0;16;20
30883;2400;464;16;20;0;0;16;20
30887;2416;464;16;20;0;0;16;20
30889;2432;464;16;20;0;0;16;20
30893;2448;464;16;20;0;0;16;20
30896;2464;464;16;20;0;0;16;20
30897;2480;464;16;20;0;0;16;20
30898;2496;464;16;20;0;0;16;20
30899;2512;464;16;20;0;0;16;20
30900;2528;464;16;20;0;0;16;20
30904;2544;464;16;20;0;0;16;20
30906;2560;464;16;20;0;0;16;20
30908;2576;464;16;20;0;0;16;20
30910;2592;464;16;20;0;0;16;20
30913;2608;464;16;20;0;0;16;20
30917;2624;464;16;20;0;0;16;20
30922;2640;464;16;20;0;0;16;20
30923;2656;464;16;20;0;0;16;20
30928;2672;464;16;20;0;0;16;20
30932;2688;464;16;20;0;0;16;20
30933;2704;464;16;20;0;0;16;20
30937;2720;464;16;20;0;0;16;20
30938;2736;464;16;20;0;0;16;20
30947;2752;464;16;20;0;0;16;20
30951;2768;464;16;20;0;0;16;20
30952;2784;464;16;20;0;0;16;20
30956;2800;464;16;20;0;0;16;20
30959;2816;464;16;20;0;0;16;20
30962;2832;464;16;20;0;0;16;20
30964;2848;464;16;20;0;0;16;20
30967;2864;464;16;20;0;0;16;20
30970;2880;464;16;20;0;0;16;20
30973;2896;464;16;20;0;0;16;20
30977;2912;464;16;20;0;0;16;20
30981;2928;464;16;20;0;0;16;20
30990;2944;464;16;20;0;0;16;20
30995;2960;464;16;20;0;0;16;20
31001;2976;464;16;20;0;0;16;20
31014;2992;464;16;20;0;0;16;20
31016;3008;464;16;20;0;0;16;20
31018;3024;464;16;20;0;0;16;20
31019;3040;464;16;20;0;0;16;20
31020;3056;464;16;20;0;0;16;20
31025;3072;464;16;20;0;0;16;20
31028;3088;464;16;20;0;0;16;20
31034;3104;464;16;20;0;0;16;20
31036;3120;464;16;20;0;0;16;20
31038;3136;464;16;20;0;0;16;20
31040;3152;464;16;20;0;0;16;20
31041;3168;464;16;20;0;0;16;20
31042;3184;464;16;20;0;0;16;20
31046;3200;464;16;20;0;0;16;20
31047;3216;464;16;20;0;0;16;20
31048;3232;464;16;20;0;0;16;20
31049;3248;464;16;20;0;0;16;20
31054;3264;464;16;20;0;0;16;20
31056;3280;464;16;20;0;0;16;20
31059;3296;464;16;20;0;0;16;20
31061;3312;464;16;20;0;0;16;20
31062;3328;464;16;20;0;0;16;20
31063;3344;464;16;20;0;0;16;20
31066;3360;464;16;20;0;0;16;20
31067;3376;464;16;20;0;0;16;20
31068;3392;464;16;20;0;0;16;20
31069;3408;464;16;20;0;0;16;20
31070;3424;464;16;20;0;0;16;20
31071;3440;464;16;20;0;0;16;20
31072;3456;464;16;20;0;0;16;20
31074;3472;464;16;20;0;0;16;20
31077;3488;464;16;20;0;0;16;20
31080;3504;464;16;20;0;0;16;20
31085;3520;464;16;20;0;0;16;20
31087;3536;464;16;20;0;0;16;20
31095;3552;464;16;20;0;0;16;20
31096;3568;464;16;20;0;0;16;20
31098;3584;464;16;20;0;0;16;20
31100;3600;464;16;20;0;0;16;20
31102;3616;464;16;20;0;0;16;20
31103;3632;464;16;20;0;0;16;20
31104;3648;464;16;20;0;0;16;20
31105;3664;464;16;20;0;0;16;20
31108;3680;464;16;20;0;0;16;20
31109;3696;464;16;20;0;0;16;20
31114;3712;464;16;20;0;0;16;20
31117;3728;464;16;20;0;0;16;20
31118;3744;464;16;20;0;0;16;20
31119;3760;464;16;20;0;0;16;20
31142;3776;464;16;20;0;0;16;20
31143;3792;464;16;20;0;0;16;20
31146;3808;464;16;20;0;0;16;20
31150;3824;464;16;20;0;0;16;20
31152;3840;464;16;20;0;0;16;20
31153;3856;464;16;20;0;0;16;20
31155;3872;464;16;20;0;0;16;20
31161;3888;464;16;20;0;0;16;20
31162;3904;464;16;20;0;0;16;20
31163;3920;464;16;20;0;0;16;20
31165;3936;464;16;20;0;0;16;20
31166;3952;464;16;20;0;0;16;20
31167;3968;464;16;20;0;0;16;20
31168;3984;464;16;20;0;0;16;20
31169;4000;464;16;20;0;0;16;20
31171;4016;464;16;20;0;0;16;20
31174;4032;464;16;20;0;0;16;20
31176;4048;464;16;20;0;0;16;20
31177;4064;464;16;20;0;0;16;20
31179;4080;464;16;20;0;0;16;20
31181;0;484;16;20;0;0;16;20
31185;16;484;16;20;0;0;16;20
31186;32;484;16;20;0;0;16;20
31189;48;484;16;20;0;0;16;20
31192;64;484;16;20;0;0;16;20
31199;80;484;16;20;0;0;16;20
31203;96;484;16;20;0;0;16;20
31204;112;484;16;20;0;0;16;20
31206;128;484;16;20;0;0;16;20
31207;144;484;16;20;0;0;16;20
31209;160;484;16;20;0;0;16;20
31211;176;484;16;20;0;0;16;20
31213;192;484;16;20;0;0;16;20
31215;208;484;16;20;0;0;16;20
31216;224;484;16;20;0;0;16;20
31224;240;484;16;20;0;0;16;20
31227;256;484;16;20;0;0;16;20
31229;272;484;16;20;0;0;16;20
31230;288;484;16;20;0;0;16;20
31232;304;484;16;20;0;0;16;20
31234;320;484;16;20;0;0;16;20
31235;336;484;16;20;0;0;16;20
31237;352;484;16;20;0;0;16;20
31240;368;484;16;20;0;0;16;20
31243;384;484;16;20;0;0;16;20
31245;400;484;16;20;0;0;16;20
31246;416;484;16;20;0;0;16;20
31252;432;484;16;20;0;0;16;20
31255;448;484;16;20;0;0;16;20
31258;464;484;16;20;0;0;16;20
31260;480;484;16;20;0;0;16;20
31262;496;484;16;20;0;0;16;20
31263;512;484;16;20;0;0;16;20
31264;528;484;16;20;0;0;16;20
31267;544;484;16;20;0;0;16;20
31277;560;484;16;20;0;0;16;20
31278;576;484;16;20;0;0;16;20
31281;592;484;16;20;0;0;16;20
31282;608;484;16;20;0;0;16;20
31283;624;484;16;20;0;0;16;20
31287;640;484;16;20;0;0;16;20
31289;656;484;16;20;0;0;16;20
31291;672;484;16;20;0;0;16;20
31292;688;484;16;20;0;0;16;20
31293;704;484;16;20;0;0;16;20
31295;720;484;16;20;0;0;16;20
31296;736;484;16;20;0;0;16;20
31298;752;484;16;20;0;0;16;20
31302;768;484;16;20;0;0;16;20
31308;784;484;16;20;0;0;16;20
31309;800;484;16;20;0;0;16;20
31310;816;484;16;20;0;0;16;20
31311;832;484;16;20;0;0;16;20
31313;848;484;16;20;0;0;16;20
31319;864;484;16;20;0;0;16;20
31328;880;484;16;20;0;0;16;20
31329;896;484;16;20;0;0;16;20
31330;912;484;16;20;0;0;16;20
31337;928;484;16;20;0;0;16;20
31339;944;484;16;20;0;0;16;20
31344;960;484;16;20;0;0;16;20
31348;976;484;16;20;0;0;16;20
31350;992;484;16;20;0;0;16;20
31351;1008;484;16;20;0;0;16;20
31353;1024;484;16;20;0;0;16;20
31354;1040;484;16;20;0;0;16;20
31359;1056;484;16;20;0;0;16;20
31361;1072;484;16;20;0;0;16;20
31363;1088;484;16;20;0;0;16;20
31364;1104;484;16;20;0;0;16;20
31368;1120;484;16;20;0;0;16;20
31373;1136;484;16;20;0;0;16;20
31377;1152;484;16;20;0;0;16;20
31378;1168;484;16;20;0;0;16;20
31379;1184;484;16;20;0;0;16;20
31381;1200;484;16;20;0;0;16;20
31382;1216;484;16;20;0;0;16;20
31383;1232;484;16;20;0;0;16;20
31384;1248;484;16;20;0;0;16;20
31388;1264;484;16;20;0;0;16;20
31389;1280;484;16;20;0;0;16;20
31391;1296;484;16;20;0;0;16;20
31392;1312;484;16;20;0;0;16;20
31395;1328;484;16;20;0;0;16;20
31397;1344;484;16;20;0;0;16;20
31398;1360;484;16;20;0;0;16;20
31400;1376;484;16;20;0;0;16;20
31401;1392;484;16;20;0;0;16;20
31402;1408;484;16;20;0;0;16;20
31406;1424;484;16;20;0;0;16;20
31407;1440;484;16;20;0;0;16;20
31411;1456;484;16;20;0;0;16;20
31416;1472;484;16;20;0;0;16;20
31418;1488;484;16;20;0;0;16;20
31423;1504;484;16;20;0;0;16;20
31428;1520;484;16;20;0;0;16;20
31429;1536;484;16;20;0;0;16;20
31431;1552;484;16;20;0;0;16;20
31432;1568;484;16;20;0;0;16;20
31434;1584;484;16;20;0;0;16;20
31435;1600;484;16;20;0;0;16;20
31441;1616;484;16;20;0;0;16;20
31446;1632;484;16;20;0;0;16;20
31449;1648;484;16;20;0;0;16;20
31452;1664;484;16;20;0;0;16;20
31454;1680;484;16;20;0;0;16;20
31455;1696;484;16;20;0;0;16;20
31456;1712;484;16;20;0;0;16;20
31459;1728;484;16;20;0;0;16;20
31461;1744;484;16;20;0;0;16;20
31462;1760;484;16;20;0;0;16;20
31469;1776;484;16;20;0;0;16;20
31471;1792;484;16;20;0;0;16;20
31478;1808;484;16;20;0;0;16;20
31481;1824;484;16;20;0;0;16;20
31482;1840;484;16;20;0;0;16;20
31485;1856;484;16;20;0;0;16;20
31487;1872;484;16;20;0;0;16;20
31491;1888;484;16;20;0;0;16;20
31492;1904;484;16;20;0;0;16;20
31494;1920;484;16;20;0;0;16;20
31496;1936;484;16;20;0;0;16;20
31498;1952;484;16;20;0;0;16;20
31499;1968;484;16;20;0;0;16;20
31503;1984;484;16;20;0;0;16;20
31505;2000;484;16;20;0;0;16;20
31508;2016;484;16;20;0;0;16;20
31509;2032;484;16;20;0;0;16;20
31513;2048;484;16;20;0;0;16;20
31515;2064;484;16;20;0;0;16;20
31518;2080;484;16;20;0;0;16;20
31520;2096;484;16;20;0;0;16;20
31524;2112;484;16;20;0;0;16;20
31525;2128;484;16;20;0;0;16;20
31526;2144;484;16;20;0;0;16;20
31528;2160;484;16;20;0;0;16;20
31530;2176;484;16;20;0;0;16;20
31531;2192;484;16;20;0;0;16;20
31532;2208;484;16;20;0;0;16;20
31534;2224;484;16;20;0;0;16;20
31539;2240;484;16;20;0;0;16;20
31544;2256;484;16;20;0;0;16;20
31546;2272;484;16;20;0;0;16;20
31547;2288;484;16;20;0;0;16;20
31548;2304;484;16;20;0;0;16;20
31550;2320;484;16;20;0;0;16;20
31558;2336;484;16;20;0;0;16;20
31559;2352;484;16;20;0;0;16;20
31561;2368;484;16;20;0;0;16;20
31562;2384;484;16;20;0;0;16;20
31563;2400;484;16;20;0;0;16;20
31564;2416;484;16;20;0;0;16;20
31565;2432;484;16;20;0;0;16;20
31567;2448;484;16;20;0;0;16;20
31568;2464;484;16;20;0;0;16;20
31569;2480;484;16;20;0;0;16;20
31570;2496;484;16;20;0;0;16;20
31572;2512;484;16;20;0;0;16;20
31574;2528;484;16;20;0;0;16;20
31578;2544;484;16;20;0;0;16;20
31579;2560;484;16;20;0;0;16;20
31581;2576;484;16;20;0;0;16;20
31584;2592;484;16;20;0;0;16;20
31586;2608;484;16;20;0;0;16;20
31591;2624;484;16;20;0;0;16;20
31598;2640;484;16;20;0;0;16;20
31601;2656;484;16;20;0;0;16;20
31602;2672;484;16;20;0;0;16;20
31603;2688;484;16;20;0;0;16;20
31605;2704;484;16;20;0;0;16;20
31607;2720;484;16;20;0;0;16;20
31609;2736;484;16;20;0;0;16;20
31614;2752;484;16;20;0;0;16;20
31616;2768;484;16;20;0;0;16;20
31621;2784;484;16;20;0;0;16;20
31623;2800;484;16;20;0;0;16;20
31627;2816;484;16;20;0;0;16;20
31629;2832;484;16;20;0;0;16;20
31631;2848;484;16;20;0;0;16;20
31632;2864;484;16;20;0;0;16;20
31635;2880;484;16;20;0;0;16;20
31636;2896;484;16;20;0;0;16;20
31637;2912;484;16;20;0;0;16;20
31639;2928;484;16;20;0;0;16;20
31644;2944;484;16;20;0;0;16;20
31645;2960;484;16;20;0;0;16;20
31649;2976;484;16;20;0;0;16;20
31650;2992;484;16;20;0;0;16;20
31654;3008;484;16;20;0;0;16;20
31655;3024;484;16;20;0;0;16;20
31657;3040;484;16;20;0;0;16;20
31658;3056;484;16;20;0;0;16;20
31659;3072;484;16;20;0;0;16;20
31660;3088;484;16;20;0;0;16;20
31661;3104;484;16;20;0;0;16;20
31665;3120;484;16;20;0;0;16;20
31668;3136;484;16;20;0;0;16;20
31672;3152;484;16;20;0;0;16;20
31680;3168;484;16;20;0;0;16;20
31681;3184;484;16;20;0;0;16;20
31684;3200;484;16;20;0;0;16;20
31686;3216;484;16;20;0;0;16;20
31687;3232;484;16;20;0;0;16;20
31689;3248;484;16;20;0;0;16;20
31691;3264;484;16;20;0;0;16;20
31692;3280;484;16;20;0;0;16;20
31697;3296;484;16;20;0;0;16;20
31699;3312;484;16;20;0;0;16;20
31705;3328;484;16;20;0;0;16;20
31709;3344;484;16;20;0;0;16;20
31712;3360;484;16;20;0;0;16;20
31713;3376;484;16;20;0;0;16;20
31716;3392;484;16;20;0;0;16;20
31717;3408;484;16;20;0;0;16;20
31718;3424;484;16;20;0;0;16;20
31721;3440;484;16;20;0;0;16;20
31722;3456;484;16;20;0;0;16;20
31726;3472;484;16;20;0;0;16;20
31729;3488;484;16;20;0;0;16;20
31731;3504;484;16;20;0;0;16;20
31735;3520;484;16;20;0;0;16;20
31740;3536;484;16;20;0;0;16;20
31742;3552;484;16;20;0;0;16;20
31744;3568;484;16;20;0;0;16;20
31751;3584;484;16;20;0;0;16;20
31755;3600;484;16;20;0;0;16;20
31756;3616;484;16;20;0;0;16;20
31757;3632;484;16;20;0;0;16;20
31759;3648;484;16;20;0;0;16;20
31761;3664;484;16;20;0;0;16;20
31766;3680;484;16;20;0;0;16;20
31774;3696;484;16;20;0;0;16;20
31775;3712;484;16;20;0;0;16;20
31777;3728;484;16;20;0;0;16;20
31779;3744;484;16;20;0;0;16;20
31782;3760;484;16;20;0;0;16;20
31783;3776;484;16;20;0;0;16;20
31786;3792;484;16;20;0;0;16;20
31787;3808;484;16;20;0;0;16;20
31799;3824;484;16;20;0;0;16;20
31800;3840;484;16;20;0;0;16;20
31805;3856;484;16;20;0;0;16;20
31806;3872;484;16;20;0;0;16;20
31807;3888;484;16;20;0;0;16;20
31808;3904;484;16;20;0;0;16;20
31809;3920;484;16;20;0;0;16;20
31811;3936;484;16;20;0;0;16;20
31820;3952;484;16;20;0;0;16;20
31821;3968;484;16;20;0;0;16;20
31824;3984;484;16;20;0;0;16;20
31839;4000;484;16;20;0;0;16;20
31840;4016;484;16;20;0;0;16;20
31844;4032;484;16;20;0;0;16;20
31849;4048;484;16;20;0;0;16;20
31850;4064;484;16;20;0;0;16;20
31852;4080;484;16;20;0;0;16;20
31854;0;504;16;20;0;0;16;20
31858;16;504;16;20;0;0;16;20
31859;32;504;16;20;0;0;16;20
31860;48;504;16;20;0;0;16;20
31867;64;504;16;20;0;0;16;20
31868;80;504;16;20;0;0;16;20
31869;96;504;16;20;0;0;16;20
31881;112;504;16;20;0;0;16;20
31883;128;504;16;20;0;0;16;20
31889;144;504;16;20;0;0;16;20
31890;160;504;16;20;0;0;16;20
31893;176;504;16;20;0;0;16;20
31895;192;504;16;20;0;0;16;20
31896;208;504;16;20;0;0;16;20
31899;224;504;16;20;0;0;16;20
31900;240;504;16;20;0;0;16;20
31901;256;504;16;20;0;0;16;20
31902;272;504;16;20;0;0;16;20
31903;288;504;16;20;0;0;16;20
31908;304;504;16;20;0;0;16;20
31909;320;504;16;20;0;0;16;20
31911;336;504;16;20;0;0;16;20
31914;352;504;16;20;0;0;16;20
31918;368;504;16;20;0;0;16;20
31921;384;504;16;20;0;0;16;20
31922;400;504;16;20;0;0;16;20
31923;416;504;16;20;0;0;16;20
31925;432;504;16;20;0;0;16;20
31929;448;504;16;20;0;0;16;20
31932;464;504;16;20;0;0;16;20
31933;480;504;16;20;0;0;16;20
31934;496;504;16;20;0;0;16;20
31935;512;504;16;20;0;0;16;20
31937;528;504;16;20;0;0;16;20
31941;544;504;16;20;0;0;16;20
31946;560;504;16;20;0;0;16;20
31948;576;504;16;20;0;0;16;20
31949;592;504;16;20;0;0;16;20
31957;608;504;16;20;0;0;16;20
31958;624;504;16;20;0;0;16;20
31959;640;504;16;20;0;0;16;20
31961;656;504;16;20;0;0;16;20
31964;672;504;16;20;0;0;16;20
31965;688;504;16;20;0;0;16;20
31966;704;504;16;20;0;0;16;20
31967;720;504;16;20;0;0;16;20
31968;736;504;16;20;0;0;16;20
31975;752;504;16;20;0;0;16;20
31976;768;504;16;20;0;0;16;20
31983;784;504;16;20;0;0;16;20
31986;800;504;16;20;0;0;16;20
31988;816;504;16;20;0;0;16;20
31990;832;504;16;20;0;0;16;20
31992;848;504;16;20;0;0;16;20
31995;864;504;16;20;0;0;16;20
31998;880;504;16;20;0;0;16;20
32000;896;504;16;20;0;0;16;20
32002;912;504;16;20;0;0;16;20
32004;928;504;16;20;0;0;16;20
32005;944;504;16;20;0;0;16;20
32006;960;504;16;20;0;0;16;20
32007;976;504;16;20;0;0;16;20
32008;992;504;16;20;0;0;16;20
32009;1008;504;16;20;0;0;16;20
32010;1024;504;16;20;0;0;16;20
32011;1040;504;16;20;0;0;16;20
32013;1056;504;16;20;0;0;16;20
32016;1072;504;16;20;0;0;16;20
32019;1088;504;16;20;0;0;16;20
32020;1104;504;16;20;0;0;16;20
32021;1120;504;16;20;0;0;16;20
32023;1136;504;16;20;0;0;16;20
32025;1152;504;16;20;0;0;16;20
32026;1168;504;16;20;0;0;16;20
32027;1184;504;16;20;0;0;16;20
32028;1200;504;16;20;0;0;16;20
32032;1216;504;16;20;0;0;16;20
32033;1232;504;16;20;0;0;16;20
32034;1248;504;16;20;0;0;16;20
32039;1264;504;16;20;0;0;16;20
32043;1280;504;16;20;0;0;16;20
32046;1296;504;16;20;0;0;16;20
32047;1312;504;16;20;0;0;16;20
32048;1328;504;16;20;0;0;16;20
32049;1344;504;16;20;0;0;16;20
32050;1360;504;16;20;0;0;16;20
32051;1376;504;16;20;0;0;16;20
32057;1392;504;16;20;0;0;16;20
32058;1408;504;16;20;0;0;16;20
32063;1424;504;16;20;0;0;16;20
32064;1440;504;16;20;0;0;16;20
32066;1456;504;16;20;0;0;16;20
32067;1472;504;16;20;0;0;16;20
32068;1488;504;16;20;0;0;16;20
32070;1504;504;16;20;0;0;16;20
32076;1520;504;16;20;0;0;16;20
32078;1536;504;16;20;0;0;16;20
32080;1552;504;16;20;0;0;16;20
32085;1568;504;16;20;0;0;16;20
32091;1584;504;16;20;0;0;16;20
32093;1600;504;16;20;0;0;16;20
32094;1616;504;16;20;0;0;16;20
32097;1632;504;16;20;0;0;16;20
32098;1648;504;16;20;0;0;16;20
32102;1664;504;16;20;0;0;16;20
32104;1680;504;16;20;0;0;16;20
32110;1696;504;16;20;0;0;16;20
32113;1712;504;16;20;0;0;16;20
32114;1728;504;16;20;0;0;16;20
32115;1744;504;16;20;0;0;16;20
32117;1760;504;16;20;0;0;16;20
32118;1776;504;16;20;0;0;16;20
32121;1792;504;16;20;0;0;16;20
32129;1808;504;16;20;0;0;16;20
32131;1824;504;16;20;0;0;16;20
32134;1840;504;16;20;0;0;16;20
32136;1856;504;16;20;0;0;16;20
32143;1872;504;16;20;0;0;16;20
32145;1888;504;16;20;0;0;16;20
32147;1904;504;16;20;0;0;16;20
32153;1920;504;16;20;0;0;16;20
32154;1936;504;16;20;0;0;16;20
32156;1952;504;16;20;0;0;16;20
32160;1968;504;16;20;0;0;16;20
32162;1984;504;16;20;0;0;16;20
32163;2000;504;16;20;0;0;16;20
32166;2016;504;16;20;0;0;16;20
32169;2032;504;16;20;0;0;16;20
32172;2048;504;16;20;0;0;16;20
32173;2064;504;16;20;0;0;16;20
32174;2080;504;16;20;0;0;16;20
32176;2096;504;16;20;0;0;16;20
32177;2112;504;16;20;0;0;16;20
32178;2128;504;16;20;0;0;16;20
32179;2144;504;16;20;0;0;16;20
32180;2160;504;16;20;0;0;16;20
32181;2176;504;16;20;0;0;16;20
32184;2192;504;16;20;0;0;16;20
32185;2208;504;16;20;0;0;16;20
32186;2224;504;16;20;0;0;16;20
32187;2240;504;16;20;0;0;16;20
32189;2256;504;16;20;0;0;16;20
32190;2272;504;16;20;0;0;16;20
32191;2288;504;16;20;0;0;16;20
32196;2304;504;16;20;0;0;16;20
32199;2320;504;16;20;0;0;16;20
32202;2336;504;16;20;0;0;16;20
32203;2352;504;16;20;0;0;16;20
32207;2368;504;16;20;0;0;16;20
32209;2384;504;16;20;0;0;16;20
32210;2400;504;16;20;0;0;16;20
32212;2416;504;16;20;0;0;16;20
32215;2432;504;16;20;0;0;16;20
32216;2448;504;16;20;0;0;16;20
32217;2464;504;16;20;0;0;16;20
32218;2480;504;16;20;0;0;16;20
32221;2496;504;16;20;0;0;16;20
32222;2512;504;16;20;0;0;16;20
32224;2528;504;16;20;0;0;16;20
32225;2544;504;16;20;0;0;16;20
32227;2560;504;16;20;0;0;16;20
32230;2576;504;16;20;0;0;16;20
32232;2592;504;16;20;0;0;16;20
32233;2608;504;16;20;0;0;16;20
32236;2624;504;16;20;0;0;16;20
32239;2640;504;16;20;0;0;16;20
32241;2656;504;16;20;0;0;16;20
32242;2672;504;16;20;0;0;16;20
32244;2688;504;16;20;0;0;16;20
32249;2704;504;16;20;0;0;16;20
32251;2720;504;16;20;0;0;16;20
32257;2736;504;16;20;0;0;16;20
32260;2752;504;16;20;0;0;16;20
32264;2768;504;16;20;0;0;16;20
32265;2784;504;16;20;0;0;16;20
32266;2800;504;16;20;0;0;16;20
32267;2816;504;16;20;0;0;16;20
32272;2832;504;16;20;0;0;16;20
32273;2848;504;16;20;0;0;16;20
32283;2864;504;16;20;0;0;16;20
32285;2880;504;16;20;0;0;16;20
32286;2896;504;16;20;0;0;16;20
32287;2912;504;16;20;0;0;16;20
32288;2928;504;16;20;0;0;16;20
32291;2944;504;16;20;0;0;16;20
32294;2960;504;16;20;0;0;16;20
32299;2976;504;16;20;0;0;16;20
32301;2992;504;16;20;0;0;16;20
32302;3008;504;16;20;0;0;16;20
32305;3024;504;16;20;0;0;16;20
32306;3040;504;16;20;0;0;16;20
32308;3056;504;16;20;0;0;16;20
32309;3072;504;16;20;0;0;16;20
32311;3088;504;16;20;0;0;16;20
32313;3104;504;16;20;0;0;16;20
32315;3120;504;16;20;0;0;16;20
32317;3136;504;16;20;0;0;16;20
32318;3152;504;16;20;0;0;16;20
32321;3168;504;16;20;0;0;16;20
32323;3184;504;16;20;0;0;16;20
32325;3200;504;16;20;0;0;16;20
32326;3216;504;16;20;0;0;16;20
32327;3232;504;16;20;0;0;16;20
32328;3248;504;16;20;0;0;16;20
32330;3264;504;16;20;0;0;16;20
32338;3280;504;16;20;0;0;16;20
32340;3296;504;16;20;0;0;16;20
32341;3312;504;16;20;0;0;16;20
32346;3328;504;16;20;0;0;16;20
32350;3344;504;16;20;0;0;16;20
32353;3360;504;16;20;0;0;16;20
32361;3376;504;16;20;0;0;16;20
32362;3392;504;16;20;0;0;16;20
32363;3408;504;16;20;0;0;16;20
32365;3424;504;16;20;0;0;16;20
32367;3440;504;16;20;0;0;16;20
32368;3456;504;16;20;0;0;16;20
32371;3472;504;16;20;0;0;16;20
32377;3488;504;16;20;0;0;16;20
32380;3504;504;16;20;0;0;16;20
32381;3520;504;16;20;0;0;16;20
32382;3536;504;16;20;0;0;16;20
32386;3552;504;16;20;0;0;16;20
32392;3568;504;16;20;0;0;16;20
32396;3584;504;16;20;0;0;16;20
32397;3600;504;16;20;0;0;16;20
32399;3616;504;16;20;0;0;16;20
32402;3632;504;16;20;0;0;16;20
32403;3648;504;16;20;0;0;16;20
32404;3664;504;16;20;0;0;16;20
32406;3680;504;16;20;0;0;16;20
32408;3696;504;16;20;0;0;16;20
32411;3712;504;16;20;0;0;16;20
32412;3728;504;16;20;0;0;16;20
32416;3744;504;16;20;0;0;16;20
32417;3760;504;16;20;0;0;16;20
32418;3776;504;16;20;0;0;16;20
32419;3792;504;16;20;0;0;16;20
32420;3808;504;16;20;0;0;16;20
32421;3824;504;16;20;0;0;16;20
32422;3840;504;16;20;0;0;16;20
32423;3856;504;16;20;0;0;16;20
32424;3872;504;16;20;0;0;16;20
32426;3888;504;16;20;0;0;16;20
32427;3904;504;16;20;0;0;16;20
32428;3920;504;16;20;0;0;16;20
32429;3936;504;16;20;0;0;16;20
32431;3952;504;16;20;0;0;16;20
32432;3968;504;16;20;0;0;16;20
32433;3984;504;16;20;0;0;16;20
32434;4000;504;16;20;0;0;16;20
32435;4016;504;16;20;0;0;16;20
32436;4032;504;16;20;0;0;16;20
32437;4048;504;16;20;0;0;16;20
32438;4064;504;16;20;0;0;16;20
32439;4080;504;16;20;0;0;16;20
32440;0;524;16;20;0;0;16;20
32441;16;524;16;20;0;0;16;20
32442;32;524;16;20;0;0;16;20
32445;48;524;16;20;0;0;16;20
32446;64;524;16;20;0;0;16;20
32447;80;524;16;20;0;0;16;20
32448;96;524;16;20;0;0;16;20
32449;112;524;16;20;0;0;16;20
32450;128;524;16;20;0;0;16;20
32451;144;524;16;20;0;0;16;20
32452;160;524;16;20;0;0;16;20
32453;176;524;16;20;0;0;16;20
32454;192;524;16;20;0;0;16;20
32455;208;524;16;20;0;0;16;20
32456;224;524;16;20;0;0;16;20
32457;240;524;16;20;0;0;16;20
32458;256;524;16;20;0;0;16;20
32460;272;524;16;20;0;0;16;20
32461;288;524;16;20;0;0;16;20
32462;304;524;16;20;0;0;16;20
32463;320;524;16;20;0;0;16;20
32465;336;524;16;20;0;0;16;20
32466;352;524;16;20;0;0;16;20
32467;368;524;16;20;0;0;16;20
32468;384;524;16;20;0;0;16;20
32469;400;524;16;20;0;0;16;20
32471;416;524;16;20;0;0;16;20
32472;432;524;16;20;0;0;16;20
32473;448;524;16;20;0;0;16;20
32474;464;524;16;20;0;0;16;20
32475;480;524;16;20;0;0;16;20
32476;496;524;16;20;0;0;16;20
32477;512;524;16;20;0;0;16;20
32478;528;524;16;20;0;0;16;20
32479;544;524;16;20;0;0;16;20
32480;560;524;16;20;0;0;16;20
32481;576;524;16;20;0;0;16;20
32482;592;524;16;20;0;0;16;20
32483;608;524;16;20;0;0;16;20
32485;624;524;16;20;0;0;16;20
32486;640;524;16;20;0;0;16;20
32487;656;524;16;20;0;0;16;20
32488;672;524;16;20;0;0;16;20
32489;688;524;16;20;0;0;16;20
32490;704;524;16;20;0;0;16;20
32491;720;524;16;20;0;0;16;20
32493;736;524;16;20;0;0;16;20
32494;752;524;16;20;0;0;16;20
32495;768;524;16;20;0;0;16;20
32496;784;524;16;20;0;0;16;20
32497;800;524;16;20;0;0;16;20
32498;816;524;16;20;0;0;16;20
32499;832;524;16;20;0;0;16;20
32500;848;524;16;20;0;0;16;20
32501;864;524;16;20;0;0;16;20
32502;880;524;16;20;0;0;16;20
32503;896;524;16;20;0;0;16;20
32504;912;524;16;20;0;0;16;20
32506;928;524;16;20;0;0;16;20
32507;944;524;16;20;0;0;16;20
32508;960;524;16;20;0;0;16;20
32509;976;524;16;20;0;0;16;20
32510;992;524;16;20;0;0;16;20
32511;1008;524;16;20;0;0;16;20
32512;1024;524;16;20;0;0;16;20
32513;1040;524;16;20;0;0;16;20
32514;1056;524;16;20;0;0;16;20
32515;1072;524;16;20;0;0;16;20
32516;1088;524;16;20;0;0;16;20
32517;1104;524;16;20;0;0;16;20
32518;1120;524;16;20;0;0;16;20
32519;1136;524;16;20;0;0;16;20
32520;1152;524;16;20;0;0;16;20
32521;1168;524;16;20;0;0;16;20
32524;1184;524;16;20;0;0;16;20
32526;1200;524;16;20;0;0;16;20
32529;1216;524;16;20;0;0;16;20
32530;1232;524;16;20;0;0;16;20
32531;1248;524;16;20;0;0;16;20
32532;1264;524;16;20;0;0;16;20
32533;1280;524;16;20;0;0;16;20
32534;1296;524;16;20;0;0;16;20
32535;1312;524;16;20;0;0;16;20
32536;1328;524;16;20;0;0;16;20
32537;1344;524;16;20;0;0;16;20
32538;1360;524;16;20;0;0;16;20
32539;1376;524;16;20;0;0;16;20
32540;1392;524;16;20;0;0;16;20
32541;1408;524;16;20;0;0;16;20
32543;1424;524;16;20;0;0;16;20
32544;1440;524;16;20;0;0;16;20
32545;1456;524;16;20;0;0;16;20
32546;1472;524;16;20;0;0;16;20
32547;1488;524;16;20;0;0;16;20
32548;1504;524;16;20;0;0;16;20
32549;1520;524;16;20;0;0;16;20
32550;1536;524;16;20;0;0;16;20
32551;1552;524;16;20;0;0;16;20
32552;1568;524;16;20;0;0;16;20
32553;1584;524;16;20;0;0;16;20
32554;1600;524;16;20;0;0;16;20
32555;1616;524;16;20;0;0;16;20
32556;1632;524;16;20;0;0;16;20
32557;1648;524;16;20;0;0;16;20
32558;1664;524;16;20;0;0;16;20
32559;1680;524;16;20;0;0;16;20
32560;1696;524;16;20;0;0;16;20
32561;1712;524;16;20;0;0;16;20
32562;1728;524;16;20;0;0;16;20
32563;1744;524;16;20;0;0;16;20
32564;1760;524;16;20;0;0;16;20
32565;1776;524;16;20;0;0;16;20
32566;1792;524;16;20;0;0;16;20
32568;1808;524;16;20;0;0;16;20
32570;1824;524;16;20;0;0;16;20
32573;1840;524;16;20;0;0;16;20
32578;1856;524;16;20;0;0;16;20
32580;1872;524;16;20;0;0;16;20
32581;1888;524;16;20;0;0;16;20
32584;1904;524;16;20;0;0;16;20
32588;1920;524;16;20;0;0;16;20
32591;1936;524;16;20;0;0;16;20
32592;1952;524;16;20;0;0;16;20
32593;1968;524;16;20;0;0;16;20
32596;1984;524;16;20;0;0;16;20
32597;2000;524;16;20;0;0;16;20
32599;2016;524;16;20;0;0;16;20
32600;2032;524;16;20;0;0;16;20
32602;2048;524;16;20;0;0;16;20
32607;2064;524;16;20;0;0;16;20
32609;2080;524;16;20;0;0;16;20
32610;2096;524;16;20;0;0;16;20
32611;2112;524;16;20;0;0;16;20
32616;2128;524;16;20;0;0;16;20
32617;2144;524;16;20;0;0;16;20
32618;2160;524;16;20;0;0;16;20
32622;2176;524;16;20;0;0;16;20
32624;2192;524;16;20;0;0;16;20
32625;2208;524;16;20;0;0;16;20
32626;2224;524;16;20;0;0;16;20
32628;2240;524;16;20;0;0;16;20
32629;2256;524;16;20;0;0;16;20
32631;2272;524;16;20;0;0;16;20
32633;2288;524;16;20;0;0;16;20
32637;2304;524;16;20;0;0;16;20
32638;2320;524;16;20;0;0;16;20
32641;2336;524;16;20;0;0;16;20
32645;2352;524;16;20;0;0;16;20
32646;2368;524;16;20;0;0;16;20
32648;2384;524;16;20;0;0;16;20
32650;2400;524;16;20;0;0;16;20
32652;2416;524;16;20;0;0;16;20
32654;2432;524;16;20;0;0;16;20
32657;2448;524;16;20;0;0;16;20
32660;2464;524;16;20;0;0;16;20
32666;2480;524;16;20;0;0;16;20
32670;2496;524;16;20;0;0;16;20
32671;2512;524;16;20;0;0;16;20
32673;2528;524;16;20;0;0;16;20
32676;2544;524;16;20;0;0;16;20
32677;2560;524;16;20;0;0;16;20
32679;2576;524;16;20;0;0;16;20
32680;2592;524;16;20;0;0;16;20
32681;2608;524;16;20;0;0;16;20
32687;2624;524;16;20;0;0;16;20
32688;2640;524;16;20;0;0;16;20
32690;2656;524;16;20;0;0;16;20
32694;2672;524;16;20;0;0;16;20
32696;2688;524;16;20;0;0;16;20
32697;2704;524;16;20;0;0;16;20
32700;2720;524;16;20;0;0;16;20
32701;2736;524;16;20;0;0;16;20
32703;2752;524;16;20;0;0;16;20
32705;2768;524;16;20;0;0;16;20
32709;2784;524;16;20;0;0;16;20
32714;2800;524;16;20;0;0;16;20
32716;2816;524;16;20;0;0;16;20
32718;2832;524;16;20;0;0;16;20
32722;2848;524;16;20;0;0;16;20
32724;2864;524;16;20;0;0;16;20
32725;2880;524;16;20;0;0;16;20
32728;2896;524;16;20;0;0;16;20
32730;2912;524;16;20;0;0;16;20
32735;2928;524;16;20;0;0;16;20
32736;2944;524;16;20;0;0;16;20
32737;2960;524;16;20;0;0;16;20
32741;2976;524;16;20;0;0;16;20
32742;2992;524;16;20;0;0;16;20
32745;3008;524;16;20;0;0;16;20
32748;3024;524;16;20;0;0;16;20
32750;3040;524;16;20;0;0;16;20
32752;3056;524;16;20;0;0;16;20
32753;3072;524;16;20;0;0;16;20
32755;3088;524;16;20;0;0;16;20
32761;3104;524;16;20;0;0;16;20
32762;3120;524;16;20;0;0;16;20
32763;3136;524;16;20;0;0;16;20
32764;3152;524;16;20;0;0;16;20
32768;3168;524;16;20;0;0;16;20
32769;3184;524;16;20;0;0;16;20
32771;3200;524;16;20;0;0;16;20
32772;3216;524;16;20;0;0;16;20
32773;3232;524;16;20;0;0;16;20
32774;3248;524;16;20;0;0;16;20
32779;3264;524;16;20;0;0;16;20
32780;3280;524;16;20;0;0;16;20
32781;3296;524;16;20;0;0;16;20
32783;3312;524;16;20;0;0;16;20
32784;3328;524;16;20;0;0;16;20
32786;3344;524;16;20;0;0;16;20
32789;3360;524;16;20;0;0;16;20
32790;3376;524;16;20;0;0;16;20
32791;3392;524;16;20;0;0;16;20
32792;3408;524;16;20;0;0;16;20
32793;3424;524;16;20;0;0;16;20
32796;3440;524;16;20;0;0;16;20
32797;3456;524;16;20;0;0;16;20
32800;3472;524;16;20;0;0;16;20
32802;3488;524;16;20;0;0;16;20
32805;3504;524;16;20;0;0;16;20
32806;3520;524;16;20;0;0;16;20
32807;3536;524;16;20;0;0;16;20
32808;3552;524;16;20;0;0;16;20
32809;3568;524;16;20;0;0;16;20
32810;3584;524;16;20;0;0;16;20
32812;3600;524;16;20;0;0;16;20
32814;3616;524;16;20;0;0;16;20
32817;3632;524;16;20;0;0;16;20
32819;3648;524;16;20;0;0;16;20
32822;3664;524;16;20;0;0;16;20
32823;3680;524;16;20;0;0;16;20
32824;3696;524;16;20;0;0;16;20
32827;3712;524;16;20;0;0;16;20
32829;3728;524;16;20;0;0;16;20
32831;3744;524;16;20;0;0;16;20
32834;3760;524;16;20;0;0;16;20
32835;3776;524;16;20;0;0;16;20
32838;3792;524;16;20;0;0;16;20
32842;3808;524;16;20;0;0;16;20
32843;3824;524;16;20;0;0;16;20
32844;3840;524;16;20;0;0;16;20
32850;3856;524;16;20;0;0;16;20
32852;3872;524;16;20;0;0;16;20
32854;3888;524;16;20;0;0;16;20
32856;3904;524;16;20;0;0;16;20
32858;3920;524;16;20;0;0;16;20
32862;3936;524;16;20;0;0;16;20
32873;3952;524;16;20;0;0;16;20
32874;3968;524;16;20;0;0;16;20
32879;3984;524;16;20;0;0;16;20
32880;4000;524;16;20;0;0;16;20
32881;4016;524;16;20;0;0;16;20
32882;4032;524;16;20;0;0;16;20
32883;4048;524;16;20;0;0;16;20
32884;4064;524;16;20;0;0;16;20
32885;4080;524;16;20;0;0;16;20
32886;0;544;16;20;0;0;16;20
32887;16;544;16;20;0;0;16;20
32893;32;544;16;20;0;0;16;20
32894;48;544;16;20;0;0;16;20
32895;64;544;16;20;0;0;16;20
32899;80;544;16;20;0;0;16;20
32900;96;544;16;20;0;0;16;20
32901;112;544;16;20;0;0;16;20
32902;128;544;16;20;0;0;16;20
32903;144;544;16;20;0;0;16;20
32905;160;544;16;20;0;0;16;20
32907;176;544;16;20;0;0;16;20
32908;192;544;16;20;0;0;16;20
32915;208;544;16;20;0;0;16;20
32918;224;544;16;20;0;0;16;20
32920;240;544;16;20;0;0;16;20
32922;256;544;16;20;0;0;16;20
32923;272;544;16;20;0;0;16;20
32925;288;544;16;20;0;0;16;20
32927;304;544;16;20;0;0;16;20
32928;320;544;16;20;0;0;16;20
32929;336;544;16;20;0;0;16;20
32930;352;544;16;20;0;0;16;20
32932;368;544;16;20;0;0;16;20
32933;384;544;16;20;0;0;16;20
32937;400;544;16;20;0;0;16;20
32938;416;544;16;20;0;0;16;20
32939;432;544;16;20;0;0;16;20
32942;448;544;16;20;0;0;16;20
32943;464;544;16;20;0;0;16;20
32945;480;544;16;20;0;0;16;20
32946;496;544;16;20;0;0;16;20
32948;512;544;16;20;0;0;16;20
32954;528;544;16;20;0;0;16;20
32956;544;544;16;20;0;0;16;20
32957;560;544;16;20;0;0;16;20
32958;576;544;16;20;0;0;16;20
32959;592;544;16;20;0;0;16;20
32960;608;544;16;20;0;0;16;20
32961;624;544;16;20;0;0;16;20
32962;640;544;16;20;0;0;16;20
32963;656;544;16;20;0;0;16;20
32964;672;544;16;20;0;0;16;20
32966;688;544;16;20;0;0;16;20
32972;704;544;16;20;0;0;16;20
32973;720;544;16;20;0;0;16;20
32974;736;544;16;20;0;0;16;20
32982;752;544;16;20;0;0;16;20
32983;768;544;16;20;0;0;16;20
32985;784;544;16;20;0;0;16;20
32986;800;544;16;20;0;0;16;20
32987;816;544;16;20;0;0;16;20
32988;832;544;16;20;0;0;16;20
32989;848;544;16;20;0;0;16;20
32990;864;544;16;20;0;0;16;20
32993;880;544;16;20;0;0;16;20
32996;896;544;16;20;0;0;16;20
32997;912;544;16;20;0;0;16;20
32999;928;544;16;20;0;0;16;20
33000;944;544;16;20;0;0;16;20
33002;960;544;16;20;0;0;16;20
33003;976;544;16;20;0;0;16;20
33004;992;544;16;20;0;0;16;20
33005;1008;544;16;20;0;0;16;20
33007;1024;544;16;20;0;0;16;20
33008;1040;544;16;20;0;0;16;20
33009;1056;544;16;20;0;0;16;20
33011;1072;544;16;20;0;0;16;20
33012;1088;544;16;20;0;0;16;20
33014;1104;544;16;20;0;0;16;20
33016;1120;544;16;20;0;0;16;20
33018;1136;544;16;20;0;0;16;20
33020;1152;544;16;20;0;0;16;20
33021;1168;544;16;20;0;0;16;20
33026;1184;544;16;20;0;0;16;20
33029;1200;544;16;20;0;0;16;20
33030;1216;544;16;20;0;0;16;20
33031;1232;544;16;20;0;0;16;20
33032;1248;544;16;20;0;0;16;20
33033;1264;544;16;20;0;0;16;20
33034;1280;544;16;20;0;0;16;20
33037;1296;544;16;20;0;0;16;20
33039;1312;544;16;20;0;0;16;20
33040;1328;544;16;20;0;0;16;20
33041;1344;544;16;20;0;0;16;20
33042;1360;544;16;20;0;0;16;20
33043;1376;544;16;20;0;0;16;20
33044;1392;544;16;20;0;0;16;20
33046;1408;544;16;20;0;0;16;20
33048;1424;544;16;20;0;0;16;20
33050;1440;544;16;20;0;0;16;20
33051;1456;544;16;20;0;0;16;20
33059;1472;544;16;20;0;0;16;20
33063;1488;544;16;20;0;0;16;20
33067;1504;544;16;20;0;0;16;20
33068;1520;544;16;20;0;0;16;20
33071;1536;544;16;20;0;0;16;20
33073;1552;544;16;20;0;0;16;20
33074;1568;544;16;20;0;0;16;20
33075;1584;544;16;20;0;0;16;20
33080;1600;544;16;20;0;0;16;20
33081;1616;544;16;20;0;0;16;20
33086;1632;544;16;20;0;0;16;20
33094;1648;544;16;20;0;0;16;20
33096;1664;544;16;20;0;0;16;20
33098;1680;544;16;20;0;0;16;20
33099;1696;544;16;20;0;0;16;20
33100;1712;544;16;20;0;0;16;20
33102;1728;544;16;20;0;0;16;20
33104;1744;544;16;20;0;0;16;20
33105;1760;544;16;20;0;0;16;20
33107;1776;544;16;20;0;0;16;20
33108;1792;544;16;20;0;0;16;20
33109;1808;544;16;20;0;0;16;20
33110;1824;544;16;20;0;0;16;20
33114;1840;544;16;20;0;0;16;20
33120;1856;544;16;20;0;0;16;20
33125;1872;544;16;20;0;0;16;20
33126;1888;544;16;20;0;0;16;20
33127;1904;544;16;20;0;0;16;20
33129;1920;544;16;20;0;0;16;20
33131;1936;544;16;20;0;0;16;20
33133;1952;544;16;20;0;0;16;20
33134;1968;544;16;20;0;0;16;20
33136;1984;544;16;20;0;0;16;20
33137;2000;544;16;20;0;0;16;20
33139;2016;544;16;20;0;0;16;20
33140;2032;544;16;20;0;0;16;20
33144;2048;544;16;20;0;0;16;20
33145;2064;544;16;20;0;0;16;20
33146;2080;544;16;20;0;0;16;20
33147;2096;544;16;20;0;0;16;20
33148;2112;544;16;20;0;0;16;20
33150;2128;544;16;20;0;0;16;20
33151;2144;544;16;20;0;0;16;20
33152;2160;544;16;20;0;0;16;20
33154;2176;544;16;20;0;0;16;20
33160;2192;544;16;20;0;0;16;20
33162;2208;544;16;20;0;0;16;20
33167;2224;544;16;20;0;0;16;20
33169;2240;544;16;20;0;0;16;20
33173;2256;544;16;20;0;0;16;20
33176;2272;544;16;20;0;0;16;20
33177;2288;544;16;20;0;0;16;20
33178;2304;544;16;20;0;0;16;20
33179;2320;544;16;20;0;0;16;20
33180;2336;544;16;20;0;0;16;20
33181;2352;544;16;20;0;0;16;20
33184;2368;544;16;20;0;0;16;20
33190;2384;544;16;20;0;0;16;20
33192;2400;544;16;20;0;0;16;20
33193;2416;544;16;20;0;0;16;20
33203;2432;544;16;20;0;0;16;20
33210;2448;544;16;20;0;0;16;20
33211;2464;544;16;20;0;0;16;20
33213;2480;544;16;20;0;0;16;20
33214;2496;544;16;20;0;0;16;20
33215;2512;544;16;20;0;0;16;20
33216;2528;544;16;20;0;0;16;20
33218;2544;544;16;20;0;0;16;20
33219;2560;544;16;20;0;0;16;20
33222;2576;544;16;20;0;0;16;20
33225;2592;544;16;20;0;0;16;20
33226;2608;544;16;20;0;0;16;20
33228;2624;544;16;20;0;0;16;20
33229;2640;544;16;20;0;0;16;20
33231;2656;544;16;20;0;0;16;20
33234;2672;544;16;20;0;0;16;20
33235;2688;544;16;20;0;0;16;20
33240;2704;544;16;20;0;0;16;20
33242;2720;544;16;20;0;0;16;20
33244;2736;544;16;20;0;0;16;20
33246;2752;544;16;20;0;0;16;20
33247;2768;544;16;20;0;0;16;20
33248;2784;544;16;20;0;0;16;20
33250;2800;544;16;20;0;0;16;20
33251;2816;544;16;20;0;0;16;20
33253;2832;544;16;20;0;0;16;20
33255;2848;544;16;20;0;0;16;20
33256;2864;544;16;20;0;0;16;20
33258;2880;544;16;20;0;0;16;20
33260;2896;544;16;20;0;0;16;20
33261;2912;544;16;20;0;0;16;20
33263;2928;544;16;20;0;0;16;20
33267;2944;544;16;20;0;0;16;20
33268;2960;544;16;20;0;0;16;20
33274;2976;544;16;20;0;0;16;20
33275;2992;544;16;20;0;0;16;20
33276;3008;544;16;20;0;0;16;20
33278;3024;544;16;20;0;0;16;20
33280;3040;544;16;20;0;0;16;20
33282;3056;544;16;20;0;0;16;20
33284;3072;544;16;20;0;0;16;20
33285;3088;544;16;20;0;0;16;20
33286;3104;544;16;20;0;0;16;20
33287;3120;544;16;20;0;0;16;20
33288;3136;544;16;20;0;0;16;20
33289;3152;544;16;20;0;0;16;20
33290;3168;544;16;20;0;0;16;20
33292;3184;544;16;20;0;0;16;20
33293;3200;544;16;20;0;0;16;20
33294;3216;544;16;20;0;0;16;20
33296;3232;544;16;20;0;0;16;20
33298;3248;544;16;20;0;0;16;20
33300;3264;544;16;20;0;0;16;20
33303;3280;544;16;20;0;0;16;20
33307;3296;544;16;20;0;0;16;20
33308;3312;544;16;20;0;0;16;20
33310;3328;544;16;20;0;0;16;20
33311;3344;544;16;20;0;0;16;20
33314;3360;544;16;20;0;0;16;20
33320;3376;544;16;20;0;0;16;20
33322;3392;544;16;20;0;0;16;20
33323;3408;544;16;20;0;0;16;20
33324;3424;544;16;20;0;0;16;20
33328;3440;544;16;20;0;0;16;20
33329;3456;544;16;20;0;0;16;20
33331;3472;544;16;20;0;0;16;20
33332;3488;544;16;20;0;0;16;20
33333;3504;544;16;20;0;0;16;20
33334;3520;544;16;20;0;0;16;20
33335;3536;544;16;20;0;0;16;20
33336;3552;544;16;20;0;0;16;20
33337;3568;544;16;20;0;0;16;20
33338;3584;544;16;20;0;0;16;20
33339;3600;544;16;20;0;0;16;20
33348;3616;544;16;20;0;0;16;20
33351;3632;544;16;20;0;0;16;20
33355;3648;544;16;20;0;0;16;20
33368;3664;544;16;20;0;0;16;20
33369;3680;544;16;20;0;0;16;20
33375;3696;544;16;20;0;0;16;20
33380;3712;544;16;20;0;0;16;20
33382;3728;544;16;20;0;0;16;20
33384;3744;544;16;20;0;0;16;20
33387;3760;544;16;20;0;0;16;20
33390;3776;544;16;20;0;0;16;20
33391;3792;544;16;20;0;0;16;20
33392;3808;544;16;20;0;0;16;20
33393;3824;544;16;20;0;0;16;20
33394;3840;544;16;20;0;0;16;20
33395;3856;544;16;20;0;0;16;20
33398;3872;544;16;20;0;0;16;20
33399;3888;544;16;20;0;0;16;20
33402;3904;544;16;20;0;0;16;20
33403;3920;544;16;20;0;0;16;20
33405;3936;544;16;20;0;0;16;20
33406;3952;544;16;20;0;0;16;20
33407;3968;544;16;20;0;0;16;20
33410;3984;544;16;20;0;0;16;20
33412;4000;544;16;20;0;0;16;20
33418;4016;544;16;20;0;0;16;20
33419;4032;544;16;20;0;0;16;20
33421;4048;544;16;20;0;0;16;20
33422;4064;544;16;20;0;0;16;20
33424;4080;544;16;20;0;0;16;20
33425;0;564;16;20;0;0;16;20
33426;16;564;16;20;0;0;16;20
33431;32;564;16;20;0;0;16;20
33433;48;564;16;20;0;0;16;20
33436;64;564;16;20;0;0;16;20
33437;80;564;16;20;0;0;16;20
33439;96;564;16;20;0;0;16;20
33441;112;564;16;20;0;0;16;20
33443;128;564;16;20;0;0;16;20
33445;144;564;16;20;0;0;16;20
33446;160;564;16;20;0;0;16;20
33448;176;564;16;20;0;0;16;20
33449;192;564;16;20;0;0;16;20
33450;208;564;16;20;0;0;16;20
33451;224;564;16;20;0;0;16;20
33452;240;564;16;20;0;0;16;20
33453;256;564;16;20;0;0;16;20
33454;272;564;16;20;0;0;16;20
33455;288;564;16;20;0;0;16;20
33456;304;564;16;20;0;0;16;20
33457;320;564;16;20;0;0;16;20
33459;336;564;16;20;0;0;16;20
33463;352;564;16;20;0;0;16;20
33464;368;564;16;20;0;0;16;20
33465;384;564;16;20;0;0;16;20
33467;400;564;16;20;0;0;16;20
33468;416;564;16;20;0;0;16;20
33469;432;564;16;20;0;0;16;20
33470;448;564;16;20;0;0;16;20
33473;464;564;16;20;0;0;16;20
33476;480;564;16;20;0;0;16;20
33479;496;564;16;20;0;0;16;20
33480;512;564;16;20;0;0;16;20
33483;528;564;16;20;0;0;16;20
33484;544;564;16;20;0;0;16;20
33485;560;564;16;20;0;0;16;20
33486;576;564;16;20;0;0;16;20
33487;592;564;16;20;0;0;16;20
33489;608;564;16;20;0;0;16;20
33490;624;564;16;20;0;0;16;20
33491;640;564;16;20;0;0;16;20
33492;656;564;16;20;0;0;16;20
33493;672;564;16;20;0;0;16;20
33495;688;564;16;20;0;0;16;20
33496;704;564;16;20;0;0;16;20
33499;720;564;16;20;0;0;16;20
33500;736;564;16;20;0;0;16;20
33502;752;564;16;20;0;0;16;20
33503;768;564;16;20;0;0;16;20
33505;784;564;16;20;0;0;16;20
33507;800;564;16;20;0;0;16;20
33508;816;564;16;20;0;0;16;20
33509;832;564;16;20;0;0;16;20
33510;848;564;16;20;0;0;16;20
33511;864;564;16;20;0;0;16;20
33515;880;564;16;20;0;0;16;20
33519;896;564;16;20;0;0;16;20
33521;912;564;16;20;0;0;16;20
33523;928;564;16;20;0;0;16;20
33524;944;564;16;20;0;0;16;20
33527;960;564;16;20;0;0;16;20
33529;976;564;16;20;0;0;16;20
33530;992;564;16;20;0;0;16;20
33531;1008;564;16;20;0;0;16;20
33533;1024;564;16;20;0;0;16;20
33536;1040;564;16;20;0;0;16;20
33537;1056;564;16;20;0;0;16;20
33538;1072;564;16;20;0;0;16;20
33539;1088;564;16;20;0;0;16;20
33540;1104;564;16;20;0;0;16;20
33541;1120;564;16;20;0;0;16;20
33542;1136;564;16;20;0;0;16;20
33545;1152;564;16;20;0;0;16;20
33548;1168;564;16;20;0;0;16;20
33549;1184;564;16;20;0;0;16;20
33550;1200;564;16;20;0;0;16;20
33551;1216;564;16;20;0;0;16;20
33553;1232;564;16;20;0;0;16;20
33555;1248;564;16;20;0;0;16;20
33556;1264;564;16;20;0;0;16;20
33557;1280;564;16;20;0;0;16;20
33559;1296;564;16;20;0;0;16;20
33562;1312;564;16;20;0;0;16;20
33563;1328;564;16;20;0;0;16;20
33564;1344;564;16;20;0;0;16;20
33575;1360;564;16;20;0;0;16;20
33576;1376;564;16;20;0;0;16;20
33579;1392;564;16;20;0;0;16;20
33580;1408;564;16;20;0;0;16;20
33581;1424;564;16;20;0;0;16;20
33583;1440;564;16;20;0;0;16;20
33585;1456;564;16;20;0;0;16;20
33586;1472;564;16;20;0;0;16;20
33588;1488;564;16;20;0;0;16;20
33589;1504;564;16;20;0;0;16;20
33590;1520;564;16;20;0;0;16;20
33592;1536;564;16;20;0;0;16;20
33593;1552;564;16;20;0;0;16;20
33596;1568;564;16;20;0;0;16;20
33600;1584;564;16;20;0;0;16;20
33603;1600;564;16;20;0;0;16;20
33606;1616;564;16;20;0;0;16;20
33607;1632;564;16;20;0;0;16;20
33609;1648;564;16;20;0;0;16;20
33610;1664;564;16;20;0;0;16;20
33615;1680;564;16;20;0;0;16;20
33616;1696;564;16;20;0;0;16;20
33617;1712;564;16;20;0;0;16;20
33618;1728;564;16;20;0;0;16;20
33620;1744;564;16;20;0;0;16;20
33622;1760;564;16;20;0;0;16;20
33624;1776;564;16;20;0;0;16;20
33626;1792;564;16;20;0;0;16;20
33628;1808;564;16;20;0;0;16;20
33630;1824;564;16;20;0;0;16;20
33631;1840;564;16;20;0;0;16;20
33632;1856;564;16;20;0;0;16;20
33633;1872;564;16;20;0;0;16;20
33635;1888;564;16;20;0;0;16;20
33636;1904;564;16;20;0;0;16;20
33637;1920;564;16;20;0;0;16;20
33638;1936;564;16;20;0;0;16;20
33639;1952;564;16;20;0;0;16;20
33640;1968;564;16;20;0;0;16;20
33641;1984;564;16;20;0;0;16;20
33642;2000;564;16;20;0;0;16;20
33643;2016;564;16;20;0;0;16;20
33644;2032;564;16;20;0;0;16;20
33645;2048;564;16;20;0;0;16;20
33646;2064;564;16;20;0;0;16;20
33647;2080;564;16;20;0;0;16;20
33651;2096;564;16;20;0;0;16;20
33655;2112;564;16;20;0;0;16;20
33656;2128;564;16;20;0;0;16;20
33659;2144;564;16;20;0;0;16;20
33660;2160;564;16;20;0;0;16;20
33661;2176;564;16;20;0;0;16;20
33663;2192;564;16;20;0;0;16;20
33669;2208;564;16;20;0;0;16;20
33670;2224;564;16;20;0;0;16;20
33673;2240;564;16;20;0;0;16;20
33674;2256;564;16;20;0;0;16;20
33678;2272;564;16;20;0;0;16;20
33682;2288;564;16;20;0;0;16;20
33683;2304;564;16;20;0;0;16;20
33686;2320;564;16;20;0;0;16;20
33688;2336;564;16;20;0;0;16;20
33691;2352;564;16;20;0;0;16;20
33692;2368;564;16;20;0;0;16;20
33694;2384;564;16;20;0;0;16;20
33696;2400;564;16;20;0;0;16;20
33698;2416;564;16;20;0;0;16;20
33703;2432;564;16;20;0;0;16;20
33704;2448;564;16;20;0;0;16;20
33705;2464;564;16;20;0;0;16;20
33706;2480;564;16;20;0;0;16;20
33707;2496;564;16;20;0;0;16;20
33713;2512;564;16;20;0;0;16;20
33714;2528;564;16;20;0;0;16;20
33715;2544;564;16;20;0;0;16;20
33716;2560;564;16;20;0;0;16;20
33719;2576;564;16;20;0;0;16;20
33720;2592;564;16;20;0;0;16;20
33721;2608;564;16;20;0;0;16;20
33722;2624;564;16;20;0;0;16;20
33724;2640;564;16;20;0;0;16;20
33725;2656;564;16;20;0;0;16;20
33728;2672;564;16;20;0;0;16;20
33729;2688;564;16;20;0;0;16;20
33733;2704;564;16;20;0;0;16;20
33735;2720;564;16;20;0;0;16;20
33738;2736;564;16;20;0;0;16;20
33740;2752;564;16;20;0;0;16;20
33743;2768;564;16;20;0;0;16;20
33747;2784;564;16;20;0;0;16;20
33748;2800;564;16;20;0;0;16;20
33750;2816;564;16;20;0;0;16;20
33752;2832;564;16;20;0;0;16;20
33756;2848;564;16;20;0;0;16;20
33759;2864;564;16;20;0;0;16;20
33760;2880;564;16;20;0;0;16;20
33761;2896;564;16;20;0;0;16;20
33767;2912;564;16;20;0;0;16;20
33769;2928;564;16;20;0;0;16;20
33770;2944;564;16;20;0;0;16;20
33775;2960;564;16;20;0;0;16;20
33776;2976;564;16;20;0;0;16;20
33777;2992;564;16;20;0;0;16;20
33778;3008;564;16;20;0;0;16;20
33784;3024;564;16;20;0;0;16;20
33785;3040;564;16;20;0;0;16;20
33789;3056;564;16;20;0;0;16;20
33793;3072;564;16;20;0;0;16;20
33795;3088;564;16;20;0;0;16;20
33796;3104;564;16;20;0;0;16;20
33799;3120;564;16;20;0;0;16;20
33802;3136;564;16;20;0;0;16;20
33803;3152;564;16;20;0;0;16;20
33804;3168;564;16;20;0;0;16;20
33805;3184;564;16;20;0;0;16;20
33806;3200;564;16;20;0;0;16;20
33807;3216;564;16;20;0;0;16;20
33809;3232;564;16;20;0;0;16;20
33816;3248;564;16;20;0;0;16;20
33820;3264;564;16;20;0;0;16;20
33821;3280;564;16;20;0;0;16;20
33828;3296;564;16;20;0;0;16;20
33829;3312;564;16;20;0;0;16;20
33830;3328;564;16;20;0;0;16;20
33831;3344;564;16;20;0;0;16;20
33832;3360;564;16;20;0;0;16;20
33833;3376;564;16;20;0;0;16;20
33836;3392;564;16;20;0;0;16;20
33841;3408;564;16;20;0;0;16;20
33845;3424;564;16;20;0;0;16;20
33848;3440;564;16;20;0;0;16;20
33852;3456;564;16;20;0;0;16;20
33853;3472;564;16;20;0;0;16;20
33862;3488;564;16;20;0;0;16;20
33865;3504;564;16;20;0;0;16;20
33873;3520;564;16;20;0;0;16;20
33874;3536;564;16;20;0;0;16;20
33879;3552;564;16;20;0;0;16;20
33882;3568;564;16;20;0;0;16;20
33883;3584;564;16;20;0;0;16;20
33889;3600;564;16;20;0;0;16;20
33891;3616;564;16;20;0;0;16;20
33892;3632;564;16;20;0;0;16;20
33894;3648;564;16;20;0;0;16;20
33897;3664;564;16;20;0;0;16;20
33899;3680;564;16;20;0;0;16;20
33900;3696;564;16;20;0;0;16;20
33901;3712;564;16;20;0;0;16;20
33905;3728;564;16;20;0;0;16;20
33907;3744;564;16;20;0;0;16;20
33909;3760;564;16;20;0;0;16;20
33910;3776;564;16;20;0;0;16;20
33911;3792;564;16;20;0;0;16;20
33912;3808;564;16;20;0;0;16;20
33914;3824;564;16;20;0;0;16;20
33922;3840;564;16;20;0;0;16;20
33931;3856;564;16;20;0;0;16;20
33932;3872;564;16;20;0;0;16;20
33936;3888;564;16;20;0;0;16;20
33939;3904;564;16;20;0;0;16;20
33940;3920;564;16;20;0;0;16;20
33943;3936;564;16;20;0;0;16;20
33945;3952;564;16;20;0;0;16;20
33948;3968;564;16;20;0;0;16;20
33950;3984;564;16;20;0;0;16;20
33951;4000;564;16;20;0;0;16;20
33953;4016;564;16;20;0;0;16;20
33967;4032;564;16;20;0;0;16;20
33970;4048;564;16;20;0;0;16;20
33972;4064;564;16;20;0;0;16;20
33976;4080;564;16;20;0;0;16;20
33977;0;584;16;20;0;0;16;20
33978;16;584;16;20;0;0;16;20
33979;32;584;16;20;0;0;16;20
33980;48;584;16;20;0;0;16;20
33981;64;584;16;20;0;0;16;20
33983;80;584;16;20;0;0;16;20
33984;96;584;16;20;0;0;16;20
33985;112;584;16;20;0;0;16;20
33988;128;584;16;20;0;0;16;20
33990;144;584;16;20;0;0;16;20
33993;160;584;16;20;0;0;16;20
33994;176;584;16;20;0;0;16;20
33995;192;584;16;20;0;0;16;20
33997;208;584;16;20;0;0;16;20
34000;224;584;16;20;0;0;16;20
34001;240;584;16;20;0;0;16;20
34003;256;584;16;20;0;0;16;20
34006;272;584;16;20;0;0;16;20
34013;288;584;16;20;0;0;16;20
34015;304;584;16;20;0;0;16;20
34016;320;584;16;20;0;0;16;20
34021;336;584;16;20;0;0;16;20
34022;352;584;16;20;0;0;16;20
34023;368;584;16;20;0;0;16;20
34028;384;584;16;20;0;0;16;20
34030;400;584;16;20;0;0;16;20
34031;416;584;16;20;0;0;16;20
34044;432;584;16;20;0;0;16;20
34045;448;584;16;20;0;0;16;20
34047;464;584;16;20;0;0;16;20
34065;480;584;16;20;0;0;16;20
34067;496;584;16;20;0;0;16;20
34068;512;584;16;20;0;0;16;20
34071;528;584;16;20;0;0;16;20
34074;544;584;16;20;0;0;16;20
34078;560;584;16;20;0;0;16;20
34079;576;584;16;20;0;0;16;20
34081;592;584;16;20;0;0;16;20
34083;608;584;16;20;0;0;16;20
34085;624;584;16;20;0;0;16;20
34086;640;584;16;20;0;0;16;20
34091;656;584;16;20;0;0;16;20
34092;672;584;16;20;0;0;16;20
34093;688;584;16;20;0;0;16;20
34101;704;584;16;20;0;0;16;20
34103;720;584;16;20;0;0;16;20
34104;736;584;16;20;0;0;16;20
34106;752;584;16;20;0;0;16;20
34107;768;584;16;20;0;0;16;20
34108;784;584;16;20;0;0;16;20
34109;800;584;16;20;0;0;16;20
34113;816;584;16;20;0;0;16;20
34115;832;584;16;20;0;0;16;20
34120;848;584;16;20;0;0;16;20
34121;864;584;16;20;0;0;16;20
34122;880;584;16;20;0;0;16;20
34126;896;584;16;20;0;0;16;20
34130;912;584;16;20;0;0;16;20
34131;928;584;16;20;0;0;16;20
34133;944;584;16;20;0;0;16;20
34134;960;584;16;20;0;0;16;20
34135;976;584;16;20;0;0;16;20
34137;992;584;16;20;0;0;16;20
34142;1008;584;16;20;0;0;16;20
34148;1024;584;16;20;0;0;16;20
34152;1040;584;16;20;0;0;16;20
34153;1056;584;16;20;0;0;16;20
34154;1072;584;16;20;0;0;16;20
34157;1088;584;16;20;0;0;16;20
34162;1104;584;16;20;0;0;16;20
34164;1120;584;16;20;0;0;16;20
34169;1136;584;16;20;0;0;16;20
34170;1152;584;16;20;0;0;16;20
34171;1168;584;16;20;0;0;16;20
34174;1184;584;16;20;0;0;16;20
34180;1200;584;16;20;0;0;16;20
34181;1216;584;16;20;0;0;16;20
34183;1232;584;16;20;0;0;16;20
34184;1248;584;16;20;0;0;16;20
34186;1264;584;16;20;0;0;16;20
34188;1280;584;16;20;0;0;16;20
34191;1296;584;16;20;0;0;16;20
34193;1312;584;16;20;0;0;16;20
34196;1328;584;16;20;0;0;16;20
34203;1344;584;16;20;0;0;16;20
34204;1360;584;16;20;0;0;16;20
34212;1376;584;16;20;0;0;16;20
34214;1392;584;16;20;0;0;16;20
34216;1408;584;16;20;0;0;16;20
34217;1424;584;16;20;0;0;16;20
34218;1440;584;16;20;0;0;16;20
34219;1456;584;16;20;0;0;16;20
34220;1472;584;16;20;0;0;16;20
34222;1488;584;16;20;0;0;16;20
34223;1504;584;16;20;0;0;16;20
34224;1520;584;16;20;0;0;16;20
34231;1536;584;16;20;0;0;16;20
34233;1552;584;16;20;0;0;16;20
34234;1568;584;16;20;0;0;16;20
34241;1584;584;16;20;0;0;16;20
34249;1600;584;16;20;0;0;16;20
34253;1616;584;16;20;0;0;16;20
34254;1632;584;16;20;0;0;16;20
34255;1648;584;16;20;0;0;16;20
34256;1664;584;16;20;0;0;16;20
34259;1680;584;16;20;0;0;16;20
34261;1696;584;16;20;0;0;16;20
34268;1712;584;16;20;0;0;16;20
34269;1728;584;16;20;0;0;16;20
34272;1744;584;16;20;0;0;16;20
34276;1760;584;16;20;0;0;16;20
34277;1776;584;16;20;0;0;16;20
34281;1792;584;16;20;0;0;16;20
34282;1808;584;16;20;0;0;16;20
34294;1824;584;16;20;0;0;16;20
34295;1840;584;16;20;0;0;16;20
34297;1856;584;16;20;0;0;16;20
34298;1872;584;16;20;0;0;16;20
34299;1888;584;16;20;0;0;16;20
34303;1904;584;16;20;0;0;16;20
34308;1920;584;16;20;0;0;16;20
34309;1936;584;16;20;0;0;16;20
34310;1952;584;16;20;0;0;16;20
34311;1968;584;16;20;0;0;16;20
34314;1984;584;16;20;0;0;16;20
34315;2000;584;16;20;0;0;16;20
34321;2016;584;16;20;0;0;16;20
34326;2032;584;16;20;0;0;16;20
34327;2048;584;16;20;0;0;16;20
34330;2064;584;16;20;0;0;16;20
34338;2080;584;16;20;0;0;16;20
34343;2096;584;16;20;0;0;16;20
34345;2112;584;16;20;0;0;16;20
34349;2128;584;16;20;0;0;16;20
34360;2144;584;16;20;0;0;16;20
34362;2160;584;16;20;0;0;16;20
34367;2176;584;16;20;0;0;16;20
34382;2192;584;16;20;0;0;16;20
34383;2208;584;16;20;0;0;16;20
34384;2224;584;16;20;0;0;16;20
34385;2240;584;16;20;0;0;16;20
34388;2256;584;16;20;0;0;16;20
34389;2272;584;16;20;0;0;16;20
34394;2288;584;16;20;0;0;16;20
34395;2304;584;16;20;0;0;16;20
34396;2320;584;16;20;0;0;16;20
34398;2336;584;16;20;0;0;16;20
34399;2352;584;16;20;0;0;16;20
34402;2368;584;16;20;0;0;16;20
34407;2384;584;16;20;0;0;16;20
34411;2400;584;16;20;0;0;16;20
34412;2416;584;16;20;0;0;16;20
34414;2432;584;16;20;0;0;16;20
34415;2448;584;16;20;0;0;16;20
34417;2464;584;16;20;0;0;16;20
34425;2480;584;16;20;0;0;16;20
34426;2496;584;16;20;0;0;16;20
34427;2512;584;16;20;0;0;16;20
34428;2528;584;16;20;0;0;16;20
34429;2544;584;16;20;0;0;16;20
34430;2560;584;16;20;0;0;16;20
34431;2576;584;16;20;0;0;16;20
34432;2592;584;16;20;0;0;16;20
34433;2608;584;16;20;0;0;16;20
34434;2624;584;16;20;0;0;16;20
34442;2640;584;16;20;0;0;16;20
34443;2656;584;16;20;0;0;16;20
34444;2672;584;16;20;0;0;16;20
34445;2688;584;16;20;0;0;16;20
34451;2704;584;16;20;0;0;16;20
34453;2720;584;16;20;0;0;16;20
34455;2736;584;16;20;0;0;16;20
34460;2752;584;16;20;0;0;16;20
34461;2768;584;16;20;0;0;16;20
34467;2784;584;16;20;0;0;16;20
34468;2800;584;16;20;0;0;16;20
34471;2816;584;16;20;0;0;16;20
34472;2832;584;16;20;0;0;16;20
34473;2848;584;16;20;0;0;16;20
34474;2864;584;16;20;0;0;16;20
34476;2880;584;16;20;0;0;16;20
34479;2896;584;16;20;0;0;16;20
34480;2912;584;16;20;0;0;16;20
34481;2928;584;16;20;0;0;16;20
34484;2944;584;16;20;0;0;16;20
34485;2960;584;16;20;0;0;16;20
34486;2976;584;16;20;0;0;16;20
34496;2992;584;16;20;0;0;16;20
34500;3008;584;16;20;0;0;16;20
34502;3024;584;16;20;0;0;16;20
34503;3040;584;16;20;0;0;16;20
34505;3056;584;16;20;0;0;16;20
34506;3072;584;16;20;0;0;16;20
34507;3088;584;16;20;0;0;16;20
34509;3104;584;16;20;0;0;16;20
34510;3120;584;16;20;0;0;16;20
34511;3136;584;16;20;0;0;16;20
34512;3152;584;16;20;0;0;16;20
34516;3168;584;16;20;0;0;16;20
34520;3184;584;16;20;0;0;16;20
34521;3200;584;16;20;0;0;16;20
34523;3216;584;16;20;0;0;16;20
34526;3232;584;16;20;0;0;16;20
34527;3248;584;16;20;0;0;16;20
34532;3264;584;16;20;0;0;16;20
34537;3280;584;16;20;0;0;16;20
34541;3296;584;16;20;0;0;16;20
34542;3312;584;16;20;0;0;16;20
34544;3328;584;16;20;0;0;16;20
34545;3344;584;16;20;0;0;16;20
34546;3360;584;16;20;0;0;16;20
34547;3376;584;16;20;0;0;16;20
34548;3392;584;16;20;0;0;16;20
34552;3408;584;16;20;0;0;16;20
34553;3424;584;16;20;0;0;16;20
34554;3440;584;16;20;0;0;16;20
34555;3456;584;16;20;0;0;16;20
34558;3472;584;16;20;0;0;16;20
34560;3488;584;16;20;0;0;16;20
34562;3504;584;16;20;0;0;16;20
34563;3520;584;16;20;0;0;16;20
34566;3536;584;16;20;0;0;16;20
34567;3552;584;16;20;0;0;16;20
34568;3568;584;16;20;0;0;16;20
34569;3584;584;16;20;0;0;16;20
34570;3600;584;16;20;0;0;16;20
34573;3616;584;16;20;0;0;16;20
34578;3632;584;16;20;0;0;16;20
34579;3648;584;16;20;0;0;16;20
34581;3664;584;16;20;0;0;16;20
34583;3680;584;16;20;0;0;16;20
34584;3696;584;16;20;0;0;16;20
34586;3712;584;16;20;0;0;16;20
34588;3728;584;16;20;0;0;16;20
34590;3744;584;16;20;0;0;16;20
34593;3760;584;16;20;0;0;16;20
34594;3776;584;16;20;0;0;16;20
34595;3792;584;16;20;0;0;16;20
34597;3808;584;16;20;0;0;16;20
34601;3824;584;16;20;0;0;16;20
34606;3840;584;16;20;0;0;16;20
34609;3856;584;16;20;0;0;16;20
34612;3872;584;16;20;0;0;16;20
34615;3888;584;16;20;0;0;16;20
34619;3904;584;16;20;0;0;16;20
34623;3920;584;16;20;0;0;16;20
34631;3936;584;16;20;0;0;16;20
34632;3952;584;16;20;0;0;16;20
34633;3968;584;16;20;0;0;16;20
34636;3984;584;16;20;0;0;16;20
34638;4000;584;16;20;0;0;16;20
34643;4016;584;16;20;0;0;16;20
34645;4032;584;16;20;0;0;16;20
34647;4048;584;16;20;0;0;16;20
34649;4064;584;16;20;0;0;16;20
34655;4080;584;16;20;0;0;16;20
34656;0;604;16;20;0;0;16;20
34659;16;604;16;20;0;0;16;20
34661;32;604;16;20;0;0;16;20
34662;48;604;16;20;0;0;16;20
34664;64;604;16;20;0;0;16;20
34670;80;604;16;20;0;0;16;20
34672;96;604;16;20;0;0;16;20
34676;112;604;16;20;0;0;16;20
34678;128;604;16;20;0;0;16;20
34680;144;604;16;20;0;0;16;20
34683;160;604;16;20;0;0;16;20
34684;176;604;16;20;0;0;16;20
34685;192;604;16;20;0;0;16;20
34686;208;604;16;20;0;0;16;20
34690;224;604;16;20;0;0;16;20
34691;240;604;16;20;0;0;16;20
34692;256;604;16;20;0;0;16;20
34693;272;604;16;20;0;0;16;20
34696;288;604;16;20;0;0;16;20
34699;304;604;16;20;0;0;16;20
34701;320;604;16;20;0;0;16;20
34711;336;604;16;20;0;0;16;20
34718;352;604;16;20;0;0;16;20
34719;368;604;16;20;0;0;16;20
34720;384;604;16;20;0;0;16;20
34722;400;604;16;20;0;0;16;20
34728;416;604;16;20;0;0;16;20
34731;432;604;16;20;0;0;16;20
34732;448;604;16;20;0;0;16;20
34733;464;604;16;20;0;0;16;20
34735;480;604;16;20;0;0;16;20
34739;496;604;16;20;0;0;16;20
34741;512;604;16;20;0;0;16;20
34746;528;604;16;20;0;0;16;20
34747;544;604;16;20;0;0;16;20
34749;560;604;16;20;0;0;16;20
34752;576;604;16;20;0;0;16;20
34756;592;604;16;20;0;0;16;20
34758;608;604;16;20;0;0;16;20
34760;624;604;16;20;0;0;16;20
34762;640;604;16;20;0;0;16;20
34763;656;604;16;20;0;0;16;20
34766;672;604;16;20;0;0;16;20
34769;688;604;16;20;0;0;16;20
34770;704;604;16;20;0;0;16;20
34779;720;604;16;20;0;0;16;20
34784;736;604;16;20;0;0;16;20
34787;752;604;16;20;0;0;16;20
34789;768;604;16;20;0;0;16;20
34794;784;604;16;20;0;0;16;20
34796;800;604;16;20;0;0;16;20
34798;816;604;16;20;0;0;16;20
34799;832;604;16;20;0;0;16;20
34802;848;604;16;20;0;0;16;20
34803;864;604;16;20;0;0;16;20
34806;880;604;16;20;0;0;16;20
34809;896;604;16;20;0;0;16;20
34811;912;604;16;20;0;0;16;20
34814;928;604;16;20;0;0;16;20
34821;944;604;16;20;0;0;16;20
34822;960;604;16;20;0;0;16;20
34826;976;604;16;20;0;0;16;20
34829;992;604;16;20;0;0;16;20
34832;1008;604;16;20;0;0;16;20
34833;1024;604;16;20;0;0;16;20
34835;1040;604;16;20;0;0;16;20
34836;1056;604;16;20;0;0;16;20
34837;1072;604;16;20;0;0;16;20
34838;1088;604;16;20;0;0;16;20
34847;1104;604;16;20;0;0;16;20
34849;1120;604;16;20;0;0;16;20
34850;1136;604;16;20;0;0;16;20
34851;1152;604;16;20;0;0;16;20
34865;1168;604;16;20;0;0;16;20
34866;1184;604;16;20;0;0;16;20
34870;1200;604;16;20;0;0;16;20
34873;1216;604;16;20;0;0;16;20
34875;1232;604;16;20;0;0;16;20
34876;1248;604;16;20;0;0;16;20
34880;1264;604;16;20;0;0;16;20
34884;1280;604;16;20;0;0;16;20
34885;1296;604;16;20;0;0;16;20
34886;1312;604;16;20;0;0;16;20
34890;1328;604;16;20;0;0;16;20
34892;1344;604;16;20;0;0;16;20
34893;1360;604;16;20;0;0;16;20
34899;1376;604;16;20;0;0;16;20
34900;1392;604;16;20;0;0;16;20
34901;1408;604;16;20;0;0;16;20
34903;1424;604;16;20;0;0;16;20
34905;1440;604;16;20;0;0;16;20
34906;1456;604;16;20;0;0;16;20
34907;1472;604;16;20;0;0;16;20
34909;1488;604;16;20;0;0;16;20
34913;1504;604;16;20;0;0;16;20
34914;1520;604;16;20;0;0;16;20
34915;1536;604;16;20;0;0;16;20
34917;1552;604;16;20;0;0;16;20
34920;1568;604;16;20;0;0;16;20
34921;1584;604;16;20;0;0;16;20
34923;1600;604;16;20;0;0;16;20
34924;1616;604;16;20;0;0;16;20
34926;1632;604;16;20;0;0;16;20
34928;1648;604;16;20;0;0;16;20
34930;1664;604;16;20;0;0;16;20
34935;1680;604;16;20;0;0;16;20
34937;1696;604;16;20;0;0;16;20
34941;1712;604;16;20;0;0;16;20
34942;1728;604;16;20;0;0;16;20
34943;1744;604;16;20;0;0;16;20
34945;1760;604;16;20;0;0;16;20
34946;1776;604;16;20;0;0;16;20
34948;1792;604;16;20;0;0;16;20
34949;1808;604;16;20;0;0;16;20
34952;1824;604;16;20;0;0;16;20
34955;1840;604;16;20;0;0;16;20
34957;1856;604;16;20;0;0;16;20
34962;1872;604;16;20;0;0;16;20
34963;1888;604;16;20;0;0;16;20
34966;1904;604;16;20;0;0;16;20
34972;1920;604;16;20;0;0;16;20
34974;1936;604;16;20;0;0;16;20
34978;1952;604;16;20;0;0;16;20
34980;1968;604;16;20;0;0;16;20
34986;1984;604;16;20;0;0;16;20
34987;2000;604;16;20;0;0;16;20
34989;2016;604;16;20;0;0;16;20
34993;2032;604;16;20;0;0;16;20
34999;2048;604;16;20;0;0;16;20
35009;2064;604;16;20;0;0;16;20
35010;2080;604;16;20;0;0;16;20
35013;2096;604;16;20;0;0;16;20
35014;2112;604;16;20;0;0;16;20
35017;2128;604;16;20;0;0;16;20
35018;2144;604;16;20;0;0;16;20
35020;2160;604;16;20;0;0;16;20
35022;2176;604;16;20;0;0;16;20
35023;2192;604;16;20;0;0;16;20
35026;2208;604;16;20;0;0;16;20
35028;2224;604;16;20;0;0;16;20
35029;2240;604;16;20;0;0;16;20
35032;2256;604;16;20;0;0;16;20
35033;2272;604;16;20;0;0;16;20
35036;2288;604;16;20;0;0;16;20
35037;2304;604;16;20;0;0;16;20
35039;2320;604;16;20;0;0;16;20
35041;2336;604;16;20;0;0;16;20
35042;2352;604;16;20;0;0;16;20
35044;2368;604;16;20;0;0;16;20
35045;2384;604;16;20;0;0;16;20
35048;2400;604;16;20;0;0;16;20
35056;2416;604;16;20;0;0;16;20
35057;2432;604;16;20;0;0;16;20
35059;2448;604;16;20;0;0;16;20
35060;2464;604;16;20;0;0;16;20
35064;2480;604;16;20;0;0;16;20
35065;2496;604;16;20;0;0;16;20
35069;2512;604;16;20;0;0;16;20
35070;2528;604;16;20;0;0;16;20
35074;2544;604;16;20;0;0;16;20
35079;2560;604;16;20;0;0;16;20
35082;2576;604;16;20;0;0;16;20
35088;2592;604;16;20;0;0;16;20
35090;2608;604;16;20;0;0;16;20
35091;2624;604;16;20;0;0;16;20
35093;2640;604;16;20;0;0;16;20
35097;2656;604;16;20;0;0;16;20
35098;2672;604;16;20;0;0;16;20
35099;2688;604;16;20;0;0;16;20
35103;2704;604;16;20;0;0;16;20
35105;2720;604;16;20;0;0;16;20
35109;2736;604;16;20;0;0;16;20
35114;2752;604;16;20;0;0;16;20
35115;2768;604;16;20;0;0;16;20
35120;2784;604;16;20;0;0;16;20
35122;2800;604;16;20;0;0;16;20
35123;2816;604;16;20;0;0;16;20
35124;2832;604;16;20;0;0;16;20
35126;2848;604;16;20;0;0;16;20
35128;2864;604;16;20;0;0;16;20
35131;2880;604;16;20;0;0;16;20
35137;2896;604;16;20;0;0;16;20
35140;2912;604;16;20;0;0;16;20
35142;2928;604;16;20;0;0;16;20
35143;2944;604;16;20;0;0;16;20
35158;2960;604;16;20;0;0;16;20
35166;2976;604;16;20;0;0;16;20
35167;2992;604;16;20;0;0;16;20
35168;3008;604;16;20;0;0;16;20
35172;3024;604;16;20;0;0;16;20
35174;3040;604;16;20;0;0;16;20
35178;3056;604;16;20;0;0;16;20
35180;3072;604;16;20;0;0;16;20
35183;3088;604;16;20;0;0;16;20
35186;3104;604;16;20;0;0;16;20
35195;3120;604;16;20;0;0;16;20
35199;3136;604;16;20;0;0;16;20
35201;3152;604;16;20;0;0;16;20
35203;3168;604;16;20;0;0;16;20
35206;3184;604;16;20;0;0;16;20
35207;3200;604;16;20;0;0;16;20
35208;3216;604;16;20;0;0;16;20
35211;3232;604;16;20;0;0;16;20
35215;3248;604;16;20;0;0;16;20
35219;3264;604;16;20;0;0;16;20
35222;3280;604;16;20;0;0;16;20
35224;3296;604;16;20;0;0;16;20
35226;3312;604;16;20;0;0;16;20
35233;3328;604;16;20;0;0;16;20
35238;3344;604;16;20;0;0;16;20
35239;3360;604;16;20;0;0;16;20
35242;3376;604;16;20;0;0;16;20
35244;3392;604;16;20;0;0;16;20
35247;3408;604;16;20;0;0;16;20
35250;3424;604;16;20;0;0;16;20
35251;3440;604;16;20;0;0;16;20
35255;3456;604;16;20;0;0;16;20
35258;3472;604;16;20;0;0;16;20
35261;3488;604;16;20;0;0;16;20
35264;3504;604;16;20;0;0;16;20
35265;3520;604;16;20;0;0;16;20
35266;3536;604;16;20;0;0;16;20
35268;3552;604;16;20;0;0;16;20
35269;3568;604;16;20;0;0;16;20
35270;3584;604;16;20;0;0;16;20
35271;3600;604;16;20;0;0;16;20
35272;3616;604;16;20;0;0;16;20
35273;3632;604;16;20;0;0;16;20
35274;3648;604;16;20;0;0;16;20
35275;3664;604;16;20;0;0;16;20
35278;3680;604;16;20;0;0;16;20
35279;3696;604;16;20;0;0;16;20
35280;3712;604;16;20;0;0;16;20
35281;3728;604;16;20;0;0;16;20
35282;3744;604;16;20;0;0;16;20
35284;3760;604;16;20;0;0;16;20
35290;3776;604;16;20;0;0;16;20
35293;3792;604;16;20;0;0;16;20
35294;3808;604;16;20;0;0;16;20
35299;3824;604;16;20;0;0;16;20
35301;3840;604;16;20;0;0;16;20
35302;3856;604;16;20;0;0;16;20
35307;3872;604;16;20;0;0;16;20
35311;3888;604;16;20;0;0;16;20
35315;3904;604;16;20;0;0;16;20
35316;3920;604;16;20;0;0;16;20
35318;3936;604;16;20;0;0;16;20
35320;3952;604;16;20;0;0;16;20
35328;3968;604;16;20;0;0;16;20
35330;3984;604;16;20;0;0;16;20
35331;4000;604;16;20;0;0;16;20
35335;4016;604;16;20;0;0;16;20
35336;4032;604;16;20;0;0;16;20
35338;4048;604;16;20;0;0;16;20
35340;4064;604;16;20;0;0;16;20
35342;4080;604;16;20;0;0;16;20
35343;0;624;16;20;0;0;16;20
35344;16;624;16;20;0;0;16;20
35347;32;624;16;20;0;0;16;20
35349;48;624;16;20;0;0;16;20
35350;64;624;16;20;0;0;16;20
35351;80;624;16;20;0;0;16;20
35352;96;624;16;20;0;0;16;20
35354;112;624;16;20;0;0;16;20
35355;128;624;16;20;0;0;16;20
35357;144;624;16;20;0;0;16;20
35359;160;624;16;20;0;0;16;20
35363;176;624;16;20;0;0;16;20
35365;192;624;16;20;0;0;16;20
35370;208;624;16;20;0;0;16;20
35373;224;624;16;20;0;0;16;20
35377;240;624;16;20;0;0;16;20
35379;256;624;16;20;0;0;16;20
35380;272;624;16;20;0;0;16;20
35382;288;624;16;20;0;0;16;20
35386;304;624;16;20;0;0;16;20
35387;320;624;16;20;0;0;16;20
35388;336;624;16;20;0;0;16;20
35390;352;624;16;20;0;0;16;20
35393;368;624;16;20;0;0;16;20
35398;384;624;16;20;0;0;16;20
35400;400;624;16;20;0;0;16;20
35406;416;624;16;20;0;0;16;20
35408;432;624;16;20;0;0;16;20
35410;448;624;16;20;0;0;16;20
35412;464;624;16;20;0;0;16;20
35413;480;624;16;20;0;0;16;20
35419;496;624;16;20;0;0;16;20
35422;512;624;16;20;0;0;16;20
35424;528;624;16;20;0;0;16;20
35425;544;624;16;20;0;0;16;20
35426;560;624;16;20;0;0;16;20
35427;576;624;16;20;0;0;16;20
35430;592;624;16;20;0;0;16;20
35433;608;624;16;20;0;0;16;20
35435;624;624;16;20;0;0;16;20
35436;640;624;16;20;0;0;16;20
35437;656;624;16;20;0;0;16;20
35438;672;624;16;20;0;0;16;20
35440;688;624;16;20;0;0;16;20
35441;704;624;16;20;0;0;16;20
35442;720;624;16;20;0;0;16;20
35443;736;624;16;20;0;0;16;20
35445;752;624;16;20;0;0;16;20
35449;768;624;16;20;0;0;16;20
35452;784;624;16;20;0;0;16;20
35455;800;624;16;20;0;0;16;20
35460;816;624;16;20;0;0;16;20
35461;832;624;16;20;0;0;16;20
35462;848;624;16;20;0;0;16;20
35463;864;624;16;20;0;0;16;20
35465;880;624;16;20;0;0;16;20
35466;896;624;16;20;0;0;16;20
35468;912;624;16;20;0;0;16;20
35469;928;624;16;20;0;0;16;20
35473;944;624;16;20;0;0;16;20
35474;960;624;16;20;0;0;16;20
35475;976;624;16;20;0;0;16;20
35477;992;624;16;20;0;0;16;20
35480;1008;624;16;20;0;0;16;20
35482;1024;624;16;20;0;0;16;20
35486;1040;624;16;20;0;0;16;20
35488;1056;624;16;20;0;0;16;20
35489;1072;624;16;20;0;0;16;20
35491;1088;624;16;20;0;0;16;20
35492;1104;624;16;20;0;0;16;20
35493;1120;624;16;20;0;0;16;20
35494;1136;624;16;20;0;0;16;20
35496;1152;624;16;20;0;0;16;20
35498;1168;624;16;20;0;0;16;20
35500;1184;624;16;20;0;0;16;20
35501;1200;624;16;20;0;0;16;20
35504;1216;624;16;20;0;0;16;20
35506;1232;624;16;20;0;0;16;20
35510;1248;624;16;20;0;0;16;20
35513;1264;624;16;20;0;0;16;20
35516;1280;624;16;20;0;0;16;20
35519;1296;624;16;20;0;0;16;20
35522;1312;624;16;20;0;0;16;20
35524;1328;624;16;20;0;0;16;20
35527;1344;624;16;20;0;0;16;20
35529;1360;624;16;20;0;0;16;20
35531;1376;624;16;20;0;0;16;20
35533;1392;624;16;20;0;0;16;20
35535;1408;624;16;20;0;0;16;20
35537;1424;624;16;20;0;0;16;20
35538;1440;624;16;20;0;0;16;20
35542;1456;624;16;20;0;0;16;20
35543;1472;624;16;20;0;0;16;20
35547;1488;624;16;20;0;0;16;20
35548;1504;624;16;20;0;0;16;20
35550;1520;624;16;20;0;0;16;20
35553;1536;624;16;20;0;0;16;20
35554;1552;624;16;20;0;0;16;20
35556;1568;624;16;20;0;0;16;20
35558;1584;624;16;20;0;0;16;20
35559;1600;624;16;20;0;0;16;20
35563;1616;624;16;20;0;0;16;20
35565;1632;624;16;20;0;0;16;20
35566;1648;624;16;20;0;0;16;20
35569;1664;624;16;20;0;0;16;20
35571;1680;624;16;20;0;0;16;20
35574;1696;624;16;20;0;0;16;20
35575;1712;624;16;20;0;0;16;20
35576;1728;624;16;20;0;0;16;20
35578;1744;624;16;20;0;0;16;20
35580;1760;624;16;20;0;0;16;20
35582;1776;624;16;20;0;0;16;20
35584;1792;624;16;20;0;0;16;20
35585;1808;624;16;20;0;0;16;20
35586;1824;624;16;20;0;0;16;20
35588;1840;624;16;20;0;0;16;20
35589;1856;624;16;20;0;0;16;20
35591;1872;624;16;20;0;0;16;20
35594;1888;624;16;20;0;0;16;20
35598;1904;624;16;20;0;0;16;20
35600;1920;624;16;20;0;0;16;20
35604;1936;624;16;20;0;0;16;20
35606;1952;624;16;20;0;0;16;20
35607;1968;624;16;20;0;0;16;20
35609;1984;624;16;20;0;0;16;20
35610;2000;624;16;20;0;0;16;20
35611;2016;624;16;20;0;0;16;20
35613;2032;624;16;20;0;0;16;20
35616;2048;624;16;20;0;0;16;20
35617;2064;624;16;20;0;0;16;20
35618;2080;624;16;20;0;0;16;20
35624;2096;624;16;20;0;0;16;20
35627;2112;624;16;20;0;0;16;20
35628;2128;624;16;20;0;0;16;20
35635;2144;624;16;20;0;0;16;20
35641;2160;624;16;20;0;0;16;20
35646;2176;624;16;20;0;0;16;20
35649;2192;624;16;20;0;0;16;20
35657;2208;624;16;20;0;0;16;20
35662;2224;624;16;20;0;0;16;20
35663;2240;624;16;20;0;0;16;20
35670;2256;624;16;20;0;0;16;20
35672;2272;624;16;20;0;0;16;20
35673;2288;624;16;20;0;0;16;20
35674;2304;624;16;20;0;0;16;20
35676;2320;624;16;20;0;0;16;20
35679;2336;624;16;20;0;0;16;20
35686;2352;624;16;20;0;0;16;20
35691;2368;624;16;20;0;0;16;20
35692;2384;624;16;20;0;0;16;20
35695;2400;624;16;20;0;0;16;20
35696;2416;624;16;20;0;0;16;20
35697;2432;624;16;20;0;0;16;20
35698;2448;624;16;20;0;0;16;20
35700;2464;624;16;20;0;0;16;20
35703;2480;624;16;20;0;0;16;20
35709;2496;624;16;20;0;0;16;20
35712;2512;624;16;20;0;0;16;20
35722;2528;624;16;20;0;0;16;20
35724;2544;624;16;20;0;0;16;20
35726;2560;624;16;20;0;0;16;20
35730;2576;624;16;20;0;0;16;20
35731;2592;624;16;20;0;0;16;20
35733;2608;624;16;20;0;0;16;20
35734;2624;624;16;20;0;0;16;20
35738;2640;624;16;20;0;0;16;20
35740;2656;624;16;20;0;0;16;20
35742;2672;624;16;20;0;0;16;20
35745;2688;624;16;20;0;0;16;20
35746;2704;624;16;20;0;0;16;20
35747;2720;624;16;20;0;0;16;20
35748;2736;624;16;20;0;0;16;20
35749;2752;624;16;20;0;0;16;20
35750;2768;624;16;20;0;0;16;20
35751;2784;624;16;20;0;0;16;20
35752;2800;624;16;20;0;0;16;20
35753;2816;624;16;20;0;0;16;20
35754;2832;624;16;20;0;0;16;20
35755;2848;624;16;20;0;0;16;20
35757;2864;624;16;20;0;0;16;20
35758;2880;624;16;20;0;0;16;20
35759;2896;624;16;20;0;0;16;20
35760;2912;624;16;20;0;0;16;20
35762;2928;624;16;20;0;0;16;20
35763;2944;624;16;20;0;0;16;20
35764;2960;624;16;20;0;0;16;20
35765;2976;624;16;20;0;0;16;20
35766;2992;624;16;20;0;0;16;20
35767;3008;624;16;20;0;0;16;20
35768;3024;624;16;20;0;0;16;20
35769;3040;624;16;20;0;0;16;20
35770;3056;624;16;20;0;0;16;20
35772;3072;624;16;20;0;0;16;20
35773;3088;624;16;20;0;0;16;20
35774;3104;624;16;20;0;0;16;20
35775;3120;624;16;20;0;0;16;20
35776;3136;624;16;20;0;0;16;20
35777;3152;624;16;20;0;0;16;20
35778;3168;624;16;20;0;0;16;20
35779;3184;624;16;20;0;0;16;20
35780;3200;624;16;20;0;0;16;20
35781;3216;624;16;20;0;0;16;20
35782;3232;624;16;20;0;0;16;20
35784;3248;624;16;20;0;0;16;20
35785;3264;624;16;20;0;0;16;20
35786;3280;624;16;20;0;0;16;20
35787;3296;624;16;20;0;0;16;20
35788;3312;624;16;20;0;0;16;20
35789;3328;624;16;20;0;0;16;20
35791;3344;624;16;20;0;0;16;20
35793;3360;624;16;20;0;0;16;20
35794;3376;624;16;20;0;0;16;20
35795;3392;624;16;20;0;0;16;20
35796;3408;624;16;20;0;0;16;20
35797;3424;624;16;20;0;0;16;20
35798;3440;624;16;20;0;0;16;20
35799;3456;624;16;20;0;0;16;20
35800;3472;624;16;20;0;0;16;20
35801;3488;624;16;20;0;0;16;20
35802;3504;624;16;20;0;0;16;20
35803;3520;624;16;20;0;0;16;20
35804;3536;624;16;20;0;0;16;20
35805;3552;624;16;20;0;0;16;20
35806;3568;624;16;20;0;0;16;20
35807;3584;624;16;20;0;0;16;20
35808;3600;624;16;20;0;0;16;20
35809;3616;624;16;20;0;0;16;20
35810;3632;624;16;20;0;0;16;20
35811;3648;624;16;20;0;0;16;20
35812;3664;624;16;20;0;0;16;20
35813;3680;624;16;20;0;0;16;20
35814;3696;624;16;20;0;0;16;20
35815;3712;624;16;20;0;0;16;20
35816;3728;624;16;20;0;0;16;20
35817;3744;624;16;20;0;0;16;20
35819;3760;624;16;20;0;0;16;20
35820;3776;624;16;20;0;0;16;20
35821;3792;624;16;20;0;0;16;20
35822;3808;624;16;20;0;0;16;20
35823;3824;624;16;20;0;0;16;20
35824;3840;624;16;20;0;0;16;20
35825;3856;624;16;20;0;0;16;20
35826;3872;624;16;20;0;0;16;20
35827;3888;624;16;20;0;0;16;20
35828;3904;624;16;20;0;0;16;20
35829;3920;624;16;20;0;0;16;20
35830;3936;624;16;20;0;0;16;20
35831;3952;624;16;20;0;0;16;20
35832;3968;624;16;20;0;0;16;20
35833;3984;624;16;20;0;0;16;20
35834;4000;624;16;20;0;0;16;20
35835;4016;624;16;20;0;0;16;20
35836;4032;624;16;20;0;0;16;20
35837;4048;624;16;20;0;0;16;20
35838;4064;624;16;20;0;0;16;20
35839;4080;624;16;20;0;0;16;20
35840;0;644;16;20;0;0;16;20
35841;16;644;16;20;0;0;16;20
35842;32;644;16;20;0;0;16;20
35843;48;644;16;20;0;0;16;20
35844;64;644;16;20;0;0;16;20
35845;80;644;16;20;0;0;16;20
35846;96;644;16;20;0;0;16;20
35847;112;644;16;20;0;0;16;20
35848;128;644;16;20;0;0;16;20
35850;144;644;16;20;0;0;16;20
35851;160;644;16;20;0;0;16;20
35852;176;644;16;20;0;0;16;20
35853;192;644;16;20;0;0;16;20
35854;208;644;16;20;0;0;16;20
35855;224;644;16;20;0;0;16;20
35856;240;644;16;20;0;0;16;20
35857;256;644;16;20;0;0;16;20
35858;272;644;16;20;0;0;16;20
35859;288;644;16;20;0;0;16;20
35860;304;644;16;20;0;0;16;20
35861;320;644;16;20;0;0;16;20
35862;336;644;16;20;0;0;16;20
35863;352;644;16;20;0;0;16;20
35864;368;644;16;20;0;0;16;20
35865;384;644;16;20;0;0;16;20
35866;400;644;16;20;0;0;16;20
35867;416;644;16;20;0;0;16;20
35868;432;644;16;20;0;0;16;20
35869;448;644;16;20;0;0;16;20
35871;464;644;16;20;0;0;16;20
35872;480;644;16;20;0;0;16;20
35873;496;644;16;20;0;0;16;20
35874;512;644;16;20;0;0;16;20
35875;528;644;16;20;0;0;16;20
35876;544;644;16;20;0;0;16;20
35877;560;644;16;20;0;0;16;20
35878;576;644;16;20;0;0;16;20
35879;592;644;16;20;0;0;16;20
35880;608;644;16;20;0;0;16;20
35881;624;644;16;20;0;0;16;20
35882;640;644;16;20;0;0;16;20
35884;656;644;16;20;0;0;16;20
35885;672;644;16;20;0;0;16;20
35886;688;644;16;20;0;0;16;20
35887;704;644;16;20;0;0;16;20
35888;720;644;16;20;0;0;16;20
35889;736;644;16;20;0;0;16;20
35890;752;644;16;20;0;0;16;20
35891;768;644;16;20;0;0;16;20
35892;784;644;16;20;0;0;16;20
35893;800;644;16;20;0;0;16;20
35894;816;644;16;20;0;0;16;20
35895;832;644;16;20;0;0;16;20
35903;848;644;16;20;0;0;16;20
35905;864;644;16;20;0;0;16;20
35910;880;644;16;20;0;0;16;20
35911;896;644;16;20;0;0;16;20
35912;912;644;16;20;0;0;16;20
35913;928;644;16;20;0;0;16;20
35914;944;644;16;20;0;0;16;20
35916;960;644;16;20;0;0;16;20
35918;976;644;16;20;0;0;16;20
35920;992;644;16;20;0;0;16;20
35924;1008;644;16;20;0;0;16;20
35925;1024;644;16;20;0;0;16;20
35929;1040;644;16;20;0;0;16;20
35930;1056;644;16;20;0;0;16;20
35937;1072;644;16;20;0;0;16;20
35938;1088;644;16;20;0;0;16;20
35944;1104;644;16;20;0;0;16;20
35946;1120;644;16;20;0;0;16;20
35947;1136;644;16;20;0;0;16;20
35948;1152;644;16;20;0;0;16;20
35955;1168;644;16;20;0;0;16;20
35960;1184;644;16;20;0;0;16;20
35961;1200;644;16;20;0;0;16;20
35962;1216;644;16;20;0;0;16;20
35970;1232;644;16;20;0;0;16;20
35973;1248;644;16;20;0;0;16;20
35977;1264;644;16;20;0;0;16;20
35978;1280;644;16;20;0;0;16;20
35980;1296;644;16;20;0;0;16;20
35981;1312;644;16;20;0;0;16;20
35987;1328;644;16;20;0;0;16;20
35988;1344;644;16;20;0;0;16;20
35992;1360;644;16;20;0;0;16;20
35997;1376;644;16;20;0;0;16;20
35998;1392;644;16;20;0;0;16;20
36000;1408;644;16;20;0;0;16;20
36001;1424;644;16;20;0;0;16;20
36002;1440;644;16;20;0;0;16;20
36007;1456;644;16;20;0;0;16;20
36008;1472;644;16;20;0;0;16;20
36009;1488;644;16;20;0;0;16;20
36010;1504;644;16;20;0;0;16;20
36011;1520;644;16;20;0;0;16;20
36012;1536;644;16;20;0;0;16;20
36015;1552;644;16;20;0;0;16;20
36016;1568;644;16;20;0;0;16;20
36018;1584;644;16;20;0;0;16;20
36019;1600;644;16;20;0;0;16;20
36020;1616;644;16;20;0;0;16;20
36022;1632;644;16;20;0;0;16;20
36023;1648;644;16;20;0;0;16;20
36024;1664;644;16;20;0;0;16;20
36026;1680;644;16;20;0;0;16;20
36027;1696;644;16;20;0;0;16;20
36028;1712;644;16;20;0;0;16;20
36029;1728;644;16;20;0;0;16;20
36031;1744;644;16;20;0;0;16;20
36032;1760;644;16;20;0;0;16;20
36033;1776;644;16;20;0;0;16;20
36034;1792;644;16;20;0;0;16;20
36035;1808;644;16;20;0;0;16;20
36036;1824;644;16;20;0;0;16;20
36037;1840;644;16;20;0;0;16;20
36039;1856;644;16;20;0;0;16;20
36040;1872;644;16;20;0;0;16;20
36042;1888;644;16;20;0;0;16;20
36049;1904;644;16;20;0;0;16;20
36050;1920;644;16;20;0;0;16;20
36051;1936;644;16;20;0;0;16;20
36053;1952;644;16;20;0;0;16;20
36058;1968;644;16;20;0;0;16;20
36059;1984;644;16;20;0;0;16;20
36060;2000;644;16;20;0;0;16;20
36062;2016;644;16;20;0;0;16;20
36064;2032;644;16;20;0;0;16;20
36065;2048;644;16;20;0;0;16;20
36066;2064;644;16;20;0;0;16;20
36067;2080;644;16;20;0;0;16;20
36068;2096;644;16;20;0;0;16;20
36070;2112;644;16;20;0;0;16;20
36071;2128;644;16;20;0;0;16;20
36074;2144;644;16;20;0;0;16;20
36075;2160;644;16;20;0;0;16;20
36076;2176;644;16;20;0;0;16;20
36077;2192;644;16;20;0;0;16;20
36084;2208;644;16;20;0;0;16;20
36088;2224;644;16;20;0;0;16;20
36090;2240;644;16;20;0;0;16;20
36091;2256;644;16;20;0;0;16;20
36092;2272;644;16;20;0;0;16;20
36093;2288;644;16;20;0;0;16;20
36094;2304;644;16;20;0;0;16;20
36100;2320;644;16;20;0;0;16;20
36101;2336;644;16;20;0;0;16;20
36104;2352;644;16;20;0;0;16;20
36106;2368;644;16;20;0;0;16;20
36109;2384;644;16;20;0;0;16;20
36111;2400;644;16;20;0;0;16;20
36115;2416;644;16;20;0;0;16;20
36118;2432;644;16;20;0;0;16;20
36119;2448;644;16;20;0;0;16;20
36123;2464;644;16;20;0;0;16;20
36125;2480;644;16;20;0;0;16;20
36126;2496;644;16;20;0;0;16;20
36127;2512;644;16;20;0;0;16;20
36129;2528;644;16;20;0;0;16;20
36130;2544;644;16;20;0;0;16;20
36131;2560;644;16;20;0;0;16;20
36132;2576;644;16;20;0;0;16;20
36133;2592;644;16;20;0;0;16;20
36134;2608;644;16;20;0;0;16;20
36135;2624;644;16;20;0;0;16;20
36136;2640;644;16;20;0;0;16;20
36137;2656;644;16;20;0;0;16;20
36138;2672;644;16;20;0;0;16;20
36139;2688;644;16;20;0;0;16;20
36140;2704;644;16;20;0;0;16;20
36141;2720;644;16;20;0;0;16;20
36142;2736;644;16;20;0;0;16;20
36143;2752;644;16;20;0;0;16;20
36144;2768;644;16;20;0;0;16;20
36145;2784;644;16;20;0;0;16;20
36146;2800;644;16;20;0;0;16;20
36147;2816;644;16;20;0;0;16;20
36148;2832;644;16;20;0;0;16;20
36149;2848;644;16;20;0;0;16;20
36150;2864;644;16;20;0;0;16;20
36151;2880;644;16;20;0;0;16;20
36152;2896;644;16;20;0;0;16;20
36153;2912;644;16;20;0;0;16;20
36154;2928;644;16;20;0;0;16;20
36155;2944;644;16;20;0;0;16;20
36156;2960;644;16;20;0;0;16;20
36157;2976;644;16;20;0;0;16;20
36158;2992;644;16;20;0;0;16;20
36159;3008;644;16;20;0;0;16;20
36161;3024;644;16;20;0;0;16;20
36162;3040;644;16;20;0;0;16;20
36163;3056;644;16;20;0;0;16;20
36164;3072;644;16;20;0;0;16;20
36165;3088;644;16;20;0;0;16;20
36167;3104;644;16;20;0;0;16;20
36168;3120;644;16;20;0;0;16;20
36169;3136;644;16;20;0;0;16;20
36170;3152;644;16;20;0;0;16;20
36171;3168;644;16;20;0;0;16;20
36172;3184;644;16;20;0;0;16;20
36173;3200;644;16;20;0;0;16;20
36174;3216;644;16;20;0;0;16;20
36175;3232;644;16;20;0;0;16;20
36176;3248;644;16;20;0;0;16;20
36179;3264;644;16;20;0;0;16;20
36180;3280;644;16;20;0;0;16;20
36181;3296;644;16;20;0;0;16;20
36182;3312;644;16;20;0;0;16;20
36184;3328;644;16;20;0;0;16;20
36185;3344;644;16;20;0;0;16;20
36186;3360;644;16;20;0;0;16;20
36187;3376;644;16;20;0;0;16;20
36188;3392;644;16;20;0;0;16;20
36189;3408;644;16;20;0;0;16;20
36190;3424;644;16;20;0;0;16;20
36191;3440;644;16;20;0;0;16;20
36192;3456;644;16;20;0;0;16;20
36193;3472;644;16;20;0;0;16;20
36194;3488;644;16;20;0;0;16;20
36195;3504;644;16;20;0;0;16;20
36196;3520;644;16;20;0;0;16;20
36198;3536;644;16;20;0;0;16;20
36199;3552;644;16;20;0;0;16;20
36203;3568;644;16;20;0;0;16;20
36205;3584;644;16;20;0;0;16;20
36208;3600;644;16;20;0;0;16;20
36211;3616;644;16;20;0;0;16;20
36212;3632;644;16;20;0;0;16;20
36213;3648;644;16;20;0;0;16;20
36214;3664;644;16;20;0;0;16;20
36215;3680;644;16;20;0;0;16;20
36225;3696;644;16;20;0;0;16;20
36228;3712;644;16;20;0;0;16;20
36229;3728;644;16;20;0;0;16;20
36234;3744;644;16;20;0;0;16;20
36235;3760;644;16;20;0;0;16;20
36241;3776;644;16;20;0;0;16;20
36244;3792;644;16;20;0;0;16;20
36245;3808;644;16;20;0;0;16;20
36249;3824;644;16;20;0;0;16;20
36255;3840;644;16;20;0;0;16;20
36259;3856;644;16;20;0;0;16;20
36264;3872;644;16;20;0;0;16;20
36273;3888;644;16;20;0;0;16;20
36274;3904;644;16;20;0;0;16;20
36275;3920;644;16;20;0;0;16;20
36276;3936;644;16;20;0;0;16;20
36277;3952;644;16;20;0;0;16;20
36280;3968;644;16;20;0;0;16;20
36282;3984;644;16;20;0;0;16;20
36284;4000;644;16;20;0;0;16;20
36286;4016;644;16;20;0;0;16;20
36287;4032;644;16;20;0;0;16;20
36291;4048;644;16;20;0;0;16;20
36292;4064;644;16;20;0;0;16;20
36294;4080;644;16;20;0;0;16;20
36299;0;664;16;20;0;0;16;20
36300;16;664;16;20;0;0;16;20
36302;32;664;16;20;0;0;16;20
36303;48;664;16;20;0;0;16;20
36304;64;664;16;20;0;0;16;20
36305;80;664;16;20;0;0;16;20
36310;96;664;16;20;0;0;16;20
36311;112;664;16;20;0;0;16;20
36314;128;664;16;20;0;0;16;20
36315;144;664;16;20;0;0;16;20
36317;160;664;16;20;0;0;16;20
36318;176;664;16;20;0;0;16;20
36319;192;664;16;20;0;0;16;20
36321;208;664;16;20;0;0;16;20
36323;224;664;16;20;0;0;16;20
36324;240;664;16;20;0;0;16;20
36328;256;664;16;20;0;0;16;20
36330;272;664;16;20;0;0;16;20
36332;288;664;16;20;0;0;16;20
36335;304;664;16;20;0;0;16;20
36339;320;664;16;20;0;0;16;20
36341;336;664;16;20;0;0;16;20
36342;352;664;16;20;0;0;16;20
36343;368;664;16;20;0;0;16;20
36344;384;664;16;20;0;0;16;20
36345;400;664;16;20;0;0;16;20
36346;416;664;16;20;0;0;16;20
36347;432;664;16;20;0;0;16;20
36348;448;664;16;20;0;0;16;20
36357;464;664;16;20;0;0;16;20
36361;480;664;16;20;0;0;16;20
36362;496;664;16;20;0;0;16;20
36364;512;664;16;20;0;0;16;20
36367;528;664;16;20;0;0;16;20
36368;544;664;16;20;0;0;16;20
36370;560;664;16;20;0;0;16;20
36372;576;664;16;20;0;0;16;20
36381;592;664;16;20;0;0;16;20
36382;608;664;16;20;0;0;16;20
36383;624;664;16;20;0;0;16;20
36386;640;664;16;20;0;0;16;20
36393;656;664;16;20;0;0;16;20
36394;672;664;16;20;0;0;16;20
36395;688;664;16;20;0;0;16;20
36396;704;664;16;20;0;0;16;20
36398;720;664;16;20;0;0;16;20
36399;736;664;16;20;0;0;16;20
36400;752;664;16;20;0;0;16;20
36401;768;664;16;20;0;0;16;20
36404;784;664;16;20;0;0;16;20
36405;800;664;16;20;0;0;16;20
36409;816;664;16;20;0;0;16;20
36410;832;664;16;20;0;0;16;20
36413;848;664;16;20;0;0;16;20
36416;864;664;16;20;0;0;16;20
36417;880;664;16;20;0;0;16;20
36418;896;664;16;20;0;0;16;20
36420;912;664;16;20;0;0;16;20
36423;928;664;16;20;0;0;16;20
36424;944;664;16;20;0;0;16;20
36425;960;664;16;20;0;0;16;20
36426;976;664;16;20;0;0;16;20
36427;992;664;16;20;0;0;16;20
36428;1008;664;16;20;0;0;16;20
36432;1024;664;16;20;0;0;16;20
36433;1040;664;16;20;0;0;16;20
36434;1056;664;16;20;0;0;16;20
36435;1072;664;16;20;0;0;16;20
36437;1088;664;16;20;0;0;16;20
36441;1104;664;16;20;0;0;16;20
36442;1120;664;16;20;0;0;16;20
36447;1136;664;16;20;0;0;16;20
36451;1152;664;16;20;0;0;16;20
36452;1168;664;16;20;0;0;16;20
36454;1184;664;16;20;0;0;16;20
36457;1200;664;16;20;0;0;16;20
36460;1216;664;16;20;0;0;16;20
36461;1232;664;16;20;0;0;16;20
36464;1248;664;16;20;0;0;16;20
36466;1264;664;16;20;0;0;16;20
36468;1280;664;16;20;0;0;16;20
36470;1296;664;16;20;0;0;16;20
36474;1312;664;16;20;0;0;16;20
36476;1328;664;16;20;0;0;16;20
36477;1344;664;16;20;0;0;16;20
36478;1360;664;16;20;0;0;16;20
36479;1376;664;16;20;0;0;16;20
36481;1392;664;16;20;0;0;16;20
36482;1408;664;16;20;0;0;16;20
36485;1424;664;16;20;0;0;16;20
36487;1440;664;16;20;0;0;16;20
36489;1456;664;16;20;0;0;16;20
36490;1472;664;16;20;0;0;16;20
36491;1488;664;16;20;0;0;16;20
36493;1504;664;16;20;0;0;16;20
36495;1520;664;16;20;0;0;16;20
36496;1536;664;16;20;0;0;16;20
36497;1552;664;16;20;0;0;16;20
36498;1568;664;16;20;0;0;16;20
36499;1584;664;16;20;0;0;16;20
36501;1600;664;16;20;0;0;16;20
36506;1616;664;16;20;0;0;16;20
36508;1632;664;16;20;0;0;16;20
36510;1648;664;16;20;0;0;16;20
36513;1664;664;16;20;0;0;16;20
36517;1680;664;16;20;0;0;16;20
36518;1696;664;16;20;0;0;16;20
36522;1712;664;16;20;0;0;16;20
36523;1728;664;16;20;0;0;16;20
36524;1744;664;16;20;0;0;16;20
36527;1760;664;16;20;0;0;16;20
36530;1776;664;16;20;0;0;16;20
36538;1792;664;16;20;0;0;16;20
36544;1808;664;16;20;0;0;16;20
36554;1824;664;16;20;0;0;16;20
36555;1840;664;16;20;0;0;16;20
36556;1856;664;16;20;0;0;16;20
36557;1872;664;16;20;0;0;16;20
36562;1888;664;16;20;0;0;16;20
36564;1904;664;16;20;0;0;16;20
36571;1920;664;16;20;0;0;16;20
36575;1936;664;16;20;0;0;16;20
36578;1952;664;16;20;0;0;16;20
36587;1968;664;16;20;0;0;16;20
36594;1984;664;16;20;0;0;16;20
36600;2000;664;16;20;0;0;16;20
36603;2016;664;16;20;0;0;16;20
36604;2032;664;16;20;0;0;16;20
36605;2048;664;16;20;0;0;16;20
36606;2064;664;16;20;0;0;16;20
36611;2080;664;16;20;0;0;16;20
36613;2096;664;16;20;0;0;16;20
36617;2112;664;16;20;0;0;16;20
36618;2128;664;16;20;0;0;16;20
36626;2144;664;16;20;0;0;16;20
36627;2160;664;16;20;0;0;16;20
36628;2176;664;16;20;0;0;16;20
36629;2192;664;16;20;0;0;16;20
36635;2208;664;16;20;0;0;16;20
36636;2224;664;16;20;0;0;16;20
36637;2240;664;16;20;0;0;16;20
36638;2256;664;16;20;0;0;16;20
36639;2272;664;16;20;0;0;16;20
36645;2288;664;16;20;0;0;16;20
36646;2304;664;16;20;0;0;16;20
36649;2320;664;16;20;0;0;16;20
36650;2336;664;16;20;0;0;16;20
36655;2352;664;16;20;0;0;16;20
36659;2368;664;16;20;0;0;16;20
36664;2384;664;16;20;0;0;16;20
36667;2400;664;16;20;0;0;16;20
36670;2416;664;16;20;0;0;16;20
36671;2432;664;16;20;0;0;16;20
36674;2448;664;16;20;0;0;16;20
36676;2464;664;16;20;0;0;16;20
36677;2480;664;16;20;0;0;16;20
36678;2496;664;16;20;0;0;16;20
36679;2512;664;16;20;0;0;16;20
36681;2528;664;16;20;0;0;16;20
36685;2544;664;16;20;0;0;16;20
36686;2560;664;16;20;0;0;16;20
36692;2576;664;16;20;0;0;16;20
36693;2592;664;16;20;0;0;16;20
36703;2608;664;16;20;0;0;16;20
36705;2624;664;16;20;0;0;16;20
36708;2640;664;16;20;0;0;16;20
36710;2656;664;16;20;0;0;16;20
36711;2672;664;16;20;0;0;16;20
36712;2688;664;16;20;0;0;16;20
36713;2704;664;16;20;0;0;16;20
36715;2720;664;16;20;0;0;16;20
36716;2736;664;16;20;0;0;16;20
36717;2752;664;16;20;0;0;16;20
36718;2768;664;16;20;0;0;16;20
36719;2784;664;16;20;0;0;16;20
36720;2800;664;16;20;0;0;16;20
36721;2816;664;16;20;0;0;16;20
36722;2832;664;16;20;0;0;16;20
36723;2848;664;16;20;0;0;16;20
36724;2864;664;16;20;0;0;16;20
36726;2880;664;16;20;0;0;16;20
36728;2896;664;16;20;0;0;16;20
36731;2912;664;16;20;0;0;16;20
36732;2928;664;16;20;0;0;16;20
36733;2944;664;16;20;0;0;16;20
36734;2960;664;16;20;0;0;16;20
36735;2976;664;16;20;0;0;16;20
36738;2992;664;16;20;0;0;16;20
36739;3008;664;16;20;0;0;16;20
36740;3024;664;16;20;0;0;16;20
36741;3040;664;16;20;0;0;16;20
36742;3056;664;16;20;0;0;16;20
36743;3072;664;16;20;0;0;16;20
36744;3088;664;16;20;0;0;16;20
36745;3104;664;16;20;0;0;16;20
36746;3120;664;16;20;0;0;16;20
36747;3136;664;16;20;0;0;16;20
36749;3152;664;16;20;0;0;16;20
36750;3168;664;16;20;0;0;16;20
36751;3184;664;16;20;0;0;16;20
36752;3200;664;16;20;0;0;16;20
36753;3216;664;16;20;0;0;16;20
36755;3232;664;16;20;0;0;16;20
36756;3248;664;16;20;0;0;16;20
36757;3264;664;16;20;0;0;16;20
36758;3280;664;16;20;0;0;16;20
36759;3296;664;16;20;0;0;16;20
36760;3312;664;16;20;0;0;16;20
36761;3328;664;16;20;0;0;16;20
36762;3344;664;16;20;0;0;16;20
36763;3360;664;16;20;0;0;16;20
36764;3376;664;16;20;0;0;16;20
36766;3392;664;16;20;0;0;16;20
36767;3408;664;16;20;0;0;16;20
36771;3424;664;16;20;0;0;16;20
36774;3440;664;16;20;0;0;16;20
36776;3456;664;16;20;0;0;16;20
36777;3472;664;16;20;0;0;16;20
36779;3488;664;16;20;0;0;16;20
36781;3504;664;16;20;0;0;16;20
36782;3520;664;16;20;0;0;16;20
36783;3536;664;16;20;0;0;16;20
36784;3552;664;16;20;0;0;16;20
36785;3568;664;16;20;0;0;16;20
36786;3584;664;16;20;0;0;16;20
36793;3600;664;16;20;0;0;16;20
36794;3616;664;16;20;0;0;16;20
36796;3632;664;16;20;0;0;16;20
36797;3648;664;16;20;0;0;16;20
36798;3664;664;16;20;0;0;16;20
36801;3680;664;16;20;0;0;16;20
36802;3696;664;16;20;0;0;16;20
36804;3712;664;16;20;0;0;16;20
36805;3728;664;16;20;0;0;16;20
36807;3744;664;16;20;0;0;16;20
36808;3760;664;16;20;0;0;16;20
36814;3776;664;16;20;0;0;16;20
36816;3792;664;16;20;0;0;16;20
36817;3808;664;16;20;0;0;16;20
36818;3824;664;16;20;0;0;16;20
36819;3840;664;16;20;0;0;16;20
36820;3856;664;16;20;0;0;16;20
36821;3872;664;16;20;0;0;16;20
36824;3888;664;16;20;0;0;16;20
36825;3904;664;16;20;0;0;16;20
36827;3920;664;16;20;0;0;16;20
36828;3936;664;16;20;0;0;16;20
36829;3952;664;16;20;0;0;16;20
36830;3968;664;16;20;0;0;16;20
36831;3984;664;16;20;0;0;16;20
36834;4000;664;16;20;0;0;16;20
36836;4016;664;16;20;0;0;16;20
36837;4032;664;16;20;0;0;16;20
36838;4048;664;16;20;0;0;16;20
36840;4064;664;16;20;0;0;16;20
36841;4080;664;16;20;0;0;16;20
36842;0;684;16;20;0;0;16;20
36843;16;684;16;20;0;0;16;20
36845;32;684;16;20;0;0;16;20
36846;48;684;16;20;0;0;16;20
36848;64;684;16;20;0;0;16;20
36851;80;684;16;20;0;0;16;20
36852;96;684;16;20;0;0;16;20
36855;112;684;16;20;0;0;16;20
36856;128;684;16;20;0;0;16;20
36857;144;684;16;20;0;0;16;20
36858;160;684;16;20;0;0;16;20
36861;176;684;16;20;0;0;16;20
36864;192;684;16;20;0;0;16;20
36865;208;684;16;20;0;0;16;20
36866;224;684;16;20;0;0;16;20
36867;240;684;16;20;0;0;16;20
36868;256;684;16;20;0;0;16;20
36869;272;684;16;20;0;0;16;20
36870;288;684;16;20;0;0;16;20
36873;304;684;16;20;0;0;16;20
36874;320;684;16;20;0;0;16;20
36875;336;684;16;20;0;0;16;20
36877;352;684;16;20;0;0;16;20
36879;368;684;16;20;0;0;16;20
36880;384;684;16;20;0;0;16;20
36881;400;684;16;20;0;0;16;20
36882;416;684;16;20;0;0;16;20
36883;432;684;16;20;0;0;16;20
36884;448;684;16;20;0;0;16;20
36885;464;684;16;20;0;0;16;20
36886;480;684;16;20;0;0;16;20
36887;496;684;16;20;0;0;16;20
36889;512;684;16;20;0;0;16;20
36890;528;684;16;20;0;0;16;20
36891;544;684;16;20;0;0;16;20
36893;560;684;16;20;0;0;16;20
36894;576;684;16;20;0;0;16;20
36895;592;684;16;20;0;0;16;20
36896;608;684;16;20;0;0;16;20
36897;624;684;16;20;0;0;16;20
36898;640;684;16;20;0;0;16;20
36899;656;684;16;20;0;0;16;20
36902;672;684;16;20;0;0;16;20
36909;688;684;16;20;0;0;16;20
36910;704;684;16;20;0;0;16;20
36911;720;684;16;20;0;0;16;20
36913;736;684;16;20;0;0;16;20
36914;752;684;16;20;0;0;16;20
36917;768;684;16;20;0;0;16;20
36918;784;684;16;20;0;0;16;20
36920;800;684;16;20;0;0;16;20
36923;816;684;16;20;0;0;16;20
36924;832;684;16;20;0;0;16;20
36926;848;684;16;20;0;0;16;20
36929;864;684;16;20;0;0;16;20
36930;880;684;16;20;0;0;16;20
36932;896;684;16;20;0;0;16;20
36933;912;684;16;20;0;0;16;20
36935;928;684;16;20;0;0;16;20
36938;944;684;16;20;0;0;16;20
36939;960;684;16;20;0;0;16;20
36941;976;684;16;20;0;0;16;20
36942;992;684;16;20;0;0;16;20
36943;1008;684;16;20;0;0;16;20
36944;1024;684;16;20;0;0;16;20
36945;1040;684;16;20;0;0;16;20
36946;1056;684;16;20;0;0;16;20
36947;1072;684;16;20;0;0;16;20
36948;1088;684;16;20;0;0;16;20
36949;1104;684;16;20;0;0;16;20
36951;1120;684;16;20;0;0;16;20
36953;1136;684;16;20;0;0;16;20
36955;1152;684;16;20;0;0;16;20
36956;1168;684;16;20;0;0;16;20
36958;1184;684;16;20;0;0;16;20
36960;1200;684;16;20;0;0;16;20
36961;1216;684;16;20;0;0;16;20
36962;1232;684;16;20;0;0;16;20
36963;1248;684;16;20;0;0;16;20
36965;1264;684;16;20;0;0;16;20
36968;1280;684;16;20;0;0;16;20
36969;1296;684;16;20;0;0;16;20
36973;1312;684;16;20;0;0;16;20
36974;1328;684;16;20;0;0;16;20
36978;1344;684;16;20;0;0;16;20
36980;1360;684;16;20;0;0;16;20
36981;1376;684;16;20;0;0;16;20
36983;1392;684;16;20;0;0;16;20
36984;1408;684;16;20;0;0;16;20
36986;1424;684;16;20;0;0;16;20
36988;1440;684;16;20;0;0;16;20
36989;1456;684;16;20;0;0;16;20
36991;1472;684;16;20;0;0;16;20
36992;1488;684;16;20;0;0;16;20
36993;1504;684;16;20;0;0;16;20
36994;1520;684;16;20;0;0;16;20
36995;1536;684;16;20;0;0;16;20
36996;1552;684;16;20;0;0;16;20
36999;1568;684;16;20;0;0;16;20
37000;1584;684;16;20;0;0;16;20
37002;1600;684;16;20;0;0;16;20
37003;1616;684;16;20;0;0;16;20
37007;1632;684;16;20;0;0;16;20
37008;1648;684;16;20;0;0;16;20
37009;1664;684;16;20;0;0;16;20
37011;1680;684;16;20;0;0;16;20
37013;1696;684;16;20;0;0;16;20
37015;1712;684;16;20;0;0;16;20
37017;1728;684;16;20;0;0;16;20
37019;1744;684;16;20;0;0;16;20
37021;1760;684;16;20;0;0;16;20
37024;1776;684;16;20;0;0;16;20
37026;1792;684;16;20;0;0;16;20
37027;1808;684;16;20;0;0;16;20
37030;1824;684;16;20;0;0;16;20
37034;1840;684;16;20;0;0;16;20
37036;1856;684;16;20;0;0;16;20
37038;1872;684;16;20;0;0;16;20
37039;1888;684;16;20;0;0;16;20
37040;1904;684;16;20;0;0;16;20
37041;1920;684;16;20;0;0;16;20
37043;1936;684;16;20;0;0;16;20
37044;1952;684;16;20;0;0;16;20
37045;1968;684;16;20;0;0;16;20
37046;1984;684;16;20;0;0;16;20
37048;2000;684;16;20;0;0;16;20
37049;2016;684;16;20;0;0;16;20
37050;2032;684;16;20;0;0;16;20
37051;2048;684;16;20;0;0;16;20
37054;2064;684;16;20;0;0;16;20
37057;2080;684;16;20;0;0;16;20
37060;2096;684;16;20;0;0;16;20
37061;2112;684;16;20;0;0;16;20
37063;2128;684;16;20;0;0;16;20
37066;2144;684;16;20;0;0;16;20
37070;2160;684;16;20;0;0;16;20
37071;2176;684;16;20;0;0;16;20
37073;2192;684;16;20;0;0;16;20
37075;2208;684;16;20;0;0;16;20
37079;2224;684;16;20;0;0;16;20
37083;2240;684;16;20;0;0;16;20
37084;2256;684;16;20;0;0;16;20
37085;2272;684;16;20;0;0;16;20
37087;2288;684;16;20;0;0;16;20
37089;2304;684;16;20;0;0;16;20
37090;2320;684;16;20;0;0;16;20
37092;2336;684;16;20;0;0;16;20
37094;2352;684;16;20;0;0;16;20
37095;2368;684;16;20;0;0;16;20
37096;2384;684;16;20;0;0;16;20
37099;2400;684;16;20;0;0;16;20
37101;2416;684;16;20;0;0;16;20
37103;2432;684;16;20;0;0;16;20
37108;2448;684;16;20;0;0;16;20
37109;2464;684;16;20;0;0;16;20
37111;2480;684;16;20;0;0;16;20
37112;2496;684;16;20;0;0;16;20
37117;2512;684;16;20;0;0;16;20
37118;2528;684;16;20;0;0;16;20
37119;2544;684;16;20;0;0;16;20
37122;2560;684;16;20;0;0;16;20
37124;2576;684;16;20;0;0;16;20
37126;2592;684;16;20;0;0;16;20
37129;2608;684;16;20;0;0;16;20
37138;2624;684;16;20;0;0;16;20
37140;2640;684;16;20;0;0;16;20
37142;2656;684;16;20;0;0;16;20
37145;2672;684;16;20;0;0;16;20
37150;2688;684;16;20;0;0;16;20
37154;2704;684;16;20;0;0;16;20
37159;2720;684;16;20;0;0;16;20
37165;2736;684;16;20;0;0;16;20
37167;2752;684;16;20;0;0;16;20
37168;2768;684;16;20;0;0;16;20
37169;2784;684;16;20;0;0;16;20
37170;2800;684;16;20;0;0;16;20
37172;2816;684;16;20;0;0;16;20
37178;2832;684;16;20;0;0;16;20
37187;2848;684;16;20;0;0;16;20
37190;2864;684;16;20;0;0;16;20
37192;2880;684;16;20;0;0;16;20
37193;2896;684;16;20;0;0;16;20
37194;2912;684;16;20;0;0;16;20
37195;2928;684;16;20;0;0;16;20
37196;2944;684;16;20;0;0;16;20
37197;2960;684;16;20;0;0;16;20
37198;2976;684;16;20;0;0;16;20
37200;2992;684;16;20;0;0;16;20
37202;3008;684;16;20;0;0;16;20
37204;3024;684;16;20;0;0;16;20
37207;3040;684;16;20;0;0;16;20
37210;3056;684;16;20;0;0;16;20
37213;3072;684;16;20;0;0;16;20
37214;3088;684;16;20;0;0;16;20
37217;3104;684;16;20;0;0;16;20
37218;3120;684;16;20;0;0;16;20
37219;3136;684;16;20;0;0;16;20
37220;3152;684;16;20;0;0;16;20
37221;3168;684;16;20;0;0;16;20
37225;3184;684;16;20;0;0;16;20
37226;3200;684;16;20;0;0;16;20
37228;3216;684;16;20;0;0;16;20
37230;3232;684;16;20;0;0;16;20
37231;3248;684;16;20;0;0;16;20
37232;3264;684;16;20;0;0;16;20
37233;3280;684;16;20;0;0;16;20
37234;3296;684;16;20;0;0;16;20
37237;3312;684;16;20;0;0;16;20
37238;3328;684;16;20;0;0;16;20
37239;3344;684;16;20;0;0;16;20
37240;3360;684;16;20;0;0;16;20
37241;3376;684;16;20;0;0;16;20
37242;3392;684;16;20;0;0;16;20
37245;3408;684;16;20;0;0;16;20
37247;3424;684;16;20;0;0;16;20
37251;3440;684;16;20;0;0;16;20
37253;3456;684;16;20;0;0;16;20
37255;3472;684;16;20;0;0;16;20
37257;3488;684;16;20;0;0;16;20
37259;3504;684;16;20;0;0;16;20
37260;3520;684;16;20;0;0;16;20
37261;3536;684;16;20;0;0;16;20
37264;3552;684;16;20;0;0;16;20
37266;3568;684;16;20;0;0;16;20
37274;3584;684;16;20;0;0;16;20
37275;3600;684;16;20;0;0;16;20
37276;3616;684;16;20;0;0;16;20
37278;3632;684;16;20;0;0;16;20
37282;3648;684;16;20;0;0;16;20
37283;3664;684;16;20;0;0;16;20
37290;3680;684;16;20;0;0;16;20
37291;3696;684;16;20;0;0;16;20
37292;3712;684;16;20;0;0;16;20
37294;3728;684;16;20;0;0;16;20
37295;3744;684;16;20;0;0;16;20
37297;3760;684;16;20;0;0;16;20
37300;3776;684;16;20;0;0;16;20
37304;3792;684;16;20;0;0;16;20
37306;3808;684;16;20;0;0;16;20
37312;3824;684;16;20;0;0;16;20
37313;3840;684;16;20;0;0;16;20
37317;3856;684;16;20;0;0;16;20
37319;3872;684;16;20;0;0;16;20
37320;3888;684;16;20;0;0;16;20
37321;3904;684;16;20;0;0;16;20
37322;3920;684;16;20;0;0;16;20
37323;3936;684;16;20;0;0;16;20
37324;3952;684;16;20;0;0;16;20
37325;3968;684;16;20;0;0;16;20
37326;3984;684;16;20;0;0;16;20
37327;4000;684;16;20;0;0;16;20
37328;4016;684;16;20;0;0;16;20
37329;4032;684;16;20;0;0;16;20
37332;4048;684;16;20;0;0;16;20
37333;4064;684;16;20;0;0;16;20
37335;4080;684;16;20;0;0;16;20
37336;0;704;16;20;0;0;16;20
37337;16;704;16;20;0;0;16;20
37340;32;704;16;20;0;0;16;20
37341;48;704;16;20;0;0;16;20
37347;64;704;16;20;0;0;16;20
37350;80;704;16;20;0;0;16;20
37351;96;704;16;20;0;0;16;20
37353;112;704;16;20;0;0;16;20
37356;128;704;16;20;0;0;16;20
37365;144;704;16;20;0;0;16;20
37367;160;704;16;20;0;0;16;20
37369;176;704;16;20;0;0;16;20
37376;192;704;16;20;0;0;16;20
37377;208;704;16;20;0;0;16;20
37384;224;704;16;20;0;0;16;20
37385;240;704;16;20;0;0;16;20
37389;256;704;16;20;0;0;16;20
37392;272;704;16;20;0;0;16;20
37393;288;704;16;20;0;0;16;20
37396;304;704;16;20;0;0;16;20
37397;320;704;16;20;0;0;16;20
37406;336;704;16;20;0;0;16;20
37411;352;704;16;20;0;0;16;20
37414;368;704;16;20;0;0;16;20
37421;384;704;16;20;0;0;16;20
37422;400;704;16;20;0;0;16;20
37424;416;704;16;20;0;0;16;20
37428;432;704;16;20;0;0;16;20
37431;448;704;16;20;0;0;16;20
37432;464;704;16;20;0;0;16;20
37433;480;704;16;20;0;0;16;20
37434;496;704;16;20;0;0;16;20
37437;512;704;16;20;0;0;16;20
37438;528;704;16;20;0;0;16;20
37439;544;704;16;20;0;0;16;20
37440;560;704;16;20;0;0;16;20
37444;576;704;16;20;0;0;16;20
37445;592;704;16;20;0;0;16;20
37446;608;704;16;20;0;0;16;20
37448;624;704;16;20;0;0;16;20
37449;640;704;16;20;0;0;16;20
37453;656;704;16;20;0;0;16;20
37457;672;704;16;20;0;0;16;20
37463;688;704;16;20;0;0;16;20
37466;704;704;16;20;0;0;16;20
37467;720;704;16;20;0;0;16;20
37470;736;704;16;20;0;0;16;20
37474;752;704;16;20;0;0;16;20
37476;768;704;16;20;0;0;16;20
37478;784;704;16;20;0;0;16;20
37484;800;704;16;20;0;0;16;20
37485;816;704;16;20;0;0;16;20
37489;832;704;16;20;0;0;16;20
37492;848;704;16;20;0;0;16;20
37496;864;704;16;20;0;0;16;20
37498;880;704;16;20;0;0;16;20
37499;896;704;16;20;0;0;16;20
37503;912;704;16;20;0;0;16;20
37504;928;704;16;20;0;0;16;20
37507;944;704;16;20;0;0;16;20
37509;960;704;16;20;0;0;16;20
37514;976;704;16;20;0;0;16;20
37521;992;704;16;20;0;0;16;20
37523;1008;704;16;20;0;0;16;20
37526;1024;704;16;20;0;0;16;20
37528;1040;704;16;20;0;0;16;20
37530;1056;704;16;20;0;0;16;20
37532;1072;704;16;20;0;0;16;20
37536;1088;704;16;20;0;0;16;20
37539;1104;704;16;20;0;0;16;20
37541;1120;704;16;20;0;0;16;20
37542;1136;704;16;20;0;0;16;20
37544;1152;704;16;20;0;0;16;20
37547;1168;704;16;20;0;0;16;20
37548;1184;704;16;20;0;0;16;20
37549;1200;704;16;20;0;0;16;20
37550;1216;704;16;20;0;0;16;20
37554;1232;704;16;20;0;0;16;20
37555;1248;704;16;20;0;0;16;20
37559;1264;704;16;20;0;0;16;20
37561;1280;704;16;20;0;0;16;20
37563;1296;704;16;20;0;0;16;20
37564;1312;704;16;20;0;0;16;20
37569;1328;704;16;20;0;0;16;20
37571;1344;704;16;20;0;0;16;20
37573;1360;704;16;20;0;0;16;20
37574;1376;704;16;20;0;0;16;20
37575;1392;704;16;20;0;0;16;20
37576;1408;704;16;20;0;0;16;20
37580;1424;704;16;20;0;0;16;20
37583;1440;704;16;20;0;0;16;20
37584;1456;704;16;20;0;0;16;20
37586;1472;704;16;20;0;0;16;20
37589;1488;704;16;20;0;0;16;20
37604;1504;704;16;20;0;0;16;20
37605;1520;704;16;20;0;0;16;20
37606;1536;704;16;20;0;0;16;20
37608;1552;704;16;20;0;0;16;20
37610;1568;704;16;20;0;0;16;20
37613;1584;704;16;20;0;0;16;20
37615;1600;704;16;20;0;0;16;20
37616;1616;704;16;20;0;0;16;20
37619;1632;704;16;20;0;0;16;20
37624;1648;704;16;20;0;0;16;20
37628;1664;704;16;20;0;0;16;20
37633;1680;704;16;20;0;0;16;20
37636;1696;704;16;20;0;0;16;20
37640;1712;704;16;20;0;0;16;20
37648;1728;704;16;20;0;0;16;20
37650;1744;704;16;20;0;0;16;20
37653;1760;704;16;20;0;0;16;20
37656;1776;704;16;20;0;0;16;20
37657;1792;704;16;20;0;0;16;20
37658;1808;704;16;20;0;0;16;20
37659;1824;704;16;20;0;0;16;20
37664;1840;704;16;20;0;0;16;20
37665;1856;704;16;20;0;0;16;20
37666;1872;704;16;20;0;0;16;20
37670;1888;704;16;20;0;0;16;20
37672;1904;704;16;20;0;0;16;20
37675;1920;704;16;20;0;0;16;20
37676;1936;704;16;20;0;0;16;20
37678;1952;704;16;20;0;0;16;20
37679;1968;704;16;20;0;0;16;20
37682;1984;704;16;20;0;0;16;20
37683;2000;704;16;20;0;0;16;20
37686;2016;704;16;20;0;0;16;20
37688;2032;704;16;20;0;0;16;20
37694;2048;704;16;20;0;0;16;20
37696;2064;704;16;20;0;0;16;20
37697;2080;704;16;20;0;0;16;20
37703;2096;704;16;20;0;0;16;20
37706;2112;704;16;20;0;0;16;20
37707;2128;704;16;20;0;0;16;20
37709;2144;704;16;20;0;0;16;20
37716;2160;704;16;20;0;0;16;20
37720;2176;704;16;20;0;0;16;20
37723;2192;704;16;20;0;0;16;20
37732;2208;704;16;20;0;0;16;20
37733;2224;704;16;20;0;0;16;20
37738;2240;704;16;20;0;0;16;20
37740;2256;704;16;20;0;0;16;20
37749;2272;704;16;20;0;0;16;20
37750;2288;704;16;20;0;0;16;20
37754;2304;704;16;20;0;0;16;20
37758;2320;704;16;20;0;0;16;20
37762;2336;704;16;20;0;0;16;20
37770;2352;704;16;20;0;0;16;20
37772;2368;704;16;20;0;0;16;20
37775;2384;704;16;20;0;0;16;20
37779;2400;704;16;20;0;0;16;20
37780;2416;704;16;20;0;0;16;20
37782;2432;704;16;20;0;0;16;20
37783;2448;704;16;20;0;0;16;20
37784;2464;704;16;20;0;0;16;20
37786;2480;704;16;20;0;0;16;20
37789;2496;704;16;20;0;0;16;20
37794;2512;704;16;20;0;0;16;20
37795;2528;704;16;20;0;0;16;20
37798;2544;704;16;20;0;0;16;20
37799;2560;704;16;20;0;0;16;20
37801;2576;704;16;20;0;0;16;20
37804;2592;704;16;20;0;0;16;20
37806;2608;704;16;20;0;0;16;20
37807;2624;704;16;20;0;0;16;20
37808;2640;704;16;20;0;0;16;20
37811;2656;704;16;20;0;0;16;20
37813;2672;704;16;20;0;0;16;20
37827;2688;704;16;20;0;0;16;20
37831;2704;704;16;20;0;0;16;20
37832;2720;704;16;20;0;0;16;20
37834;2736;704;16;20;0;0;16;20
37840;2752;704;16;20;0;0;16;20
37841;2768;704;16;20;0;0;16;20
37846;2784;704;16;20;0;0;16;20
37847;2800;704;16;20;0;0;16;20
37848;2816;704;16;20;0;0;16;20
37852;2832;704;16;20;0;0;16;20
37853;2848;704;16;20;0;0;16;20
37854;2864;704;16;20;0;0;16;20
37855;2880;704;16;20;0;0;16;20
37857;2896;704;16;20;0;0;16;20
37858;2912;704;16;20;0;0;16;20
37860;2928;704;16;20;0;0;16;20
37864;2944;704;16;20;0;0;16;20
37877;2960;704;16;20;0;0;16;20
37881;2976;704;16;20;0;0;16;20
37885;2992;704;16;20;0;0;16;20
37891;3008;704;16;20;0;0;16;20
37904;3024;704;16;20;0;0;16;20
37907;3040;704;16;20;0;0;16;20
37908;3056;704;16;20;0;0;16;20
37912;3072;704;16;20;0;0;16;20
37913;3088;704;16;20;0;0;16;20
37917;3104;704;16;20;0;0;16;20
37927;3120;704;16;20;0;0;16;20
37931;3136;704;16;20;0;0;16;20
37934;3152;704;16;20;0;0;16;20
37938;3168;704;16;20;0;0;16;20
37939;3184;704;16;20;0;0;16;20
37941;3200;704;16;20;0;0;16;20
37944;3216;704;16;20;0;0;16;20
37946;3232;704;16;20;0;0;16;20
37950;3248;704;16;20;0;0;16;20
37956;3264;704;16;20;0;0;16;20
37962;3280;704;16;20;0;0;16;20
37964;3296;704;16;20;0;0;16;20
37969;3312;704;16;20;0;0;16;20
37970;3328;704;16;20;0;0;16;20
37972;3344;704;16;20;0;0;16;20
37984;3360;704;16;20;0;0;16;20
37987;3376;704;16;20;0;0;16;20
37995;3392;704;16;20;0;0;16;20
37997;3408;704;16;20;0;0;16;20
38000;3424;704;16;20;0;0;16;20
38001;3440;704;16;20;0;0;16;20
38002;3456;704;16;20;0;0;16;20
38004;3472;704;16;20;0;0;16;20
38007;3488;704;16;20;0;0;16;20
38009;3504;704;16;20;0;0;16;20
38012;3520;704;16;20;0;0;16;20
38013;3536;704;16;20;0;0;16;20
38014;3552;704;16;20;0;0;16;20
38015;3568;704;16;20;0;0;16;20
38023;3584;704;16;20;0;0;16;20
38024;3600;704;16;20;0;0;16;20
38025;3616;704;16;20;0;0;16;20
38026;3632;704;16;20;0;0;16;20
38027;3648;704;16;20;0;0;16;20
38028;3664;704;16;20;0;0;16;20
38029;3680;704;16;20;0;0;16;20
38030;3696;704;16;20;0;0;16;20
38031;3712;704;16;20;0;0;16;20
38034;3728;704;16;20;0;0;16;20
38035;3744;704;16;20;0;0;16;20
38037;3760;704;16;20;0;0;16;20
38039;3776;704;16;20;0;0;16;20
38041;3792;704;16;20;0;0;16;20
38042;3808;704;16;20;0;0;16;20
38043;3824;704;16;20;0;0;16;20
38044;3840;704;16;20;0;0;16;20
38045;3856;704;16;20;0;0;16;20
38046;3872;704;16;20;0;0;16;20
38047;3888;704;16;20;0;0;16;20
38048;3904;704;16;20;0;0;16;20
38049;3920;704;16;20;0;0;16;20
38050;3936;704;16;20;0;0;16;20
38051;3952;704;16;20;0;0;16;20
38052;3968;704;16;20;0;0;16;20
38053;3984;704;16;20;0;0;16;20
38054;4000;704;16;20;0;0;16;20
38055;4016;704;16;20;0;0;16;20
38056;4032;704;16;20;0;0;16;20
38057;4048;704;16;20;0;0;16;20
38059;4064;704;16;20;0;0;16;20
38062;4080;704;16;20;0;0;16;20
38063;0;724;16;20;0;0;16;20
38064;16;724;16;20;0;0;16;20
38065;32;724;16;20;0;0;16;20
38066;48;724;16;20;0;0;16;20
38067;64;724;16;20;0;0;16;20
38068;80;724;16;20;0;0;16;20
38069;96;724;16;20;0;0;16;20
38073;112;724;16;20;0;0;16;20
38074;128;724;16;20;0;0;16;20
38075;144;724;16;20;0;0;16;20
38076;160;724;16;20;0;0;16;20
38077;176;724;16;20;0;0;16;20
38078;192;724;16;20;0;0;16;20
38079;208;724;16;20;0;0;16;20
38080;224;724;16;20;0;0;16;20
38081;240;724;16;20;0;0;16;20
38082;256;724;16;20;0;0;16;20
38083;272;724;16;20;0;0;16;20
38084;288;724;16;20;0;0;16;20
38085;304;724;16;20;0;0;16;20
38086;320;724;16;20;0;0;16;20
38088;336;724;16;20;0;0;16;20
38089;352;724;16;20;0;0;16;20
38090;368;724;16;20;0;0;16;20
38091;384;724;16;20;0;0;16;20
38092;400;724;16;20;0;0;16;20
38093;416;724;16;20;0;0;16;20
38094;432;724;16;20;0;0;16;20
38096;448;724;16;20;0;0;16;20
38097;464;724;16;20;0;0;16;20
38098;480;724;16;20;0;0;16;20
38103;496;724;16;20;0;0;16;20
38105;512;724;16;20;0;0;16;20
38107;528;724;16;20;0;0;16;20
38108;544;724;16;20;0;0;16;20
38109;560;724;16;20;0;0;16;20
38111;576;724;16;20;0;0;16;20
38112;592;724;16;20;0;0;16;20
38113;608;724;16;20;0;0;16;20
38114;624;724;16;20;0;0;16;20
38115;640;724;16;20;0;0;16;20
38116;656;724;16;20;0;0;16;20
38119;672;724;16;20;0;0;16;20
38120;688;724;16;20;0;0;16;20
38121;704;724;16;20;0;0;16;20
38122;720;724;16;20;0;0;16;20
38123;736;724;16;20;0;0;16;20
38124;752;724;16;20;0;0;16;20
38125;768;724;16;20;0;0;16;20
38126;784;724;16;20;0;0;16;20
38127;800;724;16;20;0;0;16;20
38128;816;724;16;20;0;0;16;20
38129;832;724;16;20;0;0;16;20
38130;848;724;16;20;0;0;16;20
38131;864;724;16;20;0;0;16;20
38133;880;724;16;20;0;0;16;20
38134;896;724;16;20;0;0;16;20
38135;912;724;16;20;0;0;16;20
38136;928;724;16;20;0;0;16;20
38138;944;724;16;20;0;0;16;20
38139;960;724;16;20;0;0;16;20
38140;976;724;16;20;0;0;16;20
38142;992;724;16;20;0;0;16;20
38143;1008;724;16;20;0;0;16;20
38144;1024;724;16;20;0;0;16;20
38145;1040;724;16;20;0;0;16;20
38146;1056;724;16;20;0;0;16;20
38147;1072;724;16;20;0;0;16;20
38148;1088;724;16;20;0;0;16;20
38149;1104;724;16;20;0;0;16;20
38150;1120;724;16;20;0;0;16;20
38151;1136;724;16;20;0;0;16;20
38152;1152;724;16;20;0;0;16;20
38153;1168;724;16;20;0;0;16;20
38155;1184;724;16;20;0;0;16;20
38156;1200;724;16;20;0;0;16;20
38159;1216;724;16;20;0;0;16;20
38160;1232;724;16;20;0;0;16;20
38161;1248;724;16;20;0;0;16;20
38162;1264;724;16;20;0;0;16;20
38164;1280;724;16;20;0;0;16;20
38165;1296;724;16;20;0;0;16;20
38167;1312;724;16;20;0;0;16;20
38169;1328;724;16;20;0;0;16;20
38170;1344;724;16;20;0;0;16;20
38171;1360;724;16;20;0;0;16;20
38172;1376;724;16;20;0;0;16;20
38173;1392;724;16;20;0;0;16;20
38174;1408;724;16;20;0;0;16;20
38175;1424;724;16;20;0;0;16;20
38177;1440;724;16;20;0;0;16;20
38178;1456;724;16;20;0;0;16;20
38179;1472;724;16;20;0;0;16;20
38180;1488;724;16;20;0;0;16;20
38181;1504;724;16;20;0;0;16;20
38182;1520;724;16;20;0;0;16;20
38184;1536;724;16;20;0;0;16;20
38185;1552;724;16;20;0;0;16;20
38189;1568;724;16;20;0;0;16;20
38190;1584;724;16;20;0;0;16;20
38191;1600;724;16;20;0;0;16;20
38192;1616;724;16;20;0;0;16;20
38193;1632;724;16;20;0;0;16;20
38194;1648;724;16;20;0;0;16;20
38196;1664;724;16;20;0;0;16;20
38197;1680;724;16;20;0;0;16;20
38198;1696;724;16;20;0;0;16;20
38199;1712;724;16;20;0;0;16;20
38200;1728;724;16;20;0;0;16;20
38201;1744;724;16;20;0;0;16;20
38202;1760;724;16;20;0;0;16;20
38203;1776;724;16;20;0;0;16;20
38208;1792;724;16;20;0;0;16;20
38209;1808;724;16;20;0;0;16;20
38210;1824;724;16;20;0;0;16;20
38215;1840;724;16;20;0;0;16;20
38217;1856;724;16;20;0;0;16;20
38218;1872;724;16;20;0;0;16;20
38220;1888;724;16;20;0;0;16;20
38221;1904;724;16;20;0;0;16;20
38223;1920;724;16;20;0;0;16;20
38224;1936;724;16;20;0;0;16;20
38225;1952;724;16;20;0;0;16;20
38226;1968;724;16;20;0;0;16;20
38227;1984;724;16;20;0;0;16;20
38228;2000;724;16;20;0;0;16;20
38229;2016;724;16;20;0;0;16;20
38230;2032;724;16;20;0;0;16;20
38231;2048;724;16;20;0;0;16;20
38232;2064;724;16;20;0;0;16;20
38234;2080;724;16;20;0;0;16;20
38235;2096;724;16;20;0;0;16;20
38236;2112;724;16;20;0;0;16;20
38237;2128;724;16;20;0;0;16;20
38238;2144;724;16;20;0;0;16;20
38240;2160;724;16;20;0;0;16;20
38241;2176;724;16;20;0;0;16;20
38242;2192;724;16;20;0;0;16;20
38243;2208;724;16;20;0;0;16;20
38246;2224;724;16;20;0;0;16;20
38247;2240;724;16;20;0;0;16;20
38249;2256;724;16;20;0;0;16;20
38250;2272;724;16;20;0;0;16;20
38251;2288;724;16;20;0;0;16;20
38252;2304;724;16;20;0;0;16;20
38253;2320;724;16;20;0;0;16;20
38255;2336;724;16;20;0;0;16;20
38256;2352;724;16;20;0;0;16;20
38258;2368;724;16;20;0;0;16;20
38259;2384;724;16;20;0;0;16;20
38260;2400;724;16;20;0;0;16;20
38261;2416;724;16;20;0;0;16;20
38262;2432;724;16;20;0;0;16;20
38263;2448;724;16;20;0;0;16;20
38271;2464;724;16;20;0;0;16;20
38272;2480;724;16;20;0;0;16;20
38274;2496;724;16;20;0;0;16;20
38275;2512;724;16;20;0;0;16;20
38281;2528;724;16;20;0;0;16;20
38283;2544;724;16;20;0;0;16;20
38284;2560;724;16;20;0;0;16;20
38286;2576;724;16;20;0;0;16;20
38287;2592;724;16;20;0;0;16;20
38289;2608;724;16;20;0;0;16;20
38290;2624;724;16;20;0;0;16;20
38291;2640;724;16;20;0;0;16;20
38292;2656;724;16;20;0;0;16;20
38295;2672;724;16;20;0;0;16;20
38296;2688;724;16;20;0;0;16;20
38305;2704;724;16;20;0;0;16;20
38306;2720;724;16;20;0;0;16;20
38307;2736;724;16;20;0;0;16;20
38308;2752;724;16;20;0;0;16;20
38309;2768;724;16;20;0;0;16;20
38312;2784;724;16;20;0;0;16;20
38313;2800;724;16;20;0;0;16;20
38315;2816;724;16;20;0;0;16;20
38316;2832;724;16;20;0;0;16;20
38317;2848;724;16;20;0;0;16;20
38320;2864;724;16;20;0;0;16;20
38321;2880;724;16;20;0;0;16;20
38322;2896;724;16;20;0;0;16;20
38326;2912;724;16;20;0;0;16;20
38329;2928;724;16;20;0;0;16;20
38331;2944;724;16;20;0;0;16;20
38332;2960;724;16;20;0;0;16;20
38333;2976;724;16;20;0;0;16;20
38334;2992;724;16;20;0;0;16;20
38338;3008;724;16;20;0;0;16;20
38339;3024;724;16;20;0;0;16;20
38342;3040;724;16;20;0;0;16;20
38343;3056;724;16;20;0;0;16;20
38344;3072;724;16;20;0;0;16;20
38346;3088;724;16;20;0;0;16;20
38347;3104;724;16;20;0;0;16;20
38348;3120;724;16;20;0;0;16;20
38352;3136;724;16;20;0;0;16;20
38355;3152;724;16;20;0;0;16;20
38356;3168;724;16;20;0;0;16;20
38357;3184;724;16;20;0;0;16;20
38358;3200;724;16;20;0;0;16;20
38360;3216;724;16;20;0;0;16;20
38364;3232;724;16;20;0;0;16;20
38366;3248;724;16;20;0;0;16;20
38369;3264;724;16;20;0;0;16;20
38370;3280;724;16;20;0;0;16;20
38373;3296;724;16;20;0;0;16;20
38376;3312;724;16;20;0;0;16;20
38377;3328;724;16;20;0;0;16;20
38378;3344;724;16;20;0;0;16;20
38381;3360;724;16;20;0;0;16;20
38382;3376;724;16;20;0;0;16;20
38383;3392;724;16;20;0;0;16;20
38384;3408;724;16;20;0;0;16;20
38385;3424;724;16;20;0;0;16;20
38386;3440;724;16;20;0;0;16;20
38387;3456;724;16;20;0;0;16;20
38388;3472;724;16;20;0;0;16;20
38389;3488;724;16;20;0;0;16;20
38390;3504;724;16;20;0;0;16;20
38391;3520;724;16;20;0;0;16;20
38392;3536;724;16;20;0;0;16;20
38393;3552;724;16;20;0;0;16;20
38394;3568;724;16;20;0;0;16;20
38395;3584;724;16;20;0;0;16;20
38396;3600;724;16;20;0;0;16;20
38397;3616;724;16;20;0;0;16;20
38398;3632;724;16;20;0;0;16;20
38399;3648;724;16;20;0;0;16;20
38400;3664;724;16;20;0;0;16;20
38401;3680;724;16;20;0;0;16;20
38402;3696;724;16;20;0;0;16;20
38403;3712;724;16;20;0;0;16;20
38404;3728;724;16;20;0;0;16;20
38405;3744;724;16;20;0;0;16;20
38406;3760;724;16;20;0;0;16;20
38407;3776;724;16;20;0;0;16;20
38408;3792;724;16;20;0;0;16;20
38409;3808;724;16;20;0;0;16;20
38410;3824;724;16;20;0;0;16;20
38411;3840;724;16;20;0;0;16;20
38413;3856;724;16;20;0;0;16;20
38414;3872;724;16;20;0;0;16;20
38415;3888;724;16;20;0;0;16;20
38416;3904;724;16;20;0;0;16;20
38417;3920;724;16;20;0;0;16;20
38418;3936;724;16;20;0;0;16;20
38420;3952;724;16;20;0;0;16;20
38421;3968;724;16;20;0;0;16;20
38422;3984;724;16;20;0;0;16;20
38423;4000;724;16;20;0;0;16;20
38425;4016;724;16;20;0;0;16;20
38426;4032;724;16;20;0;0;16;20
38428;4048;724;16;20;0;0;16;20
38431;4064;724;16;20;0;0;16;20
38433;4080;724;16;20;0;0;16;20
38440;0;744;16;20;0;0;16;20
38442;16;744;16;20;0;0;16;20
38446;32;744;16;20;0;0;16;20
38447;48;744;16;20;0;0;16;20
38449;64;744;16;20;0;0;16;20
38450;80;744;16;20;0;0;16;20
38451;96;744;16;20;0;0;16;20
38452;112;744;16;20;0;0;16;20
38453;128;744;16;20;0;0;16;20
38454;144;744;16;20;0;0;16;20
38459;160;744;16;20;0;0;16;20
38463;176;744;16;20;0;0;16;20
38464;192;744;16;20;0;0;16;20
38466;208;744;16;20;0;0;16;20
38468;224;744;16;20;0;0;16;20
38469;240;744;16;20;0;0;16;20
38470;256;744;16;20;0;0;16;20
38471;272;744;16;20;0;0;16;20
38472;288;744;16;20;0;0;16;20
38473;304;744;16;20;0;0;16;20
38475;320;744;16;20;0;0;16;20
38476;336;744;16;20;0;0;16;20
38477;352;744;16;20;0;0;16;20
38479;368;744;16;20;0;0;16;20
38480;384;744;16;20;0;0;16;20
38484;400;744;16;20;0;0;16;20
38485;416;744;16;20;0;0;16;20
38488;432;744;16;20;0;0;16;20
38491;448;744;16;20;0;0;16;20
38492;464;744;16;20;0;0;16;20
38493;480;744;16;20;0;0;16;20
38494;496;744;16;20;0;0;16;20
38495;512;744;16;20;0;0;16;20
38497;528;744;16;20;0;0;16;20
38498;544;744;16;20;0;0;16;20
38499;560;744;16;20;0;0;16;20
38500;576;744;16;20;0;0;16;20
38501;592;744;16;20;0;0;16;20
38504;608;744;16;20;0;0;16;20
38505;624;744;16;20;0;0;16;20
38506;640;744;16;20;0;0;16;20
38508;656;744;16;20;0;0;16;20
38512;672;744;16;20;0;0;16;20
38514;688;744;16;20;0;0;16;20
38515;704;744;16;20;0;0;16;20
38517;720;744;16;20;0;0;16;20
38518;736;744;16;20;0;0;16;20
38519;752;744;16;20;0;0;16;20
38520;768;744;16;20;0;0;16;20
38522;784;744;16;20;0;0;16;20
38525;800;744;16;20;0;0;16;20
38533;816;744;16;20;0;0;16;20
38534;832;744;16;20;0;0;16;20
38536;848;744;16;20;0;0;16;20
38538;864;744;16;20;0;0;16;20
38539;880;744;16;20;0;0;16;20
38541;896;744;16;20;0;0;16;20
38542;912;744;16;20;0;0;16;20
38543;928;744;16;20;0;0;16;20
38544;944;744;16;20;0;0;16;20
38548;960;744;16;20;0;0;16;20
38549;976;744;16;20;0;0;16;20
38551;992;744;16;20;0;0;16;20
38552;1008;744;16;20;0;0;16;20
38553;1024;744;16;20;0;0;16;20
38555;1040;744;16;20;0;0;16;20
38556;1056;744;16;20;0;0;16;20
38558;1072;744;16;20;0;0;16;20
38560;1088;744;16;20;0;0;16;20
38563;1104;744;16;20;0;0;16;20
38564;1120;744;16;20;0;0;16;20
38567;1136;744;16;20;0;0;16;20
38568;1152;744;16;20;0;0;16;20
38570;1168;744;16;20;0;0;16;20
38576;1184;744;16;20;0;0;16;20
38577;1200;744;16;20;0;0;16;20
38579;1216;744;16;20;0;0;16;20
38580;1232;744;16;20;0;0;16;20
38582;1248;744;16;20;0;0;16;20
38583;1264;744;16;20;0;0;16;20
38584;1280;744;16;20;0;0;16;20
38585;1296;744;16;20;0;0;16;20
38587;1312;744;16;20;0;0;16;20
38588;1328;744;16;20;0;0;16;20
38589;1344;744;16;20;0;0;16;20
38590;1360;744;16;20;0;0;16;20
38592;1376;744;16;20;0;0;16;20
38593;1392;744;16;20;0;0;16;20
38596;1408;744;16;20;0;0;16;20
38597;1424;744;16;20;0;0;16;20
38598;1440;744;16;20;0;0;16;20
38599;1456;744;16;20;0;0;16;20
38601;1472;744;16;20;0;0;16;20
38603;1488;744;16;20;0;0;16;20
38604;1504;744;16;20;0;0;16;20
38605;1520;744;16;20;0;0;16;20
38606;1536;744;16;20;0;0;16;20
38607;1552;744;16;20;0;0;16;20
38609;1568;744;16;20;0;0;16;20
38610;1584;744;16;20;0;0;16;20
38613;1600;744;16;20;0;0;16;20
38614;1616;744;16;20;0;0;16;20
38617;1632;744;16;20;0;0;16;20
38619;1648;744;16;20;0;0;16;20
38620;1664;744;16;20;0;0;16;20
38622;1680;744;16;20;0;0;16;20
38624;1696;744;16;20;0;0;16;20
38626;1712;744;16;20;0;0;16;20
38627;1728;744;16;20;0;0;16;20
38632;1744;744;16;20;0;0;16;20
38633;1760;744;16;20;0;0;16;20
38634;1776;744;16;20;0;0;16;20
38639;1792;744;16;20;0;0;16;20
38640;1808;744;16;20;0;0;16;20
38641;1824;744;16;20;0;0;16;20
38642;1840;744;16;20;0;0;16;20
38643;1856;744;16;20;0;0;16;20
38646;1872;744;16;20;0;0;16;20
38647;1888;744;16;20;0;0;16;20
38649;1904;744;16;20;0;0;16;20
38651;1920;744;16;20;0;0;16;20
38654;1936;744;16;20;0;0;16;20
38656;1952;744;16;20;0;0;16;20
38657;1968;744;16;20;0;0;16;20
38660;1984;744;16;20;0;0;16;20
38662;2000;744;16;20;0;0;16;20
38663;2016;744;16;20;0;0;16;20
38664;2032;744;16;20;0;0;16;20
38665;2048;744;16;20;0;0;16;20
38666;2064;744;16;20;0;0;16;20
38669;2080;744;16;20;0;0;16;20
38670;2096;744;16;20;0;0;16;20
38671;2112;744;16;20;0;0;16;20
38673;2128;744;16;20;0;0;16;20
38675;2144;744;16;20;0;0;16;20
38678;2160;744;16;20;0;0;16;20
38684;2176;744;16;20;0;0;16;20
38686;2192;744;16;20;0;0;16;20
38692;2208;744;16;20;0;0;16;20
38695;2224;744;16;20;0;0;16;20
38696;2240;744;16;20;0;0;16;20
38698;2256;744;16;20;0;0;16;20
38701;2272;744;16;20;0;0;16;20
38704;2288;744;16;20;0;0;16;20
38706;2304;744;16;20;0;0;16;20
38712;2320;744;16;20;0;0;16;20
38713;2336;744;16;20;0;0;16;20
38717;2352;744;16;20;0;0;16;20
38718;2368;744;16;20;0;0;16;20
38722;2384;744;16;20;0;0;16;20
38724;2400;744;16;20;0;0;16;20
38728;2416;744;16;20;0;0;16;20
38729;2432;744;16;20;0;0;16;20
38738;2448;744;16;20;0;0;16;20
38739;2464;744;16;20;0;0;16;20
38742;2480;744;16;20;0;0;16;20
38745;2496;744;16;20;0;0;16;20
38746;2512;744;16;20;0;0;16;20
38747;2528;744;16;20;0;0;16;20
38748;2544;744;16;20;0;0;16;20
38750;2560;744;16;20;0;0;16;20
38752;2576;744;16;20;0;0;16;20
38753;2592;744;16;20;0;0;16;20
38754;2608;744;16;20;0;0;16;20
38757;2624;744;16;20;0;0;16;20
38758;2640;744;16;20;0;0;16;20
38760;2656;744;16;20;0;0;16;20
38761;2672;744;16;20;0;0;16;20
38768;2688;744;16;20;0;0;16;20
38771;2704;744;16;20;0;0;16;20
38772;2720;744;16;20;0;0;16;20
38774;2736;744;16;20;0;0;16;20
38776;2752;744;16;20;0;0;16;20
38778;2768;744;16;20;0;0;16;20
38780;2784;744;16;20;0;0;16;20
38783;2800;744;16;20;0;0;16;20
38789;2816;744;16;20;0;0;16;20
38795;2832;744;16;20;0;0;16;20
38797;2848;744;16;20;0;0;16;20
38799;2864;744;16;20;0;0;16;20
38801;2880;744;16;20;0;0;16;20
38802;2896;744;16;20;0;0;16;20
38808;2912;744;16;20;0;0;16;20
38815;2928;744;16;20;0;0;16;20
38816;2944;744;16;20;0;0;16;20
38817;2960;744;16;20;0;0;16;20
38819;2976;744;16;20;0;0;16;20
38822;2992;744;16;20;0;0;16;20
38823;3008;744;16;20;0;0;16;20
38824;3024;744;16;20;0;0;16;20
38827;3040;744;16;20;0;0;16;20
38828;3056;744;16;20;0;0;16;20
38829;3072;744;16;20;0;0;16;20
38831;3088;744;16;20;0;0;16;20
38834;3104;744;16;20;0;0;16;20
38835;3120;744;16;20;0;0;16;20
38836;3136;744;16;20;0;0;16;20
38845;3152;744;16;20;0;0;16;20
38849;3168;744;16;20;0;0;16;20
38851;3184;744;16;20;0;0;16;20
38854;3200;744;16;20;0;0;16;20
38857;3216;744;16;20;0;0;16;20
38859;3232;744;16;20;0;0;16;20
38860;3248;744;16;20;0;0;16;20
38867;3264;744;16;20;0;0;16;20
38873;3280;744;16;20;0;0;16;20
38876;3296;744;16;20;0;0;16;20
38877;3312;744;16;20;0;0;16;20
38878;3328;744;16;20;0;0;16;20
38886;3344;744;16;20;0;0;16;20
38887;3360;744;16;20;0;0;16;20
38889;3376;744;16;20;0;0;16;20
38890;3392;744;16;20;0;0;16;20
38891;3408;744;16;20;0;0;16;20
38892;3424;744;16;20;0;0;16;20
38893;3440;744;16;20;0;0;16;20
38899;3456;744;16;20;0;0;16;20
38901;3472;744;16;20;0;0;16;20
38902;3488;744;16;20;0;0;16;20
38907;3504;744;16;20;0;0;16;20
38910;3520;744;16;20;0;0;16;20
38911;3536;744;16;20;0;0;16;20
38913;3552;744;16;20;0;0;16;20
38914;3568;744;16;20;0;0;16;20
38915;3584;744;16;20;0;0;16;20
38917;3600;744;16;20;0;0;16;20
38918;3616;744;16;20;0;0;16;20
38919;3632;744;16;20;0;0;16;20
38920;3648;744;16;20;0;0;16;20
38922;3664;744;16;20;0;0;16;20
38924;3680;744;16;20;0;0;16;20
38926;3696;744;16;20;0;0;16;20
38927;3712;744;16;20;0;0;16;20
38928;3728;744;16;20;0;0;16;20
38929;3744;744;16;20;0;0;16;20
38930;3760;744;16;20;0;0;16;20
38931;3776;744;16;20;0;0;16;20
38935;3792;744;16;20;0;0;16;20
38936;3808;744;16;20;0;0;16;20
38940;3824;744;16;20;0;0;16;20
38945;3840;744;16;20;0;0;16;20
38948;3856;744;16;20;0;0;16;20
38950;3872;744;16;20;0;0;16;20
38955;3888;744;16;20;0;0;16;20
38957;3904;744;16;20;0;0;16;20
38960;3920;744;16;20;0;0;16;20
38967;3936;744;16;20;0;0;16;20
38968;3952;744;16;20;0;0;16;20
38969;3968;744;16;20;0;0;16;20
38971;3984;744;16;20;0;0;16;20
38972;4000;744;16;20;0;0;16;20
38982;4016;744;16;20;0;0;16;20
38988;4032;744;16;20;0;0;16;20
38989;4048;744;16;20;0;0;16;20
38990;4064;744;16;20;0;0;16;20
38991;4080;744;16;20;0;0;16;20
38995;0;764;16;20;0;0;16;20
38996;16;764;16;20;0;0;16;20
38997;32;764;16;20;0;0;16;20
39000;48;764;16;20;0;0;16;20
39001;64;764;16;20;0;0;16;20
39003;80;764;16;20;0;0;16;20
39006;96;764;16;20;0;0;16;20
39010;112;764;16;20;0;0;16;20
39013;128;764;16;20;0;0;16;20
39015;144;764;16;20;0;0;16;20
39019;160;764;16;20;0;0;16;20
39023;176;764;16;20;0;0;16;20
39024;192;764;16;20;0;0;16;20
39025;208;764;16;20;0;0;16;20
39027;224;764;16;20;0;0;16;20
39028;240;764;16;20;0;0;16;20
39029;256;764;16;20;0;0;16;20
39030;272;764;16;20;0;0;16;20
39031;288;764;16;20;0;0;16;20
39032;304;764;16;20;0;0;16;20
39033;320;764;16;20;0;0;16;20
39034;336;764;16;20;0;0;16;20
39035;352;764;16;20;0;0;16;20
39036;368;764;16;20;0;0;16;20
39037;384;764;16;20;0;0;16;20
39038;400;764;16;20;0;0;16;20
39039;416;764;16;20;0;0;16;20
39040;432;764;16;20;0;0;16;20
39041;448;764;16;20;0;0;16;20
39042;464;764;16;20;0;0;16;20
39043;480;764;16;20;0;0;16;20
39044;496;764;16;20;0;0;16;20
39045;512;764;16;20;0;0;16;20
39046;528;764;16;20;0;0;16;20
39047;544;764;16;20;0;0;16;20
39048;560;764;16;20;0;0;16;20
39049;576;764;16;20;0;0;16;20
39050;592;764;16;20;0;0;16;20
39052;608;764;16;20;0;0;16;20
39053;624;764;16;20;0;0;16;20
39054;640;764;16;20;0;0;16;20
39055;656;764;16;20;0;0;16;20
39056;672;764;16;20;0;0;16;20
39057;688;764;16;20;0;0;16;20
39059;704;764;16;20;0;0;16;20
39060;720;764;16;20;0;0;16;20
39062;736;764;16;20;0;0;16;20
39063;752;764;16;20;0;0;16;20
39064;768;764;16;20;0;0;16;20
39065;784;764;16;20;0;0;16;20
39066;800;764;16;20;0;0;16;20
39067;816;764;16;20;0;0;16;20
39068;832;764;16;20;0;0;16;20
39069;848;764;16;20;0;0;16;20
39070;864;764;16;20;0;0;16;20
39071;880;764;16;20;0;0;16;20
39072;896;764;16;20;0;0;16;20
39073;912;764;16;20;0;0;16;20
39074;928;764;16;20;0;0;16;20
39076;944;764;16;20;0;0;16;20
39078;960;764;16;20;0;0;16;20
39079;976;764;16;20;0;0;16;20
39080;992;764;16;20;0;0;16;20
39085;1008;764;16;20;0;0;16;20
39086;1024;764;16;20;0;0;16;20
39087;1040;764;16;20;0;0;16;20
39089;1056;764;16;20;0;0;16;20
39091;1072;764;16;20;0;0;16;20
39094;1088;764;16;20;0;0;16;20
39098;1104;764;16;20;0;0;16;20
39100;1120;764;16;20;0;0;16;20
39108;1136;764;16;20;0;0;16;20
39110;1152;764;16;20;0;0;16;20
39112;1168;764;16;20;0;0;16;20
39118;1184;764;16;20;0;0;16;20
39121;1200;764;16;20;0;0;16;20
39122;1216;764;16;20;0;0;16;20
39123;1232;764;16;20;0;0;16;20
39125;1248;764;16;20;0;0;16;20
39128;1264;764;16;20;0;0;16;20
39129;1280;764;16;20;0;0;16;20
39130;1296;764;16;20;0;0;16;20
39131;1312;764;16;20;0;0;16;20
39134;1328;764;16;20;0;0;16;20
39135;1344;764;16;20;0;0;16;20
39138;1360;764;16;20;0;0;16;20
39143;1376;764;16;20;0;0;16;20
39144;1392;764;16;20;0;0;16;20
39145;1408;764;16;20;0;0;16;20
39146;1424;764;16;20;0;0;16;20
39147;1440;764;16;20;0;0;16;20
39149;1456;764;16;20;0;0;16;20
39151;1472;764;16;20;0;0;16;20
39154;1488;764;16;20;0;0;16;20
39156;1504;764;16;20;0;0;16;20
39164;1520;764;16;20;0;0;16;20
39165;1536;764;16;20;0;0;16;20
39166;1552;764;16;20;0;0;16;20
39171;1568;764;16;20;0;0;16;20
39173;1584;764;16;20;0;0;16;20
39177;1600;764;16;20;0;0;16;20
39178;1616;764;16;20;0;0;16;20
39180;1632;764;16;20;0;0;16;20
39181;1648;764;16;20;0;0;16;20
39184;1664;764;16;20;0;0;16;20
39185;1680;764;16;20;0;0;16;20
39186;1696;764;16;20;0;0;16;20
39187;1712;764;16;20;0;0;16;20
39192;1728;764;16;20;0;0;16;20
39194;1744;764;16;20;0;0;16;20
39195;1760;764;16;20;0;0;16;20
39198;1776;764;16;20;0;0;16;20
39201;1792;764;16;20;0;0;16;20
39208;1808;764;16;20;0;0;16;20
39212;1824;764;16;20;0;0;16;20
39214;1840;764;16;20;0;0;16;20
39219;1856;764;16;20;0;0;16;20
39221;1872;764;16;20;0;0;16;20
39223;1888;764;16;20;0;0;16;20
39228;1904;764;16;20;0;0;16;20
39229;1920;764;16;20;0;0;16;20
39230;1936;764;16;20;0;0;16;20
39231;1952;764;16;20;0;0;16;20
39235;1968;764;16;20;0;0;16;20
39237;1984;764;16;20;0;0;16;20
39240;2000;764;16;20;0;0;16;20
39241;2016;764;16;20;0;0;16;20
39242;2032;764;16;20;0;0;16;20
39243;2048;764;16;20;0;0;16;20
39244;2064;764;16;20;0;0;16;20
39249;2080;764;16;20;0;0;16;20
39250;2096;764;16;20;0;0;16;20
39252;2112;764;16;20;0;0;16;20
39253;2128;764;16;20;0;0;16;20
39255;2144;764;16;20;0;0;16;20
39260;2160;764;16;20;0;0;16;20
39262;2176;764;16;20;0;0;16;20
39266;2192;764;16;20;0;0;16;20
39269;2208;764;16;20;0;0;16;20
39271;2224;764;16;20;0;0;16;20
39272;2240;764;16;20;0;0;16;20
39273;2256;764;16;20;0;0;16;20
39274;2272;764;16;20;0;0;16;20
39275;2288;764;16;20;0;0;16;20
39276;2304;764;16;20;0;0;16;20
39277;2320;764;16;20;0;0;16;20
39278;2336;764;16;20;0;0;16;20
39279;2352;764;16;20;0;0;16;20
39280;2368;764;16;20;0;0;16;20
39281;2384;764;16;20;0;0;16;20
39282;2400;764;16;20;0;0;16;20
39284;2416;764;16;20;0;0;16;20
39285;2432;764;16;20;0;0;16;20
39286;2448;764;16;20;0;0;16;20
39287;2464;764;16;20;0;0;16;20
39288;2480;764;16;20;0;0;16;20
39289;2496;764;16;20;0;0;16;20
39290;2512;764;16;20;0;0;16;20
39292;2528;764;16;20;0;0;16;20
39293;2544;764;16;20;0;0;16;20
39295;2560;764;16;20;0;0;16;20
39296;2576;764;16;20;0;0;16;20
39297;2592;764;16;20;0;0;16;20
39299;2608;764;16;20;0;0;16;20
39300;2624;764;16;20;0;0;16;20
39301;2640;764;16;20;0;0;16;20
39302;2656;764;16;20;0;0;16;20
39303;2672;764;16;20;0;0;16;20
39304;2688;764;16;20;0;0;16;20
39306;2704;764;16;20;0;0;16;20
39307;2720;764;16;20;0;0;16;20
39309;2736;764;16;20;0;0;16;20
39311;2752;764;16;20;0;0;16;20
39312;2768;764;16;20;0;0;16;20
39313;2784;764;16;20;0;0;16;20
39314;2800;764;16;20;0;0;16;20
39315;2816;764;16;20;0;0;16;20
39316;2832;764;16;20;0;0;16;20
39317;2848;764;16;20;0;0;16;20
39318;2864;764;16;20;0;0;16;20
39319;2880;764;16;20;0;0;16;20
39321;2896;764;16;20;0;0;16;20
39333;2912;764;16;20;0;0;16;20
39336;2928;764;16;20;0;0;16;20
39340;2944;764;16;20;0;0;16;20
39341;2960;764;16;20;0;0;16;20
39342;2976;764;16;20;0;0;16;20
39345;2992;764;16;20;0;0;16;20
39347;3008;764;16;20;0;0;16;20
39348;3024;764;16;20;0;0;16;20
39361;3040;764;16;20;0;0;16;20
39364;3056;764;16;20;0;0;16;20
39365;3072;764;16;20;0;0;16;20
39366;3088;764;16;20;0;0;16;20
39376;3104;764;16;20;0;0;16;20
39377;3120;764;16;20;0;0;16;20
39378;3136;764;16;20;0;0;16;20
39381;3152;764;16;20;0;0;16;20
39384;3168;764;16;20;0;0;16;20
39385;3184;764;16;20;0;0;16;20
39387;3200;764;16;20;0;0;16;20
39389;3216;764;16;20;0;0;16;20
39391;3232;764;16;20;0;0;16;20
39394;3248;764;16;20;0;0;16;20
39402;3264;764;16;20;0;0;16;20
39405;3280;764;16;20;0;0;16;20
39409;3296;764;16;20;0;0;16;20
39423;3312;764;16;20;0;0;16;20
39425;3328;764;16;20;0;0;16;20
39427;3344;764;16;20;0;0;16;20
39429;3360;764;16;20;0;0;16;20
39437;3376;764;16;20;0;0;16;20
39438;3392;764;16;20;0;0;16;20
39439;3408;764;16;20;0;0;16;20
39442;3424;764;16;20;0;0;16;20
39443;3440;764;16;20;0;0;16;20
39446;3456;764;16;20;0;0;16;20
39449;3472;764;16;20;0;0;16;20
39467;3488;764;16;20;0;0;16;20
39469;3504;764;16;20;0;0;16;20
39470;3520;764;16;20;0;0;16;20
39472;3536;764;16;20;0;0;16;20
39479;3552;764;16;20;0;0;16;20
39480;3568;764;16;20;0;0;16;20
39486;3584;764;16;20;0;0;16;20
39488;3600;764;16;20;0;0;16;20
39489;3616;764;16;20;0;0;16;20
39490;3632;764;16;20;0;0;16;20
39491;3648;764;16;20;0;0;16;20
39492;3664;764;16;20;0;0;16;20
39493;3680;764;16;20;0;0;16;20
39498;3696;764;16;20;0;0;16;20
39501;3712;764;16;20;0;0;16;20
39503;3728;764;16;20;0;0;16;20
39509;3744;764;16;20;0;0;16;20
39511;3760;764;16;20;0;0;16;20
39514;3776;764;16;20;0;0;16;20
39515;3792;764;16;20;0;0;16;20
39519;3808;764;16;20;0;0;16;20
39522;3824;764;16;20;0;0;16;20
39524;3840;764;16;20;0;0;16;20
39525;3856;764;16;20;0;0;16;20
39530;3872;764;16;20;0;0;16;20
39532;3888;764;16;20;0;0;16;20
39533;3904;764;16;20;0;0;16;20
39534;3920;764;16;20;0;0;16;20
39535;3936;764;16;20;0;0;16;20
39536;3952;764;16;20;0;0;16;20
39537;3968;764;16;20;0;0;16;20
39539;3984;764;16;20;0;0;16;20
39540;4000;764;16;20;0;0;16;20
39542;4016;764;16;20;0;0;16;20
39543;4032;764;16;20;0;0;16;20
39544;4048;764;16;20;0;0;16;20
39545;4064;764;16;20;0;0;16;20
39547;4080;764;16;20;0;0;16;20
39548;0;784;16;20;0;0;16;20
39549;16;784;16;20;0;0;16;20
39550;32;784;16;20;0;0;16;20
39551;48;784;16;20;0;0;16;20
39552;64;784;16;20;0;0;16;20
39553;80;784;16;20;0;0;16;20
39554;96;784;16;20;0;0;16;20
39556;112;784;16;20;0;0;16;20
39557;128;784;16;20;0;0;16;20
39558;144;784;16;20;0;0;16;20
39559;160;784;16;20;0;0;16;20
39560;176;784;16;20;0;0;16;20
39562;192;784;16;20;0;0;16;20
39563;208;784;16;20;0;0;16;20
39564;224;784;16;20;0;0;16;20
39566;240;784;16;20;0;0;16;20
39567;256;784;16;20;0;0;16;20
39568;272;784;16;20;0;0;16;20
39569;288;784;16;20;0;0;16;20
39570;304;784;16;20;0;0;16;20
39571;320;784;16;20;0;0;16;20
39574;336;784;16;20;0;0;16;20
39575;352;784;16;20;0;0;16;20
39576;368;784;16;20;0;0;16;20
39578;384;784;16;20;0;0;16;20
39579;400;784;16;20;0;0;16;20
39580;416;784;16;20;0;0;16;20
39581;432;784;16;20;0;0;16;20
39582;448;784;16;20;0;0;16;20
39583;464;784;16;20;0;0;16;20
39584;480;784;16;20;0;0;16;20
39585;496;784;16;20;0;0;16;20
39586;512;784;16;20;0;0;16;20
39587;528;784;16;20;0;0;16;20
39588;544;784;16;20;0;0;16;20
39589;560;784;16;20;0;0;16;20
39591;576;784;16;20;0;0;16;20
39592;592;784;16;20;0;0;16;20
39599;608;784;16;20;0;0;16;20
39600;624;784;16;20;0;0;16;20
39606;640;784;16;20;0;0;16;20
39607;656;784;16;20;0;0;16;20
39608;672;784;16;20;0;0;16;20
39610;688;784;16;20;0;0;16;20
39612;704;784;16;20;0;0;16;20
39616;720;784;16;20;0;0;16;20
39617;736;784;16;20;0;0;16;20
39618;752;784;16;20;0;0;16;20
39620;768;784;16;20;0;0;16;20
39621;784;784;16;20;0;0;16;20
39627;800;784;16;20;0;0;16;20
39628;816;784;16;20;0;0;16;20
39631;832;784;16;20;0;0;16;20
39633;848;784;16;20;0;0;16;20
39634;864;784;16;20;0;0;16;20
39635;880;784;16;20;0;0;16;20
39636;896;784;16;20;0;0;16;20
39637;912;784;16;20;0;0;16;20
39638;928;784;16;20;0;0;16;20
39640;944;784;16;20;0;0;16;20
39649;960;784;16;20;0;0;16;20
39651;976;784;16;20;0;0;16;20
39654;992;784;16;20;0;0;16;20
39658;1008;784;16;20;0;0;16;20
39659;1024;784;16;20;0;0;16;20
39661;1040;784;16;20;0;0;16;20
39662;1056;784;16;20;0;0;16;20
39663;1072;784;16;20;0;0;16;20
39673;1088;784;16;20;0;0;16;20
39675;1104;784;16;20;0;0;16;20
39683;1120;784;16;20;0;0;16;20
39686;1136;784;16;20;0;0;16;20
39688;1152;784;16;20;0;0;16;20
39693;1168;784;16;20;0;0;16;20
39695;1184;784;16;20;0;0;16;20
39699;1200;784;16;20;0;0;16;20
39706;1216;784;16;20;0;0;16;20
39711;1232;784;16;20;0;0;16;20
39714;1248;784;16;20;0;0;16;20
39715;1264;784;16;20;0;0;16;20
39717;1280;784;16;20;0;0;16;20
39719;1296;784;16;20;0;0;16;20
39720;1312;784;16;20;0;0;16;20
39721;1328;784;16;20;0;0;16;20
39726;1344;784;16;20;0;0;16;20
39729;1360;784;16;20;0;0;16;20
39730;1376;784;16;20;0;0;16;20
39739;1392;784;16;20;0;0;16;20
39740;1408;784;16;20;0;0;16;20
39745;1424;784;16;20;0;0;16;20
39746;1440;784;16;20;0;0;16;20
39747;1456;784;16;20;0;0;16;20
39748;1472;784;16;20;0;0;16;20
39749;1488;784;16;20;0;0;16;20
39750;1504;784;16;20;0;0;16;20
39751;1520;784;16;20;0;0;16;20
39752;1536;784;16;20;0;0;16;20
39753;1552;784;16;20;0;0;16;20
39757;1568;784;16;20;0;0;16;20
39758;1584;784;16;20;0;0;16;20
39759;1600;784;16;20;0;0;16;20
39761;1616;784;16;20;0;0;16;20
39764;1632;784;16;20;0;0;16;20
39768;1648;784;16;20;0;0;16;20
39770;1664;784;16;20;0;0;16;20
39784;1680;784;16;20;0;0;16;20
39791;1696;784;16;20;0;0;16;20
39796;1712;784;16;20;0;0;16;20
39799;1728;784;16;20;0;0;16;20
39809;1744;784;16;20;0;0;16;20
39811;1760;784;16;20;0;0;16;20
39822;1776;784;16;20;0;0;16;20
39824;1792;784;16;20;0;0;16;20
39825;1808;784;16;20;0;0;16;20
39826;1824;784;16;20;0;0;16;20
39850;1840;784;16;20;0;0;16;20
39851;1856;784;16;20;0;0;16;20
39853;1872;784;16;20;0;0;16;20
39854;1888;784;16;20;0;0;16;20
39872;1904;784;16;20;0;0;16;20
39873;1920;784;16;20;0;0;16;20
39879;1936;784;16;20;0;0;16;20
39881;1952;784;16;20;0;0;16;20
39882;1968;784;16;20;0;0;16;20
39892;1984;784;16;20;0;0;16;20
39894;2000;784;16;20;0;0;16;20
39895;2016;784;16;20;0;0;16;20
39899;2032;784;16;20;0;0;16;20
39901;2048;784;16;20;0;0;16;20
39905;2064;784;16;20;0;0;16;20
39906;2080;784;16;20;0;0;16;20
39908;2096;784;16;20;0;0;16;20
39911;2112;784;16;20;0;0;16;20
39912;2128;784;16;20;0;0;16;20
39914;2144;784;16;20;0;0;16;20
39920;2160;784;16;20;0;0;16;20
39933;2176;784;16;20;0;0;16;20
39935;2192;784;16;20;0;0;16;20
39944;2208;784;16;20;0;0;16;20
39945;2224;784;16;20;0;0;16;20
39949;2240;784;16;20;0;0;16;20
39954;2256;784;16;20;0;0;16;20
39955;2272;784;16;20;0;0;16;20
39971;2288;784;16;20;0;0;16;20
39973;2304;784;16;20;0;0;16;20
39976;2320;784;16;20;0;0;16;20
39977;2336;784;16;20;0;0;16;20
39981;2352;784;16;20;0;0;16;20
39985;2368;784;16;20;0;0;16;20
39986;2384;784;16;20;0;0;16;20
39987;2400;784;16;20;0;0;16;20
39993;2416;784;16;20;0;0;16;20
39995;2432;784;16;20;0;0;16;20
39998;2448;784;16;20;0;0;16;20
40005;2464;784;16;20;0;0;16;20
40008;2480;784;16;20;0;0;16;20
40009;2496;784;16;20;0;0;16;20
40018;2512;784;16;20;0;0;16;20
40020;2528;784;16;20;0;0;16;20
40022;2544;784;16;20;0;0;16;20
40023;2560;784;16;20;0;0;16;20
40024;2576;784;16;20;0;0;16;20
40029;2592;784;16;20;0;0;16;20
40031;2608;784;16;20;0;0;16;20
40039;2624;784;16;20;0;0;16;20
40045;2640;784;16;20;0;0;16;20
40055;2656;784;16;20;0;0;16;20
40056;2672;784;16;20;0;0;16;20
40058;2688;784;16;20;0;0;16;20
40060;2704;784;16;20;0;0;16;20
40063;2720;784;16;20;0;0;16;20
40064;2736;784;16;20;0;0;16;20
40065;2752;784;16;20;0;0;16;20
40066;2768;784;16;20;0;0;16;20
40069;2784;784;16;20;0;0;16;20
40070;2800;784;16;20;0;0;16;20
40071;2816;784;16;20;0;0;16;20
40072;2832;784;16;20;0;0;16;20
40075;2848;784;16;20;0;0;16;20
40077;2864;784;16;20;0;0;16;20
40078;2880;784;16;20;0;0;16;20
40080;2896;784;16;20;0;0;16;20
40081;2912;784;16;20;0;0;16;20
40084;2928;784;16;20;0;0;16;20
40090;2944;784;16;20;0;0;16;20
40091;2960;784;16;20;0;0;16;20
40092;2976;784;16;20;0;0;16;20
40094;2992;784;16;20;0;0;16;20
40095;3008;784;16;20;0;0;16;20
40096;3024;784;16;20;0;0;16;20
40097;3040;784;16;20;0;0;16;20
40098;3056;784;16;20;0;0;16;20
40099;3072;784;16;20;0;0;16;20
40100;3088;784;16;20;0;0;16;20
40101;3104;784;16;20;0;0;16;20
40103;3120;784;16;20;0;0;16;20
40104;3136;784;16;20;0;0;16;20
40105;3152;784;16;20;0;0;16;20
40107;3168;784;16;20;0;0;16;20
40110;3184;784;16;20;0;0;16;20
40113;3200;784;16;20;0;0;16;20
40114;3216;784;16;20;0;0;16;20
40115;3232;784;16;20;0;0;16;20
40116;3248;784;16;20;0;0;16;20
40117;3264;784;16;20;0;0;16;20
40119;3280;784;16;20;0;0;16;20
40120;3296;784;16;20;0;0;16;20
40123;3312;784;16;20;0;0;16;20
40124;3328;784;16;20;0;0;16;20
40125;3344;784;16;20;0;0;16;20
40128;3360;784;16;20;0;0;16;20
40131;3376;784;16;20;0;0;16;20
40132;3392;784;16;20;0;0;16;20
40133;3408;784;16;20;0;0;16;20
40135;3424;784;16;20;0;0;16;20
40138;3440;784;16;20;0;0;16;20
40140;3456;784;16;20;0;0;16;20
40141;3472;784;16;20;0;0;16;20
40142;3488;784;16;20;0;0;16;20
40143;3504;784;16;20;0;0;16;20
40144;3520;784;16;20;0;0;16;20
40147;3536;784;16;20;0;0;16;20
40148;3552;784;16;20;0;0;16;20
40149;3568;784;16;20;0;0;16;20
40150;3584;784;16;20;0;0;16;20
40151;3600;784;16;20;0;0;16;20
40153;3616;784;16;20;0;0;16;20
40156;3632;784;16;20;0;0;16;20
40157;3648;784;16;20;0;0;16;20
40158;3664;784;16;20;0;0;16;20
40159;3680;784;16;20;0;0;16;20
40162;3696;784;16;20;0;0;16;20
40165;3712;784;16;20;0;0;16;20
40167;3728;784;16;20;0;0;16;20
40169;3744;784;16;20;0;0;16;20
40179;3760;784;16;20;0;0;16;20
40180;3776;784;16;20;0;0;16;20
40182;3792;784;16;20;0;0;16;20
40195;3808;784;16;20;0;0;16;20
40198;3824;784;16;20;0;0;16;20
40199;3840;784;16;20;0;0;16;20
40201;3856;784;16;20;0;0;16;20
40210;3872;784;16;20;0;0;16;20
40213;3888;784;16;20;0;0;16;20
40219;3904;784;16;20;0;0;16;20
40221;3920;784;16;20;0;0;16;20
40223;3936;784;16;20;0;0;16;20
40227;3952;784;16;20;0;0;16;20
40230;3968;784;16;20;0;0;16;20
40232;3984;784;16;20;0;0;16;20
40239;4000;784;16;20;0;0;16;20
40240;4016;784;16;20;0;0;16;20
40251;4032;784;16;20;0;0;16;20
40255;4048;784;16;20;0;0;16;20
40273;4064;784;16;20;0;0;16;20
40274;4080;784;16;20;0;0;16;20
40275;0;804;16;20;0;0;16;20
40284;16;804;16;20;0;0;16;20
40285;32;804;16;20;0;0;16;20
40288;48;804;16;20;0;0;16;20
40289;64;804;16;20;0;0;16;20
40298;80;804;16;20;0;0;16;20
40300;96;804;16;20;0;0;16;20
40303;112;804;16;20;0;0;16;20
40304;128;804;16;20;0;0;16;20
40306;144;804;16;20;0;0;16;20
40327;160;804;16;20;0;0;16;20
40329;176;804;16;20;0;0;16;20
40335;192;804;16;20;0;0;16;20
40339;208;804;16;20;0;0;16;20
40342;224;804;16;20;0;0;16;20
40344;240;804;16;20;0;0;16;20
40346;256;804;16;20;0;0;16;20
40357;272;804;16;20;0;0;16;20
40358;288;804;16;20;0;0;16;20
40361;304;804;16;20;0;0;16;20
40367;320;804;16;20;0;0;16;20
40370;336;804;16;20;0;0;16;20
40372;352;804;16;20;0;0;16;20
40377;368;804;16;20;0;0;16;20
40378;384;804;16;20;0;0;16;20
40379;400;804;16;20;0;0;16;20
40380;416;804;16;20;0;0;16;20
40383;432;804;16;20;0;0;16;20
40386;448;804;16;20;0;0;16;20
40389;464;804;16;20;0;0;16;20
40403;480;804;16;20;0;0;16;20
40407;496;804;16;20;0;0;16;20
40409;512;804;16;20;0;0;16;20
40421;528;804;16;20;0;0;16;20
40422;544;804;16;20;0;0;16;20
40431;560;804;16;20;0;0;16;20
40434;576;804;16;20;0;0;16;20
40436;592;804;16;20;0;0;16;20
40440;608;804;16;20;0;0;16;20
40441;624;804;16;20;0;0;16;20
40442;640;804;16;20;0;0;16;20
40469;656;804;16;20;0;0;16;20
40474;672;804;16;20;0;0;16;20
40475;688;804;16;20;0;0;16;20
40477;704;804;16;20;0;0;16;20
40478;720;804;16;20;0;0;16;20
40479;736;804;16;20;0;0;16;20
40480;752;804;16;20;0;0;16;20
40481;768;804;16;20;0;0;16;20
40482;784;804;16;20;0;0;16;20
40483;800;804;16;20;0;0;16;20
40485;816;804;16;20;0;0;16;20
40486;832;804;16;20;0;0;16;20
40488;848;804;16;20;0;0;16;20
40489;864;804;16;20;0;0;16;20
40490;880;804;16;20;0;0;16;20
40491;896;804;16;20;0;0;16;20
40492;912;804;16;20;0;0;16;20
40493;928;804;16;20;0;0;16;20
40494;944;804;16;20;0;0;16;20
40495;960;804;16;20;0;0;16;20
40497;976;804;16;20;0;0;16;20
40498;992;804;16;20;0;0;16;20
40499;1008;804;16;20;0;0;16;20
40501;1024;804;16;20;0;0;16;20
40502;1040;804;16;20;0;0;16;20
40503;1056;804;16;20;0;0;16;20
40504;1072;804;16;20;0;0;16;20
40505;1088;804;16;20;0;0;16;20
40507;1104;804;16;20;0;0;16;20
40509;1120;804;16;20;0;0;16;20
40510;1136;804;16;20;0;0;16;20
40511;1152;804;16;20;0;0;16;20
40513;1168;804;16;20;0;0;16;20
40514;1184;804;16;20;0;0;16;20
40515;1200;804;16;20;0;0;16;20
40516;1216;804;16;20;0;0;16;20
40517;1232;804;16;20;0;0;16;20
40518;1248;804;16;20;0;0;16;20
40519;1264;804;16;20;0;0;16;20
40520;1280;804;16;20;0;0;16;20
40521;1296;804;16;20;0;0;16;20
40522;1312;804;16;20;0;0;16;20
40523;1328;804;16;20;0;0;16;20
40524;1344;804;16;20;0;0;16;20
40527;1360;804;16;20;0;0;16;20
40528;1376;804;16;20;0;0;16;20
40529;1392;804;16;20;0;0;16;20
40533;1408;804;16;20;0;0;16;20
40535;1424;804;16;20;0;0;16;20
40536;1440;804;16;20;0;0;16;20
40538;1456;804;16;20;0;0;16;20
40539;1472;804;16;20;0;0;16;20
40540;1488;804;16;20;0;0;16;20
40542;1504;804;16;20;0;0;16;20
40548;1520;804;16;20;0;0;16;20
40550;1536;804;16;20;0;0;16;20
40551;1552;804;16;20;0;0;16;20
40553;1568;804;16;20;0;0;16;20
40554;1584;804;16;20;0;0;16;20
40555;1600;804;16;20;0;0;16;20
40556;1616;804;16;20;0;0;16;20
40557;1632;804;16;20;0;0;16;20
40558;1648;804;16;20;0;0;16;20
40560;1664;804;16;20;0;0;16;20
40563;1680;804;16;20;0;0;16;20
40565;1696;804;16;20;0;0;16;20
40569;1712;804;16;20;0;0;16;20
40572;1728;804;16;20;0;0;16;20
40573;1744;804;16;20;0;0;16;20
40575;1760;804;16;20;0;0;16;20
40578;1776;804;16;20;0;0;16;20
40581;1792;804;16;20;0;0;16;20
40583;1808;804;16;20;0;0;16;20
40584;1824;804;16;20;0;0;16;20
40587;1840;804;16;20;0;0;16;20
40594;1856;804;16;20;0;0;16;20
40595;1872;804;16;20;0;0;16;20
40599;1888;804;16;20;0;0;16;20
40605;1904;804;16;20;0;0;16;20
40607;1920;804;16;20;0;0;16;20
40612;1936;804;16;20;0;0;16;20
40613;1952;804;16;20;0;0;16;20
40614;1968;804;16;20;0;0;16;20
40617;1984;804;16;20;0;0;16;20
40623;2000;804;16;20;0;0;16;20
40628;2016;804;16;20;0;0;16;20
40629;2032;804;16;20;0;0;16;20
40632;2048;804;16;20;0;0;16;20
40634;2064;804;16;20;0;0;16;20
40635;2080;804;16;20;0;0;16;20
40636;2096;804;16;20;0;0;16;20
40637;2112;804;16;20;0;0;16;20
40638;2128;804;16;20;0;0;16;20
40643;2144;804;16;20;0;0;16;20
40644;2160;804;16;20;0;0;16;20
40652;2176;804;16;20;0;0;16;20
40653;2192;804;16;20;0;0;16;20
40654;2208;804;16;20;0;0;16;20
40655;2224;804;16;20;0;0;16;20
40657;2240;804;16;20;0;0;16;20
40658;2256;804;16;20;0;0;16;20
40660;2272;804;16;20;0;0;16;20
40664;2288;804;16;20;0;0;16;20
40665;2304;804;16;20;0;0;16;20
40667;2320;804;16;20;0;0;16;20
40668;2336;804;16;20;0;0;16;20
40669;2352;804;16;20;0;0;16;20
40670;2368;804;16;20;0;0;16;20
40671;2384;804;16;20;0;0;16;20
40672;2400;804;16;20;0;0;16;20
40674;2416;804;16;20;0;0;16;20
40677;2432;804;16;20;0;0;16;20
40679;2448;804;16;20;0;0;16;20
40680;2464;804;16;20;0;0;16;20
40681;2480;804;16;20;0;0;16;20
40682;2496;804;16;20;0;0;16;20
40687;2512;804;16;20;0;0;16;20
40690;2528;804;16;20;0;0;16;20
40692;2544;804;16;20;0;0;16;20
40695;2560;804;16;20;0;0;16;20
40697;2576;804;16;20;0;0;16;20
40699;2592;804;16;20;0;0;16;20
40700;2608;804;16;20;0;0;16;20
40701;2624;804;16;20;0;0;16;20
40702;2640;804;16;20;0;0;16;20
40703;2656;804;16;20;0;0;16;20
40713;2672;804;16;20;0;0;16;20
40715;2688;804;16;20;0;0;16;20
40717;2704;804;16;20;0;0;16;20
40718;2720;804;16;20;0;0;16;20
40720;2736;804;16;20;0;0;16;20
40723;2752;804;16;20;0;0;16;20
40729;2768;804;16;20;0;0;16;20
40736;2784;804;16;20;0;0;16;20
40738;2800;804;16;20;0;0;16;20
40745;2816;804;16;20;0;0;16;20
40748;2832;804;16;20;0;0;16;20
40751;2848;804;16;20;0;0;16;20
40753;2864;804;16;20;0;0;16;20
40756;2880;804;16;20;0;0;16;20
40761;2896;804;16;20;0;0;16;20
40763;2912;804;16;20;0;0;16;20
40766;2928;804;16;20;0;0;16;20
40769;2944;804;16;20;0;0;16;20
40777;2960;804;16;20;0;0;16;20
40778;2976;804;16;20;0;0;16;20
40779;2992;804;16;20;0;0;16;20
40782;3008;804;16;20;0;0;16;20
40783;3024;804;16;20;0;0;16;20
40784;3040;804;16;20;0;0;16;20
40785;3056;804;16;20;0;0;16;20
40786;3072;804;16;20;0;0;16;20
40788;3088;804;16;20;0;0;16;20
40789;3104;804;16;20;0;0;16;20
40793;3120;804;16;20;0;0;16;20
40796;3136;804;16;20;0;0;16;20
40799;3152;804;16;20;0;0;16;20
40801;3168;804;16;20;0;0;16;20
40802;3184;804;16;20;0;0;16;20
40803;3200;804;16;20;0;0;16;20
40806;3216;804;16;20;0;0;16;20
40807;3232;804;16;20;0;0;16;20
40810;3248;804;16;20;0;0;16;20
40812;3264;804;16;20;0;0;16;20
40818;3280;804;16;20;0;0;16;20
40823;3296;804;16;20;0;0;16;20
40831;3312;804;16;20;0;0;16;20
40832;3328;804;16;20;0;0;16;20
40835;3344;804;16;20;0;0;16;20
40836;3360;804;16;20;0;0;16;20
40837;3376;804;16;20;0;0;16;20
40839;3392;804;16;20;0;0;16;20
40840;3408;804;16;20;0;0;16;20
40841;3424;804;16;20;0;0;16;20
40842;3440;804;16;20;0;0;16;20
40843;3456;804;16;20;0;0;16;20
40844;3472;804;16;20;0;0;16;20
40845;3488;804;16;20;0;0;16;20
40848;3504;804;16;20;0;0;16;20
40852;3520;804;16;20;0;0;16;20
40853;3536;804;16;20;0;0;16;20
40857;3552;804;16;20;0;0;16;20
40858;3568;804;16;20;0;0;16;20
40859;3584;804;16;20;0;0;16;20
40860;3600;804;16;20;0;0;16;20
40863;3616;804;16;20;0;0;16;20
40864;3632;804;16;20;0;0;16;20
40866;3648;804;16;20;0;0;16;20
65281;0;824;16;20;0;0;16;20
65283;16;824;16;20;0;0;16;20
65284;32;824;16;20;0;0;16;20
65285;48;824;16;20;0;0;16;20
65288;64;824;16;20;0;0;16;20
65289;80;824;16;20;0;0;16;20
65290;96;824;16;20;0;0;16;20
65292;112;824;16;20;0;0;16;20
65296;128;824;16;20;0;0;16;20
65297;144;824;16;20;0;0;16;20
65298;160;824;16;20;0;0;16;20
65299;176;824;16;20;0;0;16;20
65300;192;824;16;20;0;0;16;20
65301;208;824;16;20;0;0;16;20
65302;224;824;16;20;0;0;16;20
65303;240;824;16;20;0;0;16;20
65304;256;824;16;20;0;0;16;20
65305;272;824;16;20;0;0;16;20
65306;288;824;16;20;0;0;16;20
65307;304;824;16;20;0;0;16;20
65311;320;824;16;20;0;0;16;20
65313;336;824;16;20;0;0;16;20
65314;352;824;16;20;0;0;16;20
65315;368;824;16;20;0;0;16;20
65316;384;824;16;20;0;0;16;20
65317;400;824;16;20;0;0;16;20
65318;416;824;16;20;0;0;16;20
65319;432;824;16;20;0;0;16;20
65320;448;824;16;20;0;0;16;20
65321;464;824;16;20;0;0;16;20
65322;480;824;16;20;0;0;16;20
65323;496;824;16;20;0;0;16;20
65324;512;824;16;20;0;0;16;20
65325;528;824;16;20;0;0;16;20
65326;544;824;16;20;0;0;16;20
65327;560;824;16;20;0;0;16;20
65328;576;824;16;20;0;0;16;20
65329;592;824;16;20;0;0;16;20
65330;608;824;16;20;0;0;16;20
65331;624;824;16;20;0;0;16;20
65332;640;824;16;20;0;0;16;20
65333;656;824;16;20;0;0;16;20
65334;672;824;16;20;0;0;16;20
65335;688;824;16;20;0;0;16;20
65336;704;824;16;20;0;0;16;20
65337;720;824;16;20;0;0;16;20
65338;736;824;16;20;0;0;16;20
65345;752;824;16;20;0;0;16;20
65346;768;824;16;20;0;0;16;20
65347;784;824;16;20;0;0;16;20
65348;800;824;16;20;0;0;16;20
65349;816;824;16;20;0;0;16;20
65350;832;824;16;20;0;0;16;20
65351;848;824;16;20;0;0;16;20
65352;864;824;16;20;0;0;16;20
65353;880;824;16;20;0;0;16;20
65354;896;824;16;20;0;0;16;20
65355;912;824;16;20;0;0;16;20
65356;928;824;16;20;0;0;16;20
65357;944;824;16;20;0;0;16;20
65358;960;824;16;20;0;0;16;20
65359;976;824;16;20;0;0;16;20
65360;992;824;16;20;0;0;16;20
65361;1008;824;16;20;0;0;16;20
65362;1024;824;16;20;0;0;16;20
65363;1040;824;16;20;0;0;16;20
65364;1056;824;16;20;0;0;16;20
65365;1072;824;16;20;0;0;16;20
65366;1088;824;16;20;0;0;16;20
65367;1104;824;16;20;0;0;16;20
65368;1120;824;16;20;0;0;16;20
65369;1136;824;16;20;0;0;16;20
65370;1152;824;16;20;0;0;16;20
65371;1168;824;16;20;0;0;16;20
65373;1184;824;16;20;0;0;16;20
65374;1200;824;16;20;0;0;16;20
65509;1216;824;16;20;0;0;16;20
