18;0;-2;17
32;0;0;13;21;0;0;13;21
33;13;0;13;21;0;0;13;21
34;26;0;13;21;0;0;13;21
35;39;0;13;21;0;0;13;21
36;52;0;13;21;0;0;13;21
37;65;0;13;21;0;0;13;21
38;78;0;13;21;0;0;13;21
39;91;0;13;21;0;0;13;21
40;104;0;13;21;0;0;13;21
41;117;0;13;21;0;0;13;21
42;130;0;13;21;0;0;13;21
43;143;0;13;21;0;0;13;21
44;156;0;13;21;0;0;13;21
45;169;0;13;21;0;0;13;21
46;182;0;13;21;0;0;13;21
47;195;0;13;21;0;0;13;21
48;208;0;13;21;0;0;13;21
49;221;0;13;21;0;0;13;21
50;234;0;13;21;0;0;13;21
51;247;0;13;21;0;0;13;21
52;260;0;13;21;0;0;13;21
53;273;0;13;21;0;0;13;21
54;286;0;13;21;0;0;13;21
55;299;0;13;21;0;0;13;21
56;312;0;13;21;0;0;13;21
57;325;0;13;21;0;0;13;21
58;338;0;13;21;0;0;13;21
59;351;0;13;21;0;0;13;21
60;364;0;13;21;0;0;13;21
61;377;0;13;21;0;0;13;21
62;390;0;13;21;0;0;13;21
63;403;0;13;21;0;0;13;21
64;416;0;13;21;0;0;13;21
65;429;0;13;21;0;0;13;21
66;442;0;13;21;0;0;13;21
67;455;0;13;21;0;0;13;21
68;468;0;13;21;0;0;13;21
69;481;0;13;21;0;0;13;21
70;494;0;13;21;0;0;13;21
71;507;0;13;21;0;0;13;21
72;520;0;13;21;0;0;13;21
73;533;0;13;21;0;0;13;21
74;546;0;13;21;0;0;13;21
75;559;0;13;21;0;0;13;21
76;572;0;13;21;0;0;13;21
77;585;0;13;21;0;0;13;21
78;598;0;13;21;0;0;13;21
79;611;0;13;21;0;0;13;21
80;624;0;13;21;0;0;13;21
81;637;0;13;21;0;0;13;21
82;650;0;13;21;0;0;13;21
83;663;0;13;21;0;0;13;21
84;676;0;13;21;0;0;13;21
85;689;0;13;21;0;0;13;21
86;702;0;13;21;0;0;13;21
87;715;0;13;21;0;0;13;21
88;728;0;13;21;0;0;13;21
89;741;0;13;21;0;0;13;21
90;754;0;13;21;0;0;13;21
91;767;0;13;21;0;0;13;21
92;780;0;13;21;0;0;13;21
93;793;0;13;21;0;0;13;21
94;806;0;13;21;0;0;13;21
95;819;0;13;21;0;0;13;21
96;832;0;13;21;0;0;13;21
97;845;0;13;21;0;0;13;21
98;858;0;13;21;0;0;13;21
99;871;0;13;21;0;0;13;21
100;884;0;13;21;0;0;13;21
101;897;0;13;21;0;0;13;21
102;910;0;13;21;0;0;13;21
103;923;0;13;21;0;0;13;21
104;936;0;13;21;0;0;13;21
105;949;0;13;21;0;0;13;21
106;962;0;13;21;0;0;13;21
107;975;0;13;21;0;0;13;21
108;988;0;13;21;0;0;13;21
109;1001;0;13;21;0;0;13;21
110;1014;0;13;21;0;0;13;21
111;1027;0;13;21;0;0;13;21
112;1040;0;13;21;0;0;13;21
113;1053;0;13;21;0;0;13;21
114;1066;0;13;21;0;0;13;21
115;1079;0;13;21;0;0;13;21
116;1092;0;13;21;0;0;13;21
117;1105;0;13;21;0;0;13;21
118;1118;0;13;21;0;0;13;21
119;1131;0;13;21;0;0;13;21
120;1144;0;13;21;0;0;13;21
121;1157;0;13;21;0;0;13;21
122;1170;0;13;21;0;0;13;21
123;1183;0;13;21;0;0;13;21
124;1196;0;13;21;0;0;13;21
125;1209;0;13;21;0;0;13;21
126;1222;0;13;21;0;0;13;21
161;1235;0;13;21;0;0;13;21
162;1248;0;13;21;0;0;13;21
163;1261;0;13;21;0;0;13;21
164;1274;0;13;21;0;0;13;21
165;1287;0;13;21;0;0;13;21
166;1300;0;13;21;0;0;13;21
167;1313;0;13;21;0;0;13;21
168;1326;0;13;21;0;0;13;21
169;1339;0;13;21;0;0;13;21
170;1352;0;13;21;0;0;13;21
171;1365;0;13;21;0;0;13;21
172;1378;0;13;21;0;0;13;21
174;1391;0;13;21;0;0;13;21
175;1404;0;13;21;0;0;13;21
176;1417;0;13;21;0;0;13;21
177;1430;0;13;21;0;0;13;21
178;1443;0;13;21;0;0;13;21
179;1456;0;13;21;0;0;13;21
180;1469;0;13;21;0;0;13;21
181;1482;0;13;21;0;0;13;21
182;1495;0;13;21;0;0;13;21
183;1508;0;13;21;0;0;13;21
184;1521;0;13;21;0;0;13;21
185;1534;0;13;21;0;0;13;21
186;1547;0;13;21;0;0;13;21
187;1560;0;13;21;0;0;13;21
188;1573;0;13;21;0;0;13;21
189;1586;0;13;21;0;0;13;21
190;1599;0;13;21;0;0;13;21
191;1612;0;13;21;0;0;13;21
192;1625;0;13;21;0;0;13;21
193;1638;0;13;21;0;0;13;21
194;1651;0;13;21;0;0;13;21
195;1664;0;13;21;0;0;13;21
196;1677;0;13;21;0;0;13;21
197;1690;0;13;21;0;0;13;21
198;1703;0;16;21;0;0;16;21
199;1719;0;13;21;0;0;13;21
200;1732;0;13;21;0;0;13;21
201;1745;0;13;21;0;0;13;21
202;1758;0;13;21;0;0;13;21
203;1771;0;13;21;0;0;13;21
204;1784;0;13;21;0;0;13;21
205;1797;0;13;21;0;0;13;21
206;1810;0;13;21;0;0;13;21
207;1823;0;13;21;0;0;13;21
208;1836;0;13;21;0;0;13;21
209;1849;0;13;21;0;0;13;21
210;1862;0;13;21;0;0;13;21
211;1875;0;13;21;0;0;13;21
212;1888;0;13;21;0;0;13;21
213;1901;0;13;21;0;0;13;21
214;1914;0;13;21;0;0;13;21
215;1927;0;13;21;0;0;13;21
216;1940;0;13;21;0;0;13;21
217;1953;0;13;21;0;0;13;21
218;1966;0;13;21;0;0;13;21
219;1979;0;13;21;0;0;13;21
220;1992;0;13;21;0;0;13;21
221;2005;0;13;21;0;0;13;21
222;2018;0;13;21;0;0;13;21
223;2031;0;13;21;0;0;13;21
224;2044;0;13;21;0;0;13;21
225;2057;0;13;21;0;0;13;21
226;2070;0;13;21;0;0;13;21
227;2083;0;13;21;0;0;13;21
228;2096;0;13;21;0;0;13;21
229;2109;0;13;21;0;0;13;21
230;2122;0;15;21;0;0;15;21
231;2137;0;13;21;0;0;13;21
232;2150;0;13;21;0;0;13;21
233;2163;0;13;21;0;0;13;21
234;2176;0;13;21;0;0;13;21
235;2189;0;13;21;0;0;13;21
236;2202;0;13;21;0;0;13;21
237;2215;0;13;21;0;0;13;21
238;2228;0;13;21;0;0;13;21
239;2241;0;13;21;0;0;13;21
240;2254;0;13;21;0;0;13;21
241;2267;0;13;21;0;0;13;21
242;2280;0;13;21;0;0;13;21
243;2293;0;13;21;0;0;13;21
244;2306;0;13;21;0;0;13;21
245;2319;0;13;21;0;0;13;21
246;2332;0;13;21;0;0;13;21
247;2345;0;13;21;0;0;13;21
248;2358;0;13;21;0;0;13;21
249;2371;0;13;21;0;0;13;21
250;2384;0;13;21;0;0;13;21
251;2397;0;13;21;0;0;13;21
252;2410;0;13;21;0;0;13;21
253;2423;0;13;21;0;0;13;21
254;2436;0;13;21;0;0;13;21
255;2449;0;13;21;0;0;13;21
257;2462;0;13;21;0;0;13;21
268;2475;0;13;21;0;0;13;21
269;2488;0;13;21;0;0;13;21
270;2501;0;13;21;0;0;13;21
271;2514;0;13;21;0;0;13;21
282;2527;0;13;21;0;0;13;21
283;2540;0;13;21;0;0;13;21
286;2553;0;13;21;0;0;13;21
287;2566;0;13;21;0;0;13;21
299;2579;0;13;21;0;0;13;21
304;2592;0;13;21;0;0;13;21
305;2605;0;13;21;0;0;13;21
327;2618;0;13;21;0;0;13;21
328;2631;0;13;21;0;0;13;21
333;2644;0;13;21;0;0;13;21
336;2657;0;13;21;0;0;13;21
337;2670;0;13;21;0;0;13;21
344;2683;0;13;21;0;0;13;21
345;2696;0;13;21;0;0;13;21
350;2709;0;13;21;0;0;13;21
351;2722;0;12;21;0;0;12;21
352;2734;0;13;21;0;0;13;21
353;2747;0;12;21;0;0;12;21
356;2759;0;13;21;0;0;13;21
357;2772;0;13;21;0;0;13;21
363;2785;0;13;21;0;0;13;21
366;2798;0;13;21;0;0;13;21
367;2811;0;13;21;0;0;13;21
368;2824;0;13;21;0;0;13;21
369;2837;0;13;21;0;0;13;21
381;2850;0;13;21;0;0;13;21
382;2863;0;13;21;0;0;13;21
462;2876;0;13;21;0;0;13;21
466;2889;0;13;21;0;0;13;21
601;2902;0;12;21;0;0;12;21
650;2914;0;12;21;0;0;12;21
658;2926;0;12;21;0;0;12;21
916;2938;0;14;21;0;0;14;21
960;2952;0;12;21;0;0;12;21
1329;2964;0;13;21;0;0;13;21
1330;2977;0;13;21;0;0;13;21
1331;2990;0;13;21;0;0;13;21
1332;3003;0;13;21;0;0;13;21
1333;3016;0;13;21;0;0;13;21
1334;3029;0;13;21;0;0;13;21
1335;3042;0;13;21;0;0;13;21
1336;3055;0;13;21;0;0;13;21
1337;3068;0;13;21;0;0;13;21
1338;3081;0;13;21;0;0;13;21
1339;3094;0;13;21;0;0;13;21
1340;3107;0;13;21;0;0;13;21
1341;3120;0;13;21;0;0;13;21
1342;3133;0;13;21;0;0;13;21
1343;3146;0;13;21;0;0;13;21
1344;3159;0;13;21;0;0;13;21
1345;3172;0;13;21;0;0;13;21
1346;3185;0;13;21;0;0;13;21
1347;3198;0;13;21;0;0;13;21
1348;3211;0;13;21;0;0;13;21
1349;3224;0;13;21;0;0;13;21
1350;3237;0;13;21;0;0;13;21
1351;3250;0;13;21;0;0;13;21
1352;3263;0;13;21;0;0;13;21
1353;3276;0;13;21;0;0;13;21
1354;3289;0;13;21;0;0;13;21
1355;3302;0;13;21;0;0;13;21
1356;3315;0;13;21;0;0;13;21
1357;3328;0;13;21;0;0;13;21
1358;3341;0;13;21;0;0;13;21
1359;3354;0;13;21;0;0;13;21
1360;3367;0;13;21;0;0;13;21
1361;3380;0;13;21;0;0;13;21
1362;3393;0;13;21;0;0;13;21
1363;3406;0;13;21;0;0;13;21
1364;3419;0;13;21;0;0;13;21
1365;3432;0;13;21;0;0;13;21
1366;3445;0;13;21;0;0;13;21
1372;3458;0;13;21;0;0;13;21
1373;3471;0;13;21;0;0;13;21
1374;3484;0;13;21;0;0;13;21
1415;3497;0;13;21;0;0;13;21
1417;3510;0;13;21;0;0;13;21
1418;3523;0;13;21;0;0;13;21
8734;3536;0;26;21;0;0;26;21
711;0;21;20;18;0;0;20;18
8212;20;21;20;18;0;0;20;18
8216;40;21;13;18;0;0;13;18
8217;53;21;13;18;0;0;13;18
8220;66;21;13;18;0;0;13;18
8221;79;21;13;18;0;0;13;18
8230;92;21;20;18;0;0;20;18
8592;112;21;20;18;0;0;20;18
8593;132;21;20;18;0;0;20;18
8594;152;21;20;18;0;0;20;18
8595;172;21;20;18;0;0;20;18
9320;192;21;20;18;0;0;20;18
9734;212;21;20;18;0;0;20;18
12288;232;21;20;18;0;0;20;18
12289;252;21;20;18;0;0;20;18
12290;272;21;20;18;0;0;20;18
12293;292;21;20;18;0;0;20;18
12298;312;21;20;18;0;0;20;18
12299;332;21;20;18;0;0;20;18
12300;352;21;20;18;0;0;20;18
12301;372;21;20;18;0;0;20;18
12302;392;21;20;18;0;0;20;18
12303;412;21;20;18;0;0;20;18
12304;432;21;20;18;0;0;20;18
12305;452;21;20;18;0;0;20;18
12308;472;21;20;18;0;0;20;18
12309;492;21;20;18;0;0;20;18
12310;512;21;20;18;0;0;20;18
12311;532;21;20;18;0;0;20;18
19904;552;21;12;18;0;0;12;18
19905;564;21;12;18;0;0;12;18
19906;576;21;12;18;0;0;12;18
12353;0;39;20;18;0;0;20;18
12354;20;39;20;18;0;0;20;18
12355;40;39;20;18;0;0;20;18
12356;60;39;20;18;0;0;20;18
12357;80;39;20;18;0;0;20;18
12358;100;39;20;18;0;0;20;18
12359;120;39;20;18;0;0;20;18
12360;140;39;20;18;0;0;20;18
12361;160;39;20;18;0;0;20;18
12362;180;39;20;18;0;0;20;18
12363;200;39;20;18;0;0;20;18
12364;220;39;20;18;0;0;20;18
12365;240;39;20;18;0;0;20;18
12366;260;39;20;18;0;0;20;18
12367;280;39;20;18;0;0;20;18
12368;300;39;20;18;0;0;20;18
12369;320;39;20;18;0;0;20;18
12370;340;39;20;18;0;0;20;18
12371;360;39;20;18;0;0;20;18
12372;380;39;20;18;0;0;20;18
12373;400;39;20;18;0;0;20;18
12374;420;39;20;18;0;0;20;18
12375;440;39;20;18;0;0;20;18
12376;460;39;20;18;0;0;20;18
12377;480;39;20;18;0;0;20;18
12378;500;39;20;18;0;0;20;18
12379;520;39;20;18;0;0;20;18
12380;540;39;20;18;0;0;20;18
12381;560;39;20;18;0;0;20;18
12382;580;39;20;18;0;0;20;18
12383;600;39;20;18;0;0;20;18
12384;620;39;20;18;0;0;20;18
12385;640;39;20;18;0;0;20;18
12386;660;39;20;18;0;0;20;18
12387;680;39;20;18;0;0;20;18
12388;700;39;20;18;0;0;20;18
12389;720;39;20;18;0;0;20;18
12390;740;39;20;18;0;0;20;18
12391;760;39;20;18;0;0;20;18
12392;780;39;20;18;0;0;20;18
12393;800;39;20;18;0;0;20;18
12394;820;39;20;18;0;0;20;18
12395;840;39;20;18;0;0;20;18
12396;860;39;20;18;0;0;20;18
12397;880;39;20;18;0;0;20;18
12398;900;39;20;18;0;0;20;18
12399;920;39;20;18;0;0;20;18
12400;940;39;20;18;0;0;20;18
12401;960;39;20;18;0;0;20;18
12402;980;39;20;18;0;0;20;18
12403;1000;39;20;18;0;0;20;18
12404;1020;39;20;18;0;0;20;18
12405;1040;39;20;18;0;0;20;18
12406;1060;39;20;18;0;0;20;18
12407;1080;39;20;18;0;0;20;18
12408;1100;39;20;18;0;0;20;18
12409;1120;39;20;18;0;0;20;18
12410;1140;39;20;18;0;0;20;18
12411;1160;39;20;18;0;0;20;18
12412;1180;39;20;18;0;0;20;18
12413;1200;39;20;18;0;0;20;18
12414;1220;39;20;18;0;0;20;18
12415;1240;39;20;18;0;0;20;18
12416;1260;39;20;18;0;0;20;18
12417;1280;39;20;18;0;0;20;18
12418;1300;39;20;18;0;0;20;18
12419;1320;39;20;18;0;0;20;18
12420;1340;39;20;18;0;0;20;18
12421;1360;39;20;18;0;0;20;18
12422;1380;39;20;18;0;0;20;18
12423;1400;39;20;18;0;0;20;18
12424;1420;39;20;18;0;0;20;18
12425;1440;39;20;18;0;0;20;18
12426;1460;39;20;18;0;0;20;18
12427;1480;39;20;18;0;0;20;18
12428;1500;39;20;18;0;0;20;18
12429;1520;39;20;18;0;0;20;18
12430;1540;39;20;18;0;0;20;18
12431;1560;39;20;18;0;0;20;18
12432;1580;39;20;18;0;0;20;18
12433;1600;39;20;18;0;0;20;18
12434;1620;39;20;18;0;0;20;18
12435;1640;39;20;18;0;0;20;18
12436;1660;39;20;18;0;0;20;18
12443;1680;39;20;18;0;0;20;18
12444;1700;39;20;18;0;0;20;18
12449;1720;39;20;18;0;0;20;18
12450;1740;39;20;18;0;0;20;18
12451;1760;39;20;18;0;0;20;18
12452;1780;39;20;18;0;0;20;18
12453;1800;39;20;18;0;0;20;18
12454;1820;39;20;18;0;0;20;18
12455;1840;39;20;18;0;0;20;18
12456;1860;39;20;18;0;0;20;18
12457;1880;39;20;18;0;0;20;18
12458;1900;39;20;18;0;0;20;18
12459;1920;39;20;18;0;0;20;18
12460;1940;39;20;18;0;0;20;18
12461;1960;39;20;18;0;0;20;18
12462;1980;39;20;18;0;0;20;18
12463;2000;39;20;18;0;0;20;18
12464;2020;39;20;18;0;0;20;18
12465;2040;39;20;18;0;0;20;18
12466;2060;39;20;18;0;0;20;18
12467;2080;39;20;18;0;0;20;18
12468;2100;39;20;18;0;0;20;18
12469;2120;39;20;18;0;0;20;18
12470;2140;39;20;18;0;0;20;18
12471;2160;39;20;18;0;0;20;18
12472;2180;39;20;18;0;0;20;18
12473;2200;39;20;18;0;0;20;18
12474;2220;39;20;18;0;0;20;18
12475;2240;39;20;18;0;0;20;18
12476;2260;39;20;18;0;0;20;18
12477;2280;39;20;18;0;0;20;18
12478;2300;39;20;18;0;0;20;18
12479;2320;39;20;18;0;0;20;18
12480;2340;39;20;18;0;0;20;18
12481;2360;39;20;18;0;0;20;18
12482;2380;39;20;18;0;0;20;18
12483;2400;39;20;18;0;0;20;18
12484;2420;39;20;18;0;0;20;18
12485;2440;39;20;18;0;0;20;18
12486;2460;39;20;18;0;0;20;18
12487;2480;39;20;18;0;0;20;18
12488;2500;39;20;18;0;0;20;18
12489;2520;39;20;18;0;0;20;18
12490;2540;39;20;18;0;0;20;18
12491;2560;39;20;18;0;0;20;18
12492;2580;39;20;18;0;0;20;18
12493;2600;39;20;18;0;0;20;18
12494;2620;39;20;18;0;0;20;18
12495;2640;39;20;18;0;0;20;18
12496;2660;39;20;18;0;0;20;18
12497;2680;39;20;18;0;0;20;18
12498;2700;39;20;18;0;0;20;18
12499;2720;39;20;18;0;0;20;18
12500;2740;39;20;18;0;0;20;18
12501;2760;39;20;18;0;0;20;18
12502;2780;39;20;18;0;0;20;18
12503;2800;39;20;18;0;0;20;18
12504;2820;39;20;18;0;0;20;18
12505;2840;39;20;18;0;0;20;18
12506;2860;39;20;18;0;0;20;18
12507;2880;39;20;18;0;0;20;18
12508;2900;39;20;18;0;0;20;18
12509;2920;39;20;18;0;0;20;18
12510;2940;39;20;18;0;0;20;18
12511;2960;39;20;18;0;0;20;18
12512;2980;39;20;18;0;0;20;18
12513;3000;39;20;18;0;0;20;18
12514;3020;39;20;18;0;0;20;18
12515;3040;39;20;18;0;0;20;18
12516;3060;39;20;18;0;0;20;18
12517;3080;39;20;18;0;0;20;18
12518;3100;39;20;18;0;0;20;18
12519;3120;39;20;18;0;0;20;18
12520;3140;39;20;18;0;0;20;18
12521;3160;39;20;18;0;0;20;18
12522;3180;39;20;18;0;0;20;18
12523;3200;39;20;18;0;0;20;18
12524;3220;39;20;18;0;0;20;18
12525;3240;39;20;18;0;0;20;18
12526;3260;39;20;18;0;0;20;18
12527;3280;39;20;18;0;0;20;18
12528;3300;39;20;18;0;0;20;18
12529;3320;39;20;18;0;0;20;18
12530;3340;39;20;18;0;0;20;18
12531;3360;39;20;18;0;0;20;18
12532;3380;39;20;18;0;0;20;18
12533;3400;39;20;18;0;0;20;18
12534;3420;39;20;18;0;0;20;18
12535;3440;39;20;18;0;0;20;18
12536;3460;39;20;18;0;0;20;18
12537;3480;39;20;18;0;0;20;18
12538;3500;39;20;18;0;0;20;18
12540;3520;39;20;18;0;0;20;18
12549;3540;39;20;18;0;0;20;18
12550;3560;39;20;18;0;0;20;18
12551;3580;39;20;18;0;0;20;18
12552;3600;39;20;18;0;0;20;18
12553;3620;39;20;18;0;0;20;18
12554;3640;39;20;18;0;0;20;18
12555;3660;39;20;18;0;0;20;18
12556;3680;39;20;18;0;0;20;18
12557;3700;39;20;18;0;0;20;18
12558;3720;39;20;18;0;0;20;18
12559;3740;39;20;18;0;0;20;18
12560;3760;39;20;18;0;0;20;18
12561;3780;39;20;18;0;0;20;18
12562;3800;39;20;18;0;0;20;18
12563;3820;39;20;18;0;0;20;18
12564;3840;39;20;18;0;0;20;18
12565;3860;39;20;18;0;0;20;18
12566;3880;39;20;18;0;0;20;18
12567;3900;39;20;18;0;0;20;18
12568;3920;39;20;18;0;0;20;18
12569;3940;39;20;18;0;0;20;18
12570;3960;39;20;18;0;0;20;18
12571;3980;39;20;18;0;0;20;18
12572;4000;39;20;18;0;0;20;18
12573;4020;39;20;18;0;0;20;18
12574;4040;39;20;18;0;0;20;18
12575;4060;39;20;18;0;0;20;18
12576;0;57;20;18;0;0;20;18
12577;20;57;20;18;0;0;20;18
12578;40;57;20;18;0;0;20;18
12579;60;57;20;18;0;0;20;18
12580;80;57;20;18;0;0;20;18
12581;100;57;20;18;0;0;20;18
12582;120;57;20;18;0;0;20;18
12583;140;57;20;18;0;0;20;18
12584;160;57;20;18;0;0;20;18
12585;180;57;20;18;0;0;20;18
13685;200;57;20;18;0;0;20;18
14038;220;57;20;18;0;0;20;18
14444;240;57;20;18;0;0;20;18
14445;260;57;20;18;0;0;20;18
14600;280;57;20;18;0;0;20;18
14615;300;57;20;18;0;0;20;18
14657;320;57;20;18;0;0;20;18
14705;340;57;20;18;0;0;20;18
15056;360;57;20;18;0;0;20;18
15439;380;57;20;18;0;0;20;18
15875;400;57;20;18;0;0;20;18
15902;420;57;20;18;0;0;20;18
15941;440;57;20;18;0;0;20;18
16058;460;57;20;18;0;0;20;18
16139;480;57;20;18;0;0;20;18
16870;500;57;20;18;0;0;20;18
17020;520;57;20;18;0;0;20;18
17857;540;57;20;18;0;0;20;18
17868;560;57;20;18;0;0;20;18
18264;580;57;20;18;0;0;20;18
18891;600;57;20;18;0;0;20;18
18938;620;57;20;18;0;0;20;18
19968;640;57;20;18;0;0;20;18
19969;660;57;20;18;0;0;20;18
19971;680;57;20;18;0;0;20;18
19975;700;57;20;18;0;0;20;18
19976;720;57;20;18;0;0;20;18
19977;740;57;20;18;0;0;20;18
19978;760;57;20;18;0;0;20;18
19979;780;57;20;18;0;0;20;18
19981;800;57;20;18;0;0;20;18
19982;820;57;20;18;0;0;20;18
19983;840;57;20;18;0;0;20;18
19984;860;57;20;18;0;0;20;18
19985;880;57;20;18;0;0;20;18
19987;900;57;20;18;0;0;20;18
19988;920;57;20;18;0;0;20;18
19989;940;57;20;18;0;0;20;18
19990;960;57;20;18;0;0;20;18
19992;980;57;20;18;0;0;20;18
19993;1000;57;20;18;0;0;20;18
19994;1020;57;20;18;0;0;20;18
19995;1040;57;20;18;0;0;20;18
19996;1060;57;20;18;0;0;20;18
19997;1080;57;20;18;0;0;20;18
19998;1100;57;20;18;0;0;20;18
19999;1120;57;20;18;0;0;20;18
20001;1140;57;20;18;0;0;20;18
20002;1160;57;20;18;0;0;20;18
20004;1180;57;20;18;0;0;20;18
20005;1200;57;20;18;0;0;20;18
20006;1220;57;20;18;0;0;20;18
20007;1240;57;20;18;0;0;20;18
20010;1260;57;20;18;0;0;20;18
20011;1280;57;20;18;0;0;20;18
20013;1300;57;20;18;0;0;20;18
20016;1320;57;20;18;0;0;20;18
20018;1340;57;20;18;0;0;20;18
20020;1360;57;20;18;0;0;20;18
20021;1380;57;20;18;0;0;20;18
20024;1400;57;20;18;0;0;20;18
20025;1420;57;20;18;0;0;20;18
20026;1440;57;20;18;0;0;20;18
20027;1460;57;20;18;0;0;20;18
20028;1480;57;20;18;0;0;20;18
20029;1500;57;20;18;0;0;20;18
20030;1520;57;20;18;0;0;20;18
20034;1540;57;20;18;0;0;20;18
20035;1560;57;20;18;0;0;20;18
20037;1580;57;20;18;0;0;20;18
20040;1600;57;20;18;0;0;20;18
20041;1620;57;20;18;0;0;20;18
20043;1640;57;20;18;0;0;20;18
20044;1660;57;20;18;0;0;20;18
20045;1680;57;20;18;0;0;20;18
20046;1700;57;20;18;0;0;20;18
20047;1720;57;20;18;0;0;20;18
20048;1740;57;20;18;0;0;20;18
20050;1760;57;20;18;0;0;20;18
20051;1780;57;20;18;0;0;20;18
20052;1800;57;20;18;0;0;20;18
20054;1820;57;20;18;0;0;20;18
20055;1840;57;20;18;0;0;20;18
20056;1860;57;20;18;0;0;20;18
20057;1880;57;20;18;0;0;20;18
20060;1900;57;20;18;0;0;20;18
20061;1920;57;20;18;0;0;20;18
20062;1940;57;20;18;0;0;20;18
20063;1960;57;20;18;0;0;20;18
20064;1980;57;20;18;0;0;20;18
20065;2000;57;20;18;0;0;20;18
20070;2020;57;20;18;0;0;20;18
20073;2040;57;20;18;0;0;20;18
20080;2060;57;20;18;0;0;20;18
20081;2080;57;20;18;0;0;20;18
20083;2100;57;20;18;0;0;20;18
20094;2120;57;20;18;0;0;20;18
20096;2140;57;20;18;0;0;20;18
20098;2160;57;20;18;0;0;20;18
20102;2180;57;20;18;0;0;20;18
20104;2200;57;20;18;0;0;20;18
20105;2220;57;20;18;0;0;20;18
20107;2240;57;20;18;0;0;20;18
20108;2260;57;20;18;0;0;20;18
20109;2280;57;20;18;0;0;20;18
20110;2300;57;20;18;0;0;20;18
20111;2320;57;20;18;0;0;20;18
20113;2340;57;20;18;0;0;20;18
20114;2360;57;20;18;0;0;20;18
20115;2380;57;20;18;0;0;20;18
20116;2400;57;20;18;0;0;20;18
20117;2420;57;20;18;0;0;20;18
20120;2440;57;20;18;0;0;20;18
20121;2460;57;20;18;0;0;20;18
20122;2480;57;20;18;0;0;20;18
20123;2500;57;20;18;0;0;20;18
20124;2520;57;20;18;0;0;20;18
20126;2540;57;20;18;0;0;20;18
20127;2560;57;20;18;0;0;20;18
20129;2580;57;20;18;0;0;20;18
20130;2600;57;20;18;0;0;20;18
20132;2620;57;20;18;0;0;20;18
20133;2640;57;20;18;0;0;20;18
20134;2660;57;20;18;0;0;20;18
20135;2680;57;20;18;0;0;20;18
20136;2700;57;20;18;0;0;20;18
20137;2720;57;20;18;0;0;20;18
20139;2740;57;20;18;0;0;20;18
20140;2760;57;20;18;0;0;20;18
20141;2780;57;20;18;0;0;20;18
20142;2800;57;20;18;0;0;20;18
20146;2820;57;20;18;0;0;20;18
20147;2840;57;20;18;0;0;20;18
20149;2860;57;20;18;0;0;20;18
20150;2880;57;20;18;0;0;20;18
20154;2900;57;20;18;0;0;20;18
20155;2920;57;20;18;0;0;20;18
20158;2940;57;20;18;0;0;20;18
20159;2960;57;20;18;0;0;20;18
20160;2980;57;20;18;0;0;20;18
20161;3000;57;20;18;0;0;20;18
20162;3020;57;20;18;0;0;20;18
20163;3040;57;20;18;0;0;20;18
20164;3060;57;20;18;0;0;20;18
20165;3080;57;20;18;0;0;20;18
20166;3100;57;20;18;0;0;20;18
20167;3120;57;20;18;0;0;20;18
20169;3140;57;20;18;0;0;20;18
20170;3160;57;20;18;0;0;20;18
20171;3180;57;20;18;0;0;20;18
20173;3200;57;20;18;0;0;20;18
20174;3220;57;20;18;0;0;20;18
20175;3240;57;20;18;0;0;20;18
20177;3260;57;20;18;0;0;20;18
20179;3280;57;20;18;0;0;20;18
20180;3300;57;20;18;0;0;20;18
20181;3320;57;20;18;0;0;20;18
20182;3340;57;20;18;0;0;20;18
20183;3360;57;20;18;0;0;20;18
20184;3380;57;20;18;0;0;20;18
20185;3400;57;20;18;0;0;20;18
20189;3420;57;20;18;0;0;20;18
20190;3440;57;20;18;0;0;20;18
20191;3460;57;20;18;0;0;20;18
20193;3480;57;20;18;0;0;20;18
20195;3500;57;20;18;0;0;20;18
20196;3520;57;20;18;0;0;20;18
20197;3540;57;20;18;0;0;20;18
20200;3560;57;20;18;0;0;20;18
20202;3580;57;20;18;0;0;20;18
20203;3600;57;20;18;0;0;20;18
20204;3620;57;20;18;0;0;20;18
20206;3640;57;20;18;0;0;20;18
20208;3660;57;20;18;0;0;20;18
20210;3680;57;20;18;0;0;20;18
20211;3700;57;20;18;0;0;20;18
20213;3720;57;20;18;0;0;20;18
20214;3740;57;20;18;0;0;20;18
20215;3760;57;20;18;0;0;20;18
20219;3780;57;20;18;0;0;20;18
20221;3800;57;20;18;0;0;20;18
20223;3820;57;20;18;0;0;20;18
20225;3840;57;20;18;0;0;20;18
20233;3860;57;20;18;0;0;20;18
20234;3880;57;20;18;0;0;20;18
20237;3900;57;20;18;0;0;20;18
20238;3920;57;20;18;0;0;20;18
20239;3940;57;20;18;0;0;20;18
20240;3960;57;20;18;0;0;20;18
20241;3980;57;20;18;0;0;20;18
20245;4000;57;20;18;0;0;20;18
20247;4020;57;20;18;0;0;20;18
20248;4040;57;20;18;0;0;20;18
20249;4060;57;20;18;0;0;20;18
20250;0;75;20;18;0;0;20;18
20251;20;75;20;18;0;0;20;18
20253;40;75;20;18;0;0;20;18
20254;60;75;20;18;0;0;20;18
20255;80;75;20;18;0;0;20;18
20256;100;75;20;18;0;0;20;18
20258;120;75;20;18;0;0;20;18
20260;140;75;20;18;0;0;20;18
20261;160;75;20;18;0;0;20;18
20262;180;75;20;18;0;0;20;18
20263;200;75;20;18;0;0;20;18
20266;220;75;20;18;0;0;20;18
20267;240;75;20;18;0;0;20;18
20271;260;75;20;18;0;0;20;18
20272;280;75;20;18;0;0;20;18
20274;300;75;20;18;0;0;20;18
20276;320;75;20;18;0;0;20;18
20278;340;75;20;18;0;0;20;18
20280;360;75;20;18;0;0;20;18
20282;380;75;20;18;0;0;20;18
20284;400;75;20;18;0;0;20;18
20285;420;75;20;18;0;0;20;18
20291;440;75;20;18;0;0;20;18
20294;460;75;20;18;0;0;20;18
20295;480;75;20;18;0;0;20;18
20296;500;75;20;18;0;0;20;18
20297;520;75;20;18;0;0;20;18
20301;540;75;20;18;0;0;20;18
20302;560;75;20;18;0;0;20;18
20303;580;75;20;18;0;0;20;18
20304;600;75;20;18;0;0;20;18
20305;620;75;20;18;0;0;20;18
20307;640;75;20;18;0;0;20;18
20308;660;75;20;18;0;0;20;18
20309;680;75;20;18;0;0;20;18
20311;700;75;20;18;0;0;20;18
20312;720;75;20;18;0;0;20;18
20313;740;75;20;18;0;0;20;18
20314;760;75;20;18;0;0;20;18
20315;780;75;20;18;0;0;20;18
20316;800;75;20;18;0;0;20;18
20317;820;75;20;18;0;0;20;18
20318;840;75;20;18;0;0;20;18
20319;860;75;20;18;0;0;20;18
20320;880;75;20;18;0;0;20;18
20323;900;75;20;18;0;0;20;18
20324;920;75;20;18;0;0;20;18
20325;940;75;20;18;0;0;20;18
20329;960;75;20;18;0;0;20;18
20332;980;75;20;18;0;0;20;18
20335;1000;75;20;18;0;0;20;18
20336;1020;75;20;18;0;0;20;18
20339;1040;75;20;18;0;0;20;18
20341;1060;75;20;18;0;0;20;18
20342;1080;75;20;18;0;0;20;18
20347;1100;75;20;18;0;0;20;18
20348;1120;75;20;18;0;0;20;18
20350;1140;75;20;18;0;0;20;18
20351;1160;75;20;18;0;0;20;18
20355;1180;75;20;18;0;0;20;18
20356;1200;75;20;18;0;0;20;18
20358;1220;75;20;18;0;0;20;18
20360;1240;75;20;18;0;0;20;18
20361;1260;75;20;18;0;0;20;18
20363;1280;75;20;18;0;0;20;18
20365;1300;75;20;18;0;0;20;18
20367;1320;75;20;18;0;0;20;18
20369;1340;75;20;18;0;0;20;18
20372;1360;75;20;18;0;0;20;18
20374;1380;75;20;18;0;0;20;18
20375;1400;75;20;18;0;0;20;18
20379;1420;75;20;18;0;0;20;18
20381;1440;75;20;18;0;0;20;18
20384;1460;75;20;18;0;0;20;18
20385;1480;75;20;18;0;0;20;18
20387;1500;75;20;18;0;0;20;18
20389;1520;75;20;18;0;0;20;18
20390;1540;75;20;18;0;0;20;18
20391;1560;75;20;18;0;0;20;18
20392;1580;75;20;18;0;0;20;18
20393;1600;75;20;18;0;0;20;18
20394;1620;75;20;18;0;0;20;18
20396;1640;75;20;18;0;0;20;18
20398;1660;75;20;18;0;0;20;18
20399;1680;75;20;18;0;0;20;18
20402;1700;75;20;18;0;0;20;18
20405;1720;75;20;18;0;0;20;18
20406;1740;75;20;18;0;0;20;18
20407;1760;75;20;18;0;0;20;18
20415;1780;75;20;18;0;0;20;18
20417;1800;75;20;18;0;0;20;18
20418;1820;75;20;18;0;0;20;18
20419;1840;75;20;18;0;0;20;18
20420;1860;75;20;18;0;0;20;18
20421;1880;75;20;18;0;0;20;18
20426;1900;75;20;18;0;0;20;18
20430;1920;75;20;18;0;0;20;18
20431;1940;75;20;18;0;0;20;18
20432;1960;75;20;18;0;0;20;18
20433;1980;75;20;18;0;0;20;18
20439;2000;75;20;18;0;0;20;18
20440;2020;75;20;18;0;0;20;18
20442;2040;75;20;18;0;0;20;18
20443;2060;75;20;18;0;0;20;18
20445;2080;75;20;18;0;0;20;18
20446;2100;75;20;18;0;0;20;18
20447;2120;75;20;18;0;0;20;18
20448;2140;75;20;18;0;0;20;18
20449;2160;75;20;18;0;0;20;18
20451;2180;75;20;18;0;0;20;18
20454;2200;75;20;18;0;0;20;18
20456;2220;75;20;18;0;0;20;18
20457;2240;75;20;18;0;0;20;18
20458;2260;75;20;18;0;0;20;18
20461;2280;75;20;18;0;0;20;18
20462;2300;75;20;18;0;0;20;18
20463;2320;75;20;18;0;0;20;18
20465;2340;75;20;18;0;0;20;18
20467;2360;75;20;18;0;0;20;18
20469;2380;75;20;18;0;0;20;18
20470;2400;75;20;18;0;0;20;18
20472;2420;75;20;18;0;0;20;18
20474;2440;75;20;18;0;0;20;18
20478;2460;75;20;18;0;0;20;18
20480;2480;75;20;18;0;0;20;18
20486;2500;75;20;18;0;0;20;18
20489;2520;75;20;18;0;0;20;18
20491;2540;75;20;18;0;0;20;18
20492;2560;75;20;18;0;0;20;18
20493;2580;75;20;18;0;0;20;18
20495;2600;75;20;18;0;0;20;18
20497;2620;75;20;18;0;0;20;18
20498;2640;75;20;18;0;0;20;18
20500;2660;75;20;18;0;0;20;18
20502;2680;75;20;18;0;0;20;18
20504;2700;75;20;18;0;0;20;18
20505;2720;75;20;18;0;0;20;18
20506;2740;75;20;18;0;0;20;18
20508;2760;75;20;18;0;0;20;18
20511;2780;75;20;18;0;0;20;18
20513;2800;75;20;18;0;0;20;18
20515;2820;75;20;18;0;0;20;18
20516;2840;75;20;18;0;0;20;18
20517;2860;75;20;18;0;0;20;18
20518;2880;75;20;18;0;0;20;18
20520;2900;75;20;18;0;0;20;18
20521;2920;75;20;18;0;0;20;18
20522;2940;75;20;18;0;0;20;18
20523;2960;75;20;18;0;0;20;18
20524;2980;75;20;18;0;0;20;18
20525;3000;75;20;18;0;0;20;18
20537;3020;75;20;18;0;0;20;18
20538;3040;75;20;18;0;0;20;18
20540;3060;75;20;18;0;0;20;18
20542;3080;75;20;18;0;0;20;18
20544;3100;75;20;18;0;0;20;18
20545;3120;75;20;18;0;0;20;18
20547;3140;75;20;18;0;0;20;18
20551;3160;75;20;18;0;0;20;18
20552;3180;75;20;18;0;0;20;18
20553;3200;75;20;18;0;0;20;18
20556;3220;75;20;18;0;0;20;18
20558;3240;75;20;18;0;0;20;18
20559;3260;75;20;18;0;0;20;18
20565;3280;75;20;18;0;0;20;18
20570;3300;75;20;18;0;0;20;18
20572;3320;75;20;18;0;0;20;18
20581;3340;75;20;18;0;0;20;18
20588;3360;75;20;18;0;0;20;18
20594;3380;75;20;18;0;0;20;18
20596;3400;75;20;18;0;0;20;18
20597;3420;75;20;18;0;0;20;18
20598;3440;75;20;18;0;0;20;18
20599;3460;75;20;18;0;0;20;18
20603;3480;75;20;18;0;0;20;18
20605;3500;75;20;18;0;0;20;18
20606;3520;75;20;18;0;0;20;18
20607;3540;75;20;18;0;0;20;18
20608;3560;75;20;18;0;0;20;18
20613;3580;75;20;18;0;0;20;18
20616;3600;75;20;18;0;0;20;18
20621;3620;75;20;18;0;0;20;18
20625;3640;75;20;18;0;0;20;18
20630;3660;75;20;18;0;0;20;18
20632;3680;75;20;18;0;0;20;18
20633;3700;75;20;18;0;0;20;18
20634;3720;75;20;18;0;0;20;18
20636;3740;75;20;18;0;0;20;18
20642;3760;75;20;18;0;0;20;18
20643;3780;75;20;18;0;0;20;18
20645;3800;75;20;18;0;0;20;18
20647;3820;75;20;18;0;0;20;18
20648;3840;75;20;18;0;0;20;18
20649;3860;75;20;18;0;0;20;18
20652;3880;75;20;18;0;0;20;18
20653;3900;75;20;18;0;0;20;18
20655;3920;75;20;18;0;0;20;18
20658;3940;75;20;18;0;0;20;18
20659;3960;75;20;18;0;0;20;18
20660;3980;75;20;18;0;0;20;18
20661;4000;75;20;18;0;0;20;18
20663;4020;75;20;18;0;0;20;18
20667;4040;75;20;18;0;0;20;18
20670;4060;75;20;18;0;0;20;18
20674;0;93;20;18;0;0;20;18
20677;20;93;20;18;0;0;20;18
20679;40;93;20;18;0;0;20;18
20681;60;93;20;18;0;0;20;18
20685;80;93;20;18;0;0;20;18
20687;100;93;20;18;0;0;20;18
20689;120;93;20;18;0;0;20;18
20693;140;93;20;18;0;0;20;18
20694;160;93;20;18;0;0;20;18
20698;180;93;20;18;0;0;20;18
20709;200;93;20;18;0;0;20;18
20711;220;93;20;18;0;0;20;18
20712;240;93;20;18;0;0;20;18
20717;260;93;20;18;0;0;20;18
20718;280;93;20;18;0;0;20;18
20720;300;93;20;18;0;0;20;18
20721;320;93;20;18;0;0;20;18
20723;340;93;20;18;0;0;20;18
20725;360;93;20;18;0;0;20;18
20729;380;93;20;18;0;0;20;18
20731;400;93;20;18;0;0;20;18
20736;420;93;20;18;0;0;20;18
20738;440;93;20;18;0;0;20;18
20740;460;93;20;18;0;0;20;18
20742;480;93;20;18;0;0;20;18
20744;500;93;20;18;0;0;20;18
20745;520;93;20;18;0;0;20;18
20747;540;93;20;18;0;0;20;18
20752;560;93;20;18;0;0;20;18
20754;580;93;20;18;0;0;20;18
20756;600;93;20;18;0;0;20;18
20757;620;93;20;18;0;0;20;18
20760;640;93;20;18;0;0;20;18
20767;660;93;20;18;0;0;20;18
20769;680;93;20;18;0;0;20;18
20778;700;93;20;18;0;0;20;18
20786;720;93;20;18;0;0;20;18
20791;740;93;20;18;0;0;20;18
20792;760;93;20;18;0;0;20;18
20794;780;93;20;18;0;0;20;18
20795;800;93;20;18;0;0;20;18
20796;820;93;20;18;0;0;20;18
20799;840;93;20;18;0;0;20;18
20800;860;93;20;18;0;0;20;18
20801;880;93;20;18;0;0;20;18
20803;900;93;20;18;0;0;20;18
20804;920;93;20;18;0;0;20;18
20805;940;93;20;18;0;0;20;18
20806;960;93;20;18;0;0;20;18
20807;980;93;20;18;0;0;20;18
20808;1000;93;20;18;0;0;20;18
20809;1020;93;20;18;0;0;20;18
20811;1040;93;20;18;0;0;20;18
20812;1060;93;20;18;0;0;20;18
20813;1080;93;20;18;0;0;20;18
20816;1100;93;20;18;0;0;20;18
20817;1120;93;20;18;0;0;20;18
20818;1140;93;20;18;0;0;20;18
20820;1160;93;20;18;0;0;20;18
20821;1180;93;20;18;0;0;20;18
20822;1200;93;20;18;0;0;20;18
20823;1220;93;20;18;0;0;20;18
20826;1240;93;20;18;0;0;20;18
20828;1260;93;20;18;0;0;20;18
20834;1280;93;20;18;0;0;20;18
20837;1300;93;20;18;0;0;20;18
20839;1320;93;20;18;0;0;20;18
20840;1340;93;20;18;0;0;20;18
20841;1360;93;20;18;0;0;20;18
20843;1380;93;20;18;0;0;20;18
20844;1400;93;20;18;0;0;20;18
20845;1420;93;20;18;0;0;20;18
20846;1440;93;20;18;0;0;20;18
20848;1460;93;20;18;0;0;20;18
20849;1480;93;20;18;0;0;20;18
20851;1500;93;20;18;0;0;20;18
20852;1520;93;20;18;0;0;20;18
20853;1540;93;20;18;0;0;20;18
20854;1560;93;20;18;0;0;20;18
20855;1580;93;20;18;0;0;20;18
20856;1600;93;20;18;0;0;20;18
20857;1620;93;20;18;0;0;20;18
20859;1640;93;20;18;0;0;20;18
20860;1660;93;20;18;0;0;20;18
20861;1680;93;20;18;0;0;20;18
20864;1700;93;20;18;0;0;20;18
20869;1720;93;20;18;0;0;20;18
20870;1740;93;20;18;0;0;20;18
20871;1760;93;20;18;0;0;20;18
20872;1780;93;20;18;0;0;20;18
20873;1800;93;20;18;0;0;20;18
20874;1820;93;20;18;0;0;20;18
20876;1840;93;20;18;0;0;20;18
20877;1860;93;20;18;0;0;20;18
20881;1880;93;20;18;0;0;20;18
20882;1900;93;20;18;0;0;20;18
20885;1920;93;20;18;0;0;20;18
20887;1940;93;20;18;0;0;20;18
20889;1960;93;20;18;0;0;20;18
20891;1980;93;20;18;0;0;20;18
20892;2000;93;20;18;0;0;20;18
20896;2020;93;20;18;0;0;20;18
20898;2040;93;20;18;0;0;20;18
20900;2060;93;20;18;0;0;20;18
20901;2080;93;20;18;0;0;20;18
20906;2100;93;20;18;0;0;20;18
20908;2120;93;20;18;0;0;20;18
20911;2140;93;20;18;0;0;20;18
20912;2160;93;20;18;0;0;20;18
20914;2180;93;20;18;0;0;20;18
20915;2200;93;20;18;0;0;20;18
20917;2220;93;20;18;0;0;20;18
20918;2240;93;20;18;0;0;20;18
20919;2260;93;20;18;0;0;20;18
20923;2280;93;20;18;0;0;20;18
20924;2300;93;20;18;0;0;20;18
20925;2320;93;20;18;0;0;20;18
20928;2340;93;20;18;0;0;20;18
20932;2360;93;20;18;0;0;20;18
20934;2380;93;20;18;0;0;20;18
20935;2400;93;20;18;0;0;20;18
20936;2420;93;20;18;0;0;20;18
20937;2440;93;20;18;0;0;20;18
20939;2460;93;20;18;0;0;20;18
20940;2480;93;20;18;0;0;20;18
20941;2500;93;20;18;0;0;20;18
20943;2520;93;20;18;0;0;20;18
20945;2540;93;20;18;0;0;20;18
20955;2560;93;20;18;0;0;20;18
20956;2580;93;20;18;0;0;20;18
20957;2600;93;20;18;0;0;20;18
20960;2620;93;20;18;0;0;20;18
20961;2640;93;20;18;0;0;20;18
20964;2660;93;20;18;0;0;20;18
20966;2680;93;20;18;0;0;20;18
20971;2700;93;20;18;0;0;20;18
20973;2720;93;20;18;0;0;20;18
20975;2740;93;20;18;0;0;20;18
20976;2760;93;20;18;0;0;20;18
20977;2780;93;20;18;0;0;20;18
20979;2800;93;20;18;0;0;20;18
20982;2820;93;20;18;0;0;20;18
20984;2840;93;20;18;0;0;20;18
20985;2860;93;20;18;0;0;20;18
20986;2880;93;20;18;0;0;20;18
20987;2900;93;20;18;0;0;20;18
20988;2920;93;20;18;0;0;20;18
20989;2940;93;20;18;0;0;20;18
20991;2960;93;20;18;0;0;20;18
20992;2980;93;20;18;0;0;20;18
20993;3000;93;20;18;0;0;20;18
20995;3020;93;20;18;0;0;20;18
20998;3040;93;20;18;0;0;20;18
20999;3060;93;20;18;0;0;20;18
21000;3080;93;20;18;0;0;20;18
21002;3100;93;20;18;0;0;20;18
21005;3120;93;20;18;0;0;20;18
21006;3140;93;20;18;0;0;20;18
21009;3160;93;20;18;0;0;20;18
21010;3180;93;20;18;0;0;20;18
21014;3200;93;20;18;0;0;20;18
21015;3220;93;20;18;0;0;20;18
21016;3240;93;20;18;0;0;20;18
21017;3260;93;20;18;0;0;20;18
21018;3280;93;20;18;0;0;20;18
21019;3300;93;20;18;0;0;20;18
21021;3320;93;20;18;0;0;20;18
21024;3340;93;20;18;0;0;20;18
21028;3360;93;20;18;0;0;20;18
21029;3380;93;20;18;0;0;20;18
21032;3400;93;20;18;0;0;20;18
21033;3420;93;20;18;0;0;20;18
21034;3440;93;20;18;0;0;20;18
21035;3460;93;20;18;0;0;20;18
21037;3480;93;20;18;0;0;20;18
21038;3500;93;20;18;0;0;20;18
21040;3520;93;20;18;0;0;20;18
21042;3540;93;20;18;0;0;20;18
21043;3560;93;20;18;0;0;20;18
21046;3580;93;20;18;0;0;20;18
21047;3600;93;20;18;0;0;20;18
21048;3620;93;20;18;0;0;20;18
21049;3640;93;20;18;0;0;20;18
21050;3660;93;20;18;0;0;20;18
21051;3680;93;20;18;0;0;20;18
21053;3700;93;20;18;0;0;20;18
21055;3720;93;20;18;0;0;20;18
21056;3740;93;20;18;0;0;20;18
21057;3760;93;20;18;0;0;20;18
21058;3780;93;20;18;0;0;20;18
21059;3800;93;20;18;0;0;20;18
21060;3820;93;20;18;0;0;20;18
21063;3840;93;20;18;0;0;20;18
21065;3860;93;20;18;0;0;20;18
21066;3880;93;20;18;0;0;20;18
21067;3900;93;20;18;0;0;20;18
21068;3920;93;20;18;0;0;20;18
21069;3940;93;20;18;0;0;20;18
21070;3960;93;20;18;0;0;20;18
21072;3980;93;20;18;0;0;20;18
21073;4000;93;20;18;0;0;20;18
21074;4020;93;20;18;0;0;20;18
21076;4040;93;20;18;0;0;20;18
21078;4060;93;20;18;0;0;20;18
21083;0;111;20;18;0;0;20;18
21084;20;111;20;18;0;0;20;18
21085;40;111;20;18;0;0;20;18
21086;60;111;20;18;0;0;20;18
21089;80;111;20;18;0;0;20;18
21091;100;111;20;18;0;0;20;18
21092;120;111;20;18;0;0;20;18
21093;140;111;20;18;0;0;20;18
21095;160;111;20;18;0;0;20;18
21097;180;111;20;18;0;0;20;18
21098;200;111;20;18;0;0;20;18
21102;220;111;20;18;0;0;20;18
21103;240;111;20;18;0;0;20;18
21104;260;111;20;18;0;0;20;18
21106;280;111;20;18;0;0;20;18
21108;300;111;20;18;0;0;20;18
21109;320;111;20;18;0;0;20;18
21111;340;111;20;18;0;0;20;18
21117;360;111;20;18;0;0;20;18
21119;380;111;20;18;0;0;20;18
21120;400;111;20;18;0;0;20;18
21121;420;111;20;18;0;0;20;18
21123;440;111;20;18;0;0;20;18
21124;460;111;20;18;0;0;20;18
21127;480;111;20;18;0;0;20;18
21128;500;111;20;18;0;0;20;18
21129;520;111;20;18;0;0;20;18
21130;540;111;20;18;0;0;20;18
21132;560;111;20;18;0;0;20;18
21133;580;111;20;18;0;0;20;18
21137;600;111;20;18;0;0;20;18
21139;620;111;20;18;0;0;20;18
21147;640;111;20;18;0;0;20;18
21148;660;111;20;18;0;0;20;18
21149;680;111;20;18;0;0;20;18
21150;700;111;20;18;0;0;20;18
21151;720;111;20;18;0;0;20;18
21152;740;111;20;18;0;0;20;18
21153;760;111;20;18;0;0;20;18
21154;780;111;20;18;0;0;20;18
21155;800;111;20;18;0;0;20;18
21160;820;111;20;18;0;0;20;18
21161;840;111;20;18;0;0;20;18
21162;860;111;20;18;0;0;20;18
21163;880;111;20;18;0;0;20;18
21164;900;111;20;18;0;0;20;18
21165;920;111;20;18;0;0;20;18
21169;940;111;20;18;0;0;20;18
21170;960;111;20;18;0;0;20;18
21171;980;111;20;18;0;0;20;18
21172;1000;111;20;18;0;0;20;18
21177;1020;111;20;18;0;0;20;18
21179;1040;111;20;18;0;0;20;18
21180;1060;111;20;18;0;0;20;18
21182;1080;111;20;18;0;0;20;18
21183;1100;111;20;18;0;0;20;18
21185;1120;111;20;18;0;0;20;18
21187;1140;111;20;18;0;0;20;18
21189;1160;111;20;18;0;0;20;18
21191;1180;111;20;18;0;0;20;18
21192;1200;111;20;18;0;0;20;18
21193;1220;111;20;18;0;0;20;18
21195;1240;111;20;18;0;0;20;18
21200;1260;111;20;18;0;0;20;18
21202;1280;111;20;18;0;0;20;18
21205;1300;111;20;18;0;0;20;18
21206;1320;111;20;18;0;0;20;18
21208;1340;111;20;18;0;0;20;18
21209;1360;111;20;18;0;0;20;18
21211;1380;111;20;18;0;0;20;18
21213;1400;111;20;18;0;0;20;18
21214;1420;111;20;18;0;0;20;18
21215;1440;111;20;18;0;0;20;18
21218;1460;111;20;18;0;0;20;18
21220;1480;111;20;18;0;0;20;18
21223;1500;111;20;18;0;0;20;18
21232;1520;111;20;18;0;0;20;18
21233;1540;111;20;18;0;0;20;18
21234;1560;111;20;18;0;0;20;18
21235;1580;111;20;18;0;0;20;18
21237;1600;111;20;18;0;0;20;18
21240;1620;111;20;18;0;0;20;18
21241;1640;111;20;18;0;0;20;18
21242;1660;111;20;18;0;0;20;18
21243;1680;111;20;18;0;0;20;18
21246;1700;111;20;18;0;0;20;18
21247;1720;111;20;18;0;0;20;18
21248;1740;111;20;18;0;0;20;18
21250;1760;111;20;18;0;0;20;18
21253;1780;111;20;18;0;0;20;18
21254;1800;111;20;18;0;0;20;18
21256;1820;111;20;18;0;0;20;18
21261;1840;111;20;18;0;0;20;18
21263;1860;111;20;18;0;0;20;18
21264;1880;111;20;18;0;0;20;18
21269;1900;111;20;18;0;0;20;18
21270;1920;111;20;18;0;0;20;18
21271;1940;111;20;18;0;0;20;18
21273;1960;111;20;18;0;0;20;18
21276;1980;111;20;18;0;0;20;18
21277;2000;111;20;18;0;0;20;18
21280;2020;111;20;18;0;0;20;18
21281;2040;111;20;18;0;0;20;18
21283;2060;111;20;18;0;0;20;18
21286;2080;111;20;18;0;0;20;18
21290;2100;111;20;18;0;0;20;18
21293;2120;111;20;18;0;0;20;18
21294;2140;111;20;18;0;0;20;18
21295;2160;111;20;18;0;0;20;18
21297;2180;111;20;18;0;0;20;18
21305;2200;111;20;18;0;0;20;18
21306;2220;111;20;18;0;0;20;18
21307;2240;111;20;18;0;0;20;18
21310;2260;111;20;18;0;0;20;18
21311;2280;111;20;18;0;0;20;18
21312;2300;111;20;18;0;0;20;18
21313;2320;111;20;18;0;0;20;18
21315;2340;111;20;18;0;0;20;18
21317;2360;111;20;18;0;0;20;18
21319;2380;111;20;18;0;0;20;18
21320;2400;111;20;18;0;0;20;18
21321;2420;111;20;18;0;0;20;18
21322;2440;111;20;18;0;0;20;18
21325;2460;111;20;18;0;0;20;18
21326;2480;111;20;18;0;0;20;18
21327;2500;111;20;18;0;0;20;18
21329;2520;111;20;18;0;0;20;18
21330;2540;111;20;18;0;0;20;18
21331;2560;111;20;18;0;0;20;18
21332;2580;111;20;18;0;0;20;18
21333;2600;111;20;18;0;0;20;18
21334;2620;111;20;18;0;0;20;18
21335;2640;111;20;18;0;0;20;18
21336;2660;111;20;18;0;0;20;18
21338;2680;111;20;18;0;0;20;18
21340;2700;111;20;18;0;0;20;18
21342;2720;111;20;18;0;0;20;18
21343;2740;111;20;18;0;0;20;18
21344;2760;111;20;18;0;0;20;18
21345;2780;111;20;18;0;0;20;18
21346;2800;111;20;18;0;0;20;18
21347;2820;111;20;18;0;0;20;18
21348;2840;111;20;18;0;0;20;18
21350;2860;111;20;18;0;0;20;18
21351;2880;111;20;18;0;0;20;18
21355;2900;111;20;18;0;0;20;18
21358;2920;111;20;18;0;0;20;18
21359;2940;111;20;18;0;0;20;18
21360;2960;111;20;18;0;0;20;18
21361;2980;111;20;18;0;0;20;18
21363;3000;111;20;18;0;0;20;18
21364;3020;111;20;18;0;0;20;18
21365;3040;111;20;18;0;0;20;18
21367;3060;111;20;18;0;0;20;18
21368;3080;111;20;18;0;0;20;18
21369;3100;111;20;18;0;0;20;18
21371;3120;111;20;18;0;0;20;18
21375;3140;111;20;18;0;0;20;18
21378;3160;111;20;18;0;0;20;18
21380;3180;111;20;18;0;0;20;18
21381;3200;111;20;18;0;0;20;18
21382;3220;111;20;18;0;0;20;18
21385;3240;111;20;18;0;0;20;18
21387;3260;111;20;18;0;0;20;18
21388;3280;111;20;18;0;0;20;18
21389;3300;111;20;18;0;0;20;18
21397;3320;111;20;18;0;0;20;18
21400;3340;111;20;18;0;0;20;18
21401;3360;111;20;18;0;0;20;18
21402;3380;111;20;18;0;0;20;18
21405;3400;111;20;18;0;0;20;18
21407;3420;111;20;18;0;0;20;18
21410;3440;111;20;18;0;0;20;18
21413;3460;111;20;18;0;0;20;18
21414;3480;111;20;18;0;0;20;18
21416;3500;111;20;18;0;0;20;18
21417;3520;111;20;18;0;0;20;18
21421;3540;111;20;18;0;0;20;18
21422;3560;111;20;18;0;0;20;18
21426;3580;111;20;18;0;0;20;18
21427;3600;111;20;18;0;0;20;18
21435;3620;111;20;18;0;0;20;18
21438;3640;111;20;18;0;0;20;18
21439;3660;111;20;18;0;0;20;18
21440;3680;111;20;18;0;0;20;18
21441;3700;111;20;18;0;0;20;18
21442;3720;111;20;18;0;0;20;18
21443;3740;111;20;18;0;0;20;18
21446;3760;111;20;18;0;0;20;18
21448;3780;111;20;18;0;0;20;18
21449;3800;111;20;18;0;0;20;18
21450;3820;111;20;18;0;0;20;18
21451;3840;111;20;18;0;0;20;18
21452;3860;111;20;18;0;0;20;18
21453;3880;111;20;18;0;0;20;18
21454;3900;111;20;18;0;0;20;18
21457;3920;111;20;18;0;0;20;18
21460;3940;111;20;18;0;0;20;18
21462;3960;111;20;18;0;0;20;18
21463;3980;111;20;18;0;0;20;18
21464;4000;111;20;18;0;0;20;18
21465;4020;111;20;18;0;0;20;18
21467;4040;111;20;18;0;0;20;18
21471;4060;111;20;18;0;0;20;18
21472;0;129;20;18;0;0;20;18
21474;20;129;20;18;0;0;20;18
21475;40;129;20;18;0;0;20;18
21476;60;129;20;18;0;0;20;18
21477;80;129;20;18;0;0;20;18
21478;100;129;20;18;0;0;20;18
21480;120;129;20;18;0;0;20;18
21481;140;129;20;18;0;0;20;18
21482;160;129;20;18;0;0;20;18
21483;180;129;20;18;0;0;20;18
21484;200;129;20;18;0;0;20;18
21485;220;129;20;18;0;0;20;18
21486;240;129;20;18;0;0;20;18
21487;260;129;20;18;0;0;20;18
21488;280;129;20;18;0;0;20;18
21489;300;129;20;18;0;0;20;18
21490;320;129;20;18;0;0;20;18
21491;340;129;20;18;0;0;20;18
21493;360;129;20;18;0;0;20;18
21494;380;129;20;18;0;0;20;18
21495;400;129;20;18;0;0;20;18
21496;420;129;20;18;0;0;20;18
21497;440;129;20;18;0;0;20;18
21499;460;129;20;18;0;0;20;18
21500;480;129;20;18;0;0;20;18
21501;500;129;20;18;0;0;20;18
21505;520;129;20;18;0;0;20;18
21507;540;129;20;18;0;0;20;18
21508;560;129;20;18;0;0;20;18
21510;580;129;20;18;0;0;20;18
21512;600;129;20;18;0;0;20;18
21513;620;129;20;18;0;0;20;18
21514;640;129;20;18;0;0;20;18
21515;660;129;20;18;0;0;20;18
21516;680;129;20;18;0;0;20;18
21517;700;129;20;18;0;0;20;18
21518;720;129;20;18;0;0;20;18
21519;740;129;20;18;0;0;20;18
21520;760;129;20;18;0;0;20;18
21521;780;129;20;18;0;0;20;18
21522;800;129;20;18;0;0;20;18
21523;820;129;20;18;0;0;20;18
21525;840;129;20;18;0;0;20;18
21526;860;129;20;18;0;0;20;18
21527;880;129;20;18;0;0;20;18
21531;900;129;20;18;0;0;20;18
21532;920;129;20;18;0;0;20;18
21533;940;129;20;18;0;0;20;18
21534;960;129;20;18;0;0;20;18
21535;980;129;20;18;0;0;20;18
21536;1000;129;20;18;0;0;20;18
21537;1020;129;20;18;0;0;20;18
21539;1040;129;20;18;0;0;20;18
21542;1060;129;20;18;0;0;20;18
21543;1080;129;20;18;0;0;20;18
21544;1100;129;20;18;0;0;20;18
21545;1120;129;20;18;0;0;20;18
21547;1140;129;20;18;0;0;20;18
21548;1160;129;20;18;0;0;20;18
21549;1180;129;20;18;0;0;20;18
21550;1200;129;20;18;0;0;20;18
21551;1220;129;20;18;0;0;20;18
21553;1240;129;20;18;0;0;20;18
21554;1260;129;20;18;0;0;20;18
21555;1280;129;20;18;0;0;20;18
21556;1300;129;20;18;0;0;20;18
21557;1320;129;20;18;0;0;20;18
21558;1340;129;20;18;0;0;20;18
21560;1360;129;20;18;0;0;20;18
21561;1380;129;20;18;0;0;20;18
21562;1400;129;20;18;0;0;20;18
21563;1420;129;20;18;0;0;20;18
21564;1440;129;20;18;0;0;20;18
21565;1460;129;20;18;0;0;20;18
21566;1480;129;20;18;0;0;20;18
21568;1500;129;20;18;0;0;20;18
21570;1520;129;20;18;0;0;20;18
21571;1540;129;20;18;0;0;20;18
21574;1560;129;20;18;0;0;20;18
21576;1580;129;20;18;0;0;20;18
21577;1600;129;20;18;0;0;20;18
21578;1620;129;20;18;0;0;20;18
21579;1640;129;20;18;0;0;20;18
21582;1660;129;20;18;0;0;20;18
21584;1680;129;20;18;0;0;20;18
21586;1700;129;20;18;0;0;20;18
21587;1720;129;20;18;0;0;20;18
21588;1740;129;20;18;0;0;20;18
21589;1760;129;20;18;0;0;20;18
21590;1780;129;20;18;0;0;20;18
21591;1800;129;20;18;0;0;20;18
21592;1820;129;20;18;0;0;20;18
21595;1840;129;20;18;0;0;20;18
21596;1860;129;20;18;0;0;20;18
21602;1880;129;20;18;0;0;20;18
21603;1900;129;20;18;0;0;20;18
21604;1920;129;20;18;0;0;20;18
21606;1940;129;20;18;0;0;20;18
21608;1960;129;20;18;0;0;20;18
21610;1980;129;20;18;0;0;20;18
21613;2000;129;20;18;0;0;20;18
21615;2020;129;20;18;0;0;20;18
21617;2040;129;20;18;0;0;20;18
21618;2060;129;20;18;0;0;20;18
21619;2080;129;20;18;0;0;20;18
21621;2100;129;20;18;0;0;20;18
21622;2120;129;20;18;0;0;20;18
21623;2140;129;20;18;0;0;20;18
21624;2160;129;20;18;0;0;20;18
21627;2180;129;20;18;0;0;20;18
21628;2200;129;20;18;0;0;20;18
21629;2220;129;20;18;0;0;20;18
21632;2240;129;20;18;0;0;20;18
21634;2260;129;20;18;0;0;20;18
21636;2280;129;20;18;0;0;20;18
21638;2300;129;20;18;0;0;20;18
21643;2320;129;20;18;0;0;20;18
21644;2340;129;20;18;0;0;20;18
21646;2360;129;20;18;0;0;20;18
21647;2380;129;20;18;0;0;20;18
21648;2400;129;20;18;0;0;20;18
21650;2420;129;20;18;0;0;20;18
21652;2440;129;20;18;0;0;20;18
21653;2460;129;20;18;0;0;20;18
21654;2480;129;20;18;0;0;20;18
21657;2500;129;20;18;0;0;20;18
21658;2520;129;20;18;0;0;20;18
21659;2540;129;20;18;0;0;20;18
21661;2560;129;20;18;0;0;20;18
21667;2580;129;20;18;0;0;20;18
21668;2600;129;20;18;0;0;20;18
21670;2620;129;20;18;0;0;20;18
21671;2640;129;20;18;0;0;20;18
21672;2660;129;20;18;0;0;20;18
21673;2680;129;20;18;0;0;20;18
21674;2700;129;20;18;0;0;20;18
21675;2720;129;20;18;0;0;20;18
21676;2740;129;20;18;0;0;20;18
21679;2760;129;20;18;0;0;20;18
21681;2780;129;20;18;0;0;20;18
21682;2800;129;20;18;0;0;20;18
21683;2820;129;20;18;0;0;20;18
21684;2840;129;20;18;0;0;20;18
21688;2860;129;20;18;0;0;20;18
21691;2880;129;20;18;0;0;20;18
21693;2900;129;20;18;0;0;20;18
21695;2920;129;20;18;0;0;20;18
21696;2940;129;20;18;0;0;20;18
21697;2960;129;20;18;0;0;20;18
21698;2980;129;20;18;0;0;20;18
21700;3000;129;20;18;0;0;20;18
21702;3020;129;20;18;0;0;20;18
21703;3040;129;20;18;0;0;20;18
21704;3060;129;20;18;0;0;20;18
21705;3080;129;20;18;0;0;20;18
21708;3100;129;20;18;0;0;20;18
21709;3120;129;20;18;0;0;20;18
21710;3140;129;20;18;0;0;20;18
21711;3160;129;20;18;0;0;20;18
21712;3180;129;20;18;0;0;20;18
21713;3200;129;20;18;0;0;20;18
21714;3220;129;20;18;0;0;20;18
21715;3240;129;20;18;0;0;20;18
21716;3260;129;20;18;0;0;20;18
21717;3280;129;20;18;0;0;20;18
21719;3300;129;20;18;0;0;20;18
21721;3320;129;20;18;0;0;20;18
21722;3340;129;20;18;0;0;20;18
21725;3360;129;20;18;0;0;20;18
21726;3380;129;20;18;0;0;20;18
21727;3400;129;20;18;0;0;20;18
21729;3420;129;20;18;0;0;20;18
21730;3440;129;20;18;0;0;20;18
21733;3460;129;20;18;0;0;20;18
21734;3480;129;20;18;0;0;20;18
21735;3500;129;20;18;0;0;20;18
21736;3520;129;20;18;0;0;20;18
21737;3540;129;20;18;0;0;20;18
21738;3560;129;20;18;0;0;20;18
21741;3580;129;20;18;0;0;20;18
21742;3600;129;20;18;0;0;20;18
21746;3620;129;20;18;0;0;20;18
21748;3640;129;20;18;0;0;20;18
21754;3660;129;20;18;0;0;20;18
21756;3680;129;20;18;0;0;20;18
21757;3700;129;20;18;0;0;20;18
21761;3720;129;20;18;0;0;20;18
21764;3740;129;20;18;0;0;20;18
21766;3760;129;20;18;0;0;20;18
21767;3780;129;20;18;0;0;20;18
21769;3800;129;20;18;0;0;20;18
21770;3820;129;20;18;0;0;20;18
21775;3840;129;20;18;0;0;20;18
21776;3860;129;20;18;0;0;20;18
21777;3880;129;20;18;0;0;20;18
21780;3900;129;20;18;0;0;20;18
21786;3920;129;20;18;0;0;20;18
21787;3940;129;20;18;0;0;20;18
21792;3960;129;20;18;0;0;20;18
21794;3980;129;20;18;0;0;20;18
21795;4000;129;20;18;0;0;20;18
21796;4020;129;20;18;0;0;20;18
21799;4040;129;20;18;0;0;20;18
21804;4060;129;20;18;0;0;20;18
21806;0;147;20;18;0;0;20;18
21807;20;147;20;18;0;0;20;18
21808;40;147;20;18;0;0;20;18
21809;60;147;20;18;0;0;20;18
21811;80;147;20;18;0;0;20;18
21813;100;147;20;18;0;0;20;18
21815;120;147;20;18;0;0;20;18
21816;140;147;20;18;0;0;20;18
21820;160;147;20;18;0;0;20;18
21822;180;147;20;18;0;0;20;18
21823;200;147;20;18;0;0;20;18
21825;220;147;20;18;0;0;20;18
21827;240;147;20;18;0;0;20;18
21828;260;147;20;18;0;0;20;18
21830;280;147;20;18;0;0;20;18
21833;300;147;20;18;0;0;20;18
21834;320;147;20;18;0;0;20;18
21839;340;147;20;18;0;0;20;18
21840;360;147;20;18;0;0;20;18
21843;380;147;20;18;0;0;20;18
21845;400;147;20;18;0;0;20;18
21846;420;147;20;18;0;0;20;18
21847;440;147;20;18;0;0;20;18
21852;460;147;20;18;0;0;20;18
21854;480;147;20;18;0;0;20;18
21855;500;147;20;18;0;0;20;18
21857;520;147;20;18;0;0;20;18
21859;540;147;20;18;0;0;20;18
21860;560;147;20;18;0;0;20;18
21861;580;147;20;18;0;0;20;18
21862;600;147;20;18;0;0;20;18
21863;620;147;20;18;0;0;20;18
21866;640;147;20;18;0;0;20;18
21868;660;147;20;18;0;0;20;18
21869;680;147;20;18;0;0;20;18
21870;700;147;20;18;0;0;20;18
21872;720;147;20;18;0;0;20;18
21877;740;147;20;18;0;0;20;18
21878;760;147;20;18;0;0;20;18
21879;780;147;20;18;0;0;20;18
21880;800;147;20;18;0;0;20;18
21883;820;147;20;18;0;0;20;18
21884;840;147;20;18;0;0;20;18
21886;860;147;20;18;0;0;20;18
21888;880;147;20;18;0;0;20;18
21889;900;147;20;18;0;0;20;18
21890;920;147;20;18;0;0;20;18
21891;940;147;20;18;0;0;20;18
21892;960;147;20;18;0;0;20;18
21895;980;147;20;18;0;0;20;18
21896;1000;147;20;18;0;0;20;18
21897;1020;147;20;18;0;0;20;18
21898;1040;147;20;18;0;0;20;18
21899;1060;147;20;18;0;0;20;18
21903;1080;147;20;18;0;0;20;18
21905;1100;147;20;18;0;0;20;18
21908;1120;147;20;18;0;0;20;18
21912;1140;147;20;18;0;0;20;18
21913;1160;147;20;18;0;0;20;18
21914;1180;147;20;18;0;0;20;18
21916;1200;147;20;18;0;0;20;18
21917;1220;147;20;18;0;0;20;18
21919;1240;147;20;18;0;0;20;18
21927;1260;147;20;18;0;0;20;18
21929;1280;147;20;18;0;0;20;18
21930;1300;147;20;18;0;0;20;18
21931;1320;147;20;18;0;0;20;18
21932;1340;147;20;18;0;0;20;18
21934;1360;147;20;18;0;0;20;18
21937;1380;147;20;18;0;0;20;18
21938;1400;147;20;18;0;0;20;18
21939;1420;147;20;18;0;0;20;18
21941;1440;147;20;18;0;0;20;18
21942;1460;147;20;18;0;0;20;18
21943;1480;147;20;18;0;0;20;18
21945;1500;147;20;18;0;0;20;18
21947;1520;147;20;18;0;0;20;18
21949;1540;147;20;18;0;0;20;18
21950;1560;147;20;18;0;0;20;18
21956;1580;147;20;18;0;0;20;18
21957;1600;147;20;18;0;0;20;18
21958;1620;147;20;18;0;0;20;18
21959;1640;147;20;18;0;0;20;18
21961;1660;147;20;18;0;0;20;18
21964;1680;147;20;18;0;0;20;18
21965;1700;147;20;18;0;0;20;18
21966;1720;147;20;18;0;0;20;18
21968;1740;147;20;18;0;0;20;18
21969;1760;147;20;18;0;0;20;18
21970;1780;147;20;18;0;0;20;18
21971;1800;147;20;18;0;0;20;18
21972;1820;147;20;18;0;0;20;18
21974;1840;147;20;18;0;0;20;18
21976;1860;147;20;18;0;0;20;18
21978;1880;147;20;18;0;0;20;18
21980;1900;147;20;18;0;0;20;18
21981;1920;147;20;18;0;0;20;18
21982;1940;147;20;18;0;0;20;18
21983;1960;147;20;18;0;0;20;18
21985;1980;147;20;18;0;0;20;18
21987;2000;147;20;18;0;0;20;18
21988;2020;147;20;18;0;0;20;18
21989;2040;147;20;18;0;0;20;18
21990;2060;147;20;18;0;0;20;18
21992;2080;147;20;18;0;0;20;18
21993;2100;147;20;18;0;0;20;18
21994;2120;147;20;18;0;0;20;18
21995;2140;147;20;18;0;0;20;18
21996;2160;147;20;18;0;0;20;18
21999;2180;147;20;18;0;0;20;18
22002;2200;147;20;18;0;0;20;18
22003;2220;147;20;18;0;0;20;18
22005;2240;147;20;18;0;0;20;18
22006;2260;147;20;18;0;0;20;18
22007;2280;147;20;18;0;0;20;18
22013;2300;147;20;18;0;0;20;18
22014;2320;147;20;18;0;0;20;18
22016;2340;147;20;18;0;0;20;18
22017;2360;147;20;18;0;0;20;18
22022;2380;147;20;18;0;0;20;18
22024;2400;147;20;18;0;0;20;18
22025;2420;147;20;18;0;0;20;18
22028;2440;147;20;18;0;0;20;18
22029;2460;147;20;18;0;0;20;18
22030;2480;147;20;18;0;0;20;18
22036;2500;147;20;18;0;0;20;18
22038;2520;147;20;18;0;0;20;18
22039;2540;147;20;18;0;0;20;18
22040;2560;147;20;18;0;0;20;18
22042;2580;147;20;18;0;0;20;18
22043;2600;147;20;18;0;0;20;18
22044;2620;147;20;18;0;0;20;18
22046;2640;147;20;18;0;0;20;18
22047;2660;147;20;18;0;0;20;18
22049;2680;147;20;18;0;0;20;18
22051;2700;147;20;18;0;0;20;18
22052;2720;147;20;18;0;0;20;18
22055;2740;147;20;18;0;0;20;18
22057;2760;147;20;18;0;0;20;18
22060;2780;147;20;18;0;0;20;18
22061;2800;147;20;18;0;0;20;18
22062;2820;147;20;18;0;0;20;18
22063;2840;147;20;18;0;0;20;18
22064;2860;147;20;18;0;0;20;18
22065;2880;147;20;18;0;0;20;18
22066;2900;147;20;18;0;0;20;18
22068;2920;147;20;18;0;0;20;18
22069;2940;147;20;18;0;0;20;18
22070;2960;147;20;18;0;0;20;18
22072;2980;147;20;18;0;0;20;18
22073;3000;147;20;18;0;0;20;18
22075;3020;147;20;18;0;0;20;18
22079;3040;147;20;18;0;0;20;18
22081;3060;147;20;18;0;0;20;18
22085;3080;147;20;18;0;0;20;18
22092;3100;147;20;18;0;0;20;18
22093;3120;147;20;18;0;0;20;18
22094;3140;147;20;18;0;0;20;18
22096;3160;147;20;18;0;0;20;18
22099;3180;147;20;18;0;0;20;18
22100;3200;147;20;18;0;0;20;18
22103;3220;147;20;18;0;0;20;18
22104;3240;147;20;18;0;0;20;18
22105;3260;147;20;18;0;0;20;18
22106;3280;147;20;18;0;0;20;18
22108;3300;147;20;18;0;0;20;18
22109;3320;147;20;18;0;0;20;18
22112;3340;147;20;18;0;0;20;18
22114;3360;147;20;18;0;0;20;18
22116;3380;147;20;18;0;0;20;18
22117;3400;147;20;18;0;0;20;18
22118;3420;147;20;18;0;0;20;18
22120;3440;147;20;18;0;0;20;18
22121;3460;147;20;18;0;0;20;18
22122;3480;147;20;18;0;0;20;18
22123;3500;147;20;18;0;0;20;18
22124;3520;147;20;18;0;0;20;18
22127;3540;147;20;18;0;0;20;18
22129;3560;147;20;18;0;0;20;18
22130;3580;147;20;18;0;0;20;18
22132;3600;147;20;18;0;0;20;18
22134;3620;147;20;18;0;0;20;18
22136;3640;147;20;18;0;0;20;18
22137;3660;147;20;18;0;0;20;18
22139;3680;147;20;18;0;0;20;18
22140;3700;147;20;18;0;0;20;18
22144;3720;147;20;18;0;0;20;18
22148;3740;147;20;18;0;0;20;18
22149;3760;147;20;18;0;0;20;18
22150;3780;147;20;18;0;0;20;18
22151;3800;147;20;18;0;0;20;18
22158;3820;147;20;18;0;0;20;18
22159;3840;147;20;18;0;0;20;18
22160;3860;147;20;18;0;0;20;18
22163;3880;147;20;18;0;0;20;18
22165;3900;147;20;18;0;0;20;18
22169;3920;147;20;18;0;0;20;18
22179;3940;147;20;18;0;0;20;18
22181;3960;147;20;18;0;0;20;18
22182;3980;147;20;18;0;0;20;18
22183;4000;147;20;18;0;0;20;18
22184;4020;147;20;18;0;0;20;18
22190;4040;147;20;18;0;0;20;18
22191;4060;147;20;18;0;0;20;18
22195;0;165;20;18;0;0;20;18
22196;20;165;20;18;0;0;20;18
22198;40;165;20;18;0;0;20;18
22199;60;165;20;18;0;0;20;18
22204;80;165;20;18;0;0;20;18
22208;100;165;20;18;0;0;20;18
22209;120;165;20;18;0;0;20;18
22210;140;165;20;18;0;0;20;18
22216;160;165;20;18;0;0;20;18
22217;180;165;20;18;0;0;20;18
22218;200;165;20;18;0;0;20;18
22220;220;165;20;18;0;0;20;18
22221;240;165;20;18;0;0;20;18
22225;260;165;20;18;0;0;20;18
22228;280;165;20;18;0;0;20;18
22234;300;165;20;18;0;0;20;18
22235;320;165;20;18;0;0;20;18
22237;340;165;20;18;0;0;20;18
22238;360;165;20;18;0;0;20;18
22239;380;165;20;18;0;0;20;18
22240;400;165;20;18;0;0;20;18
22241;420;165;20;18;0;0;20;18
22242;440;165;20;18;0;0;20;18
22243;460;165;20;18;0;0;20;18
22244;480;165;20;18;0;0;20;18
22250;500;165;20;18;0;0;20;18
22251;520;165;20;18;0;0;20;18
22253;540;165;20;18;0;0;20;18
22256;560;165;20;18;0;0;20;18
22257;580;165;20;18;0;0;20;18
22258;600;165;20;18;0;0;20;18
22259;620;165;20;18;0;0;20;18
22260;640;165;20;18;0;0;20;18
22261;660;165;20;18;0;0;20;18
22263;680;165;20;18;0;0;20;18
22265;700;165;20;18;0;0;20;18
22266;720;165;20;18;0;0;20;18
22269;740;165;20;18;0;0;20;18
22270;760;165;20;18;0;0;20;18
22271;780;165;20;18;0;0;20;18
22275;800;165;20;18;0;0;20;18
22276;820;165;20;18;0;0;20;18
22278;840;165;20;18;0;0;20;18
22279;860;165;20;18;0;0;20;18
22280;880;165;20;18;0;0;20;18
22281;900;165;20;18;0;0;20;18
22282;920;165;20;18;0;0;20;18
22283;940;165;20;18;0;0;20;18
22285;960;165;20;18;0;0;20;18
22287;980;165;20;18;0;0;20;18
22290;1000;165;20;18;0;0;20;18
22291;1020;165;20;18;0;0;20;18
22294;1040;165;20;18;0;0;20;18
22296;1060;165;20;18;0;0;20;18
22300;1080;165;20;18;0;0;20;18
22303;1100;165;20;18;0;0;20;18
22307;1120;165;20;18;0;0;20;18
22311;1140;165;20;18;0;0;20;18
22312;1160;165;20;18;0;0;20;18
22313;1180;165;20;18;0;0;20;18
22314;1200;165;20;18;0;0;20;18
22316;1220;165;20;18;0;0;20;18
22317;1240;165;20;18;0;0;20;18
22318;1260;165;20;18;0;0;20;18
22319;1280;165;20;18;0;0;20;18
22320;1300;165;20;18;0;0;20;18
22323;1320;165;20;18;0;0;20;18
22329;1340;165;20;18;0;0;20;18
22330;1360;165;20;18;0;0;20;18
22331;1380;165;20;18;0;0;20;18
22334;1400;165;20;18;0;0;20;18
22336;1420;165;20;18;0;0;20;18
22338;1440;165;20;18;0;0;20;18
22343;1460;165;20;18;0;0;20;18
22346;1480;165;20;18;0;0;20;18
22348;1500;165;20;18;0;0;20;18
22349;1520;165;20;18;0;0;20;18
22350;1540;165;20;18;0;0;20;18
22351;1560;165;20;18;0;0;20;18
22352;1580;165;20;18;0;0;20;18
22353;1600;165;20;18;0;0;20;18
22359;1620;165;20;18;0;0;20;18
22362;1640;165;20;18;0;0;20;18
22363;1660;165;20;18;0;0;20;18
22365;1680;165;20;18;0;0;20;18
22366;1700;165;20;18;0;0;20;18
22367;1720;165;20;18;0;0;20;18
22368;1740;165;20;18;0;0;20;18
22369;1760;165;20;18;0;0;20;18
22372;1780;165;20;18;0;0;20;18
22374;1800;165;20;18;0;0;20;18
22376;1820;165;20;18;0;0;20;18
22377;1840;165;20;18;0;0;20;18
22378;1860;165;20;18;0;0;20;18
22379;1880;165;20;18;0;0;20;18
22381;1900;165;20;18;0;0;20;18
22383;1920;165;20;18;0;0;20;18
22384;1940;165;20;18;0;0;20;18
22387;1960;165;20;18;0;0;20;18
22391;1980;165;20;18;0;0;20;18
22395;2000;165;20;18;0;0;20;18
22396;2020;165;20;18;0;0;20;18
22402;2040;165;20;18;0;0;20;18
22403;2060;165;20;18;0;0;20;18
22404;2080;165;20;18;0;0;20;18
22406;2100;165;20;18;0;0;20;18
22411;2120;165;20;18;0;0;20;18
22412;2140;165;20;18;0;0;20;18
22418;2160;165;20;18;0;0;20;18
22419;2180;165;20;18;0;0;20;18
22427;2200;165;20;18;0;0;20;18
22432;2220;165;20;18;0;0;20;18
22433;2240;165;20;18;0;0;20;18
22434;2260;165;20;18;0;0;20;18
22435;2280;165;20;18;0;0;20;18
22436;2300;165;20;18;0;0;20;18
22438;2320;165;20;18;0;0;20;18
22439;2340;165;20;18;0;0;20;18
22441;2360;165;20;18;0;0;20;18
22443;2380;165;20;18;0;0;20;18
22445;2400;165;20;18;0;0;20;18
22446;2420;165;20;18;0;0;20;18
22449;2440;165;20;18;0;0;20;18
22453;2460;165;20;18;0;0;20;18
22456;2480;165;20;18;0;0;20;18
22466;2500;165;20;18;0;0;20;18
22467;2520;165;20;18;0;0;20;18
22475;2540;165;20;18;0;0;20;18
22478;2560;165;20;18;0;0;20;18
22482;2580;165;20;18;0;0;20;18
22484;2600;165;20;18;0;0;20;18
22485;2620;165;20;18;0;0;20;18
22488;2640;165;20;18;0;0;20;18
22489;2660;165;20;18;0;0;20;18
22490;2680;165;20;18;0;0;20;18
22493;2700;165;20;18;0;0;20;18
22495;2720;165;20;18;0;0;20;18
22496;2740;165;20;18;0;0;20;18
22497;2760;165;20;18;0;0;20;18
22500;2780;165;20;18;0;0;20;18
22509;2800;165;20;18;0;0;20;18
22511;2820;165;20;18;0;0;20;18
22516;2840;165;20;18;0;0;20;18
22517;2860;165;20;18;0;0;20;18
22519;2880;165;20;18;0;0;20;18
22520;2900;165;20;18;0;0;20;18
22521;2920;165;20;18;0;0;20;18
22522;2940;165;20;18;0;0;20;18
22524;2960;165;20;18;0;0;20;18
22525;2980;165;20;18;0;0;20;18
22528;3000;165;20;18;0;0;20;18
22530;3020;165;20;18;0;0;20;18
22533;3040;165;20;18;0;0;20;18
22534;3060;165;20;18;0;0;20;18
22535;3080;165;20;18;0;0;20;18
22537;3100;165;20;18;0;0;20;18
22538;3120;165;20;18;0;0;20;18
22539;3140;165;20;18;0;0;20;18
22541;3160;165;20;18;0;0;20;18
22545;3180;165;20;18;0;0;20;18
22549;3200;165;20;18;0;0;20;18
22553;3220;165;20;18;0;0;20;18
22557;3240;165;20;18;0;0;20;18
22558;3260;165;20;18;0;0;20;18
22560;3280;165;20;18;0;0;20;18
22561;3300;165;20;18;0;0;20;18
22563;3320;165;20;18;0;0;20;18
22564;3340;165;20;18;0;0;20;18
22566;3360;165;20;18;0;0;20;18
22570;3380;165;20;18;0;0;20;18
22575;3400;165;20;18;0;0;20;18
22576;3420;165;20;18;0;0;20;18
22577;3440;165;20;18;0;0;20;18
22580;3460;165;20;18;0;0;20;18
22581;3480;165;20;18;0;0;20;18
22591;3500;165;20;18;0;0;20;18
22592;3520;165;20;18;0;0;20;18
22593;3540;165;20;18;0;0;20;18
22596;3560;165;20;18;0;0;20;18
22598;3580;165;20;18;0;0;20;18
22602;3600;165;20;18;0;0;20;18
22603;3620;165;20;18;0;0;20;18
22604;3640;165;20;18;0;0;20;18
22605;3660;165;20;18;0;0;20;18
22609;3680;165;20;18;0;0;20;18
22610;3700;165;20;18;0;0;20;18
22612;3720;165;20;18;0;0;20;18
22615;3740;165;20;18;0;0;20;18
22616;3760;165;20;18;0;0;20;18
22618;3780;165;20;18;0;0;20;18
22622;3800;165;20;18;0;0;20;18
22625;3820;165;20;18;0;0;20;18
22626;3840;165;20;18;0;0;20;18
22628;3860;165;20;18;0;0;20;18
22633;3880;165;20;18;0;0;20;18
22635;3900;165;20;18;0;0;20;18
22636;3920;165;20;18;0;0;20;18
22637;3940;165;20;18;0;0;20;18
22645;3960;165;20;18;0;0;20;18
22649;3980;165;20;18;0;0;20;18
22654;4000;165;20;18;0;0;20;18
22656;4020;165;20;18;0;0;20;18
22657;4040;165;20;18;0;0;20;18
22659;4060;165;20;18;0;0;20;18
22661;0;183;20;18;0;0;20;18
22665;20;183;20;18;0;0;20;18
22666;40;183;20;18;0;0;20;18
22673;60;183;20;18;0;0;20;18
22674;80;183;20;18;0;0;20;18
22675;100;183;20;18;0;0;20;18
22679;120;183;20;18;0;0;20;18
22680;140;183;20;18;0;0;20;18
22681;160;183;20;18;0;0;20;18
22684;180;183;20;18;0;0;20;18
22686;200;183;20;18;0;0;20;18
22687;220;183;20;18;0;0;20;18
22694;240;183;20;18;0;0;20;18
22696;260;183;20;18;0;0;20;18
22697;280;183;20;18;0;0;20;18
22702;300;183;20;18;0;0;20;18
22707;320;183;20;18;0;0;20;18
22715;340;183;20;18;0;0;20;18
22716;360;183;20;18;0;0;20;18
22718;380;183;20;18;0;0;20;18
22721;400;183;20;18;0;0;20;18
22722;420;183;20;18;0;0;20;18
22725;440;183;20;18;0;0;20;18
22726;460;183;20;18;0;0;20;18
22727;480;183;20;18;0;0;20;18
22730;500;183;20;18;0;0;20;18
22732;520;183;20;18;0;0;20;18
22737;540;183;20;18;0;0;20;18
22739;560;183;20;18;0;0;20;18
22741;580;183;20;18;0;0;20;18
22744;600;183;20;18;0;0;20;18
22745;620;183;20;18;0;0;20;18
22746;640;183;20;18;0;0;20;18
22750;660;183;20;18;0;0;20;18
22751;680;183;20;18;0;0;20;18
22754;700;183;20;18;0;0;20;18
22756;720;183;20;18;0;0;20;18
22761;740;183;20;18;0;0;20;18
22763;760;183;20;18;0;0;20;18
22764;780;183;20;18;0;0;20;18
22766;800;183;20;18;0;0;20;18
22767;820;183;20;18;0;0;20;18
22768;840;183;20;18;0;0;20;18
22769;860;183;20;18;0;0;20;18
22770;880;183;20;18;0;0;20;18
22771;900;183;20;18;0;0;20;18
22774;920;183;20;18;0;0;20;18
22777;940;183;20;18;0;0;20;18
22778;960;183;20;18;0;0;20;18
22781;980;183;20;18;0;0;20;18
22788;1000;183;20;18;0;0;20;18
22791;1020;183;20;18;0;0;20;18
22793;1040;183;20;18;0;0;20;18
22797;1060;183;20;18;0;0;20;18
22799;1080;183;20;18;0;0;20;18
22804;1100;183;20;18;0;0;20;18
22805;1120;183;20;18;0;0;20;18
22806;1140;183;20;18;0;0;20;18
22809;1160;183;20;18;0;0;20;18
22810;1180;183;20;18;0;0;20;18
22812;1200;183;20;18;0;0;20;18
22815;1220;183;20;18;0;0;20;18
22816;1240;183;20;18;0;0;20;18
22818;1260;183;20;18;0;0;20;18
22820;1280;183;20;18;0;0;20;18
22821;1300;183;20;18;0;0;20;18
22823;1320;183;20;18;0;0;20;18
22825;1340;183;20;18;0;0;20;18
22826;1360;183;20;18;0;0;20;18
22827;1380;183;20;18;0;0;20;18
22828;1400;183;20;18;0;0;20;18
22829;1420;183;20;18;0;0;20;18
22830;1440;183;20;18;0;0;20;18
22831;1460;183;20;18;0;0;20;18
22833;1480;183;20;18;0;0;20;18
22836;1500;183;20;18;0;0;20;18
22839;1520;183;20;18;0;0;20;18
22840;1540;183;20;18;0;0;20;18
22841;1560;183;20;18;0;0;20;18
22842;1580;183;20;18;0;0;20;18
22844;1600;183;20;18;0;0;20;18
22846;1620;183;20;18;0;0;20;18
22849;1640;183;20;18;0;0;20;18
22850;1660;183;20;18;0;0;20;18
22852;1680;183;20;18;0;0;20;18
22855;1700;183;20;18;0;0;20;18
22856;1720;183;20;18;0;0;20;18
22857;1740;183;20;18;0;0;20;18
22859;1760;183;20;18;0;0;20;18
22860;1780;183;20;18;0;0;20;18
22862;1800;183;20;18;0;0;20;18
22863;1820;183;20;18;0;0;20;18
22864;1840;183;20;18;0;0;20;18
22865;1860;183;20;18;0;0;20;18
22868;1880;183;20;18;0;0;20;18
22869;1900;183;20;18;0;0;20;18
22870;1920;183;20;18;0;0;20;18
22871;1940;183;20;18;0;0;20;18
22872;1960;183;20;18;0;0;20;18
22874;1980;183;20;18;0;0;20;18
22880;2000;183;20;18;0;0;20;18
22882;2020;183;20;18;0;0;20;18
22885;2040;183;20;18;0;0;20;18
22887;2060;183;20;18;0;0;20;18
22888;2080;183;20;18;0;0;20;18
22889;2100;183;20;18;0;0;20;18
22890;2120;183;20;18;0;0;20;18
22893;2140;183;20;18;0;0;20;18
22894;2160;183;20;18;0;0;20;18
22899;2180;183;20;18;0;0;20;18
22900;2200;183;20;18;0;0;20;18
22902;2220;183;20;18;0;0;20;18
22904;2240;183;20;18;0;0;20;18
22905;2260;183;20;18;0;0;20;18
22909;2280;183;20;18;0;0;20;18
22913;2300;183;20;18;0;0;20;18
22914;2320;183;20;18;0;0;20;18
22915;2340;183;20;18;0;0;20;18
22916;2360;183;20;18;0;0;20;18
22918;2380;183;20;18;0;0;20;18
22919;2400;183;20;18;0;0;20;18
22920;2420;183;20;18;0;0;20;18
22922;2440;183;20;18;0;0;20;18
22925;2460;183;20;18;0;0;20;18
22930;2480;183;20;18;0;0;20;18
22931;2500;183;20;18;0;0;20;18
22934;2520;183;20;18;0;0;20;18
22935;2540;183;20;18;0;0;20;18
22937;2560;183;20;18;0;0;20;18
22941;2580;183;20;18;0;0;20;18
22942;2600;183;20;18;0;0;20;18
22947;2620;183;20;18;0;0;20;18
22948;2640;183;20;18;0;0;20;18
22949;2660;183;20;18;0;0;20;18
22952;2680;183;20;18;0;0;20;18
22953;2700;183;20;18;0;0;20;18
22954;2720;183;20;18;0;0;20;18
22955;2740;183;20;18;0;0;20;18
22956;2760;183;20;18;0;0;20;18
22958;2780;183;20;18;0;0;20;18
22959;2800;183;20;18;0;0;20;18
22962;2820;183;20;18;0;0;20;18
22963;2840;183;20;18;0;0;20;18
22969;2860;183;20;18;0;0;20;18
22970;2880;183;20;18;0;0;20;18
22971;2900;183;20;18;0;0;20;18
22974;2920;183;20;18;0;0;20;18
22982;2940;183;20;18;0;0;20;18
22985;2960;183;20;18;0;0;20;18
22986;2980;183;20;18;0;0;20;18
22987;3000;183;20;18;0;0;20;18
22989;3020;183;20;18;0;0;20;18
22992;3040;183;20;18;0;0;20;18
22993;3060;183;20;18;0;0;20;18
22994;3080;183;20;18;0;0;20;18
22995;3100;183;20;18;0;0;20;18
22996;3120;183;20;18;0;0;20;18
22999;3140;183;20;18;0;0;20;18
23000;3160;183;20;18;0;0;20;18
23002;3180;183;20;18;0;0;20;18
23004;3200;183;20;18;0;0;20;18
23005;3220;183;20;18;0;0;20;18
23011;3240;183;20;18;0;0;20;18
23013;3260;183;20;18;0;0;20;18
23014;3280;183;20;18;0;0;20;18
23016;3300;183;20;18;0;0;20;18
23018;3320;183;20;18;0;0;20;18
23019;3340;183;20;18;0;0;20;18
23020;3360;183;20;18;0;0;20;18
23022;3380;183;20;18;0;0;20;18
23033;3400;183;20;18;0;0;20;18
23035;3420;183;20;18;0;0;20;18
23039;3440;183;20;18;0;0;20;18
23041;3460;183;20;18;0;0;20;18
23043;3480;183;20;18;0;0;20;18
23044;3500;183;20;18;0;0;20;18
23045;3520;183;20;18;0;0;20;18
23046;3540;183;20;18;0;0;20;18
23047;3560;183;20;18;0;0;20;18
23048;3580;183;20;18;0;0;20;18
23049;3600;183;20;18;0;0;20;18
23052;3620;183;20;18;0;0;20;18
23057;3640;183;20;18;0;0;20;18
23059;3660;183;20;18;0;0;20;18
23064;3680;183;20;18;0;0;20;18
23067;3700;183;20;18;0;0;20;18
23068;3720;183;20;18;0;0;20;18
23071;3740;183;20;18;0;0;20;18
23072;3760;183;20;18;0;0;20;18
23075;3780;183;20;18;0;0;20;18
23077;3800;183;20;18;0;0;20;18
23081;3820;183;20;18;0;0;20;18
23087;3840;183;20;18;0;0;20;18
23089;3860;183;20;18;0;0;20;18
23090;3880;183;20;18;0;0;20;18
23092;3900;183;20;18;0;0;20;18
23094;3920;183;20;18;0;0;20;18
23100;3940;183;20;18;0;0;20;18
23104;3960;183;20;18;0;0;20;18
23105;3980;183;20;18;0;0;20;18
23110;4000;183;20;18;0;0;20;18
23113;4020;183;20;18;0;0;20;18
23114;4040;183;20;18;0;0;20;18
23125;4060;183;20;18;0;0;20;18
23130;0;201;20;18;0;0;20;18
23138;20;201;20;18;0;0;20;18
23142;40;201;20;18;0;0;20;18
23143;60;201;20;18;0;0;20;18
23146;80;201;20;18;0;0;20;18
23149;100;201;20;18;0;0;20;18
23156;120;201;20;18;0;0;20;18
23157;140;201;20;18;0;0;20;18
23158;160;201;20;18;0;0;20;18
23159;180;201;20;18;0;0;20;18
23162;200;201;20;18;0;0;20;18
23167;220;201;20;18;0;0;20;18
23186;240;201;20;18;0;0;20;18
23194;260;201;20;18;0;0;20;18
23195;280;201;20;18;0;0;20;18
23196;300;201;20;18;0;0;20;18
23207;320;201;20;18;0;0;20;18
23210;340;201;20;18;0;0;20;18
23213;360;201;20;18;0;0;20;18
23215;380;201;20;18;0;0;20;18
23218;400;201;20;18;0;0;20;18
23219;420;201;20;18;0;0;20;18
23221;440;201;20;18;0;0;20;18
23224;460;201;20;18;0;0;20;18
23228;480;201;20;18;0;0;20;18
23229;500;201;20;18;0;0;20;18
23230;520;201;20;18;0;0;20;18
23231;540;201;20;18;0;0;20;18
23233;560;201;20;18;0;0;20;18
23234;580;201;20;18;0;0;20;18
23236;600;201;20;18;0;0;20;18
23241;620;201;20;18;0;0;20;18
23243;640;201;20;18;0;0;20;18
23244;660;201;20;18;0;0;20;18
23250;680;201;20;18;0;0;20;18
23252;700;201;20;18;0;0;20;18
23254;720;201;20;18;0;0;20;18
23255;740;201;20;18;0;0;20;18
23256;760;201;20;18;0;0;20;18
23258;780;201;20;18;0;0;20;18
23264;800;201;20;18;0;0;20;18
23265;820;201;20;18;0;0;20;18
23267;840;201;20;18;0;0;20;18
23270;860;201;20;18;0;0;20;18
23273;880;201;20;18;0;0;20;18
23275;900;201;20;18;0;0;20;18
23281;920;201;20;18;0;0;20;18
23285;940;201;20;18;0;0;20;18
23290;960;201;20;18;0;0;20;18
23291;980;201;20;18;0;0;20;18
23304;1000;201;20;18;0;0;20;18
23305;1020;201;20;18;0;0;20;18
23307;1040;201;20;18;0;0;20;18
23308;1060;201;20;18;0;0;20;18
23311;1080;201;20;18;0;0;20;18
23318;1100;201;20;18;0;0;20;18
23319;1120;201;20;18;0;0;20;18
23321;1140;201;20;18;0;0;20;18
23325;1160;201;20;18;0;0;20;18
23329;1180;201;20;18;0;0;20;18
23330;1200;201;20;18;0;0;20;18
23332;1220;201;20;18;0;0;20;18
23338;1240;201;20;18;0;0;20;18
23344;1260;201;20;18;0;0;20;18
23348;1280;201;20;18;0;0;20;18
23351;1300;201;20;18;0;0;20;18
23352;1320;201;20;18;0;0;20;18
23360;1340;201;20;18;0;0;20;18
23363;1360;201;20;18;0;0;20;18
23372;1380;201;20;18;0;0;20;18
23376;1400;201;20;18;0;0;20;18
23377;1420;201;20;18;0;0;20;18
23379;1440;201;20;18;0;0;20;18
23380;1460;201;20;18;0;0;20;18
23381;1480;201;20;18;0;0;20;18
23383;1500;201;20;18;0;0;20;18
23384;1520;201;20;18;0;0;20;18
23385;1540;201;20;18;0;0;20;18
23386;1560;201;20;18;0;0;20;18
23387;1580;201;20;18;0;0;20;18
23388;1600;201;20;18;0;0;20;18
23389;1620;201;20;18;0;0;20;18
23391;1640;201;20;18;0;0;20;18
23394;1660;201;20;18;0;0;20;18
23395;1680;201;20;18;0;0;20;18
23396;1700;201;20;18;0;0;20;18
23397;1720;201;20;18;0;0;20;18
23398;1740;201;20;18;0;0;20;18
23401;1760;201;20;18;0;0;20;18
23402;1780;201;20;18;0;0;20;18
23403;1800;201;20;18;0;0;20;18
23404;1820;201;20;18;0;0;20;18
23408;1840;201;20;18;0;0;20;18
23409;1860;201;20;18;0;0;20;18
23411;1880;201;20;18;0;0;20;18
23413;1900;201;20;18;0;0;20;18
23416;1920;201;20;18;0;0;20;18
23418;1940;201;20;18;0;0;20;18
23421;1960;201;20;18;0;0;20;18
23423;1980;201;20;18;0;0;20;18
23425;2000;201;20;18;0;0;20;18
23427;2020;201;20;18;0;0;20;18
23429;2040;201;20;18;0;0;20;18
23431;2060;201;20;18;0;0;20;18
23432;2080;201;20;18;0;0;20;18
23433;2100;201;20;18;0;0;20;18
23435;2120;201;20;18;0;0;20;18
23436;2140;201;20;18;0;0;20;18
23439;2160;201;20;18;0;0;20;18
23443;2180;201;20;18;0;0;20;18
23444;2200;201;20;18;0;0;20;18
23445;2220;201;20;18;0;0;20;18
23447;2240;201;20;18;0;0;20;18
23448;2260;201;20;18;0;0;20;18
23449;2280;201;20;18;0;0;20;18
23450;2300;201;20;18;0;0;20;18
23451;2320;201;20;18;0;0;20;18
23452;2340;201;20;18;0;0;20;18
23453;2360;201;20;18;0;0;20;18
23454;2380;201;20;18;0;0;20;18
23455;2400;201;20;18;0;0;20;18
23456;2420;201;20;18;0;0;20;18
23457;2440;201;20;18;0;0;20;18
23458;2460;201;20;18;0;0;20;18
23459;2480;201;20;18;0;0;20;18
23460;2500;201;20;18;0;0;20;18
23461;2520;201;20;18;0;0;20;18
23462;2540;201;20;18;0;0;20;18
23466;2560;201;20;18;0;0;20;18
23467;2580;201;20;18;0;0;20;18
23470;2600;201;20;18;0;0;20;18
23472;2620;201;20;18;0;0;20;18
23475;2640;201;20;18;0;0;20;18
23476;2660;201;20;18;0;0;20;18
23477;2680;201;20;18;0;0;20;18
23478;2700;201;20;18;0;0;20;18
23480;2720;201;20;18;0;0;20;18
23481;2740;201;20;18;0;0;20;18
23485;2760;201;20;18;0;0;20;18
23486;2780;201;20;18;0;0;20;18
23487;2800;201;20;18;0;0;20;18
23490;2820;201;20;18;0;0;20;18
23492;2840;201;20;18;0;0;20;18
23493;2860;201;20;18;0;0;20;18
23494;2880;201;20;18;0;0;20;18
23495;2900;201;20;18;0;0;20;18
23500;2920;201;20;18;0;0;20;18
23504;2940;201;20;18;0;0;20;18
23506;2960;201;20;18;0;0;20;18
23507;2980;201;20;18;0;0;20;18
23515;3000;201;20;18;0;0;20;18
23517;3020;201;20;18;0;0;20;18
23518;3040;201;20;18;0;0;20;18
23519;3060;201;20;18;0;0;20;18
23521;3080;201;20;18;0;0;20;18
23522;3100;201;20;18;0;0;20;18
23524;3120;201;20;18;0;0;20;18
23525;3140;201;20;18;0;0;20;18
23526;3160;201;20;18;0;0;20;18
23527;3180;201;20;18;0;0;20;18
23528;3200;201;20;18;0;0;20;18
23529;3220;201;20;18;0;0;20;18
23531;3240;201;20;18;0;0;20;18
23532;3260;201;20;18;0;0;20;18
23534;3280;201;20;18;0;0;20;18
23536;3300;201;20;18;0;0;20;18
23541;3320;201;20;18;0;0;20;18
23542;3340;201;20;18;0;0;20;18
23544;3360;201;20;18;0;0;20;18
23545;3380;201;20;18;0;0;20;18
23546;3400;201;20;18;0;0;20;18
23547;3420;201;20;18;0;0;20;18
23548;3440;201;20;18;0;0;20;18
23550;3460;201;20;18;0;0;20;18
23551;3480;201;20;18;0;0;20;18
23553;3500;201;20;18;0;0;20;18
23554;3520;201;20;18;0;0;20;18
23556;3540;201;20;18;0;0;20;18
23558;3560;201;20;18;0;0;20;18
23559;3580;201;20;18;0;0;20;18
23560;3600;201;20;18;0;0;20;18
23561;3620;201;20;18;0;0;20;18
23562;3640;201;20;18;0;0;20;18
23563;3660;201;20;18;0;0;20;18
23565;3680;201;20;18;0;0;20;18
23566;3700;201;20;18;0;0;20;18
23567;3720;201;20;18;0;0;20;18
23569;3740;201;20;18;0;0;20;18
23571;3760;201;20;18;0;0;20;18
23572;3780;201;20;18;0;0;20;18
23573;3800;201;20;18;0;0;20;18
23574;3820;201;20;18;0;0;20;18
23576;3840;201;20;18;0;0;20;18
23578;3860;201;20;18;0;0;20;18
23580;3880;201;20;18;0;0;20;18
23581;3900;201;20;18;0;0;20;18
23588;3920;201;20;18;0;0;20;18
23589;3940;201;20;18;0;0;20;18
23591;3960;201;20;18;0;0;20;18
23594;3980;201;20;18;0;0;20;18
23596;4000;201;20;18;0;0;20;18
23601;4020;201;20;18;0;0;20;18
23602;4040;201;20;18;0;0;20;18
23604;4060;201;20;18;0;0;20;18
23607;0;219;20;18;0;0;20;18
23608;20;219;20;18;0;0;20;18
23609;40;219;20;18;0;0;20;18
23610;60;219;20;18;0;0;20;18
23611;80;219;20;18;0;0;20;18
23612;100;219;20;18;0;0;20;18
23613;120;219;20;18;0;0;20;18
23614;140;219;20;18;0;0;20;18
23615;160;219;20;18;0;0;20;18
23616;180;219;20;18;0;0;20;18
23617;200;219;20;18;0;0;20;18
23618;220;219;20;18;0;0;20;18
23621;240;219;20;18;0;0;20;18
23622;260;219;20;18;0;0;20;18
23624;280;219;20;18;0;0;20;18
23625;300;219;20;18;0;0;20;18
23626;320;219;20;18;0;0;20;18
23627;340;219;20;18;0;0;20;18
23629;360;219;20;18;0;0;20;18
23630;380;219;20;18;0;0;20;18
23631;400;219;20;18;0;0;20;18
23632;420;219;20;18;0;0;20;18
23633;440;219;20;18;0;0;20;18
23637;460;219;20;18;0;0;20;18
23640;480;219;20;18;0;0;20;18
23641;500;219;20;18;0;0;20;18
23644;520;219;20;18;0;0;20;18
23646;540;219;20;18;0;0;20;18
23648;560;219;20;18;0;0;20;18
23649;580;219;20;18;0;0;20;18
23650;600;219;20;18;0;0;20;18
23651;620;219;20;18;0;0;20;18
23652;640;219;20;18;0;0;20;18
23653;660;219;20;18;0;0;20;18
23654;680;219;20;18;0;0;20;18
23656;700;219;20;18;0;0;20;18
23660;720;219;20;18;0;0;20;18
23663;740;219;20;18;0;0;20;18
23665;760;219;20;18;0;0;20;18
23673;780;219;20;18;0;0;20;18
23674;800;219;20;18;0;0;20;18
23676;820;219;20;18;0;0;20;18
23679;840;219;20;18;0;0;20;18
23681;860;219;20;18;0;0;20;18
23682;880;219;20;18;0;0;20;18
23688;900;219;20;18;0;0;20;18
23692;920;219;20;18;0;0;20;18
23696;940;219;20;18;0;0;20;18
23697;960;219;20;18;0;0;20;18
23700;980;219;20;18;0;0;20;18
23702;1000;219;20;18;0;0;20;18
23703;1020;219;20;18;0;0;20;18
23704;1040;219;20;18;0;0;20;18
23706;1060;219;20;18;0;0;20;18
23707;1080;219;20;18;0;0;20;18
23713;1100;219;20;18;0;0;20;18
23714;1120;219;20;18;0;0;20;18
23715;1140;219;20;18;0;0;20;18
23721;1160;219;20;18;0;0;20;18
23723;1180;219;20;18;0;0;20;18
23724;1200;219;20;18;0;0;20;18
23725;1220;219;20;18;0;0;20;18
23729;1240;219;20;18;0;0;20;18
23731;1260;219;20;18;0;0;20;18
23735;1280;219;20;18;0;0;20;18
23736;1300;219;20;18;0;0;20;18
23743;1320;219;20;18;0;0;20;18
23745;1340;219;20;18;0;0;20;18
23748;1360;219;20;18;0;0;20;18
23751;1380;219;20;18;0;0;20;18
23755;1400;219;20;18;0;0;20;18
23762;1420;219;20;18;0;0;20;18
23769;1440;219;20;18;0;0;20;18
23776;1460;219;20;18;0;0;20;18
23777;1480;219;20;18;0;0;20;18
23779;1500;219;20;18;0;0;20;18
23780;1520;219;20;18;0;0;20;18
23781;1540;219;20;18;0;0;20;18
23782;1560;219;20;18;0;0;20;18
23784;1580;219;20;18;0;0;20;18
23786;1600;219;20;18;0;0;20;18
23789;1620;219;20;18;0;0;20;18
23792;1640;219;20;18;0;0;20;18
23796;1660;219;20;18;0;0;20;18
23798;1680;219;20;18;0;0;20;18
23803;1700;219;20;18;0;0;20;18
23805;1720;219;20;18;0;0;20;18
23809;1740;219;20;18;0;0;20;18
23810;1760;219;20;18;0;0;20;18
23811;1780;219;20;18;0;0;20;18
23814;1800;219;20;18;0;0;20;18
23815;1820;219;20;18;0;0;20;18
23821;1840;219;20;18;0;0;20;18
23822;1860;219;20;18;0;0;20;18
23825;1880;219;20;18;0;0;20;18
23828;1900;219;20;18;0;0;20;18
23830;1920;219;20;18;0;0;20;18
23831;1940;219;20;18;0;0;20;18
23833;1960;219;20;18;0;0;20;18
23834;1980;219;20;18;0;0;20;18
23835;2000;219;20;18;0;0;20;18
23842;2020;219;20;18;0;0;20;18
23844;2040;219;20;18;0;0;20;18
23846;2060;219;20;18;0;0;20;18
23849;2080;219;20;18;0;0;20;18
23853;2100;219;20;18;0;0;20;18
23854;2120;219;20;18;0;0;20;18
23859;2140;219;20;18;0;0;20;18
23860;2160;219;20;18;0;0;20;18
23869;2180;219;20;18;0;0;20;18
23879;2200;219;20;18;0;0;20;18
23882;2220;219;20;18;0;0;20;18
23883;2240;219;20;18;0;0;20;18
23884;2260;219;20;18;0;0;20;18
23886;2280;219;20;18;0;0;20;18
23888;2300;219;20;18;0;0;20;18
23894;2320;219;20;18;0;0;20;18
23896;2340;219;20;18;0;0;20;18
23897;2360;219;20;18;0;0;20;18
23899;2380;219;20;18;0;0;20;18
23901;2400;219;20;18;0;0;20;18
23912;2420;219;20;18;0;0;20;18
23913;2440;219;20;18;0;0;20;18
23915;2460;219;20;18;0;0;20;18
23916;2480;219;20;18;0;0;20;18
23919;2500;219;20;18;0;0;20;18
23924;2520;219;20;18;0;0;20;18
23936;2540;219;20;18;0;0;20;18
23937;2560;219;20;18;0;0;20;18
23938;2580;219;20;18;0;0;20;18
23940;2600;219;20;18;0;0;20;18
23943;2620;219;20;18;0;0;20;18
23956;2640;219;20;18;0;0;20;18
23959;2660;219;20;18;0;0;20;18
23961;2680;219;20;18;0;0;20;18
23965;2700;219;20;18;0;0;20;18
23968;2720;219;20;18;0;0;20;18
23975;2740;219;20;18;0;0;20;18
23991;2760;219;20;18;0;0;20;18
23992;2780;219;20;18;0;0;20;18
23994;2800;219;20;18;0;0;20;18
23996;2820;219;20;18;0;0;20;18
23997;2840;219;20;18;0;0;20;18
24005;2860;219;20;18;0;0;20;18
24009;2880;219;20;18;0;0;20;18
24011;2900;219;20;18;0;0;20;18
24013;2920;219;20;18;0;0;20;18
24018;2940;219;20;18;0;0;20;18
24020;2960;219;20;18;0;0;20;18
24022;2980;219;20;18;0;0;20;18
24029;3000;219;20;18;0;0;20;18
24030;3020;219;20;18;0;0;20;18
24033;3040;219;20;18;0;0;20;18
24034;3060;219;20;18;0;0;20;18
24035;3080;219;20;18;0;0;20;18
24037;3100;219;20;18;0;0;20;18
24038;3120;219;20;18;0;0;20;18
24039;3140;219;20;18;0;0;20;18
24040;3160;219;20;18;0;0;20;18
24041;3180;219;20;18;0;0;20;18
24043;3200;219;20;18;0;0;20;18
24046;3220;219;20;18;0;0;20;18
24047;3240;219;20;18;0;0;20;18
24048;3260;219;20;18;0;0;20;18
24049;3280;219;20;18;0;0;20;18
24050;3300;219;20;18;0;0;20;18
24051;3320;219;20;18;0;0;20;18
24052;3340;219;20;18;0;0;20;18
24055;3360;219;20;18;0;0;20;18
24057;3380;219;20;18;0;0;20;18
24059;3400;219;20;18;0;0;20;18
24061;3420;219;20;18;0;0;20;18
24062;3440;219;20;18;0;0;20;18
24065;3460;219;20;18;0;0;20;18
24066;3480;219;20;18;0;0;20;18
24067;3500;219;20;18;0;0;20;18
24069;3520;219;20;18;0;0;20;18
24070;3540;219;20;18;0;0;20;18
24072;3560;219;20;18;0;0;20;18
24076;3580;219;20;18;0;0;20;18
24079;3600;219;20;18;0;0;20;18
24080;3620;219;20;18;0;0;20;18
24081;3640;219;20;18;0;0;20;18
24084;3660;219;20;18;0;0;20;18
24085;3680;219;20;18;0;0;20;18
24086;3700;219;20;18;0;0;20;18
24088;3720;219;20;18;0;0;20;18
24089;3740;219;20;18;0;0;20;18
24090;3760;219;20;18;0;0;20;18
24091;3780;219;20;18;0;0;20;18
24092;3800;219;20;18;0;0;20;18
24093;3820;219;20;18;0;0;20;18
24101;3840;219;20;18;0;0;20;18
24102;3860;219;20;18;0;0;20;18
24103;3880;219;20;18;0;0;20;18
24107;3900;219;20;18;0;0;20;18
24109;3920;219;20;18;0;0;20;18
24110;3940;219;20;18;0;0;20;18
24111;3960;219;20;18;0;0;20;18
24112;3980;219;20;18;0;0;20;18
24115;4000;219;20;18;0;0;20;18
24118;4020;219;20;18;0;0;20;18
24119;4040;219;20;18;0;0;20;18
24120;4060;219;20;18;0;0;20;18
24123;0;237;20;18;0;0;20;18
24124;20;237;20;18;0;0;20;18
24125;40;237;20;18;0;0;20;18
24128;60;237;20;18;0;0;20;18
24130;80;237;20;18;0;0;20;18
24131;100;237;20;18;0;0;20;18
24132;120;237;20;18;0;0;20;18
24133;140;237;20;18;0;0;20;18
24140;160;237;20;18;0;0;20;18
24148;180;237;20;18;0;0;20;18
24149;200;237;20;18;0;0;20;18
24151;220;237;20;18;0;0;20;18
24152;240;237;20;18;0;0;20;18
24155;260;237;20;18;0;0;20;18
24158;280;237;20;18;0;0;20;18
24159;300;237;20;18;0;0;20;18
24161;320;237;20;18;0;0;20;18
24162;340;237;20;18;0;0;20;18
24163;360;237;20;18;0;0;20;18
24171;380;237;20;18;0;0;20;18
24178;400;237;20;18;0;0;20;18
24179;420;237;20;18;0;0;20;18
24180;440;237;20;18;0;0;20;18
24182;460;237;20;18;0;0;20;18
24184;480;237;20;18;0;0;20;18
24185;500;237;20;18;0;0;20;18
24186;520;237;20;18;0;0;20;18
24187;540;237;20;18;0;0;20;18
24188;560;237;20;18;0;0;20;18
24189;580;237;20;18;0;0;20;18
24190;600;237;20;18;0;0;20;18
24191;620;237;20;18;0;0;20;18
24193;640;237;20;18;0;0;20;18
24195;660;237;20;18;0;0;20;18
24196;680;237;20;18;0;0;20;18
24198;700;237;20;18;0;0;20;18
24199;720;237;20;18;0;0;20;18
24202;740;237;20;18;0;0;20;18
24203;760;237;20;18;0;0;20;18
24207;780;237;20;18;0;0;20;18
24208;800;237;20;18;0;0;20;18
24209;820;237;20;18;0;0;20;18
24211;840;237;20;18;0;0;20;18
24212;860;237;20;18;0;0;20;18
24213;880;237;20;18;0;0;20;18
24214;900;237;20;18;0;0;20;18
24215;920;237;20;18;0;0;20;18
24217;940;237;20;18;0;0;20;18
24218;960;237;20;18;0;0;20;18
24220;980;237;20;18;0;0;20;18
24222;1000;237;20;18;0;0;20;18
24223;1020;237;20;18;0;0;20;18
24224;1040;237;20;18;0;0;20;18
24229;1060;237;20;18;0;0;20;18
24230;1080;237;20;18;0;0;20;18
24231;1100;237;20;18;0;0;20;18
24235;1120;237;20;18;0;0;20;18
24237;1140;237;20;18;0;0;20;18
24244;1160;237;20;18;0;0;20;18
24245;1180;237;20;18;0;0;20;18
24246;1200;237;20;18;0;0;20;18
24247;1220;237;20;18;0;0;20;18
24248;1240;237;20;18;0;0;20;18
24249;1260;237;20;18;0;0;20;18
24254;1280;237;20;18;0;0;20;18
24257;1300;237;20;18;0;0;20;18
24258;1320;237;20;18;0;0;20;18
24259;1340;237;20;18;0;0;20;18
24260;1360;237;20;18;0;0;20;18
24264;1380;237;20;18;0;0;20;18
24265;1400;237;20;18;0;0;20;18
24266;1420;237;20;18;0;0;20;18
24275;1440;237;20;18;0;0;20;18
24278;1460;237;20;18;0;0;20;18
24279;1480;237;20;18;0;0;20;18
24282;1500;237;20;18;0;0;20;18
24283;1520;237;20;18;0;0;20;18
24285;1540;237;20;18;0;0;20;18
24287;1560;237;20;18;0;0;20;18
24288;1580;237;20;18;0;0;20;18
24289;1600;237;20;18;0;0;20;18
24290;1620;237;20;18;0;0;20;18
24291;1640;237;20;18;0;0;20;18
24296;1660;237;20;18;0;0;20;18
24297;1680;237;20;18;0;0;20;18
24298;1700;237;20;18;0;0;20;18
24300;1720;237;20;18;0;0;20;18
24307;1740;237;20;18;0;0;20;18
24310;1760;237;20;18;0;0;20;18
24311;1780;237;20;18;0;0;20;18
24312;1800;237;20;18;0;0;20;18
24314;1820;237;20;18;0;0;20;18
24319;1840;237;20;18;0;0;20;18
24320;1860;237;20;18;0;0;20;18
24321;1880;237;20;18;0;0;20;18
24322;1900;237;20;18;0;0;20;18
24323;1920;237;20;18;0;0;20;18
24324;1940;237;20;18;0;0;20;18
24328;1960;237;20;18;0;0;20;18
24330;1980;237;20;18;0;0;20;18
24331;2000;237;20;18;0;0;20;18
24335;2020;237;20;18;0;0;20;18
24336;2040;237;20;18;0;0;20;18
24337;2060;237;20;18;0;0;20;18
24338;2080;237;20;18;0;0;20;18
24339;2100;237;20;18;0;0;20;18
24340;2120;237;20;18;0;0;20;18
24341;2140;237;20;18;0;0;20;18
24343;2160;237;20;18;0;0;20;18
24344;2180;237;20;18;0;0;20;18
24347;2200;237;20;18;0;0;20;18
24351;2220;237;20;18;0;0;20;18
24352;2240;237;20;18;0;0;20;18
24357;2260;237;20;18;0;0;20;18
24358;2280;237;20;18;0;0;20;18
24359;2300;237;20;18;0;0;20;18
24361;2320;237;20;18;0;0;20;18
24365;2340;237;20;18;0;0;20;18
24367;2360;237;20;18;0;0;20;18
24369;2380;237;20;18;0;0;20;18
24373;2400;237;20;18;0;0;20;18
24375;2420;237;20;18;0;0;20;18
24377;2440;237;20;18;0;0;20;18
24378;2460;237;20;18;0;0;20;18
24380;2480;237;20;18;0;0;20;18
24382;2500;237;20;18;0;0;20;18
24384;2520;237;20;18;0;0;20;18
24390;2540;237;20;18;0;0;20;18
24392;2560;237;20;18;0;0;20;18
24396;2580;237;20;18;0;0;20;18
24398;2600;237;20;18;0;0;20;18
24402;2620;237;20;18;0;0;20;18
24403;2640;237;20;18;0;0;20;18
24405;2660;237;20;18;0;0;20;18
24407;2680;237;20;18;0;0;20;18
24408;2700;237;20;18;0;0;20;18
24409;2720;237;20;18;0;0;20;18
24412;2740;237;20;18;0;0;20;18
24413;2760;237;20;18;0;0;20;18
24414;2780;237;20;18;0;0;20;18
24418;2800;237;20;18;0;0;20;18
24420;2820;237;20;18;0;0;20;18
24421;2840;237;20;18;0;0;20;18
24422;2860;237;20;18;0;0;20;18
24423;2880;237;20;18;0;0;20;18
24425;2900;237;20;18;0;0;20;18
24426;2920;237;20;18;0;0;20;18
24427;2940;237;20;18;0;0;20;18
24428;2960;237;20;18;0;0;20;18
24429;2980;237;20;18;0;0;20;18
24432;3000;237;20;18;0;0;20;18
24433;3020;237;20;18;0;0;20;18
24435;3040;237;20;18;0;0;20;18
24439;3060;237;20;18;0;0;20;18
24441;3080;237;20;18;0;0;20;18
24443;3100;237;20;18;0;0;20;18
24444;3120;237;20;18;0;0;20;18
24447;3140;237;20;18;0;0;20;18
24448;3160;237;20;18;0;0;20;18
24449;3180;237;20;18;0;0;20;18
24450;3200;237;20;18;0;0;20;18
24452;3220;237;20;18;0;0;20;18
24453;3240;237;20;18;0;0;20;18
24455;3260;237;20;18;0;0;20;18
24456;3280;237;20;18;0;0;20;18
24457;3300;237;20;18;0;0;20;18
24458;3320;237;20;18;0;0;20;18
24459;3340;237;20;18;0;0;20;18
24460;3360;237;20;18;0;0;20;18
24464;3380;237;20;18;0;0;20;18
24465;3400;237;20;18;0;0;20;18
24466;3420;237;20;18;0;0;20;18
24467;3440;237;20;18;0;0;20;18
24469;3460;237;20;18;0;0;20;18
24471;3480;237;20;18;0;0;20;18
24472;3500;237;20;18;0;0;20;18
24473;3520;237;20;18;0;0;20;18
24476;3540;237;20;18;0;0;20;18
24478;3560;237;20;18;0;0;20;18
24480;3580;237;20;18;0;0;20;18
24481;3600;237;20;18;0;0;20;18
24488;3620;237;20;18;0;0;20;18
24489;3640;237;20;18;0;0;20;18
24490;3660;237;20;18;0;0;20;18
24492;3680;237;20;18;0;0;20;18
24493;3700;237;20;18;0;0;20;18
24494;3720;237;20;18;0;0;20;18
24499;3740;237;20;18;0;0;20;18
24500;3760;237;20;18;0;0;20;18
24501;3780;237;20;18;0;0;20;18
24503;3800;237;20;18;0;0;20;18
24505;3820;237;20;18;0;0;20;18
24508;3840;237;20;18;0;0;20;18
24509;3860;237;20;18;0;0;20;18
24515;3880;237;20;18;0;0;20;18
24517;3900;237;20;18;0;0;20;18
24518;3920;237;20;18;0;0;20;18
24524;3940;237;20;18;0;0;20;18
24525;3960;237;20;18;0;0;20;18
24527;3980;237;20;18;0;0;20;18
24528;4000;237;20;18;0;0;20;18
24529;4020;237;20;18;0;0;20;18
24530;4040;237;20;18;0;0;20;18
24534;4060;237;20;18;0;0;20;18
24535;0;255;20;18;0;0;20;18
24536;20;255;20;18;0;0;20;18
24537;40;255;20;18;0;0;20;18
24540;60;255;20;18;0;0;20;18
24541;80;255;20;18;0;0;20;18
24544;100;255;20;18;0;0;20;18
24545;120;255;20;18;0;0;20;18
24548;140;255;20;18;0;0;20;18
24551;160;255;20;18;0;0;20;18
24554;180;255;20;18;0;0;20;18
24555;200;255;20;18;0;0;20;18
24557;220;255;20;18;0;0;20;18
24558;240;255;20;18;0;0;20;18
24561;260;255;20;18;0;0;20;18
24565;280;255;20;18;0;0;20;18
24568;300;255;20;18;0;0;20;18
24571;320;255;20;18;0;0;20;18
24573;340;255;20;18;0;0;20;18
24574;360;255;20;18;0;0;20;18
24575;380;255;20;18;0;0;20;18
24576;400;255;20;18;0;0;20;18
24577;420;255;20;18;0;0;20;18
24578;440;255;20;18;0;0;20;18
24579;460;255;20;18;0;0;20;18
24580;480;255;20;18;0;0;20;18
24581;500;255;20;18;0;0;20;18
24582;520;255;20;18;0;0;20;18
24589;540;255;20;18;0;0;20;18
24590;560;255;20;18;0;0;20;18
24591;580;255;20;18;0;0;20;18
24594;600;255;20;18;0;0;20;18
24596;620;255;20;18;0;0;20;18
24597;640;255;20;18;0;0;20;18
24598;660;255;20;18;0;0;20;18
24601;680;255;20;18;0;0;20;18
24603;700;255;20;18;0;0;20;18
24604;720;255;20;18;0;0;20;18
24605;740;255;20;18;0;0;20;18
24608;760;255;20;18;0;0;20;18
24609;780;255;20;18;0;0;20;18
24613;800;255;20;18;0;0;20;18
24614;820;255;20;18;0;0;20;18
24615;840;255;20;18;0;0;20;18
24616;860;255;20;18;0;0;20;18
24617;880;255;20;18;0;0;20;18
24618;900;255;20;18;0;0;20;18
24619;920;255;20;18;0;0;20;18
24623;940;255;20;18;0;0;20;18
24629;960;255;20;18;0;0;20;18
24635;980;255;20;18;0;0;20;18
24636;1000;255;20;18;0;0;20;18
24639;1020;255;20;18;0;0;20;18
24641;1040;255;20;18;0;0;20;18
24642;1060;255;20;18;0;0;20;18
24643;1080;255;20;18;0;0;20;18
24646;1100;255;20;18;0;0;20;18
24651;1120;255;20;18;0;0;20;18
24653;1140;255;20;18;0;0;20;18
24656;1160;255;20;18;0;0;20;18
24658;1180;255;20;18;0;0;20;18
24659;1200;255;20;18;0;0;20;18
24661;1220;255;20;18;0;0;20;18
24665;1240;255;20;18;0;0;20;18
24666;1260;255;20;18;0;0;20;18
24672;1280;255;20;18;0;0;20;18
24674;1300;255;20;18;0;0;20;18
24675;1320;255;20;18;0;0;20;18
24676;1340;255;20;18;0;0;20;18
24677;1360;255;20;18;0;0;20;18
24679;1380;255;20;18;0;0;20;18
24680;1400;255;20;18;0;0;20;18
24681;1420;255;20;18;0;0;20;18
24682;1440;255;20;18;0;0;20;18
24683;1460;255;20;18;0;0;20;18
24684;1480;255;20;18;0;0;20;18
24685;1500;255;20;18;0;0;20;18
24687;1520;255;20;18;0;0;20;18
24688;1540;255;20;18;0;0;20;18
24691;1560;255;20;18;0;0;20;18
24693;1580;255;20;18;0;0;20;18
24694;1600;255;20;18;0;0;20;18
24696;1620;255;20;18;0;0;20;18
24697;1640;255;20;18;0;0;20;18
24698;1660;255;20;18;0;0;20;18
24699;1680;255;20;18;0;0;20;18
24700;1700;255;20;18;0;0;20;18
24701;1720;255;20;18;0;0;20;18
24703;1740;255;20;18;0;0;20;18
24708;1760;255;20;18;0;0;20;18
24709;1780;255;20;18;0;0;20;18
24713;1800;255;20;18;0;0;20;18
24716;1820;255;20;18;0;0;20;18
24717;1840;255;20;18;0;0;20;18
24722;1860;255;20;18;0;0;20;18
24724;1880;255;20;18;0;0;20;18
24726;1900;255;20;18;0;0;20;18
24730;1920;255;20;18;0;0;20;18
24731;1940;255;20;18;0;0;20;18
24733;1960;255;20;18;0;0;20;18
24735;1980;255;20;18;0;0;20;18
24736;2000;255;20;18;0;0;20;18
24739;2020;255;20;18;0;0;20;18
24741;2040;255;20;18;0;0;20;18
24742;2060;255;20;18;0;0;20;18
24744;2080;255;20;18;0;0;20;18
24745;2100;255;20;18;0;0;20;18
24746;2120;255;20;18;0;0;20;18
24747;2140;255;20;18;0;0;20;18
24748;2160;255;20;18;0;0;20;18
24749;2180;255;20;18;0;0;20;18
24751;2200;255;20;18;0;0;20;18
24753;2220;255;20;18;0;0;20;18
24754;2240;255;20;18;0;0;20;18
24756;2260;255;20;18;0;0;20;18
24757;2280;255;20;18;0;0;20;18
24758;2300;255;20;18;0;0;20;18
24760;2320;255;20;18;0;0;20;18
24763;2340;255;20;18;0;0;20;18
24764;2360;255;20;18;0;0;20;18
24765;2380;255;20;18;0;0;20;18
24766;2400;255;20;18;0;0;20;18
24772;2420;255;20;18;0;0;20;18
24773;2440;255;20;18;0;0;20;18
24774;2460;255;20;18;0;0;20;18
24775;2480;255;20;18;0;0;20;18
24778;2500;255;20;18;0;0;20;18
24779;2520;255;20;18;0;0;20;18
24785;2540;255;20;18;0;0;20;18
24787;2560;255;20;18;0;0;20;18
24789;2580;255;20;18;0;0;20;18
24792;2600;255;20;18;0;0;20;18
24794;2620;255;20;18;0;0;20;18
24796;2640;255;20;18;0;0;20;18
24797;2660;255;20;18;0;0;20;18
24799;2680;255;20;18;0;0;20;18
24800;2700;255;20;18;0;0;20;18
24801;2720;255;20;18;0;0;20;18
24806;2740;255;20;18;0;0;20;18
24807;2760;255;20;18;0;0;20;18
24808;2780;255;20;18;0;0;20;18
24809;2800;255;20;18;0;0;20;18
24811;2820;255;20;18;0;0;20;18
24812;2840;255;20;18;0;0;20;18
24813;2860;255;20;18;0;0;20;18
24814;2880;255;20;18;0;0;20;18
24815;2900;255;20;18;0;0;20;18
24816;2920;255;20;18;0;0;20;18
24817;2940;255;20;18;0;0;20;18
24818;2960;255;20;18;0;0;20;18
24819;2980;255;20;18;0;0;20;18
24820;3000;255;20;18;0;0;20;18
24822;3020;255;20;18;0;0;20;18
24825;3040;255;20;18;0;0;20;18
24826;3060;255;20;18;0;0;20;18
24827;3080;255;20;18;0;0;20;18
24832;3100;255;20;18;0;0;20;18
24833;3120;255;20;18;0;0;20;18
24838;3140;255;20;18;0;0;20;18
24840;3160;255;20;18;0;0;20;18
24841;3180;255;20;18;0;0;20;18
24846;3200;255;20;18;0;0;20;18
24847;3220;255;20;18;0;0;20;18
24850;3240;255;20;18;0;0;20;18
24852;3260;255;20;18;0;0;20;18
24853;3280;255;20;18;0;0;20;18
24858;3300;255;20;18;0;0;20;18
24859;3320;255;20;18;0;0;20;18
24860;3340;255;20;18;0;0;20;18
24863;3360;255;20;18;0;0;20;18
24864;3380;255;20;18;0;0;20;18
24867;3400;255;20;18;0;0;20;18
24868;3420;255;20;18;0;0;20;18
24870;3440;255;20;18;0;0;20;18
24871;3460;255;20;18;0;0;20;18
24872;3480;255;20;18;0;0;20;18
24875;3500;255;20;18;0;0;20;18
24884;3520;255;20;18;0;0;20;18
24887;3540;255;20;18;0;0;20;18
24894;3560;255;20;18;0;0;20;18
24895;3580;255;20;18;0;0;20;18
24900;3600;255;20;18;0;0;20;18
24903;3620;255;20;18;0;0;20;18
24904;3640;255;20;18;0;0;20;18
24906;3660;255;20;18;0;0;20;18
24907;3680;255;20;18;0;0;20;18
24908;3700;255;20;18;0;0;20;18
24909;3720;255;20;18;0;0;20;18
24910;3740;255;20;18;0;0;20;18
24913;3760;255;20;18;0;0;20;18
24915;3780;255;20;18;0;0;20;18
24917;3800;255;20;18;0;0;20;18
24920;3820;255;20;18;0;0;20;18
24922;3840;255;20;18;0;0;20;18
24925;3860;255;20;18;0;0;20;18
24927;3880;255;20;18;0;0;20;18
24930;3900;255;20;18;0;0;20;18
24931;3920;255;20;18;0;0;20;18
24935;3940;255;20;18;0;0;20;18
24936;3960;255;20;18;0;0;20;18
24938;3980;255;20;18;0;0;20;18
24939;4000;255;20;18;0;0;20;18
24942;4020;255;20;18;0;0;20;18
24944;4040;255;20;18;0;0;20;18
24947;4060;255;20;18;0;0;20;18
24949;0;273;20;18;0;0;20;18
24950;20;273;20;18;0;0;20;18
24951;40;273;20;18;0;0;20;18
24958;60;273;20;18;0;0;20;18
24962;80;273;20;18;0;0;20;18
24970;100;273;20;18;0;0;20;18
24971;120;273;20;18;0;0;20;18
24974;140;273;20;18;0;0;20;18
24976;160;273;20;18;0;0;20;18
24977;180;273;20;18;0;0;20;18
24978;200;273;20;18;0;0;20;18
24980;220;273;20;18;0;0;20;18
24986;240;273;20;18;0;0;20;18
24987;260;273;20;18;0;0;20;18
24996;280;273;20;18;0;0;20;18
24999;300;273;20;18;0;0;20;18
25000;320;273;20;18;0;0;20;18
25001;340;273;20;18;0;0;20;18
25003;360;273;20;18;0;0;20;18
25004;380;273;20;18;0;0;20;18
25006;400;273;20;18;0;0;20;18
25010;420;273;20;18;0;0;20;18
25014;440;273;20;18;0;0;20;18
25022;460;273;20;18;0;0;20;18
25026;480;273;20;18;0;0;20;18
25031;500;273;20;18;0;0;20;18
25032;520;273;20;18;0;0;20;18
25033;540;273;20;18;0;0;20;18
25034;560;273;20;18;0;0;20;18
25035;580;273;20;18;0;0;20;18
25036;600;273;20;18;0;0;20;18
25037;620;273;20;18;0;0;20;18
25040;640;273;20;18;0;0;20;18
25041;660;273;20;18;0;0;20;18
25042;680;273;20;18;0;0;20;18
25044;700;273;20;18;0;0;20;18
25055;720;273;20;18;0;0;20;18
25059;740;273;20;18;0;0;20;18
25062;760;273;20;18;0;0;20;18
25064;780;273;20;18;0;0;20;18
25074;800;273;20;18;0;0;20;18
25077;820;273;20;18;0;0;20;18
25078;840;273;20;18;0;0;20;18
25079;860;273;20;18;0;0;20;18
25080;880;273;20;18;0;0;20;18
25082;900;273;20;18;0;0;20;18
25084;920;273;20;18;0;0;20;18
25086;940;273;20;18;0;0;20;18
25087;960;273;20;18;0;0;20;18
25088;980;273;20;18;0;0;20;18
25094;1000;273;20;18;0;0;20;18
25095;1020;273;20;18;0;0;20;18
25096;1040;273;20;18;0;0;20;18
25098;1060;273;20;18;0;0;20;18
25100;1080;273;20;18;0;0;20;18
25101;1100;273;20;18;0;0;20;18
25102;1120;273;20;18;0;0;20;18
25103;1140;273;20;18;0;0;20;18
25104;1160;273;20;18;0;0;20;18
25105;1180;273;20;18;0;0;20;18
25106;1200;273;20;18;0;0;20;18
25108;1220;273;20;18;0;0;20;18
25109;1240;273;20;18;0;0;20;18
25110;1260;273;20;18;0;0;20;18
25111;1280;273;20;18;0;0;20;18
25112;1300;273;20;18;0;0;20;18
25114;1320;273;20;18;0;0;20;18
25115;1340;273;20;18;0;0;20;18
25119;1360;273;20;18;0;0;20;18
25121;1380;273;20;18;0;0;20;18
25122;1400;273;20;18;0;0;20;18
25125;1420;273;20;18;0;0;20;18
25126;1440;273;20;18;0;0;20;18
25127;1460;273;20;18;0;0;20;18
25129;1480;273;20;18;0;0;20;18
25130;1500;273;20;18;0;0;20;18
25132;1520;273;20;18;0;0;20;18
25134;1540;273;20;18;0;0;20;18
25135;1560;273;20;18;0;0;20;18
25136;1580;273;20;18;0;0;20;18
25138;1600;273;20;18;0;0;20;18
25139;1620;273;20;18;0;0;20;18
25140;1640;273;20;18;0;0;20;18
25142;1660;273;20;18;0;0;20;18
25143;1680;273;20;18;0;0;20;18
25144;1700;273;20;18;0;0;20;18
25147;1720;273;20;18;0;0;20;18
25149;1740;273;20;18;0;0;20;18
25150;1760;273;20;18;0;0;20;18
25151;1780;273;20;18;0;0;20;18
25152;1800;273;20;18;0;0;20;18
25153;1820;273;20;18;0;0;20;18
25155;1840;273;20;18;0;0;20;18
25159;1860;273;20;18;0;0;20;18
25160;1880;273;20;18;0;0;20;18
25161;1900;273;20;18;0;0;20;18
25163;1920;273;20;18;0;0;20;18
25165;1940;273;20;18;0;0;20;18
25166;1960;273;20;18;0;0;20;18
25169;1980;273;20;18;0;0;20;18
25170;2000;273;20;18;0;0;20;18
25171;2020;273;20;18;0;0;20;18
25172;2040;273;20;18;0;0;20;18
25173;2060;273;20;18;0;0;20;18
25176;2080;273;20;18;0;0;20;18
25179;2100;273;20;18;0;0;20;18
25182;2120;273;20;18;0;0;20;18
25185;2140;273;20;18;0;0;20;18
25187;2160;273;20;18;0;0;20;18
25190;2180;273;20;18;0;0;20;18
25191;2200;273;20;18;0;0;20;18
25193;2220;273;20;18;0;0;20;18
25194;2240;273;20;18;0;0;20;18
25195;2260;273;20;18;0;0;20;18
25196;2280;273;20;18;0;0;20;18
25197;2300;273;20;18;0;0;20;18
25198;2320;273;20;18;0;0;20;18
25199;2340;273;20;18;0;0;20;18
25200;2360;273;20;18;0;0;20;18
25201;2380;273;20;18;0;0;20;18
25203;2400;273;20;18;0;0;20;18
25206;2420;273;20;18;0;0;20;18
25209;2440;273;20;18;0;0;20;18
25212;2460;273;20;18;0;0;20;18
25214;2480;273;20;18;0;0;20;18
25215;2500;273;20;18;0;0;20;18
25216;2520;273;20;18;0;0;20;18
25220;2540;273;20;18;0;0;20;18
25225;2560;273;20;18;0;0;20;18
25226;2580;273;20;18;0;0;20;18
25233;2600;273;20;18;0;0;20;18
25234;2620;273;20;18;0;0;20;18
25235;2640;273;20;18;0;0;20;18
25236;2660;273;20;18;0;0;20;18
25237;2680;273;20;18;0;0;20;18
25238;2700;273;20;18;0;0;20;18
25239;2720;273;20;18;0;0;20;18
25240;2740;273;20;18;0;0;20;18
25242;2760;273;20;18;0;0;20;18
25243;2780;273;20;18;0;0;20;18
25244;2800;273;20;18;0;0;20;18
25246;2820;273;20;18;0;0;20;18
25247;2840;273;20;18;0;0;20;18
25248;2860;273;20;18;0;0;20;18
25249;2880;273;20;18;0;0;20;18
25250;2900;273;20;18;0;0;20;18
25252;2920;273;20;18;0;0;20;18
25253;2940;273;20;18;0;0;20;18
25256;2960;273;20;18;0;0;20;18
25259;2980;273;20;18;0;0;20;18
25260;3000;273;20;18;0;0;20;18
25265;3020;273;20;18;0;0;20;18
25269;3040;273;20;18;0;0;20;18
25273;3060;273;20;18;0;0;20;18
25275;3080;273;20;18;0;0;20;18
25276;3100;273;20;18;0;0;20;18
25277;3120;273;20;18;0;0;20;18
25279;3140;273;20;18;0;0;20;18
25282;3160;273;20;18;0;0;20;18
25283;3180;273;20;18;0;0;20;18
25284;3200;273;20;18;0;0;20;18
25285;3220;273;20;18;0;0;20;18
25286;3240;273;20;18;0;0;20;18
25287;3260;273;20;18;0;0;20;18
25288;3280;273;20;18;0;0;20;18
25289;3300;273;20;18;0;0;20;18
25290;3320;273;20;18;0;0;20;18
25291;3340;273;20;18;0;0;20;18
25292;3360;273;20;18;0;0;20;18
25293;3380;273;20;18;0;0;20;18
25294;3400;273;20;18;0;0;20;18
25295;3420;273;20;18;0;0;20;18
25296;3440;273;20;18;0;0;20;18
25298;3460;273;20;18;0;0;20;18
25299;3480;273;20;18;0;0;20;18
25300;3500;273;20;18;0;0;20;18
25302;3520;273;20;18;0;0;20;18
25303;3540;273;20;18;0;0;20;18
25304;3560;273;20;18;0;0;20;18
25305;3580;273;20;18;0;0;20;18
25306;3600;273;20;18;0;0;20;18
25307;3620;273;20;18;0;0;20;18
25308;3640;273;20;18;0;0;20;18
25309;3660;273;20;18;0;0;20;18
25311;3680;273;20;18;0;0;20;18
25312;3700;273;20;18;0;0;20;18
25313;3720;273;20;18;0;0;20;18
25314;3740;273;20;18;0;0;20;18
25315;3760;273;20;18;0;0;20;18
25316;3780;273;20;18;0;0;20;18
25317;3800;273;20;18;0;0;20;18
25318;3820;273;20;18;0;0;20;18
25319;3840;273;20;18;0;0;20;18
25320;3860;273;20;18;0;0;20;18
25321;3880;273;20;18;0;0;20;18
25324;3900;273;20;18;0;0;20;18
25325;3920;273;20;18;0;0;20;18
25326;3940;273;20;18;0;0;20;18
25327;3960;273;20;18;0;0;20;18
25329;3980;273;20;18;0;0;20;18
25331;4000;273;20;18;0;0;20;18
25332;4020;273;20;18;0;0;20;18
25334;4040;273;20;18;0;0;20;18
25335;4060;273;20;18;0;0;20;18
25340;0;291;20;18;0;0;20;18
25341;20;291;20;18;0;0;20;18
25342;40;291;20;18;0;0;20;18
25343;60;291;20;18;0;0;20;18
25345;80;291;20;18;0;0;20;18
25346;100;291;20;18;0;0;20;18
25351;120;291;20;18;0;0;20;18
25352;140;291;20;18;0;0;20;18
25353;160;291;20;18;0;0;20;18
25358;180;291;20;18;0;0;20;18
25361;200;291;20;18;0;0;20;18
25366;220;291;20;18;0;0;20;18
25369;240;291;20;18;0;0;20;18
25370;260;291;20;18;0;0;20;18
25371;280;291;20;18;0;0;20;18
25373;300;291;20;18;0;0;20;18
25374;320;291;20;18;0;0;20;18
25375;340;291;20;18;0;0;20;18
25376;360;291;20;18;0;0;20;18
25377;380;291;20;18;0;0;20;18
25379;400;291;20;18;0;0;20;18
25380;420;291;20;18;0;0;20;18
25381;440;291;20;18;0;0;20;18
25382;460;291;20;18;0;0;20;18
25384;480;291;20;18;0;0;20;18
25386;500;291;20;18;0;0;20;18
25387;520;291;20;18;0;0;20;18
25391;540;291;20;18;0;0;20;18
25394;560;291;20;18;0;0;20;18
25401;580;291;20;18;0;0;20;18
25402;600;291;20;18;0;0;20;18
25404;620;291;20;18;0;0;20;18
25405;640;291;20;18;0;0;20;18
25406;660;291;20;18;0;0;20;18
25407;680;291;20;18;0;0;20;18
25410;700;291;20;18;0;0;20;18
25411;720;291;20;18;0;0;20;18
25413;740;291;20;18;0;0;20;18
25414;760;291;20;18;0;0;20;18
25417;780;291;20;18;0;0;20;18
25419;800;291;20;18;0;0;20;18
25420;820;291;20;18;0;0;20;18
25421;840;291;20;18;0;0;20;18
25422;860;291;20;18;0;0;20;18
25423;880;291;20;18;0;0;20;18
25424;900;291;20;18;0;0;20;18
25429;920;291;20;18;0;0;20;18
25431;940;291;20;18;0;0;20;18
25436;960;291;20;18;0;0;20;18
25438;980;291;20;18;0;0;20;18
25439;1000;291;20;18;0;0;20;18
25441;1020;291;20;18;0;0;20;18
25442;1040;291;20;18;0;0;20;18
25443;1060;291;20;18;0;0;20;18
25447;1080;291;20;18;0;0;20;18
25448;1100;291;20;18;0;0;20;18
25449;1120;291;20;18;0;0;20;18
25451;1140;291;20;18;0;0;20;18
25453;1160;291;20;18;0;0;20;18
25454;1180;291;20;18;0;0;20;18
25455;1200;291;20;18;0;0;20;18
25457;1220;291;20;18;0;0;20;18
25458;1240;291;20;18;0;0;20;18
25462;1260;291;20;18;0;0;20;18
25463;1280;291;20;18;0;0;20;18
25466;1300;291;20;18;0;0;20;18
25467;1320;291;20;18;0;0;20;18
25469;1340;291;20;18;0;0;20;18
25472;1360;291;20;18;0;0;20;18
25474;1380;291;20;18;0;0;20;18
25475;1400;291;20;18;0;0;20;18
25476;1420;291;20;18;0;0;20;18
25479;1440;291;20;18;0;0;20;18
25480;1460;291;20;18;0;0;20;18
25481;1480;291;20;18;0;0;20;18
25482;1500;291;20;18;0;0;20;18
25484;1520;291;20;18;0;0;20;18
25487;1540;291;20;18;0;0;20;18
25488;1560;291;20;18;0;0;20;18
25490;1580;291;20;18;0;0;20;18
25491;1600;291;20;18;0;0;20;18
25494;1620;291;20;18;0;0;20;18
25496;1640;291;20;18;0;0;20;18
25497;1660;291;20;18;0;0;20;18
25499;1680;291;20;18;0;0;20;18
25504;1700;291;20;18;0;0;20;18
25505;1720;291;20;18;0;0;20;18
25506;1740;291;20;18;0;0;20;18
25507;1760;291;20;18;0;0;20;18
25509;1780;291;20;18;0;0;20;18
25511;1800;291;20;18;0;0;20;18
25512;1820;291;20;18;0;0;20;18
25513;1840;291;20;18;0;0;20;18
25514;1860;291;20;18;0;0;20;18
25516;1880;291;20;18;0;0;20;18
25518;1900;291;20;18;0;0;20;18
25520;1920;291;20;18;0;0;20;18
25521;1940;291;20;18;0;0;20;18
25522;1960;291;20;18;0;0;20;18
25523;1980;291;20;18;0;0;20;18
25524;2000;291;20;18;0;0;20;18
25527;2020;291;20;18;0;0;20;18
25528;2040;291;20;18;0;0;20;18
25530;2060;291;20;18;0;0;20;18
25532;2080;291;20;18;0;0;20;18
25534;2100;291;20;18;0;0;20;18
25536;2120;291;20;18;0;0;20;18
25540;2140;291;20;18;0;0;20;18
25542;2160;291;20;18;0;0;20;18
25545;2180;291;20;18;0;0;20;18
25549;2200;291;20;18;0;0;20;18
25551;2220;291;20;18;0;0;20;18
25552;2240;291;20;18;0;0;20;18
25554;2260;291;20;18;0;0;20;18
25558;2280;291;20;18;0;0;20;18
25562;2300;291;20;18;0;0;20;18
25563;2320;291;20;18;0;0;20;18
25568;2340;291;20;18;0;0;20;18
25569;2360;291;20;18;0;0;20;18
25571;2380;291;20;18;0;0;20;18
25577;2400;291;20;18;0;0;20;18
25578;2420;291;20;18;0;0;20;18
25581;2440;291;20;18;0;0;20;18
25582;2460;291;20;18;0;0;20;18
25587;2480;291;20;18;0;0;20;18
25588;2500;291;20;18;0;0;20;18
25590;2520;291;20;18;0;0;20;18
25592;2540;291;20;18;0;0;20;18
25593;2560;291;20;18;0;0;20;18
25594;2580;291;20;18;0;0;20;18
25597;2600;291;20;18;0;0;20;18
25599;2620;291;20;18;0;0;20;18
25600;2640;291;20;18;0;0;20;18
25601;2660;291;20;18;0;0;20;18
25602;2680;291;20;18;0;0;20;18
25605;2700;291;20;18;0;0;20;18
25606;2720;291;20;18;0;0;20;18
25611;2740;291;20;18;0;0;20;18
25613;2760;291;20;18;0;0;20;18
25615;2780;291;20;18;0;0;20;18
25616;2800;291;20;18;0;0;20;18
25619;2820;291;20;18;0;0;20;18
25620;2840;291;20;18;0;0;20;18
25622;2860;291;20;18;0;0;20;18
25623;2880;291;20;18;0;0;20;18
25627;2900;291;20;18;0;0;20;18
25628;2920;291;20;18;0;0;20;18
25630;2940;291;20;18;0;0;20;18
25631;2960;291;20;18;0;0;20;18
25632;2980;291;20;18;0;0;20;18
25633;3000;291;20;18;0;0;20;18
25637;3020;291;20;18;0;0;20;18
25638;3040;291;20;18;0;0;20;18
25639;3060;291;20;18;0;0;20;18
25642;3080;291;20;18;0;0;20;18
25644;3100;291;20;18;0;0;20;18
25645;3120;291;20;18;0;0;20;18
25647;3140;291;20;18;0;0;20;18
25652;3160;291;20;18;0;0;20;18
25654;3180;291;20;18;0;0;20;18
25658;3200;291;20;18;0;0;20;18
25661;3220;291;20;18;0;0;20;18
25662;3240;291;20;18;0;0;20;18
25664;3260;291;20;18;0;0;20;18
25665;3280;291;20;18;0;0;20;18
25666;3300;291;20;18;0;0;20;18
25668;3320;291;20;18;0;0;20;18
25669;3340;291;20;18;0;0;20;18
25670;3360;291;20;18;0;0;20;18
25671;3380;291;20;18;0;0;20;18
25672;3400;291;20;18;0;0;20;18
25674;3420;291;20;18;0;0;20;18
25675;3440;291;20;18;0;0;20;18
25681;3460;291;20;18;0;0;20;18
25682;3480;291;20;18;0;0;20;18
25684;3500;291;20;18;0;0;20;18
25688;3520;291;20;18;0;0;20;18
25692;3540;291;20;18;0;0;20;18
25694;3560;291;20;18;0;0;20;18
25695;3580;291;20;18;0;0;20;18
25699;3600;291;20;18;0;0;20;18
25703;3620;291;20;18;0;0;20;18
25705;3640;291;20;18;0;0;20;18
25709;3660;291;20;18;0;0;20;18
25710;3680;291;20;18;0;0;20;18
25711;3700;291;20;18;0;0;20;18
25715;3720;291;20;18;0;0;20;18
25718;3740;291;20;18;0;0;20;18
25720;3760;291;20;18;0;0;20;18
25721;3780;291;20;18;0;0;20;18
25722;3800;291;20;18;0;0;20;18
25723;3820;291;20;18;0;0;20;18
25725;3840;291;20;18;0;0;20;18
25730;3860;291;20;18;0;0;20;18
25731;3880;291;20;18;0;0;20;18
25732;3900;291;20;18;0;0;20;18
25733;3920;291;20;18;0;0;20;18
25735;3940;291;20;18;0;0;20;18
25736;3960;291;20;18;0;0;20;18
25744;3980;291;20;18;0;0;20;18
25745;4000;291;20;18;0;0;20;18
25746;4020;291;20;18;0;0;20;18
25747;4040;291;20;18;0;0;20;18
25749;4060;291;20;18;0;0;20;18
25753;0;309;20;18;0;0;20;18
25754;20;309;20;18;0;0;20;18
25758;40;309;20;18;0;0;20;18
25762;60;309;20;18;0;0;20;18
25763;80;309;20;18;0;0;20;18
25764;100;309;20;18;0;0;20;18
25765;120;309;20;18;0;0;20;18
25769;140;309;20;18;0;0;20;18
25771;160;309;20;18;0;0;20;18
25772;180;309;20;18;0;0;20;18
25773;200;309;20;18;0;0;20;18
25774;220;309;20;18;0;0;20;18
25776;240;309;20;18;0;0;20;18
25778;260;309;20;18;0;0;20;18
25779;280;309;20;18;0;0;20;18
25781;300;309;20;18;0;0;20;18
25783;320;309;20;18;0;0;20;18
25784;340;309;20;18;0;0;20;18
25786;360;309;20;18;0;0;20;18
25787;380;309;20;18;0;0;20;18
25788;400;309;20;18;0;0;20;18
25790;420;309;20;18;0;0;20;18
25791;440;309;20;18;0;0;20;18
25792;460;309;20;18;0;0;20;18
25793;480;309;20;18;0;0;20;18
25794;500;309;20;18;0;0;20;18
25796;520;309;20;18;0;0;20;18
25797;540;309;20;18;0;0;20;18
25799;560;309;20;18;0;0;20;18
25802;580;309;20;18;0;0;20;18
25803;600;309;20;18;0;0;20;18
25805;620;309;20;18;0;0;20;18
25806;640;309;20;18;0;0;20;18
25810;660;309;20;18;0;0;20;18
25812;680;309;20;18;0;0;20;18
25816;700;309;20;18;0;0;20;18
25818;720;309;20;18;0;0;20;18
25822;740;309;20;18;0;0;20;18
25824;760;309;20;18;0;0;20;18
25825;780;309;20;18;0;0;20;18
25826;800;309;20;18;0;0;20;18
25827;820;309;20;18;0;0;20;18
25828;840;309;20;18;0;0;20;18
25830;860;309;20;18;0;0;20;18
25835;880;309;20;18;0;0;20;18
25836;900;309;20;18;0;0;20;18
25839;920;309;20;18;0;0;20;18
25840;940;309;20;18;0;0;20;18
25841;960;309;20;18;0;0;20;18
25842;980;309;20;18;0;0;20;18
25844;1000;309;20;18;0;0;20;18
25847;1020;309;20;18;0;0;20;18
25850;1040;309;20;18;0;0;20;18
25851;1060;309;20;18;0;0;20;18
25852;1080;309;20;18;0;0;20;18
25854;1100;309;20;18;0;0;20;18
25856;1120;309;20;18;0;0;20;18
25860;1140;309;20;18;0;0;20;18
25862;1160;309;20;18;0;0;20;18
25865;1180;309;20;18;0;0;20;18
25871;1200;309;20;18;0;0;20;18
25874;1220;309;20;18;0;0;20;18
25876;1240;309;20;18;0;0;20;18
25878;1260;309;20;18;0;0;20;18
25880;1280;309;20;18;0;0;20;18
25881;1300;309;20;18;0;0;20;18
25883;1320;309;20;18;0;0;20;18
25884;1340;309;20;18;0;0;20;18
25885;1360;309;20;18;0;0;20;18
25890;1380;309;20;18;0;0;20;18
25891;1400;309;20;18;0;0;20;18
25892;1420;309;20;18;0;0;20;18
25893;1440;309;20;18;0;0;20;18
25898;1460;309;20;18;0;0;20;18
25899;1480;309;20;18;0;0;20;18
25900;1500;309;20;18;0;0;20;18
25902;1520;309;20;18;0;0;20;18
25903;1540;309;20;18;0;0;20;18
25910;1560;309;20;18;0;0;20;18
25912;1580;309;20;18;0;0;20;18
25913;1600;309;20;18;0;0;20;18
25915;1620;309;20;18;0;0;20;18
25918;1640;309;20;18;0;0;20;18
25919;1660;309;20;18;0;0;20;18
25925;1680;309;20;18;0;0;20;18
25928;1700;309;20;18;0;0;20;18
25929;1720;309;20;18;0;0;20;18
25932;1740;309;20;18;0;0;20;18
25935;1760;309;20;18;0;0;20;18
25937;1780;309;20;18;0;0;20;18
25941;1800;309;20;18;0;0;20;18
25942;1820;309;20;18;0;0;20;18
25943;1840;309;20;18;0;0;20;18
25944;1860;309;20;18;0;0;20;18
25945;1880;309;20;18;0;0;20;18
25947;1900;309;20;18;0;0;20;18
25949;1920;309;20;18;0;0;20;18
25950;1940;309;20;18;0;0;20;18
25954;1960;309;20;18;0;0;20;18
25955;1980;309;20;18;0;0;20;18
25958;2000;309;20;18;0;0;20;18
25959;2020;309;20;18;0;0;20;18
25963;2040;309;20;18;0;0;20;18
25964;2060;309;20;18;0;0;20;18
25968;2080;309;20;18;0;0;20;18
25970;2100;309;20;18;0;0;20;18
25972;2120;309;20;18;0;0;20;18
25973;2140;309;20;18;0;0;20;18
25975;2160;309;20;18;0;0;20;18
25976;2180;309;20;18;0;0;20;18
25979;2200;309;20;18;0;0;20;18
25986;2220;309;20;18;0;0;20;18
25987;2240;309;20;18;0;0;20;18
25991;2260;309;20;18;0;0;20;18
25993;2280;309;20;18;0;0;20;18
25995;2300;309;20;18;0;0;20;18
25996;2320;309;20;18;0;0;20;18
25998;2340;309;20;18;0;0;20;18
26000;2360;309;20;18;0;0;20;18
26001;2380;309;20;18;0;0;20;18
26003;2400;309;20;18;0;0;20;18
26005;2420;309;20;18;0;0;20;18
26007;2440;309;20;18;0;0;20;18
26009;2460;309;20;18;0;0;20;18
26011;2480;309;20;18;0;0;20;18
26012;2500;309;20;18;0;0;20;18
26015;2520;309;20;18;0;0;20;18
26017;2540;309;20;18;0;0;20;18
26020;2560;309;20;18;0;0;20;18
26021;2580;309;20;18;0;0;20;18
26023;2600;309;20;18;0;0;20;18
26025;2620;309;20;18;0;0;20;18
26027;2640;309;20;18;0;0;20;18
26028;2660;309;20;18;0;0;20;18
26029;2680;309;20;18;0;0;20;18
26031;2700;309;20;18;0;0;20;18
26032;2720;309;20;18;0;0;20;18
26039;2740;309;20;18;0;0;20;18
26041;2760;309;20;18;0;0;20;18
26044;2780;309;20;18;0;0;20;18
26045;2800;309;20;18;0;0;20;18
26049;2820;309;20;18;0;0;20;18
26051;2840;309;20;18;0;0;20;18
26052;2860;309;20;18;0;0;20;18
26053;2880;309;20;18;0;0;20;18
26054;2900;309;20;18;0;0;20;18
26059;2920;309;20;18;0;0;20;18
26060;2940;309;20;18;0;0;20;18
26062;2960;309;20;18;0;0;20;18
26063;2980;309;20;18;0;0;20;18
26066;3000;309;20;18;0;0;20;18
26070;3020;309;20;18;0;0;20;18
26071;3040;309;20;18;0;0;20;18
26075;3060;309;20;18;0;0;20;18
26080;3080;309;20;18;0;0;20;18
26082;3100;309;20;18;0;0;20;18
26085;3120;309;20;18;0;0;20;18
26086;3140;309;20;18;0;0;20;18
26087;3160;309;20;18;0;0;20;18
26088;3180;309;20;18;0;0;20;18
26089;3200;309;20;18;0;0;20;18
26092;3220;309;20;18;0;0;20;18
26093;3240;309;20;18;0;0;20;18
26094;3260;309;20;18;0;0;20;18
26095;3280;309;20;18;0;0;20;18
26096;3300;309;20;18;0;0;20;18
26097;3320;309;20;18;0;0;20;18
26102;3340;309;20;18;0;0;20;18
26103;3360;309;20;18;0;0;20;18
26104;3380;309;20;18;0;0;20;18
26106;3400;309;20;18;0;0;20;18
26107;3420;309;20;18;0;0;20;18
26112;3440;309;20;18;0;0;20;18
26114;3460;309;20;18;0;0;20;18
26115;3480;309;20;18;0;0;20;18
26118;3500;309;20;18;0;0;20;18
26119;3520;309;20;18;0;0;20;18
26121;3540;309;20;18;0;0;20;18
26122;3560;309;20;18;0;0;20;18
26124;3580;309;20;18;0;0;20;18
26126;3600;309;20;18;0;0;20;18
26127;3620;309;20;18;0;0;20;18
26131;3640;309;20;18;0;0;20;18
26132;3660;309;20;18;0;0;20;18
26133;3680;309;20;18;0;0;20;18
26137;3700;309;20;18;0;0;20;18
26141;3720;309;20;18;0;0;20;18
26142;3740;309;20;18;0;0;20;18
26143;3760;309;20;18;0;0;20;18
26144;3780;309;20;18;0;0;20;18
26149;3800;309;20;18;0;0;20;18
26151;3820;309;20;18;0;0;20;18
26152;3840;309;20;18;0;0;20;18
26157;3860;309;20;18;0;0;20;18
26159;3880;309;20;18;0;0;20;18
26161;3900;309;20;18;0;0;20;18
26164;3920;309;20;18;0;0;20;18
26165;3940;309;20;18;0;0;20;18
26166;3960;309;20;18;0;0;20;18
26172;3980;309;20;18;0;0;20;18
26174;4000;309;20;18;0;0;20;18
26177;4020;309;20;18;0;0;20;18
26178;4040;309;20;18;0;0;20;18
26179;4060;309;20;18;0;0;20;18
26185;0;327;20;18;0;0;20;18
26187;20;327;20;18;0;0;20;18
26188;40;327;20;18;0;0;20;18
26191;60;327;20;18;0;0;20;18
26194;80;327;20;18;0;0;20;18
26195;100;327;20;18;0;0;20;18
26196;120;327;20;18;0;0;20;18
26197;140;327;20;18;0;0;20;18
26198;160;327;20;18;0;0;20;18
26199;180;327;20;18;0;0;20;18
26202;200;327;20;18;0;0;20;18
26205;220;327;20;18;0;0;20;18
26206;240;327;20;18;0;0;20;18
26207;260;327;20;18;0;0;20;18
26209;280;327;20;18;0;0;20;18
26212;300;327;20;18;0;0;20;18
26214;320;327;20;18;0;0;20;18
26216;340;327;20;18;0;0;20;18
26217;360;327;20;18;0;0;20;18
26220;380;327;20;18;0;0;20;18
26222;400;327;20;18;0;0;20;18
26223;420;327;20;18;0;0;20;18
26224;440;327;20;18;0;0;20;18
26228;460;327;20;18;0;0;20;18
26230;480;327;20;18;0;0;20;18
26231;500;327;20;18;0;0;20;18
26234;520;327;20;18;0;0;20;18
26238;540;327;20;18;0;0;20;18
26241;560;327;20;18;0;0;20;18
26242;580;327;20;18;0;0;20;18
26244;600;327;20;18;0;0;20;18
26247;620;327;20;18;0;0;20;18
26248;640;327;20;18;0;0;20;18
26249;660;327;20;18;0;0;20;18
26252;680;327;20;18;0;0;20;18
26257;700;327;20;18;0;0;20;18
26262;720;327;20;18;0;0;20;18
26263;740;327;20;18;0;0;20;18
26269;760;327;20;18;0;0;20;18
26274;780;327;20;18;0;0;20;18
26278;800;327;20;18;0;0;20;18
26279;820;327;20;18;0;0;20;18
26280;840;327;20;18;0;0;20;18
26283;860;327;20;18;0;0;20;18
26286;880;327;20;18;0;0;20;18
26289;900;327;20;18;0;0;20;18
26292;920;327;20;18;0;0;20;18
26297;940;327;20;18;0;0;20;18
26302;960;327;20;18;0;0;20;18
26308;980;327;20;18;0;0;20;18
26310;1000;327;20;18;0;0;20;18
26311;1020;327;20;18;0;0;20;18
26313;1040;327;20;18;0;0;20;18
26326;1060;327;20;18;0;0;20;18
26329;1080;327;20;18;0;0;20;18
26331;1100;327;20;18;0;0;20;18
26332;1120;327;20;18;0;0;20;18
26333;1140;327;20;18;0;0;20;18
26336;1160;327;20;18;0;0;20;18
26342;1180;327;20;18;0;0;20;18
26345;1200;327;20;18;0;0;20;18
26348;1220;327;20;18;0;0;20;18
26352;1240;327;20;18;0;0;20;18
26354;1260;327;20;18;0;0;20;18
26355;1280;327;20;18;0;0;20;18
26356;1300;327;20;18;0;0;20;18
26359;1320;327;20;18;0;0;20;18
26360;1340;327;20;18;0;0;20;18
26361;1360;327;20;18;0;0;20;18
26364;1380;327;20;18;0;0;20;18
26365;1400;327;20;18;0;0;20;18
26366;1420;327;20;18;0;0;20;18
26367;1440;327;20;18;0;0;20;18
26368;1460;327;20;18;0;0;20;18
26371;1480;327;20;18;0;0;20;18
26376;1500;327;20;18;0;0;20;18
26377;1520;327;20;18;0;0;20;18
26379;1540;327;20;18;0;0;20;18
26381;1560;327;20;18;0;0;20;18
26384;1580;327;20;18;0;0;20;18
26388;1600;327;20;18;0;0;20;18
26389;1620;327;20;18;0;0;20;18
26391;1640;327;20;18;0;0;20;18
26395;1660;327;20;18;0;0;20;18
26397;1680;327;20;18;0;0;20;18
26399;1700;327;20;18;0;0;20;18
26406;1720;327;20;18;0;0;20;18
26407;1740;327;20;18;0;0;20;18
26408;1760;327;20;18;0;0;20;18
26410;1780;327;20;18;0;0;20;18
26411;1800;327;20;18;0;0;20;18
26412;1820;327;20;18;0;0;20;18
26413;1840;327;20;18;0;0;20;18
26414;1860;327;20;18;0;0;20;18
26415;1880;327;20;18;0;0;20;18
26417;1900;327;20;18;0;0;20;18
26420;1920;327;20;18;0;0;20;18
26421;1940;327;20;18;0;0;20;18
26426;1960;327;20;18;0;0;20;18
26429;1980;327;20;18;0;0;20;18
26432;2000;327;20;18;0;0;20;18
26434;2020;327;20;18;0;0;20;18
26435;2040;327;20;18;0;0;20;18
26438;2060;327;20;18;0;0;20;18
26440;2080;327;20;18;0;0;20;18
26441;2100;327;20;18;0;0;20;18
26444;2120;327;20;18;0;0;20;18
26446;2140;327;20;18;0;0;20;18
26447;2160;327;20;18;0;0;20;18
26448;2180;327;20;18;0;0;20;18
26449;2200;327;20;18;0;0;20;18
26451;2220;327;20;18;0;0;20;18
26454;2240;327;20;18;0;0;20;18
26460;2260;327;20;18;0;0;20;18
26462;2280;327;20;18;0;0;20;18
26463;2300;327;20;18;0;0;20;18
26464;2320;327;20;18;0;0;20;18
26465;2340;327;20;18;0;0;20;18
26469;2360;327;20;18;0;0;20;18
26472;2380;327;20;18;0;0;20;18
26474;2400;327;20;18;0;0;20;18
26477;2420;327;20;18;0;0;20;18
26479;2440;327;20;18;0;0;20;18
26480;2460;327;20;18;0;0;20;18
26481;2480;327;20;18;0;0;20;18
26482;2500;327;20;18;0;0;20;18
26483;2520;327;20;18;0;0;20;18
26485;2540;327;20;18;0;0;20;18
26487;2560;327;20;18;0;0;20;18
26491;2580;327;20;18;0;0;20;18
26492;2600;327;20;18;0;0;20;18
26494;2620;327;20;18;0;0;20;18
26495;2640;327;20;18;0;0;20;18
26497;2660;327;20;18;0;0;20;18
26500;2680;327;20;18;0;0;20;18
26503;2700;327;20;18;0;0;20;18
26505;2720;327;20;18;0;0;20;18
26507;2740;327;20;18;0;0;20;18
26512;2760;327;20;18;0;0;20;18
26514;2780;327;20;18;0;0;20;18
26515;2800;327;20;18;0;0;20;18
26517;2820;327;20;18;0;0;20;18
26519;2840;327;20;18;0;0;20;18
26522;2860;327;20;18;0;0;20;18
26524;2880;327;20;18;0;0;20;18
26525;2900;327;20;18;0;0;20;18
26526;2920;327;20;18;0;0;20;18
26528;2940;327;20;18;0;0;20;18
26530;2960;327;20;18;0;0;20;18
26531;2980;327;20;18;0;0;20;18
26533;3000;327;20;18;0;0;20;18
26535;3020;327;20;18;0;0;20;18
26536;3040;327;20;18;0;0;20;18
26538;3060;327;20;18;0;0;20;18
26539;3080;327;20;18;0;0;20;18
26541;3100;327;20;18;0;0;20;18
26543;3120;327;20;18;0;0;20;18
26544;3140;327;20;18;0;0;20;18
26547;3160;327;20;18;0;0;20;18
26548;3180;327;20;18;0;0;20;18
26549;3200;327;20;18;0;0;20;18
26550;3220;327;20;18;0;0;20;18
26551;3240;327;20;18;0;0;20;18
26552;3260;327;20;18;0;0;20;18
26560;3280;327;20;18;0;0;20;18
26561;3300;327;20;18;0;0;20;18
26564;3320;327;20;18;0;0;20;18
26568;3340;327;20;18;0;0;20;18
26575;3360;327;20;18;0;0;20;18
26576;3380;327;20;18;0;0;20;18
26577;3400;327;20;18;0;0;20;18
26578;3420;327;20;18;0;0;20;18
26579;3440;327;20;18;0;0;20;18
26580;3460;327;20;18;0;0;20;18
26584;3480;327;20;18;0;0;20;18
26585;3500;327;20;18;0;0;20;18
26586;3520;327;20;18;0;0;20;18
26588;3540;327;20;18;0;0;20;18
26589;3560;327;20;18;0;0;20;18
26590;3580;327;20;18;0;0;20;18
26592;3600;327;20;18;0;0;20;18
26594;3620;327;20;18;0;0;20;18
26597;3640;327;20;18;0;0;20;18
26601;3660;327;20;18;0;0;20;18
26604;3680;327;20;18;0;0;20;18
26607;3700;327;20;18;0;0;20;18
26608;3720;327;20;18;0;0;20;18
26609;3740;327;20;18;0;0;20;18
26611;3760;327;20;18;0;0;20;18
26612;3780;327;20;18;0;0;20;18
26613;3800;327;20;18;0;0;20;18
26618;3820;327;20;18;0;0;20;18
26619;3840;327;20;18;0;0;20;18
26621;3860;327;20;18;0;0;20;18
26623;3880;327;20;18;0;0;20;18
26624;3900;327;20;18;0;0;20;18
26627;3920;327;20;18;0;0;20;18
26628;3940;327;20;18;0;0;20;18
26629;3960;327;20;18;0;0;20;18
26631;3980;327;20;18;0;0;20;18
26632;4000;327;20;18;0;0;20;18
26633;4020;327;20;18;0;0;20;18
26634;4040;327;20;18;0;0;20;18
26635;4060;327;20;18;0;0;20;18
26636;0;345;20;18;0;0;20;18
26638;20;345;20;18;0;0;20;18
26639;40;345;20;18;0;0;20;18
26641;60;345;20;18;0;0;20;18
26643;80;345;20;18;0;0;20;18
26646;100;345;20;18;0;0;20;18
26647;120;345;20;18;0;0;20;18
26653;140;345;20;18;0;0;20;18
26655;160;345;20;18;0;0;20;18
26657;180;345;20;18;0;0;20;18
26665;200;345;20;18;0;0;20;18
26666;220;345;20;18;0;0;20;18
26673;240;345;20;18;0;0;20;18
26674;260;345;20;18;0;0;20;18
26675;280;345;20;18;0;0;20;18
26679;300;345;20;18;0;0;20;18
26680;320;345;20;18;0;0;20;18
26681;340;345;20;18;0;0;20;18
26684;360;345;20;18;0;0;20;18
26685;380;345;20;18;0;0;20;18
26686;400;345;20;18;0;0;20;18
26688;420;345;20;18;0;0;20;18
26689;440;345;20;18;0;0;20;18
26690;460;345;20;18;0;0;20;18
26691;480;345;20;18;0;0;20;18
26693;500;345;20;18;0;0;20;18
26694;520;345;20;18;0;0;20;18
26696;540;345;20;18;0;0;20;18
26697;560;345;20;18;0;0;20;18
26700;580;345;20;18;0;0;20;18
26702;600;345;20;18;0;0;20;18
26704;620;345;20;18;0;0;20;18
26705;640;345;20;18;0;0;20;18
26707;660;345;20;18;0;0;20;18
26708;680;345;20;18;0;0;20;18
26709;700;345;20;18;0;0;20;18
26716;720;345;20;18;0;0;20;18
26717;740;345;20;18;0;0;20;18
26719;760;345;20;18;0;0;20;18
26720;780;345;20;18;0;0;20;18
26721;800;345;20;18;0;0;20;18
26722;820;345;20;18;0;0;20;18
26723;840;345;20;18;0;0;20;18
26724;860;345;20;18;0;0;20;18
26725;880;345;20;18;0;0;20;18
26726;900;345;20;18;0;0;20;18
26727;920;345;20;18;0;0;20;18
26728;940;345;20;18;0;0;20;18
26729;960;345;20;18;0;0;20;18
26731;980;345;20;18;0;0;20;18
26740;1000;345;20;18;0;0;20;18
26742;1020;345;20;18;0;0;20;18
26743;1040;345;20;18;0;0;20;18
26751;1060;345;20;18;0;0;20;18
26753;1080;345;20;18;0;0;20;18
26755;1100;345;20;18;0;0;20;18
26757;1120;345;20;18;0;0;20;18
26758;1140;345;20;18;0;0;20;18
26767;1160;345;20;18;0;0;20;18
26771;1180;345;20;18;0;0;20;18
26772;1200;345;20;18;0;0;20;18
26775;1220;345;20;18;0;0;20;18
26776;1240;345;20;18;0;0;20;18
26781;1260;345;20;18;0;0;20;18
26783;1280;345;20;18;0;0;20;18
26786;1300;345;20;18;0;0;20;18
26790;1320;345;20;18;0;0;20;18
26791;1340;345;20;18;0;0;20;18
26792;1360;345;20;18;0;0;20;18
26795;1380;345;20;18;0;0;20;18
26797;1400;345;20;18;0;0;20;18
26799;1420;345;20;18;0;0;20;18
26800;1440;345;20;18;0;0;20;18
26803;1460;345;20;18;0;0;20;18
26805;1480;345;20;18;0;0;20;18
26815;1500;345;20;18;0;0;20;18
26816;1520;345;20;18;0;0;20;18
26817;1540;345;20;18;0;0;20;18
26818;1560;345;20;18;0;0;20;18
26820;1580;345;20;18;0;0;20;18
26821;1600;345;20;18;0;0;20;18
26825;1620;345;20;18;0;0;20;18
26827;1640;345;20;18;0;0;20;18
26829;1660;345;20;18;0;0;20;18
26834;1680;345;20;18;0;0;20;18
26835;1700;345;20;18;0;0;20;18
26837;1720;345;20;18;0;0;20;18
26838;1740;345;20;18;0;0;20;18
26839;1760;345;20;18;0;0;20;18
26840;1780;345;20;18;0;0;20;18
26842;1800;345;20;18;0;0;20;18
26845;1820;345;20;18;0;0;20;18
26847;1840;345;20;18;0;0;20;18
26848;1860;345;20;18;0;0;20;18
26851;1880;345;20;18;0;0;20;18
26855;1900;345;20;18;0;0;20;18
26862;1920;345;20;18;0;0;20;18
26864;1940;345;20;18;0;0;20;18
26865;1960;345;20;18;0;0;20;18
26866;1980;345;20;18;0;0;20;18
26869;2000;345;20;18;0;0;20;18
26873;2020;345;20;18;0;0;20;18
26874;2040;345;20;18;0;0;20;18
26875;2060;345;20;18;0;0;20;18
26876;2080;345;20;18;0;0;20;18
26881;2100;345;20;18;0;0;20;18
26885;2120;345;20;18;0;0;20;18
26891;2140;345;20;18;0;0;20;18
26893;2160;345;20;18;0;0;20;18
26894;2180;345;20;18;0;0;20;18
26895;2200;345;20;18;0;0;20;18
26896;2220;345;20;18;0;0;20;18
26898;2240;345;20;18;0;0;20;18
26908;2260;345;20;18;0;0;20;18
26911;2280;345;20;18;0;0;20;18
26912;2300;345;20;18;0;0;20;18
26916;2320;345;20;18;0;0;20;18
26922;2340;345;20;18;0;0;20;18
26925;2360;345;20;18;0;0;20;18
26928;2380;345;20;18;0;0;20;18
26932;2400;345;20;18;0;0;20;18
26937;2420;345;20;18;0;0;20;18
26941;2440;345;20;18;0;0;20;18
26943;2460;345;20;18;0;0;20;18
26946;2480;345;20;18;0;0;20;18
26954;2500;345;20;18;0;0;20;18
26963;2520;345;20;18;0;0;20;18
26964;2540;345;20;18;0;0;20;18
26970;2560;345;20;18;0;0;20;18
26973;2580;345;20;18;0;0;20;18
26974;2600;345;20;18;0;0;20;18
26976;2620;345;20;18;0;0;20;18
26978;2640;345;20;18;0;0;20;18
26979;2660;345;20;18;0;0;20;18
26982;2680;345;20;18;0;0;20;18
26984;2700;345;20;18;0;0;20;18
26987;2720;345;20;18;0;0;20;18
26989;2740;345;20;18;0;0;20;18
26990;2760;345;20;18;0;0;20;18
26991;2780;345;20;18;0;0;20;18
26997;2800;345;20;18;0;0;20;18
26999;2820;345;20;18;0;0;20;18
27000;2840;345;20;18;0;0;20;18
27001;2860;345;20;18;0;0;20;18
27004;2880;345;20;18;0;0;20;18
27005;2900;345;20;18;0;0;20;18
27010;2920;345;20;18;0;0;20;18
27012;2940;345;20;18;0;0;20;18
27014;2960;345;20;18;0;0;20;18
27016;2980;345;20;18;0;0;20;18
27017;3000;345;20;18;0;0;20;18
27028;3020;345;20;18;0;0;20;18
27029;3040;345;20;18;0;0;20;18
27030;3060;345;20;18;0;0;20;18
27032;3080;345;20;18;0;0;20;18
27035;3100;345;20;18;0;0;20;18
27036;3120;345;20;18;0;0;20;18
27047;3140;345;20;18;0;0;20;18
27048;3160;345;20;18;0;0;20;18
27051;3180;345;20;18;0;0;20;18
27053;3200;345;20;18;0;0;20;18
27054;3220;345;20;18;0;0;20;18
27057;3240;345;20;18;0;0;20;18
27060;3260;345;20;18;0;0;20;18
27063;3280;345;20;18;0;0;20;18
27067;3300;345;20;18;0;0;20;18
27071;3320;345;20;18;0;0;20;18
27073;3340;345;20;18;0;0;20;18
27075;3360;345;20;18;0;0;20;18
27082;3380;345;20;18;0;0;20;18
27083;3400;345;20;18;0;0;20;18
27084;3420;345;20;18;0;0;20;18
27085;3440;345;20;18;0;0;20;18
27086;3460;345;20;18;0;0;20;18
27088;3480;345;20;18;0;0;20;18
27091;3500;345;20;18;0;0;20;18
27092;3520;345;20;18;0;0;20;18
27096;3540;345;20;18;0;0;20;18
27097;3560;345;20;18;0;0;20;18
27099;3580;345;20;18;0;0;20;18
27103;3600;345;20;18;0;0;20;18
27104;3620;345;20;18;0;0;20;18
27108;3640;345;20;18;0;0;20;18
27111;3660;345;20;18;0;0;20;18
27112;3680;345;20;18;0;0;20;18
27117;3700;345;20;18;0;0;20;18
27122;3720;345;20;18;0;0;20;18
27123;3740;345;20;18;0;0;20;18
27133;3760;345;20;18;0;0;20;18
27135;3780;345;20;18;0;0;20;18
27137;3800;345;20;18;0;0;20;18
27138;3820;345;20;18;0;0;20;18
27141;3840;345;20;18;0;0;20;18
27146;3860;345;20;18;0;0;20;18
27155;3880;345;20;18;0;0;20;18
27159;3900;345;20;18;0;0;20;18
27160;3920;345;20;18;0;0;20;18
27161;3940;345;20;18;0;0;20;18
27166;3960;345;20;18;0;0;20;18
27167;3980;345;20;18;0;0;20;18
27169;4000;345;20;18;0;0;20;18
27171;4020;345;20;18;0;0;20;18
27176;4040;345;20;18;0;0;20;18
27177;4060;345;20;18;0;0;20;18
27178;0;363;20;18;0;0;20;18
27183;20;363;20;18;0;0;20;18
27185;40;363;20;18;0;0;20;18
27189;60;363;20;18;0;0;20;18
27192;80;363;20;18;0;0;20;18
27193;100;363;20;18;0;0;20;18
27194;120;363;20;18;0;0;20;18
27197;140;363;20;18;0;0;20;18
27198;160;363;20;18;0;0;20;18
27204;180;363;20;18;0;0;20;18
27206;200;363;20;18;0;0;20;18
27207;220;363;20;18;0;0;20;18
27208;240;363;20;18;0;0;20;18
27211;260;363;20;18;0;0;20;18
27216;280;363;20;18;0;0;20;18
27224;300;363;20;18;0;0;20;18
27225;320;363;20;18;0;0;20;18
27226;340;363;20;18;0;0;20;18
27227;360;363;20;18;0;0;20;18
27231;380;363;20;18;0;0;20;18
27233;400;363;20;18;0;0;20;18
27234;420;363;20;18;0;0;20;18
27243;440;363;20;18;0;0;20;18
27248;460;363;20;18;0;0;20;18
27249;480;363;20;18;0;0;20;18
27257;500;363;20;18;0;0;20;18
27260;520;363;20;18;0;0;20;18
27263;540;363;20;18;0;0;20;18
27264;560;363;20;18;0;0;20;18
27265;580;363;20;18;0;0;20;18
27268;600;363;20;18;0;0;20;18
27273;620;363;20;18;0;0;20;18
27278;640;363;20;18;0;0;20;18
27280;660;363;20;18;0;0;20;18
27284;680;363;20;18;0;0;20;18
27287;700;363;20;18;0;0;20;18
27292;720;363;20;18;0;0;20;18
27296;740;363;20;18;0;0;20;18
27298;760;363;20;18;0;0;20;18
27299;780;363;20;18;0;0;20;18
27301;800;363;20;18;0;0;20;18
27305;820;363;20;18;0;0;20;18
27308;840;363;20;18;0;0;20;18
27310;860;363;20;18;0;0;20;18
27311;880;363;20;18;0;0;20;18
27315;900;363;20;18;0;0;20;18
27320;920;363;20;18;0;0;20;18
27323;940;363;20;18;0;0;20;18
27326;960;363;20;18;0;0;20;18
27331;980;363;20;18;0;0;20;18
27347;1000;363;20;18;0;0;20;18
27354;1020;363;20;18;0;0;20;18
27355;1040;363;20;18;0;0;20;18
27357;1060;363;20;18;0;0;20;18
27358;1080;363;20;18;0;0;20;18
27359;1100;363;20;18;0;0;20;18
27365;1120;363;20;18;0;0;20;18
27367;1140;363;20;18;0;0;20;18
27368;1160;363;20;18;0;0;20;18
27370;1180;363;20;18;0;0;20;18
27371;1200;363;20;18;0;0;20;18
27379;1220;363;20;18;0;0;20;18
27384;1240;363;20;18;0;0;20;18
27386;1260;363;20;18;0;0;20;18
27387;1280;363;20;18;0;0;20;18
27396;1300;363;20;18;0;0;20;18
27402;1320;363;20;18;0;0;20;18
27407;1340;363;20;18;0;0;20;18
27410;1360;363;20;18;0;0;20;18
27414;1380;363;20;18;0;0;20;18
27422;1400;363;20;18;0;0;20;18
27424;1420;363;20;18;0;0;20;18
27425;1440;363;20;18;0;0;20;18
27426;1460;363;20;18;0;0;20;18
27427;1480;363;20;18;0;0;20;18
27428;1500;363;20;18;0;0;20;18
27431;1520;363;20;18;0;0;20;18
27442;1540;363;20;18;0;0;20;18
27447;1560;363;20;18;0;0;20;18
27448;1580;363;20;18;0;0;20;18
27450;1600;363;20;18;0;0;20;18
27453;1620;363;20;18;0;0;20;18
27454;1640;363;20;18;0;0;20;18
27459;1660;363;20;18;0;0;20;18
27462;1680;363;20;18;0;0;20;18
27463;1700;363;20;18;0;0;20;18
27465;1720;363;20;18;0;0;20;18
27468;1740;363;20;18;0;0;20;18
27470;1760;363;20;18;0;0;20;18
27472;1780;363;20;18;0;0;20;18
27475;1800;363;20;18;0;0;20;18
27476;1820;363;20;18;0;0;20;18
27481;1840;363;20;18;0;0;20;18
27487;1860;363;20;18;0;0;20;18
27489;1880;363;20;18;0;0;20;18
27490;1900;363;20;18;0;0;20;18
27491;1920;363;20;18;0;0;20;18
27492;1940;363;20;18;0;0;20;18
27493;1960;363;20;18;0;0;20;18
27494;1980;363;20;18;0;0;20;18
27495;2000;363;20;18;0;0;20;18
27497;2020;363;20;18;0;0;20;18
27498;2040;363;20;18;0;0;20;18
27503;2060;363;20;18;0;0;20;18
27506;2080;363;20;18;0;0;20;18
27507;2100;363;20;18;0;0;20;18
27508;2120;363;20;18;0;0;20;18
27511;2140;363;20;18;0;0;20;18
27512;2160;363;20;18;0;0;20;18
27513;2180;363;20;18;0;0;20;18
27515;2200;363;20;18;0;0;20;18
27516;2220;363;20;18;0;0;20;18
27519;2240;363;20;18;0;0;20;18
27521;2260;363;20;18;0;0;20;18
27522;2280;363;20;18;0;0;20;18
27523;2300;363;20;18;0;0;20;18
27524;2320;363;20;18;0;0;20;18
27526;2340;363;20;18;0;0;20;18
27527;2360;363;20;18;0;0;20;18
27529;2380;363;20;18;0;0;20;18
27530;2400;363;20;18;0;0;20;18
27531;2420;363;20;18;0;0;20;18
27533;2440;363;20;18;0;0;20;18
27538;2460;363;20;18;0;0;20;18
27539;2480;363;20;18;0;0;20;18
27542;2500;363;20;18;0;0;20;18
27544;2520;363;20;18;0;0;20;18
27546;2540;363;20;18;0;0;20;18
27547;2560;363;20;18;0;0;20;18
27550;2580;363;20;18;0;0;20;18
27553;2600;363;20;18;0;0;20;18
27554;2620;363;20;18;0;0;20;18
27556;2640;363;20;18;0;0;20;18
27562;2660;363;20;18;0;0;20;18
27563;2680;363;20;18;0;0;20;18
27565;2700;363;20;18;0;0;20;18
27566;2720;363;20;18;0;0;20;18
27567;2740;363;20;18;0;0;20;18
27570;2760;363;20;18;0;0;20;18
27571;2780;363;20;18;0;0;20;18
27572;2800;363;20;18;0;0;20;18
27573;2820;363;20;18;0;0;20;18
27575;2840;363;20;18;0;0;20;18
27578;2860;363;20;18;0;0;20;18
27579;2880;363;20;18;0;0;20;18
27580;2900;363;20;18;0;0;20;18
27583;2920;363;20;18;0;0;20;18
27584;2940;363;20;18;0;0;20;18
27585;2960;363;20;18;0;0;20;18
27586;2980;363;20;18;0;0;20;18
27589;3000;363;20;18;0;0;20;18
27590;3020;363;20;18;0;0;20;18
27595;3040;363;20;18;0;0;20;18
27597;3060;363;20;18;0;0;20;18
27598;3080;363;20;18;0;0;20;18
27599;3100;363;20;18;0;0;20;18
27602;3120;363;20;18;0;0;20;18
27603;3140;363;20;18;0;0;20;18
27604;3160;363;20;18;0;0;20;18
27605;3180;363;20;18;0;0;20;18
27606;3200;363;20;18;0;0;20;18
27607;3220;363;20;18;0;0;20;18
27609;3240;363;20;18;0;0;20;18
27611;3260;363;20;18;0;0;20;18
27617;3280;363;20;18;0;0;20;18
27626;3300;363;20;18;0;0;20;18
27627;3320;363;20;18;0;0;20;18
27628;3340;363;20;18;0;0;20;18
27631;3360;363;20;18;0;0;20;18
27635;3380;363;20;18;0;0;20;18
27641;3400;363;20;18;0;0;20;18
27645;3420;363;20;18;0;0;20;18
27653;3440;363;20;18;0;0;20;18
27654;3460;363;20;18;0;0;20;18
27655;3480;363;20;18;0;0;20;18
27656;3500;363;20;18;0;0;20;18
27660;3520;363;20;18;0;0;20;18
27661;3540;363;20;18;0;0;20;18
27663;3560;363;20;18;0;0;20;18
27664;3580;363;20;18;0;0;20;18
27665;3600;363;20;18;0;0;20;18
27667;3620;363;20;18;0;0;20;18
27668;3640;363;20;18;0;0;20;18
27670;3660;363;20;18;0;0;20;18
27671;3680;363;20;18;0;0;20;18
27672;3700;363;20;18;0;0;20;18
27673;3720;363;20;18;0;0;20;18
27674;3740;363;20;18;0;0;20;18
27675;3760;363;20;18;0;0;20;18
27679;3780;363;20;18;0;0;20;18
27681;3800;363;20;18;0;0;20;18
27682;3820;363;20;18;0;0;20;18
27683;3840;363;20;18;0;0;20;18
27684;3860;363;20;18;0;0;20;18
27686;3880;363;20;18;0;0;20;18
27687;3900;363;20;18;0;0;20;18
27688;3920;363;20;18;0;0;20;18
27689;3940;363;20;18;0;0;20;18
27690;3960;363;20;18;0;0;20;18
27691;3980;363;20;18;0;0;20;18
27692;4000;363;20;18;0;0;20;18
27694;4020;363;20;18;0;0;20;18
27695;4040;363;20;18;0;0;20;18
27696;4060;363;20;18;0;0;20;18
27698;0;381;20;18;0;0;20;18
27699;20;381;20;18;0;0;20;18
27700;40;381;20;18;0;0;20;18
27701;60;381;20;18;0;0;20;18
27703;80;381;20;18;0;0;20;18
27704;100;381;20;18;0;0;20;18
27705;120;381;20;18;0;0;20;18
27710;140;381;20;18;0;0;20;18
27712;160;381;20;18;0;0;20;18
27713;180;381;20;18;0;0;20;18
27714;200;381;20;18;0;0;20;18
27718;220;381;20;18;0;0;20;18
27719;240;381;20;18;0;0;20;18
27721;260;381;20;18;0;0;20;18
27722;280;381;20;18;0;0;20;18
27726;300;381;20;18;0;0;20;18
27728;320;381;20;18;0;0;20;18
27732;340;381;20;18;0;0;20;18
27733;360;381;20;18;0;0;20;18
27735;380;381;20;18;0;0;20;18
27737;400;381;20;18;0;0;20;18
27738;420;381;20;18;0;0;20;18
27739;440;381;20;18;0;0;20;18
27740;460;381;20;18;0;0;20;18
27741;480;381;20;18;0;0;20;18
27742;500;381;20;18;0;0;20;18
27743;520;381;20;18;0;0;20;18
27744;540;381;20;18;0;0;20;18
27745;560;381;20;18;0;0;20;18
27748;580;381;20;18;0;0;20;18
27752;600;381;20;18;0;0;20;18
27753;620;381;20;18;0;0;20;18
27754;640;381;20;18;0;0;20;18
27760;660;381;20;18;0;0;20;18
27761;680;381;20;18;0;0;20;18
27762;700;381;20;18;0;0;20;18
27764;720;381;20;18;0;0;20;18
27766;740;381;20;18;0;0;20;18
27769;760;381;20;18;0;0;20;18
27770;780;381;20;18;0;0;20;18
27773;800;381;20;18;0;0;20;18
27774;820;381;20;18;0;0;20;18
27777;840;381;20;18;0;0;20;18
27778;860;381;20;18;0;0;20;18
27779;880;381;20;18;0;0;20;18
27781;900;381;20;18;0;0;20;18
27782;920;381;20;18;0;0;20;18
27784;940;381;20;18;0;0;20;18
27785;960;381;20;18;0;0;20;18
27788;980;381;20;18;0;0;20;18
27791;1000;381;20;18;0;0;20;18
27792;1020;381;20;18;0;0;20;18
27794;1040;381;20;18;0;0;20;18
27795;1060;381;20;18;0;0;20;18
27796;1080;381;20;18;0;0;20;18
27798;1100;381;20;18;0;0;20;18
27801;1120;381;20;18;0;0;20;18
27802;1140;381;20;18;0;0;20;18
27803;1160;381;20;18;0;0;20;18
27807;1180;381;20;18;0;0;20;18
27809;1200;381;20;18;0;0;20;18
27810;1220;381;20;18;0;0;20;18
27811;1240;381;20;18;0;0;20;18
27812;1260;381;20;18;0;0;20;18
27813;1280;381;20;18;0;0;20;18
27814;1300;381;20;18;0;0;20;18
27815;1320;381;20;18;0;0;20;18
27816;1340;381;20;18;0;0;20;18
27817;1360;381;20;18;0;0;20;18
27818;1380;381;20;18;0;0;20;18
27819;1400;381;20;18;0;0;20;18
27821;1420;381;20;18;0;0;20;18
27822;1440;381;20;18;0;0;20;18
27825;1460;381;20;18;0;0;20;18
27827;1480;381;20;18;0;0;20;18
27832;1500;381;20;18;0;0;20;18
27833;1520;381;20;18;0;0;20;18
27834;1540;381;20;18;0;0;20;18
27835;1560;381;20;18;0;0;20;18
27836;1580;381;20;18;0;0;20;18
27837;1600;381;20;18;0;0;20;18
27838;1620;381;20;18;0;0;20;18
27839;1640;381;20;18;0;0;20;18
27841;1660;381;20;18;0;0;20;18
27844;1680;381;20;18;0;0;20;18
27845;1700;381;20;18;0;0;20;18
27849;1720;381;20;18;0;0;20;18
27850;1740;381;20;18;0;0;20;18
27852;1760;381;20;18;0;0;20;18
27856;1780;381;20;18;0;0;20;18
27859;1800;381;20;18;0;0;20;18
27860;1820;381;20;18;0;0;20;18
27861;1840;381;20;18;0;0;20;18
27862;1860;381;20;18;0;0;20;18
27863;1880;381;20;18;0;0;20;18
27867;1900;381;20;18;0;0;20;18
27870;1920;381;20;18;0;0;20;18
27872;1940;381;20;18;0;0;20;18
27873;1960;381;20;18;0;0;20;18
27874;1980;381;20;18;0;0;20;18
27875;2000;381;20;18;0;0;20;18
27877;2020;381;20;18;0;0;20;18
27880;2040;381;20;18;0;0;20;18
27882;2060;381;20;18;0;0;20;18
27883;2080;381;20;18;0;0;20;18
27886;2100;381;20;18;0;0;20;18
27887;2120;381;20;18;0;0;20;18
27888;2140;381;20;18;0;0;20;18
27889;2160;381;20;18;0;0;20;18
27891;2180;381;20;18;0;0;20;18
27893;2200;381;20;18;0;0;20;18
27895;2220;381;20;18;0;0;20;18
27896;2240;381;20;18;0;0;20;18
27898;2260;381;20;18;0;0;20;18
27899;2280;381;20;18;0;0;20;18
27900;2300;381;20;18;0;0;20;18
27901;2320;381;20;18;0;0;20;18
27902;2340;381;20;18;0;0;20;18
27905;2360;381;20;18;0;0;20;18
27908;2380;381;20;18;0;0;20;18
27911;2400;381;20;18;0;0;20;18
27915;2420;381;20;18;0;0;20;18
27916;2440;381;20;18;0;0;20;18
27918;2460;381;20;18;0;0;20;18
27920;2480;381;20;18;0;0;20;18
27922;2500;381;20;18;0;0;20;18
27927;2520;381;20;18;0;0;20;18
27929;2540;381;20;18;0;0;20;18
27931;2560;381;20;18;0;0;20;18
27934;2580;381;20;18;0;0;20;18
27941;2600;381;20;18;0;0;20;18
27943;2620;381;20;18;0;0;20;18
27945;2640;381;20;18;0;0;20;18
27946;2660;381;20;18;0;0;20;18
27947;2680;381;20;18;0;0;20;18
27950;2700;381;20;18;0;0;20;18
27953;2720;381;20;18;0;0;20;18
27954;2740;381;20;18;0;0;20;18
27955;2760;381;20;18;0;0;20;18
27957;2780;381;20;18;0;0;20;18
27958;2800;381;20;18;0;0;20;18
27961;2820;381;20;18;0;0;20;18
27963;2840;381;20;18;0;0;20;18
27964;2860;381;20;18;0;0;20;18
27965;2880;381;20;18;0;0;20;18
27966;2900;381;20;18;0;0;20;18
27969;2920;381;20;18;0;0;20;18
27971;2940;381;20;18;0;0;20;18
27972;2960;381;20;18;0;0;20;18
27973;2980;381;20;18;0;0;20;18
27974;3000;381;20;18;0;0;20;18
27975;3020;381;20;18;0;0;20;18
27978;3040;381;20;18;0;0;20;18
27979;3060;381;20;18;0;0;20;18
27981;3080;381;20;18;0;0;20;18
27982;3100;381;20;18;0;0;20;18
27983;3120;381;20;18;0;0;20;18
27985;3140;381;20;18;0;0;20;18
27986;3160;381;20;18;0;0;20;18
27987;3180;381;20;18;0;0;20;18
27988;3200;381;20;18;0;0;20;18
27989;3220;381;20;18;0;0;20;18
27993;3240;381;20;18;0;0;20;18
27994;3260;381;20;18;0;0;20;18
27996;3280;381;20;18;0;0;20;18
27998;3300;381;20;18;0;0;20;18
28000;3320;381;20;18;0;0;20;18
28001;3340;381;20;18;0;0;20;18
28003;3360;381;20;18;0;0;20;18
28005;3380;381;20;18;0;0;20;18
28006;3400;381;20;18;0;0;20;18
28009;3420;381;20;18;0;0;20;18
28010;3440;381;20;18;0;0;20;18
28012;3460;381;20;18;0;0;20;18
28014;3480;381;20;18;0;0;20;18
28015;3500;381;20;18;0;0;20;18
28020;3520;381;20;18;0;0;20;18
28023;3540;381;20;18;0;0;20;18
28024;3560;381;20;18;0;0;20;18
28025;3580;381;20;18;0;0;20;18
28034;3600;381;20;18;0;0;20;18
28037;3620;381;20;18;0;0;20;18
28039;3640;381;20;18;0;0;20;18
28040;3660;381;20;18;0;0;20;18
28041;3680;381;20;18;0;0;20;18
28044;3700;381;20;18;0;0;20;18
28046;3720;381;20;18;0;0;20;18
28049;3740;381;20;18;0;0;20;18
28051;3760;381;20;18;0;0;20;18
28052;3780;381;20;18;0;0;20;18
28053;3800;381;20;18;0;0;20;18
28057;3820;381;20;18;0;0;20;18
28059;3840;381;20;18;0;0;20;18
28061;3860;381;20;18;0;0;20;18
28062;3880;381;20;18;0;0;20;18
28063;3900;381;20;18;0;0;20;18
28064;3920;381;20;18;0;0;20;18
28065;3940;381;20;18;0;0;20;18
28067;3960;381;20;18;0;0;20;18
28068;3980;381;20;18;0;0;20;18
28070;4000;381;20;18;0;0;20;18
28071;4020;381;20;18;0;0;20;18
28072;4040;381;20;18;0;0;20;18
28073;4060;381;20;18;0;0;20;18
28074;0;399;20;18;0;0;20;18
28075;20;399;20;18;0;0;20;18
28078;40;399;20;18;0;0;20;18
28079;60;399;20;18;0;0;20;18
28082;80;399;20;18;0;0;20;18
28085;100;399;20;18;0;0;20;18
28088;120;399;20;18;0;0;20;18
28092;140;399;20;18;0;0;20;18
28095;160;399;20;18;0;0;20;18
28096;180;399;20;18;0;0;20;18
28100;200;399;20;18;0;0;20;18
28101;220;399;20;18;0;0;20;18
28102;240;399;20;18;0;0;20;18
28103;260;399;20;18;0;0;20;18
28107;280;399;20;18;0;0;20;18
28108;300;399;20;18;0;0;20;18
28113;320;399;20;18;0;0;20;18
28114;340;399;20;18;0;0;20;18
28118;360;399;20;18;0;0;20;18
28120;380;399;20;18;0;0;20;18
28121;400;399;20;18;0;0;20;18
28122;420;399;20;18;0;0;20;18
28125;440;399;20;18;0;0;20;18
28126;460;399;20;18;0;0;20;18
28128;480;399;20;18;0;0;20;18
28129;500;399;20;18;0;0;20;18
28132;520;399;20;18;0;0;20;18
28133;540;399;20;18;0;0;20;18
28134;560;399;20;18;0;0;20;18
28136;580;399;20;18;0;0;20;18
28137;600;399;20;18;0;0;20;18
28138;620;399;20;18;0;0;20;18
28139;640;399;20;18;0;0;20;18
28140;660;399;20;18;0;0;20;18
28142;680;399;20;18;0;0;20;18
28145;700;399;20;18;0;0;20;18
28147;720;399;20;18;0;0;20;18
28149;740;399;20;18;0;0;20;18
28150;760;399;20;18;0;0;20;18
28151;780;399;20;18;0;0;20;18
28153;800;399;20;18;0;0;20;18
28154;820;399;20;18;0;0;20;18
28155;840;399;20;18;0;0;20;18
28156;860;399;20;18;0;0;20;18
28165;880;399;20;18;0;0;20;18
28167;900;399;20;18;0;0;20;18
28168;920;399;20;18;0;0;20;18
28169;940;399;20;18;0;0;20;18
28170;960;399;20;18;0;0;20;18
28171;980;399;20;18;0;0;20;18
28172;1000;399;20;18;0;0;20;18
28173;1020;399;20;18;0;0;20;18
28174;1040;399;20;18;0;0;20;18
28176;1060;399;20;18;0;0;20;18
28177;1080;399;20;18;0;0;20;18
28179;1100;399;20;18;0;0;20;18
28180;1120;399;20;18;0;0;20;18
28183;1140;399;20;18;0;0;20;18
28185;1160;399;20;18;0;0;20;18
28186;1180;399;20;18;0;0;20;18
28187;1200;399;20;18;0;0;20;18
28189;1220;399;20;18;0;0;20;18
28192;1240;399;20;18;0;0;20;18
28193;1260;399;20;18;0;0;20;18
28195;1280;399;20;18;0;0;20;18
28196;1300;399;20;18;0;0;20;18
28197;1320;399;20;18;0;0;20;18
28198;1340;399;20;18;0;0;20;18
28201;1360;399;20;18;0;0;20;18
28203;1380;399;20;18;0;0;20;18
28204;1400;399;20;18;0;0;20;18
28205;1420;399;20;18;0;0;20;18
28207;1440;399;20;18;0;0;20;18
28210;1460;399;20;18;0;0;20;18
28212;1480;399;20;18;0;0;20;18
28216;1500;399;20;18;0;0;20;18
28218;1520;399;20;18;0;0;20;18
28222;1540;399;20;18;0;0;20;18
28227;1560;399;20;18;0;0;20;18
28228;1580;399;20;18;0;0;20;18
28233;1600;399;20;18;0;0;20;18
28234;1620;399;20;18;0;0;20;18
28237;1640;399;20;18;0;0;20;18
28238;1660;399;20;18;0;0;20;18
28244;1680;399;20;18;0;0;20;18
28246;1700;399;20;18;0;0;20;18
28248;1720;399;20;18;0;0;20;18
28251;1740;399;20;18;0;0;20;18
28252;1760;399;20;18;0;0;20;18
28255;1780;399;20;18;0;0;20;18
28263;1800;399;20;18;0;0;20;18
28267;1820;399;20;18;0;0;20;18
28270;1840;399;20;18;0;0;20;18
28271;1860;399;20;18;0;0;20;18
28274;1880;399;20;18;0;0;20;18
28275;1900;399;20;18;0;0;20;18
28286;1920;399;20;18;0;0;20;18
28287;1940;399;20;18;0;0;20;18
28288;1960;399;20;18;0;0;20;18
28291;1980;399;20;18;0;0;20;18
28293;2000;399;20;18;0;0;20;18
28294;2020;399;20;18;0;0;20;18
28296;2040;399;20;18;0;0;20;18
28297;2060;399;20;18;0;0;20;18
28303;2080;399;20;18;0;0;20;18
28304;2100;399;20;18;0;0;20;18
28310;2120;399;20;18;0;0;20;18
28312;2140;399;20;18;0;0;20;18
28316;2160;399;20;18;0;0;20;18
28317;2180;399;20;18;0;0;20;18
28319;2200;399;20;18;0;0;20;18
28322;2220;399;20;18;0;0;20;18
28325;2240;399;20;18;0;0;20;18
28327;2260;399;20;18;0;0;20;18
28330;2280;399;20;18;0;0;20;18
28331;2300;399;20;18;0;0;20;18
28335;2320;399;20;18;0;0;20;18
28337;2340;399;20;18;0;0;20;18
28338;2360;399;20;18;0;0;20;18
28340;2380;399;20;18;0;0;20;18
28342;2400;399;20;18;0;0;20;18
28343;2420;399;20;18;0;0;20;18
28346;2440;399;20;18;0;0;20;18
28347;2460;399;20;18;0;0;20;18
28348;2480;399;20;18;0;0;20;18
28349;2500;399;20;18;0;0;20;18
28353;2520;399;20;18;0;0;20;18
28354;2540;399;20;18;0;0;20;18
28355;2560;399;20;18;0;0;20;18
28356;2580;399;20;18;0;0;20;18
28357;2600;399;20;18;0;0;20;18
28359;2620;399;20;18;0;0;20;18
28361;2640;399;20;18;0;0;20;18
28363;2660;399;20;18;0;0;20;18
28364;2680;399;20;18;0;0;20;18
28366;2700;399;20;18;0;0;20;18
28367;2720;399;20;18;0;0;20;18
28369;2740;399;20;18;0;0;20;18
28371;2760;399;20;18;0;0;20;18
28372;2780;399;20;18;0;0;20;18
28373;2800;399;20;18;0;0;20;18
28375;2820;399;20;18;0;0;20;18
28378;2840;399;20;18;0;0;20;18
28381;2860;399;20;18;0;0;20;18
28382;2880;399;20;18;0;0;20;18
28383;2900;399;20;18;0;0;20;18
28385;2920;399;20;18;0;0;20;18
28386;2940;399;20;18;0;0;20;18
28388;2960;399;20;18;0;0;20;18
28389;2980;399;20;18;0;0;20;18
28390;3000;399;20;18;0;0;20;18
28392;3020;399;20;18;0;0;20;18
28393;3040;399;20;18;0;0;20;18
28394;3060;399;20;18;0;0;20;18
28395;3080;399;20;18;0;0;20;18
28396;3100;399;20;18;0;0;20;18
28399;3120;399;20;18;0;0;20;18
28402;3140;399;20;18;0;0;20;18
28404;3160;399;20;18;0;0;20;18
28407;3180;399;20;18;0;0;20;18
28408;3200;399;20;18;0;0;20;18
28409;3220;399;20;18;0;0;20;18
28414;3240;399;20;18;0;0;20;18
28415;3260;399;20;18;0;0;20;18
28417;3280;399;20;18;0;0;20;18
28418;3300;399;20;18;0;0;20;18
28422;3320;399;20;18;0;0;20;18
28424;3340;399;20;18;0;0;20;18
28425;3360;399;20;18;0;0;20;18
28431;3380;399;20;18;0;0;20;18
28435;3400;399;20;18;0;0;20;18
28436;3420;399;20;18;0;0;20;18
28437;3440;399;20;18;0;0;20;18
28442;3460;399;20;18;0;0;20;18
28448;3480;399;20;18;0;0;20;18
28450;3500;399;20;18;0;0;20;18
28451;3520;399;20;18;0;0;20;18
28457;3540;399;20;18;0;0;20;18
28458;3560;399;20;18;0;0;20;18
28459;3580;399;20;18;0;0;20;18
28460;3600;399;20;18;0;0;20;18
28461;3620;399;20;18;0;0;20;18
28463;3640;399;20;18;0;0;20;18
28465;3660;399;20;18;0;0;20;18
28466;3680;399;20;18;0;0;20;18
28467;3700;399;20;18;0;0;20;18
28469;3720;399;20;18;0;0;20;18
28470;3740;399;20;18;0;0;20;18
28472;3760;399;20;18;0;0;20;18
28478;3780;399;20;18;0;0;20;18
28479;3800;399;20;18;0;0;20;18
28481;3820;399;20;18;0;0;20;18
28487;3840;399;20;18;0;0;20;18
28491;3860;399;20;18;0;0;20;18
28493;3880;399;20;18;0;0;20;18
28495;3900;399;20;18;0;0;20;18
28497;3920;399;20;18;0;0;20;18
28500;3940;399;20;18;0;0;20;18
28504;3960;399;20;18;0;0;20;18
28507;3980;399;20;18;0;0;20;18
28508;4000;399;20;18;0;0;20;18
28510;4020;399;20;18;0;0;20;18
28511;4040;399;20;18;0;0;20;18
28514;4060;399;20;18;0;0;20;18
28516;0;417;20;18;0;0;20;18
28518;20;417;20;18;0;0;20;18
28525;40;417;20;18;0;0;20;18
28526;60;417;20;18;0;0;20;18
28527;80;417;20;18;0;0;20;18
28528;100;417;20;18;0;0;20;18
28530;120;417;20;18;0;0;20;18
28532;140;417;20;18;0;0;20;18
28535;160;417;20;18;0;0;20;18
28536;180;417;20;18;0;0;20;18
28538;200;417;20;18;0;0;20;18
28540;220;417;20;18;0;0;20;18
28543;240;417;20;18;0;0;20;18
28544;260;417;20;18;0;0;20;18
28546;280;417;20;18;0;0;20;18
28548;300;417;20;18;0;0;20;18
28550;320;417;20;18;0;0;20;18
28551;340;417;20;18;0;0;20;18
28552;360;417;20;18;0;0;20;18
28553;380;417;20;18;0;0;20;18
28556;400;417;20;18;0;0;20;18
28557;420;417;20;18;0;0;20;18
28558;440;417;20;18;0;0;20;18
28567;460;417;20;18;0;0;20;18
28572;480;417;20;18;0;0;20;18
28576;500;417;20;18;0;0;20;18
28577;520;417;20;18;0;0;20;18
28579;540;417;20;18;0;0;20;18
28580;560;417;20;18;0;0;20;18
28581;580;417;20;18;0;0;20;18
28583;600;417;20;18;0;0;20;18
28590;620;417;20;18;0;0;20;18
28591;640;417;20;18;0;0;20;18
28593;660;417;20;18;0;0;20;18
28595;680;417;20;18;0;0;20;18
28598;700;417;20;18;0;0;20;18
28601;720;417;20;18;0;0;20;18
28608;740;417;20;18;0;0;20;18
28609;760;417;20;18;0;0;20;18
28610;780;417;20;18;0;0;20;18
28611;800;417;20;18;0;0;20;18
28617;820;417;20;18;0;0;20;18
28625;840;417;20;18;0;0;20;18
28626;860;417;20;18;0;0;20;18
28629;880;417;20;18;0;0;20;18
28632;900;417;20;18;0;0;20;18
28635;920;417;20;18;0;0;20;18
28638;940;417;20;18;0;0;20;18
28639;960;417;20;18;0;0;20;18
28640;980;417;20;18;0;0;20;18
28641;1000;417;20;18;0;0;20;18
28644;1020;417;20;18;0;0;20;18
28651;1040;417;20;18;0;0;20;18
28652;1060;417;20;18;0;0;20;18
28654;1080;417;20;18;0;0;20;18
28655;1100;417;20;18;0;0;20;18
28656;1120;417;20;18;0;0;20;18
28657;1140;417;20;18;0;0;20;18
28666;1160;417;20;18;0;0;20;18
28668;1180;417;20;18;0;0;20;18
28670;1200;417;20;18;0;0;20;18
28677;1220;417;20;18;0;0;20;18
28678;1240;417;20;18;0;0;20;18
28681;1260;417;20;18;0;0;20;18
28683;1280;417;20;18;0;0;20;18
28687;1300;417;20;18;0;0;20;18
28689;1320;417;20;18;0;0;20;18
28693;1340;417;20;18;0;0;20;18
28696;1360;417;20;18;0;0;20;18
28698;1380;417;20;18;0;0;20;18
28699;1400;417;20;18;0;0;20;18
28701;1420;417;20;18;0;0;20;18
28703;1440;417;20;18;0;0;20;18
28707;1460;417;20;18;0;0;20;18
28710;1480;417;20;18;0;0;20;18
28711;1500;417;20;18;0;0;20;18
28712;1520;417;20;18;0;0;20;18
28716;1540;417;20;18;0;0;20;18
28720;1560;417;20;18;0;0;20;18
28722;1580;417;20;18;0;0;20;18
28734;1600;417;20;18;0;0;20;18
28739;1620;417;20;18;0;0;20;18
28748;1640;417;20;18;0;0;20;18
28751;1660;417;20;18;0;0;20;18
28753;1680;417;20;18;0;0;20;18
28757;1700;417;20;18;0;0;20;18
28760;1720;417;20;18;0;0;20;18
28765;1740;417;20;18;0;0;20;18
28766;1760;417;20;18;0;0;20;18
28771;1780;417;20;18;0;0;20;18
28772;1800;417;20;18;0;0;20;18
28777;1820;417;20;18;0;0;20;18
28779;1840;417;20;18;0;0;20;18
28781;1860;417;20;18;0;0;20;18
28783;1880;417;20;18;0;0;20;18
28784;1900;417;20;18;0;0;20;18
28789;1920;417;20;18;0;0;20;18
28790;1940;417;20;18;0;0;20;18
28792;1960;417;20;18;0;0;20;18
28796;1980;417;20;18;0;0;20;18
28797;2000;417;20;18;0;0;20;18
28798;2020;417;20;18;0;0;20;18
28799;2040;417;20;18;0;0;20;18
28800;2060;417;20;18;0;0;20;18
28801;2080;417;20;18;0;0;20;18
28805;2100;417;20;18;0;0;20;18
28809;2120;417;20;18;0;0;20;18
28810;2140;417;20;18;0;0;20;18
28814;2160;417;20;18;0;0;20;18
28818;2180;417;20;18;0;0;20;18
28820;2200;417;20;18;0;0;20;18
28821;2220;417;20;18;0;0;20;18
28822;2240;417;20;18;0;0;20;18
28824;2260;417;20;18;0;0;20;18
28825;2280;417;20;18;0;0;20;18
28828;2300;417;20;18;0;0;20;18
28829;2320;417;20;18;0;0;20;18
28836;2340;417;20;18;0;0;20;18
28843;2360;417;20;18;0;0;20;18
28844;2380;417;20;18;0;0;20;18
28845;2400;417;20;18;0;0;20;18
28846;2420;417;20;18;0;0;20;18
28847;2440;417;20;18;0;0;20;18
28849;2460;417;20;18;0;0;20;18
28851;2480;417;20;18;0;0;20;18
28855;2500;417;20;18;0;0;20;18
28856;2520;417;20;18;0;0;20;18
28857;2540;417;20;18;0;0;20;18
28858;2560;417;20;18;0;0;20;18
28859;2580;417;20;18;0;0;20;18
28860;2600;417;20;18;0;0;20;18
28861;2620;417;20;18;0;0;20;18
28862;2640;417;20;18;0;0;20;18
28864;2660;417;20;18;0;0;20;18
28865;2680;417;20;18;0;0;20;18
28866;2700;417;20;18;0;0;20;18
28867;2720;417;20;18;0;0;20;18
28872;2740;417;20;18;0;0;20;18
28874;2760;417;20;18;0;0;20;18
28879;2780;417;20;18;0;0;20;18
28884;2800;417;20;18;0;0;20;18
28888;2820;417;20;18;0;0;20;18
28889;2840;417;20;18;0;0;20;18
28891;2860;417;20;18;0;0;20;18
28892;2880;417;20;18;0;0;20;18
28895;2900;417;20;18;0;0;20;18
28900;2920;417;20;18;0;0;20;18
28902;2940;417;20;18;0;0;20;18
28903;2960;417;20;18;0;0;20;18
28904;2980;417;20;18;0;0;20;18
28905;3000;417;20;18;0;0;20;18
28907;3020;417;20;18;0;0;20;18
28908;3040;417;20;18;0;0;20;18
28909;3060;417;20;18;0;0;20;18
28911;3080;417;20;18;0;0;20;18
28916;3100;417;20;18;0;0;20;18
28919;3120;417;20;18;0;0;20;18
28921;3140;417;20;18;0;0;20;18
28925;3160;417;20;18;0;0;20;18
28926;3180;417;20;18;0;0;20;18
28937;3200;417;20;18;0;0;20;18
28938;3220;417;20;18;0;0;20;18
28944;3240;417;20;18;0;0;20;18
28947;3260;417;20;18;0;0;20;18
28949;3280;417;20;18;0;0;20;18
28950;3300;417;20;18;0;0;20;18
28951;3320;417;20;18;0;0;20;18
28952;3340;417;20;18;0;0;20;18
28953;3360;417;20;18;0;0;20;18
28954;3380;417;20;18;0;0;20;18
28956;3400;417;20;18;0;0;20;18
28961;3420;417;20;18;0;0;20;18
28962;3440;417;20;18;0;0;20;18
28966;3460;417;20;18;0;0;20;18
28975;3480;417;20;18;0;0;20;18
28976;3500;417;20;18;0;0;20;18
28977;3520;417;20;18;0;0;20;18
28982;3540;417;20;18;0;0;20;18
28988;3560;417;20;18;0;0;20;18
28997;3580;417;20;18;0;0;20;18
28998;3600;417;20;18;0;0;20;18
29001;3620;417;20;18;0;0;20;18
29002;3640;417;20;18;0;0;20;18
29004;3660;417;20;18;0;0;20;18
29006;3680;417;20;18;0;0;20;18
29010;3700;417;20;18;0;0;20;18
29017;3720;417;20;18;0;0;20;18
29020;3740;417;20;18;0;0;20;18
29022;3760;417;20;18;0;0;20;18
29024;3780;417;20;18;0;0;20;18
29026;3800;417;20;18;0;0;20;18
29028;3820;417;20;18;0;0;20;18
29029;3840;417;20;18;0;0;20;18
29030;3860;417;20;18;0;0;20;18
29031;3880;417;20;18;0;0;20;18
29032;3900;417;20;18;0;0;20;18
29033;3920;417;20;18;0;0;20;18
29036;3940;417;20;18;0;0;20;18
29038;3960;417;20;18;0;0;20;18
29042;3980;417;20;18;0;0;20;18
29043;4000;417;20;18;0;0;20;18
29048;4020;417;20;18;0;0;20;18
29050;4040;417;20;18;0;0;20;18
29053;4060;417;20;18;0;0;20;18
29060;0;435;20;18;0;0;20;18
29066;20;435;20;18;0;0;20;18
29071;40;435;20;18;0;0;20;18
29074;60;435;20;18;0;0;20;18
29076;80;435;20;18;0;0;20;18
29079;100;435;20;18;0;0;20;18
29080;120;435;20;18;0;0;20;18
29081;140;435;20;18;0;0;20;18
29084;160;435;20;18;0;0;20;18
29087;180;435;20;18;0;0;20;18
29088;200;435;20;18;0;0;20;18
29093;220;435;20;18;0;0;20;18
29096;240;435;20;18;0;0;20;18
29100;260;435;20;18;0;0;20;18
29105;280;435;20;18;0;0;20;18
29109;300;435;20;18;0;0;20;18
29113;320;435;20;18;0;0;20;18
29118;340;435;20;18;0;0;20;18
29121;360;435;20;18;0;0;20;18
29123;380;435;20;18;0;0;20;18
29124;400;435;20;18;0;0;20;18
29128;420;435;20;18;0;0;20;18
29129;440;435;20;18;0;0;20;18
29130;460;435;20;18;0;0;20;18
29134;480;435;20;18;0;0;20;18
29138;500;435;20;18;0;0;20;18
29140;520;435;20;18;0;0;20;18
29141;540;435;20;18;0;0;20;18
29145;560;435;20;18;0;0;20;18
29148;580;435;20;18;0;0;20;18
29151;600;435;20;18;0;0;20;18
29152;620;435;20;18;0;0;20;18
29157;640;435;20;18;0;0;20;18
29158;660;435;20;18;0;0;20;18
29159;680;435;20;18;0;0;20;18
29164;700;435;20;18;0;0;20;18
29165;720;435;20;18;0;0;20;18
29166;740;435;20;18;0;0;20;18
29172;760;435;20;18;0;0;20;18
29177;780;435;20;18;0;0;20;18
29179;800;435;20;18;0;0;20;18
29180;820;435;20;18;0;0;20;18
29182;840;435;20;18;0;0;20;18
29183;860;435;20;18;0;0;20;18
29190;880;435;20;18;0;0;20;18
29197;900;435;20;18;0;0;20;18
29200;920;435;20;18;0;0;20;18
29211;940;435;20;18;0;0;20;18
29213;960;435;20;18;0;0;20;18
29224;980;435;20;18;0;0;20;18
29226;1000;435;20;18;0;0;20;18
29228;1020;435;20;18;0;0;20;18
29229;1040;435;20;18;0;0;20;18
29232;1060;435;20;18;0;0;20;18
29233;1080;435;20;18;0;0;20;18
29237;1100;435;20;18;0;0;20;18
29238;1120;435;20;18;0;0;20;18
29239;1140;435;20;18;0;0;20;18
29240;1160;435;20;18;0;0;20;18
29241;1180;435;20;18;0;0;20;18
29242;1200;435;20;18;0;0;20;18
29243;1220;435;20;18;0;0;20;18
29245;1240;435;20;18;0;0;20;18
29246;1260;435;20;18;0;0;20;18
29247;1280;435;20;18;0;0;20;18
29249;1300;435;20;18;0;0;20;18
29250;1320;435;20;18;0;0;20;18
29254;1340;435;20;18;0;0;20;18
29255;1360;435;20;18;0;0;20;18
29256;1380;435;20;18;0;0;20;18
29260;1400;435;20;18;0;0;20;18
29261;1420;435;20;18;0;0;20;18
29266;1440;435;20;18;0;0;20;18
29270;1460;435;20;18;0;0;20;18
29272;1480;435;20;18;0;0;20;18
29273;1500;435;20;18;0;0;20;18
29275;1520;435;20;18;0;0;20;18
29277;1540;435;20;18;0;0;20;18
29279;1560;435;20;18;0;0;20;18
29280;1580;435;20;18;0;0;20;18
29281;1600;435;20;18;0;0;20;18
29282;1620;435;20;18;0;0;20;18
29284;1640;435;20;18;0;0;20;18
29286;1660;435;20;18;0;0;20;18
29287;1680;435;20;18;0;0;20;18
29289;1700;435;20;18;0;0;20;18
29294;1720;435;20;18;0;0;20;18
29295;1740;435;20;18;0;0;20;18
29298;1760;435;20;18;0;0;20;18
29300;1780;435;20;18;0;0;20;18
29301;1800;435;20;18;0;0;20;18
29305;1820;435;20;18;0;0;20;18
29306;1840;435;20;18;0;0;20;18
29309;1860;435;20;18;0;0;20;18
29310;1880;435;20;18;0;0;20;18
29312;1900;435;20;18;0;0;20;18
29313;1920;435;20;18;0;0;20;18
29316;1940;435;20;18;0;0;20;18
29322;1960;435;20;18;0;0;20;18
29323;1980;435;20;18;0;0;20;18
29325;2000;435;20;18;0;0;20;18
29327;2020;435;20;18;0;0;20;18
29330;2040;435;20;18;0;0;20;18
29334;2060;435;20;18;0;0;20;18
29339;2080;435;20;18;0;0;20;18
29343;2100;435;20;18;0;0;20;18
29344;2120;435;20;18;0;0;20;18
29346;2140;435;20;18;0;0;20;18
29351;2160;435;20;18;0;0;20;18
29356;2180;435;20;18;0;0;20;18
29359;2200;435;20;18;0;0;20;18
29360;2220;435;20;18;0;0;20;18
29366;2240;435;20;18;0;0;20;18
29367;2260;435;20;18;0;0;20;18
29368;2280;435;20;18;0;0;20;18
29369;2300;435;20;18;0;0;20;18
29376;2320;435;20;18;0;0;20;18
29377;2340;435;20;18;0;0;20;18
29378;2360;435;20;18;0;0;20;18
29380;2380;435;20;18;0;0;20;18
29384;2400;435;20;18;0;0;20;18
29389;2420;435;20;18;0;0;20;18
29390;2440;435;20;18;0;0;20;18
29392;2460;435;20;18;0;0;20;18
29394;2480;435;20;18;0;0;20;18
29399;2500;435;20;18;0;0;20;18
29401;2520;435;20;18;0;0;20;18
29406;2540;435;20;18;0;0;20;18
29408;2560;435;20;18;0;0;20;18
29409;2580;435;20;18;0;0;20;18
29416;2600;435;20;18;0;0;20;18
29417;2620;435;20;18;0;0;20;18
29420;2640;435;20;18;0;0;20;18
29421;2660;435;20;18;0;0;20;18
29422;2680;435;20;18;0;0;20;18
29423;2700;435;20;18;0;0;20;18
29424;2720;435;20;18;0;0;20;18
29425;2740;435;20;18;0;0;20;18
29426;2760;435;20;18;0;0;20;18
29427;2780;435;20;18;0;0;20;18
29431;2800;435;20;18;0;0;20;18
29432;2820;435;20;18;0;0;20;18
29433;2840;435;20;18;0;0;20;18
29434;2860;435;20;18;0;0;20;18
29435;2880;435;20;18;0;0;20;18
29436;2900;435;20;18;0;0;20;18
29437;2920;435;20;18;0;0;20;18
29441;2940;435;20;18;0;0;20;18
29443;2960;435;20;18;0;0;20;18
29454;2980;435;20;18;0;0;20;18
29459;3000;435;20;18;0;0;20;18
29461;3020;435;20;18;0;0;20;18
29462;3040;435;20;18;0;0;20;18
29463;3060;435;20;18;0;0;20;18
29465;3080;435;20;18;0;0;20;18
29467;3100;435;20;18;0;0;20;18
29468;3120;435;20;18;0;0;20;18
29469;3140;435;20;18;0;0;20;18
29470;3160;435;20;18;0;0;20;18
29471;3180;435;20;18;0;0;20;18
29473;3200;435;20;18;0;0;20;18
29474;3220;435;20;18;0;0;20;18
29477;3240;435;20;18;0;0;20;18
29481;3260;435;20;18;0;0;20;18
29482;3280;435;20;18;0;0;20;18
29483;3300;435;20;18;0;0;20;18
29484;3320;435;20;18;0;0;20;18
29486;3340;435;20;18;0;0;20;18
29489;3360;435;20;18;0;0;20;18
29492;3380;435;20;18;0;0;20;18
29494;3400;435;20;18;0;0;20;18
29495;3420;435;20;18;0;0;20;18
29496;3440;435;20;18;0;0;20;18
29497;3460;435;20;18;0;0;20;18
29499;3480;435;20;18;0;0;20;18
29502;3500;435;20;18;0;0;20;18
29503;3520;435;20;18;0;0;20;18
29505;3540;435;20;18;0;0;20;18
29507;3560;435;20;18;0;0;20;18
29508;3580;435;20;18;0;0;20;18
29509;3600;435;20;18;0;0;20;18
29518;3620;435;20;18;0;0;20;18
29520;3640;435;20;18;0;0;20;18
29522;3660;435;20;18;0;0;20;18
29527;3680;435;20;18;0;0;20;18
29536;3700;435;20;18;0;0;20;18
29539;3720;435;20;18;0;0;20;18
29544;3740;435;20;18;0;0;20;18
29546;3760;435;20;18;0;0;20;18
29547;3780;435;20;18;0;0;20;18
29548;3800;435;20;18;0;0;20;18
29549;3820;435;20;18;0;0;20;18
29552;3840;435;20;18;0;0;20;18
29554;3860;435;20;18;0;0;20;18
29556;3880;435;20;18;0;0;20;18
29557;3900;435;20;18;0;0;20;18
29559;3920;435;20;18;0;0;20;18
29560;3940;435;20;18;0;0;20;18
29562;3960;435;20;18;0;0;20;18
29563;3980;435;20;18;0;0;20;18
29564;4000;435;20;18;0;0;20;18
29566;4020;435;20;18;0;0;20;18
29568;4040;435;20;18;0;0;20;18
29572;4060;435;20;18;0;0;20;18
29575;0;453;20;18;0;0;20;18
29577;20;453;20;18;0;0;20;18
29579;40;453;20;18;0;0;20;18
29582;60;453;20;18;0;0;20;18
29585;80;453;20;18;0;0;20;18
29590;100;453;20;18;0;0;20;18
29593;120;453;20;18;0;0;20;18
29595;140;453;20;18;0;0;20;18
29596;160;453;20;18;0;0;20;18
29599;180;453;20;18;0;0;20;18
29600;200;453;20;18;0;0;20;18
29601;220;453;20;18;0;0;20;18
29602;240;453;20;18;0;0;20;18
29605;260;453;20;18;0;0;20;18
29606;280;453;20;18;0;0;20;18
29608;300;453;20;18;0;0;20;18
29609;320;453;20;18;0;0;20;18
29611;340;453;20;18;0;0;20;18
29613;360;453;20;18;0;0;20;18
29614;380;453;20;18;0;0;20;18
29615;400;453;20;18;0;0;20;18
29616;420;453;20;18;0;0;20;18
29618;440;453;20;18;0;0;20;18
29619;460;453;20;18;0;0;20;18
29623;480;453;20;18;0;0;20;18
29626;500;453;20;18;0;0;20;18
29627;520;453;20;18;0;0;20;18
29632;540;453;20;18;0;0;20;18
29634;560;453;20;18;0;0;20;18
29640;580;453;20;18;0;0;20;18
29641;600;453;20;18;0;0;20;18
29642;620;453;20;18;0;0;20;18
29645;640;453;20;18;0;0;20;18
29647;660;453;20;18;0;0;20;18
29648;680;453;20;18;0;0;20;18
29649;700;453;20;18;0;0;20;18
29657;720;453;20;18;0;0;20;18
29662;740;453;20;18;0;0;20;18
29664;760;453;20;18;0;0;20;18
29667;780;453;20;18;0;0;20;18
29669;800;453;20;18;0;0;20;18
29671;820;453;20;18;0;0;20;18
29673;840;453;20;18;0;0;20;18
29674;860;453;20;18;0;0;20;18
29677;880;453;20;18;0;0;20;18
29678;900;453;20;18;0;0;20;18
29680;920;453;20;18;0;0;20;18
29682;940;453;20;18;0;0;20;18
29690;960;453;20;18;0;0;20;18
29694;980;453;20;18;0;0;20;18
29699;1000;453;20;18;0;0;20;18
29701;1020;453;20;18;0;0;20;18
29702;1040;453;20;18;0;0;20;18
29703;1060;453;20;18;0;0;20;18
29705;1080;453;20;18;0;0;20;18
29706;1100;453;20;18;0;0;20;18
29709;1120;453;20;18;0;0;20;18
29711;1140;453;20;18;0;0;20;18
29712;1160;453;20;18;0;0;20;18
29719;1180;453;20;18;0;0;20;18
29722;1200;453;20;18;0;0;20;18
29723;1220;453;20;18;0;0;20;18
29729;1240;453;20;18;0;0;20;18
29730;1260;453;20;18;0;0;20;18
29732;1280;453;20;18;0;0;20;18
29733;1300;453;20;18;0;0;20;18
29734;1320;453;20;18;0;0;20;18
29736;1340;453;20;18;0;0;20;18
29738;1360;453;20;18;0;0;20;18
29739;1380;453;20;18;0;0;20;18
29740;1400;453;20;18;0;0;20;18
29742;1420;453;20;18;0;0;20;18
29743;1440;453;20;18;0;0;20;18
29744;1460;453;20;18;0;0;20;18
29747;1480;453;20;18;0;0;20;18
29748;1500;453;20;18;0;0;20;18
29749;1520;453;20;18;0;0;20;18
29750;1540;453;20;18;0;0;20;18
29754;1560;453;20;18;0;0;20;18
29756;1580;453;20;18;0;0;20;18
29759;1600;453;20;18;0;0;20;18
29761;1620;453;20;18;0;0;20;18
29764;1640;453;20;18;0;0;20;18
29769;1660;453;20;18;0;0;20;18
29771;1680;453;20;18;0;0;20;18
29781;1700;453;20;18;0;0;20;18
29783;1720;453;20;18;0;0;20;18
29785;1740;453;20;18;0;0;20;18
29786;1760;453;20;18;0;0;20;18
29787;1780;453;20;18;0;0;20;18
29788;1800;453;20;18;0;0;20;18
29790;1820;453;20;18;0;0;20;18
29791;1840;453;20;18;0;0;20;18
29792;1860;453;20;18;0;0;20;18
29795;1880;453;20;18;0;0;20;18
29796;1900;453;20;18;0;0;20;18
29801;1920;453;20;18;0;0;20;18
29802;1940;453;20;18;0;0;20;18
29805;1960;453;20;18;0;0;20;18
29807;1980;453;20;18;0;0;20;18
29808;2000;453;20;18;0;0;20;18
29814;2020;453;20;18;0;0;20;18
29822;2040;453;20;18;0;0;20;18
29824;2060;453;20;18;0;0;20;18
29825;2080;453;20;18;0;0;20;18
29827;2100;453;20;18;0;0;20;18
29831;2120;453;20;18;0;0;20;18
29832;2140;453;20;18;0;0;20;18
29833;2160;453;20;18;0;0;20;18
29835;2180;453;20;18;0;0;20;18
29838;2200;453;20;18;0;0;20;18
29840;2220;453;20;18;0;0;20;18
29848;2240;453;20;18;0;0;20;18
29852;2260;453;20;18;0;0;20;18
29854;2280;453;20;18;0;0;20;18
29855;2300;453;20;18;0;0;20;18
29856;2320;453;20;18;0;0;20;18
29859;2340;453;20;18;0;0;20;18
29863;2360;453;20;18;0;0;20;18
29864;2380;453;20;18;0;0;20;18
29865;2400;453;20;18;0;0;20;18
29866;2420;453;20;18;0;0;20;18
29867;2440;453;20;18;0;0;20;18
29872;2460;453;20;18;0;0;20;18
29882;2480;453;20;18;0;0;20;18
29885;2500;453;20;18;0;0;20;18
29887;2520;453;20;18;0;0;20;18
29898;2540;453;20;18;0;0;20;18
29903;2560;453;20;18;0;0;20;18
29906;2580;453;20;18;0;0;20;18
29908;2600;453;20;18;0;0;20;18
29912;2620;453;20;18;0;0;20;18
29914;2640;453;20;18;0;0;20;18
29916;2660;453;20;18;0;0;20;18
29918;2680;453;20;18;0;0;20;18
29920;2700;453;20;18;0;0;20;18
29922;2720;453;20;18;0;0;20;18
29923;2740;453;20;18;0;0;20;18
29924;2760;453;20;18;0;0;20;18
29926;2780;453;20;18;0;0;20;18
29934;2800;453;20;18;0;0;20;18
29935;2820;453;20;18;0;0;20;18
29940;2840;453;20;18;0;0;20;18
29942;2860;453;20;18;0;0;20;18
29943;2880;453;20;18;0;0;20;18
29951;2900;453;20;18;0;0;20;18
29956;2920;453;20;18;0;0;20;18
29964;2940;453;20;18;0;0;20;18
29965;2960;453;20;18;0;0;20;18
29967;2980;453;20;18;0;0;20;18
29969;3000;453;20;18;0;0;20;18
29973;3020;453;20;18;0;0;20;18
29976;3040;453;20;18;0;0;20;18
29978;3060;453;20;18;0;0;20;18
29980;3080;453;20;18;0;0;20;18
29983;3100;453;20;18;0;0;20;18
29986;3120;453;20;18;0;0;20;18
29987;3140;453;20;18;0;0;20;18
29989;3160;453;20;18;0;0;20;18
29990;3180;453;20;18;0;0;20;18
29992;3200;453;20;18;0;0;20;18
29993;3220;453;20;18;0;0;20;18
29995;3240;453;20;18;0;0;20;18
29996;3260;453;20;18;0;0;20;18
29997;3280;453;20;18;0;0;20;18
29999;3300;453;20;18;0;0;20;18
30000;3320;453;20;18;0;0;20;18
30001;3340;453;20;18;0;0;20;18
30002;3360;453;20;18;0;0;20;18
30003;3380;453;20;18;0;0;20;18
30005;3400;453;20;18;0;0;20;18
30007;3420;453;20;18;0;0;20;18
30008;3440;453;20;18;0;0;20;18
30010;3460;453;20;18;0;0;20;18
30011;3480;453;20;18;0;0;20;18
30014;3500;453;20;18;0;0;20;18
30016;3520;453;20;18;0;0;20;18
30021;3540;453;20;18;0;0;20;18
30024;3560;453;20;18;0;0;20;18
30027;3580;453;20;18;0;0;20;18
30028;3600;453;20;18;0;0;20;18
30030;3620;453;20;18;0;0;20;18
30031;3640;453;20;18;0;0;20;18
30033;3660;453;20;18;0;0;20;18
30036;3680;453;20;18;0;0;20;18
30041;3700;453;20;18;0;0;20;18
30042;3720;453;20;18;0;0;20;18
30043;3740;453;20;18;0;0;20;18
30044;3760;453;20;18;0;0;20;18
30045;3780;453;20;18;0;0;20;18
30050;3800;453;20;18;0;0;20;18
30053;3820;453;20;18;0;0;20;18
30054;3840;453;20;18;0;0;20;18
30056;3860;453;20;18;0;0;20;18
30058;3880;453;20;18;0;0;20;18
30059;3900;453;20;18;0;0;20;18
30060;3920;453;20;18;0;0;20;18
30064;3940;453;20;18;0;0;20;18
30066;3960;453;20;18;0;0;20;18
30067;3980;453;20;18;0;0;20;18
30068;4000;453;20;18;0;0;20;18
30070;4020;453;20;18;0;0;20;18
30072;4040;453;20;18;0;0;20;18
30073;4060;453;20;18;0;0;20;18
30079;0;471;20;18;0;0;20;18
30083;20;471;20;18;0;0;20;18
30086;40;471;20;18;0;0;20;18
30087;60;471;20;18;0;0;20;18
30090;80;471;20;18;0;0;20;18
30091;100;471;20;18;0;0;20;18
30094;120;471;20;18;0;0;20;18
30095;140;471;20;18;0;0;20;18
30097;160;471;20;18;0;0;20;18
30100;180;471;20;18;0;0;20;18
30102;200;471;20;18;0;0;20;18
30103;220;471;20;18;0;0;20;18
30105;240;471;20;18;0;0;20;18
30106;260;471;20;18;0;0;20;18
30109;280;471;20;18;0;0;20;18
30111;300;471;20;18;0;0;20;18
30112;320;471;20;18;0;0;20;18
30113;340;471;20;18;0;0;20;18
30114;360;471;20;18;0;0;20;18
30115;380;471;20;18;0;0;20;18
30116;400;471;20;18;0;0;20;18
30117;420;471;20;18;0;0;20;18
30122;440;471;20;18;0;0;20;18
30123;460;471;20;18;0;0;20;18
30124;480;471;20;18;0;0;20;18
30125;500;471;20;18;0;0;20;18
30126;520;471;20;18;0;0;20;18
30127;540;471;20;18;0;0;20;18
30129;560;471;20;18;0;0;20;18
30130;580;471;20;18;0;0;20;18
30131;600;471;20;18;0;0;20;18
30132;620;471;20;18;0;0;20;18
30133;640;471;20;18;0;0;20;18
30136;660;471;20;18;0;0;20;18
30137;680;471;20;18;0;0;20;18
30140;700;471;20;18;0;0;20;18
30141;720;471;20;18;0;0;20;18
30142;740;471;20;18;0;0;20;18
30144;760;471;20;18;0;0;20;18
30146;780;471;20;18;0;0;20;18
30149;800;471;20;18;0;0;20;18
30151;820;471;20;18;0;0;20;18
30152;840;471;20;18;0;0;20;18
30153;860;471;20;18;0;0;20;18
30154;880;471;20;18;0;0;20;18
30157;900;471;20;18;0;0;20;18
30162;920;471;20;18;0;0;20;18
30164;940;471;20;18;0;0;20;18
30165;960;471;20;18;0;0;20;18
30168;980;471;20;18;0;0;20;18
30169;1000;471;20;18;0;0;20;18
30171;1020;471;20;18;0;0;20;18
30174;1040;471;20;18;0;0;20;18
30176;1060;471;20;18;0;0;20;18
30178;1080;471;20;18;0;0;20;18
30179;1100;471;20;18;0;0;20;18
30180;1120;471;20;18;0;0;20;18
30182;1140;471;20;18;0;0;20;18
30183;1160;471;20;18;0;0;20;18
30184;1180;471;20;18;0;0;20;18
30185;1200;471;20;18;0;0;20;18
30186;1220;471;20;18;0;0;20;18
30187;1240;471;20;18;0;0;20;18
30192;1260;471;20;18;0;0;20;18
30193;1280;471;20;18;0;0;20;18
30194;1300;471;20;18;0;0;20;18
30196;1320;471;20;18;0;0;20;18
30201;1340;471;20;18;0;0;20;18
30202;1360;471;20;18;0;0;20;18
30204;1380;471;20;18;0;0;20;18
30206;1400;471;20;18;0;0;20;18
30207;1420;471;20;18;0;0;20;18
30208;1440;471;20;18;0;0;20;18
30209;1460;471;20;18;0;0;20;18
30211;1480;471;20;18;0;0;20;18
30214;1500;471;20;18;0;0;20;18
30218;1520;471;20;18;0;0;20;18
30219;1540;471;20;18;0;0;20;18
30220;1560;471;20;18;0;0;20;18
30221;1580;471;20;18;0;0;20;18
30224;1600;471;20;18;0;0;20;18
30227;1620;471;20;18;0;0;20;18
30230;1640;471;20;18;0;0;20;18
30232;1660;471;20;18;0;0;20;18
30233;1680;471;20;18;0;0;20;18
30235;1700;471;20;18;0;0;20;18
30238;1720;471;20;18;0;0;20;18
30239;1740;471;20;18;0;0;20;18
30240;1760;471;20;18;0;0;20;18
30241;1780;471;20;18;0;0;20;18
30242;1800;471;20;18;0;0;20;18
30244;1820;471;20;18;0;0;20;18
30246;1840;471;20;18;0;0;20;18
30247;1860;471;20;18;0;0;20;18
30249;1880;471;20;18;0;0;20;18
30250;1900;471;20;18;0;0;20;18
30251;1920;471;20;18;0;0;20;18
30256;1940;471;20;18;0;0;20;18
30259;1960;471;20;18;0;0;20;18
30260;1980;471;20;18;0;0;20;18
30261;2000;471;20;18;0;0;20;18
30264;2020;471;20;18;0;0;20;18
30266;2040;471;20;18;0;0;20;18
30268;2060;471;20;18;0;0;20;18
30270;2080;471;20;18;0;0;20;18
30271;2100;471;20;18;0;0;20;18
30274;2120;471;20;18;0;0;20;18
30275;2140;471;20;18;0;0;20;18
30278;2160;471;20;18;0;0;20;18
30279;2180;471;20;18;0;0;20;18
30280;2200;471;20;18;0;0;20;18
30284;2220;471;20;18;0;0;20;18
30285;2240;471;20;18;0;0;20;18
30290;2260;471;20;18;0;0;20;18
30292;2280;471;20;18;0;0;20;18
30294;2300;471;20;18;0;0;20;18
30296;2320;471;20;18;0;0;20;18
30300;2340;471;20;18;0;0;20;18
30302;2360;471;20;18;0;0;20;18
30303;2380;471;20;18;0;0;20;18
30305;2400;471;20;18;0;0;20;18
30306;2420;471;20;18;0;0;20;18
30307;2440;471;20;18;0;0;20;18
30308;2460;471;20;18;0;0;20;18
30309;2480;471;20;18;0;0;20;18
30311;2500;471;20;18;0;0;20;18
30313;2520;471;20;18;0;0;20;18
30315;2540;471;20;18;0;0;20;18
30316;2560;471;20;18;0;0;20;18
30317;2580;471;20;18;0;0;20;18
30318;2600;471;20;18;0;0;20;18
30319;2620;471;20;18;0;0;20;18
30320;2640;471;20;18;0;0;20;18
30321;2660;471;20;18;0;0;20;18
30322;2680;471;20;18;0;0;20;18
30325;2700;471;20;18;0;0;20;18
30328;2720;471;20;18;0;0;20;18
30330;2740;471;20;18;0;0;20;18
30331;2760;471;20;18;0;0;20;18
30332;2780;471;20;18;0;0;20;18
30333;2800;471;20;18;0;0;20;18
30334;2820;471;20;18;0;0;20;18
30338;2840;471;20;18;0;0;20;18
30340;2860;471;20;18;0;0;20;18
30342;2880;471;20;18;0;0;20;18
30343;2900;471;20;18;0;0;20;18
30344;2920;471;20;18;0;0;20;18
30347;2940;471;20;18;0;0;20;18
30350;2960;471;20;18;0;0;20;18
30353;2980;471;20;18;0;0;20;18
30355;3000;471;20;18;0;0;20;18
30358;3020;471;20;18;0;0;20;18
30361;3040;471;20;18;0;0;20;18
30362;3060;471;20;18;0;0;20;18
30372;3080;471;20;18;0;0;20;18
30382;3100;471;20;18;0;0;20;18
30384;3120;471;20;18;0;0;20;18
30385;3140;471;20;18;0;0;20;18
30386;3160;471;20;18;0;0;20;18
30388;3180;471;20;18;0;0;20;18
30392;3200;471;20;18;0;0;20;18
30394;3220;471;20;18;0;0;20;18
30399;3240;471;20;18;0;0;20;18
30402;3260;471;20;18;0;0;20;18
30403;3280;471;20;18;0;0;20;18
30405;3300;471;20;18;0;0;20;18
30406;3320;471;20;18;0;0;20;18
30408;3340;471;20;18;0;0;20;18
30409;3360;471;20;18;0;0;20;18
30410;3380;471;20;18;0;0;20;18
30413;3400;471;20;18;0;0;20;18
30414;3420;471;20;18;0;0;20;18
30415;3440;471;20;18;0;0;20;18
30416;3460;471;20;18;0;0;20;18
30417;3480;471;20;18;0;0;20;18
30418;3500;471;20;18;0;0;20;18
30420;3520;471;20;18;0;0;20;18
30422;3540;471;20;18;0;0;20;18
30423;3560;471;20;18;0;0;20;18
30424;3580;471;20;18;0;0;20;18
30427;3600;471;20;18;0;0;20;18
30428;3620;471;20;18;0;0;20;18
30430;3640;471;20;18;0;0;20;18
30431;3660;471;20;18;0;0;20;18
30433;3680;471;20;18;0;0;20;18
30435;3700;471;20;18;0;0;20;18
30436;3720;471;20;18;0;0;20;18
30437;3740;471;20;18;0;0;20;18
30438;3760;471;20;18;0;0;20;18
30439;3780;471;20;18;0;0;20;18
30442;3800;471;20;18;0;0;20;18
30446;3820;471;20;18;0;0;20;18
30447;3840;471;20;18;0;0;20;18
30449;3860;471;20;18;0;0;20;18
30450;3880;471;20;18;0;0;20;18
30452;3900;471;20;18;0;0;20;18
30456;3920;471;20;18;0;0;20;18
30457;3940;471;20;18;0;0;20;18
30460;3960;471;20;18;0;0;20;18
30462;3980;471;20;18;0;0;20;18
30465;4000;471;20;18;0;0;20;18
30468;4020;471;20;18;0;0;20;18
30471;4040;471;20;18;0;0;20;18
30472;4060;471;20;18;0;0;20;18
30473;0;489;20;18;0;0;20;18
30474;20;489;20;18;0;0;20;18
30475;40;489;20;18;0;0;20;18
30476;60;489;20;18;0;0;20;18
30477;80;489;20;18;0;0;20;18
30489;100;489;20;18;0;0;20;18
30490;120;489;20;18;0;0;20;18
30491;140;489;20;18;0;0;20;18
30495;160;489;20;18;0;0;20;18
30496;180;489;20;18;0;0;20;18
30501;200;489;20;18;0;0;20;18
30502;220;489;20;18;0;0;20;18
30504;240;489;20;18;0;0;20;18
30505;260;489;20;18;0;0;20;18
30508;280;489;20;18;0;0;20;18
30509;300;489;20;18;0;0;20;18
30511;320;489;20;18;0;0;20;18
30517;340;489;20;18;0;0;20;18
30518;360;489;20;18;0;0;20;18
30519;380;489;20;18;0;0;20;18
30520;400;489;20;18;0;0;20;18
30522;420;489;20;18;0;0;20;18
30524;440;489;20;18;0;0;20;18
30526;460;489;20;18;0;0;20;18
30528;480;489;20;18;0;0;20;18
30529;500;489;20;18;0;0;20;18
30531;520;489;20;18;0;0;20;18
30532;540;489;20;18;0;0;20;18
30535;560;489;20;18;0;0;20;18
30543;580;489;20;18;0;0;20;18
30544;600;489;20;18;0;0;20;18
30545;620;489;20;18;0;0;20;18
30554;640;489;20;18;0;0;20;18
30555;660;489;20;18;0;0;20;18
30556;680;489;20;18;0;0;20;18
30558;700;489;20;18;0;0;20;18
30561;720;489;20;18;0;0;20;18
30562;740;489;20;18;0;0;20;18
30563;760;489;20;18;0;0;20;18
30565;780;489;20;18;0;0;20;18
30566;800;489;20;18;0;0;20;18
30568;820;489;20;18;0;0;20;18
30570;840;489;20;18;0;0;20;18
30571;860;489;20;18;0;0;20;18
30572;880;489;20;18;0;0;20;18
30585;900;489;20;18;0;0;20;18
30589;920;489;20;18;0;0;20;18
30590;940;489;20;18;0;0;20;18
30591;960;489;20;18;0;0;20;18
30592;980;489;20;18;0;0;20;18
30596;1000;489;20;18;0;0;20;18
30597;1020;489;20;18;0;0;20;18
30599;1040;489;20;18;0;0;20;18
30603;1060;489;20;18;0;0;20;18
30604;1080;489;20;18;0;0;20;18
30606;1100;489;20;18;0;0;20;18
30609;1120;489;20;18;0;0;20;18
30610;1140;489;20;18;0;0;20;18
30616;1160;489;20;18;0;0;20;18
30622;1180;489;20;18;0;0;20;18
30623;1200;489;20;18;0;0;20;18
30624;1220;489;20;18;0;0;20;18
30626;1240;489;20;18;0;0;20;18
30629;1260;489;20;18;0;0;20;18
30631;1280;489;20;18;0;0;20;18
30633;1300;489;20;18;0;0;20;18
30634;1320;489;20;18;0;0;20;18
30636;1340;489;20;18;0;0;20;18
30637;1360;489;20;18;0;0;20;18
30640;1380;489;20;18;0;0;20;18
30643;1400;489;20;18;0;0;20;18
30645;1420;489;20;18;0;0;20;18
30647;1440;489;20;18;0;0;20;18
30651;1460;489;20;18;0;0;20;18
30652;1480;489;20;18;0;0;20;18
30653;1500;489;20;18;0;0;20;18
30655;1520;489;20;18;0;0;20;18
30663;1540;489;20;18;0;0;20;18
30669;1560;489;20;18;0;0;20;18
30675;1580;489;20;18;0;0;20;18
30679;1600;489;20;18;0;0;20;18
30682;1620;489;20;18;0;0;20;18
30683;1640;489;20;18;0;0;20;18
30684;1660;489;20;18;0;0;20;18
30690;1680;489;20;18;0;0;20;18
30691;1700;489;20;18;0;0;20;18
30693;1720;489;20;18;0;0;20;18
30697;1740;489;20;18;0;0;20;18
30699;1760;489;20;18;0;0;20;18
30700;1780;489;20;18;0;0;20;18
30701;1800;489;20;18;0;0;20;18
30702;1820;489;20;18;0;0;20;18
30703;1840;489;20;18;0;0;20;18
30707;1860;489;20;18;0;0;20;18
30710;1880;489;20;18;0;0;20;18
30712;1900;489;20;18;0;0;20;18
30715;1920;489;20;18;0;0;20;18
30717;1940;489;20;18;0;0;20;18
30718;1960;489;20;18;0;0;20;18
30719;1980;489;20;18;0;0;20;18
30720;2000;489;20;18;0;0;20;18
30721;2020;489;20;18;0;0;20;18
30722;2040;489;20;18;0;0;20;18
30732;2060;489;20;18;0;0;20;18
30733;2080;489;20;18;0;0;20;18
30738;2100;489;20;18;0;0;20;18
30740;2120;489;20;18;0;0;20;18
30741;2140;489;20;18;0;0;20;18
30742;2160;489;20;18;0;0;20;18
30743;2180;489;20;18;0;0;20;18
30744;2200;489;20;18;0;0;20;18
30746;2220;489;20;18;0;0;20;18
30748;2240;489;20;18;0;0;20;18
30749;2260;489;20;18;0;0;20;18
30751;2280;489;20;18;0;0;20;18
30755;2300;489;20;18;0;0;20;18
30757;2320;489;20;18;0;0;20;18
30758;2340;489;20;18;0;0;20;18
30759;2360;489;20;18;0;0;20;18
30765;2380;489;20;18;0;0;20;18
30767;2400;489;20;18;0;0;20;18
30768;2420;489;20;18;0;0;20;18
30770;2440;489;20;18;0;0;20;18
30772;2460;489;20;18;0;0;20;18
30775;2480;489;20;18;0;0;20;18
30776;2500;489;20;18;0;0;20;18
30777;2520;489;20;18;0;0;20;18
30778;2540;489;20;18;0;0;20;18
30779;2560;489;20;18;0;0;20;18
30780;2580;489;20;18;0;0;20;18
30782;2600;489;20;18;0;0;20;18
30784;2620;489;20;18;0;0;20;18
30787;2640;489;20;18;0;0;20;18
30789;2660;489;20;18;0;0;20;18
30791;2680;489;20;18;0;0;20;18
30796;2700;489;20;18;0;0;20;18
30798;2720;489;20;18;0;0;20;18
30800;2740;489;20;18;0;0;20;18
30802;2760;489;20;18;0;0;20;18
30805;2780;489;20;18;0;0;20;18
30806;2800;489;20;18;0;0;20;18
30807;2820;489;20;18;0;0;20;18
30813;2840;489;20;18;0;0;20;18
30820;2860;489;20;18;0;0;20;18
30824;2880;489;20;18;0;0;20;18
30827;2900;489;20;18;0;0;20;18
30828;2920;489;20;18;0;0;20;18
30829;2940;489;20;18;0;0;20;18
30830;2960;489;20;18;0;0;20;18
30831;2980;489;20;18;0;0;20;18
30844;3000;489;20;18;0;0;20;18
30849;3020;489;20;18;0;0;20;18
30855;3040;489;20;18;0;0;20;18
30857;3060;489;20;18;0;0;20;18
30860;3080;489;20;18;0;0;20;18
30861;3100;489;20;18;0;0;20;18
30862;3120;489;20;18;0;0;20;18
30865;3140;489;20;18;0;0;20;18
30867;3160;489;20;18;0;0;20;18
30871;3180;489;20;18;0;0;20;18
30872;3200;489;20;18;0;0;20;18
30874;3220;489;20;18;0;0;20;18
30875;3240;489;20;18;0;0;20;18
30876;3260;489;20;18;0;0;20;18
30879;3280;489;20;18;0;0;20;18
30881;3300;489;20;18;0;0;20;18
30883;3320;489;20;18;0;0;20;18
30887;3340;489;20;18;0;0;20;18
30889;3360;489;20;18;0;0;20;18
30893;3380;489;20;18;0;0;20;18
30896;3400;489;20;18;0;0;20;18
30897;3420;489;20;18;0;0;20;18
30898;3440;489;20;18;0;0;20;18
30899;3460;489;20;18;0;0;20;18
30900;3480;489;20;18;0;0;20;18
30904;3500;489;20;18;0;0;20;18
30906;3520;489;20;18;0;0;20;18
30908;3540;489;20;18;0;0;20;18
30910;3560;489;20;18;0;0;20;18
30913;3580;489;20;18;0;0;20;18
30917;3600;489;20;18;0;0;20;18
30922;3620;489;20;18;0;0;20;18
30923;3640;489;20;18;0;0;20;18
30928;3660;489;20;18;0;0;20;18
30932;3680;489;20;18;0;0;20;18
30933;3700;489;20;18;0;0;20;18
30937;3720;489;20;18;0;0;20;18
30938;3740;489;20;18;0;0;20;18
30947;3760;489;20;18;0;0;20;18
30951;3780;489;20;18;0;0;20;18
30952;3800;489;20;18;0;0;20;18
30956;3820;489;20;18;0;0;20;18
30959;3840;489;20;18;0;0;20;18
30962;3860;489;20;18;0;0;20;18
30964;3880;489;20;18;0;0;20;18
30967;3900;489;20;18;0;0;20;18
30970;3920;489;20;18;0;0;20;18
30973;3940;489;20;18;0;0;20;18
30977;3960;489;20;18;0;0;20;18
30981;3980;489;20;18;0;0;20;18
30990;4000;489;20;18;0;0;20;18
30995;4020;489;20;18;0;0;20;18
31001;4040;489;20;18;0;0;20;18
31014;4060;489;20;18;0;0;20;18
31016;0;507;20;18;0;0;20;18
31018;20;507;20;18;0;0;20;18
31019;40;507;20;18;0;0;20;18
31020;60;507;20;18;0;0;20;18
31025;80;507;20;18;0;0;20;18
31028;100;507;20;18;0;0;20;18
31034;120;507;20;18;0;0;20;18
31036;140;507;20;18;0;0;20;18
31038;160;507;20;18;0;0;20;18
31040;180;507;20;18;0;0;20;18
31041;200;507;20;18;0;0;20;18
31042;220;507;20;18;0;0;20;18
31046;240;507;20;18;0;0;20;18
31047;260;507;20;18;0;0;20;18
31048;280;507;20;18;0;0;20;18
31049;300;507;20;18;0;0;20;18
31054;320;507;20;18;0;0;20;18
31056;340;507;20;18;0;0;20;18
31059;360;507;20;18;0;0;20;18
31061;380;507;20;18;0;0;20;18
31062;400;507;20;18;0;0;20;18
31063;420;507;20;18;0;0;20;18
31066;440;507;20;18;0;0;20;18
31067;460;507;20;18;0;0;20;18
31068;480;507;20;18;0;0;20;18
31069;500;507;20;18;0;0;20;18
31070;520;507;20;18;0;0;20;18
31071;540;507;20;18;0;0;20;18
31072;560;507;20;18;0;0;20;18
31074;580;507;20;18;0;0;20;18
31077;600;507;20;18;0;0;20;18
31080;620;507;20;18;0;0;20;18
31085;640;507;20;18;0;0;20;18
31087;660;507;20;18;0;0;20;18
31095;680;507;20;18;0;0;20;18
31096;700;507;20;18;0;0;20;18
31098;720;507;20;18;0;0;20;18
31100;740;507;20;18;0;0;20;18
31102;760;507;20;18;0;0;20;18
31103;780;507;20;18;0;0;20;18
31104;800;507;20;18;0;0;20;18
31105;820;507;20;18;0;0;20;18
31108;840;507;20;18;0;0;20;18
31109;860;507;20;18;0;0;20;18
31114;880;507;20;18;0;0;20;18
31117;900;507;20;18;0;0;20;18
31118;920;507;20;18;0;0;20;18
31119;940;507;20;18;0;0;20;18
31142;960;507;20;18;0;0;20;18
31143;980;507;20;18;0;0;20;18
31146;1000;507;20;18;0;0;20;18
31150;1020;507;20;18;0;0;20;18
31152;1040;507;20;18;0;0;20;18
31153;1060;507;20;18;0;0;20;18
31155;1080;507;20;18;0;0;20;18
31161;1100;507;20;18;0;0;20;18
31162;1120;507;20;18;0;0;20;18
31163;1140;507;20;18;0;0;20;18
31165;1160;507;20;18;0;0;20;18
31166;1180;507;20;18;0;0;20;18
31167;1200;507;20;18;0;0;20;18
31168;1220;507;20;18;0;0;20;18
31169;1240;507;20;18;0;0;20;18
31171;1260;507;20;18;0;0;20;18
31174;1280;507;20;18;0;0;20;18
31176;1300;507;20;18;0;0;20;18
31177;1320;507;20;18;0;0;20;18
31179;1340;507;20;18;0;0;20;18
31181;1360;507;20;18;0;0;20;18
31185;1380;507;20;18;0;0;20;18
31186;1400;507;20;18;0;0;20;18
31189;1420;507;20;18;0;0;20;18
31192;1440;507;20;18;0;0;20;18
31199;1460;507;20;18;0;0;20;18
31203;1480;507;20;18;0;0;20;18
31204;1500;507;20;18;0;0;20;18
31206;1520;507;20;18;0;0;20;18
31207;1540;507;20;18;0;0;20;18
31209;1560;507;20;18;0;0;20;18
31211;1580;507;20;18;0;0;20;18
31213;1600;507;20;18;0;0;20;18
31215;1620;507;20;18;0;0;20;18
31216;1640;507;20;18;0;0;20;18
31224;1660;507;20;18;0;0;20;18
31227;1680;507;20;18;0;0;20;18
31229;1700;507;20;18;0;0;20;18
31230;1720;507;20;18;0;0;20;18
31232;1740;507;20;18;0;0;20;18
31234;1760;507;20;18;0;0;20;18
31235;1780;507;20;18;0;0;20;18
31237;1800;507;20;18;0;0;20;18
31240;1820;507;20;18;0;0;20;18
31243;1840;507;20;18;0;0;20;18
31245;1860;507;20;18;0;0;20;18
31246;1880;507;20;18;0;0;20;18
31252;1900;507;20;18;0;0;20;18
31255;1920;507;20;18;0;0;20;18
31258;1940;507;20;18;0;0;20;18
31260;1960;507;20;18;0;0;20;18
31262;1980;507;20;18;0;0;20;18
31263;2000;507;20;18;0;0;20;18
31264;2020;507;20;18;0;0;20;18
31267;2040;507;20;18;0;0;20;18
31277;2060;507;20;18;0;0;20;18
31278;2080;507;20;18;0;0;20;18
31281;2100;507;20;18;0;0;20;18
31282;2120;507;20;18;0;0;20;18
31283;2140;507;20;18;0;0;20;18
31287;2160;507;20;18;0;0;20;18
31289;2180;507;20;18;0;0;20;18
31291;2200;507;20;18;0;0;20;18
31292;2220;507;20;18;0;0;20;18
31293;2240;507;20;18;0;0;20;18
31295;2260;507;20;18;0;0;20;18
31296;2280;507;20;18;0;0;20;18
31298;2300;507;20;18;0;0;20;18
31302;2320;507;20;18;0;0;20;18
31308;2340;507;20;18;0;0;20;18
31309;2360;507;20;18;0;0;20;18
31310;2380;507;20;18;0;0;20;18
31311;2400;507;20;18;0;0;20;18
31313;2420;507;20;18;0;0;20;18
31319;2440;507;20;18;0;0;20;18
31328;2460;507;20;18;0;0;20;18
31329;2480;507;20;18;0;0;20;18
31330;2500;507;20;18;0;0;20;18
31337;2520;507;20;18;0;0;20;18
31339;2540;507;20;18;0;0;20;18
31344;2560;507;20;18;0;0;20;18
31348;2580;507;20;18;0;0;20;18
31350;2600;507;20;18;0;0;20;18
31351;2620;507;20;18;0;0;20;18
31353;2640;507;20;18;0;0;20;18
31354;2660;507;20;18;0;0;20;18
31359;2680;507;20;18;0;0;20;18
31361;2700;507;20;18;0;0;20;18
31363;2720;507;20;18;0;0;20;18
31364;2740;507;20;18;0;0;20;18
31368;2760;507;20;18;0;0;20;18
31373;2780;507;20;18;0;0;20;18
31377;2800;507;20;18;0;0;20;18
31378;2820;507;20;18;0;0;20;18
31379;2840;507;20;18;0;0;20;18
31381;2860;507;20;18;0;0;20;18
31382;2880;507;20;18;0;0;20;18
31383;2900;507;20;18;0;0;20;18
31384;2920;507;20;18;0;0;20;18
31388;2940;507;20;18;0;0;20;18
31389;2960;507;20;18;0;0;20;18
31391;2980;507;20;18;0;0;20;18
31392;3000;507;20;18;0;0;20;18
31395;3020;507;20;18;0;0;20;18
31397;3040;507;20;18;0;0;20;18
31398;3060;507;20;18;0;0;20;18
31400;3080;507;20;18;0;0;20;18
31401;3100;507;20;18;0;0;20;18
31402;3120;507;20;18;0;0;20;18
31406;3140;507;20;18;0;0;20;18
31407;3160;507;20;18;0;0;20;18
31411;3180;507;20;18;0;0;20;18
31416;3200;507;20;18;0;0;20;18
31418;3220;507;20;18;0;0;20;18
31423;3240;507;20;18;0;0;20;18
31428;3260;507;20;18;0;0;20;18
31429;3280;507;20;18;0;0;20;18
31431;3300;507;20;18;0;0;20;18
31432;3320;507;20;18;0;0;20;18
31434;3340;507;20;18;0;0;20;18
31435;3360;507;20;18;0;0;20;18
31441;3380;507;20;18;0;0;20;18
31446;3400;507;20;18;0;0;20;18
31449;3420;507;20;18;0;0;20;18
31452;3440;507;20;18;0;0;20;18
31454;3460;507;20;18;0;0;20;18
31455;3480;507;20;18;0;0;20;18
31456;3500;507;20;18;0;0;20;18
31459;3520;507;20;18;0;0;20;18
31461;3540;507;20;18;0;0;20;18
31462;3560;507;20;18;0;0;20;18
31469;3580;507;20;18;0;0;20;18
31471;3600;507;20;18;0;0;20;18
31478;3620;507;20;18;0;0;20;18
31481;3640;507;20;18;0;0;20;18
31482;3660;507;20;18;0;0;20;18
31485;3680;507;20;18;0;0;20;18
31487;3700;507;20;18;0;0;20;18
31491;3720;507;20;18;0;0;20;18
31492;3740;507;20;18;0;0;20;18
31494;3760;507;20;18;0;0;20;18
31496;3780;507;20;18;0;0;20;18
31498;3800;507;20;18;0;0;20;18
31499;3820;507;20;18;0;0;20;18
31503;3840;507;20;18;0;0;20;18
31505;3860;507;20;18;0;0;20;18
31508;3880;507;20;18;0;0;20;18
31509;3900;507;20;18;0;0;20;18
31513;3920;507;20;18;0;0;20;18
31515;3940;507;20;18;0;0;20;18
31518;3960;507;20;18;0;0;20;18
31520;3980;507;20;18;0;0;20;18
31524;4000;507;20;18;0;0;20;18
31525;4020;507;20;18;0;0;20;18
31526;4040;507;20;18;0;0;20;18
31528;4060;507;20;18;0;0;20;18
31530;0;525;20;18;0;0;20;18
31531;20;525;20;18;0;0;20;18
31532;40;525;20;18;0;0;20;18
31534;60;525;20;18;0;0;20;18
31539;80;525;20;18;0;0;20;18
31544;100;525;20;18;0;0;20;18
31546;120;525;20;18;0;0;20;18
31547;140;525;20;18;0;0;20;18
31548;160;525;20;18;0;0;20;18
31550;180;525;20;18;0;0;20;18
31558;200;525;20;18;0;0;20;18
31559;220;525;20;18;0;0;20;18
31561;240;525;20;18;0;0;20;18
31562;260;525;20;18;0;0;20;18
31563;280;525;20;18;0;0;20;18
31564;300;525;20;18;0;0;20;18
31565;320;525;20;18;0;0;20;18
31567;340;525;20;18;0;0;20;18
31568;360;525;20;18;0;0;20;18
31569;380;525;20;18;0;0;20;18
31570;400;525;20;18;0;0;20;18
31572;420;525;20;18;0;0;20;18
31574;440;525;20;18;0;0;20;18
31578;460;525;20;18;0;0;20;18
31579;480;525;20;18;0;0;20;18
31581;500;525;20;18;0;0;20;18
31584;520;525;20;18;0;0;20;18
31586;540;525;20;18;0;0;20;18
31591;560;525;20;18;0;0;20;18
31598;580;525;20;18;0;0;20;18
31601;600;525;20;18;0;0;20;18
31602;620;525;20;18;0;0;20;18
31603;640;525;20;18;0;0;20;18
31605;660;525;20;18;0;0;20;18
31607;680;525;20;18;0;0;20;18
31609;700;525;20;18;0;0;20;18
31614;720;525;20;18;0;0;20;18
31616;740;525;20;18;0;0;20;18
31621;760;525;20;18;0;0;20;18
31623;780;525;20;18;0;0;20;18
31627;800;525;20;18;0;0;20;18
31629;820;525;20;18;0;0;20;18
31631;840;525;20;18;0;0;20;18
31632;860;525;20;18;0;0;20;18
31635;880;525;20;18;0;0;20;18
31636;900;525;20;18;0;0;20;18
31637;920;525;20;18;0;0;20;18
31639;940;525;20;18;0;0;20;18
31644;960;525;20;18;0;0;20;18
31645;980;525;20;18;0;0;20;18
31649;1000;525;20;18;0;0;20;18
31650;1020;525;20;18;0;0;20;18
31654;1040;525;20;18;0;0;20;18
31655;1060;525;20;18;0;0;20;18
31657;1080;525;20;18;0;0;20;18
31658;1100;525;20;18;0;0;20;18
31659;1120;525;20;18;0;0;20;18
31660;1140;525;20;18;0;0;20;18
31661;1160;525;20;18;0;0;20;18
31665;1180;525;20;18;0;0;20;18
31668;1200;525;20;18;0;0;20;18
31672;1220;525;20;18;0;0;20;18
31680;1240;525;20;18;0;0;20;18
31681;1260;525;20;18;0;0;20;18
31684;1280;525;20;18;0;0;20;18
31686;1300;525;20;18;0;0;20;18
31687;1320;525;20;18;0;0;20;18
31689;1340;525;20;18;0;0;20;18
31691;1360;525;20;18;0;0;20;18
31692;1380;525;20;18;0;0;20;18
31697;1400;525;20;18;0;0;20;18
31699;1420;525;20;18;0;0;20;18
31705;1440;525;20;18;0;0;20;18
31709;1460;525;20;18;0;0;20;18
31712;1480;525;20;18;0;0;20;18
31713;1500;525;20;18;0;0;20;18
31716;1520;525;20;18;0;0;20;18
31717;1540;525;20;18;0;0;20;18
31718;1560;525;20;18;0;0;20;18
31721;1580;525;20;18;0;0;20;18
31722;1600;525;20;18;0;0;20;18
31726;1620;525;20;18;0;0;20;18
31729;1640;525;20;18;0;0;20;18
31731;1660;525;20;18;0;0;20;18
31735;1680;525;20;18;0;0;20;18
31740;1700;525;20;18;0;0;20;18
31742;1720;525;20;18;0;0;20;18
31744;1740;525;20;18;0;0;20;18
31751;1760;525;20;18;0;0;20;18
31755;1780;525;20;18;0;0;20;18
31756;1800;525;20;18;0;0;20;18
31757;1820;525;20;18;0;0;20;18
31759;1840;525;20;18;0;0;20;18
31761;1860;525;20;18;0;0;20;18
31766;1880;525;20;18;0;0;20;18
31774;1900;525;20;18;0;0;20;18
31775;1920;525;20;18;0;0;20;18
31777;1940;525;20;18;0;0;20;18
31779;1960;525;20;18;0;0;20;18
31782;1980;525;20;18;0;0;20;18
31783;2000;525;20;18;0;0;20;18
31786;2020;525;20;18;0;0;20;18
31787;2040;525;20;18;0;0;20;18
31799;2060;525;20;18;0;0;20;18
31800;2080;525;20;18;0;0;20;18
31805;2100;525;20;18;0;0;20;18
31806;2120;525;20;18;0;0;20;18
31807;2140;525;20;18;0;0;20;18
31808;2160;525;20;18;0;0;20;18
31809;2180;525;20;18;0;0;20;18
31811;2200;525;20;18;0;0;20;18
31820;2220;525;20;18;0;0;20;18
31821;2240;525;20;18;0;0;20;18
31824;2260;525;20;18;0;0;20;18
31839;2280;525;20;18;0;0;20;18
31840;2300;525;20;18;0;0;20;18
31844;2320;525;20;18;0;0;20;18
31849;2340;525;20;18;0;0;20;18
31850;2360;525;20;18;0;0;20;18
31852;2380;525;20;18;0;0;20;18
31854;2400;525;20;18;0;0;20;18
31858;2420;525;20;18;0;0;20;18
31859;2440;525;20;18;0;0;20;18
31860;2460;525;20;18;0;0;20;18
31867;2480;525;20;18;0;0;20;18
31868;2500;525;20;18;0;0;20;18
31869;2520;525;20;18;0;0;20;18
31881;2540;525;20;18;0;0;20;18
31883;2560;525;20;18;0;0;20;18
31889;2580;525;20;18;0;0;20;18
31890;2600;525;20;18;0;0;20;18
31893;2620;525;20;18;0;0;20;18
31895;2640;525;20;18;0;0;20;18
31896;2660;525;20;18;0;0;20;18
31899;2680;525;20;18;0;0;20;18
31900;2700;525;20;18;0;0;20;18
31901;2720;525;20;18;0;0;20;18
31902;2740;525;20;18;0;0;20;18
31903;2760;525;20;18;0;0;20;18
31908;2780;525;20;18;0;0;20;18
31909;2800;525;20;18;0;0;20;18
31911;2820;525;20;18;0;0;20;18
31914;2840;525;20;18;0;0;20;18
31918;2860;525;20;18;0;0;20;18
31921;2880;525;20;18;0;0;20;18
31922;2900;525;20;18;0;0;20;18
31923;2920;525;20;18;0;0;20;18
31925;2940;525;20;18;0;0;20;18
31929;2960;525;20;18;0;0;20;18
31932;2980;525;20;18;0;0;20;18
31933;3000;525;20;18;0;0;20;18
31934;3020;525;20;18;0;0;20;18
31935;3040;525;20;18;0;0;20;18
31937;3060;525;20;18;0;0;20;18
31941;3080;525;20;18;0;0;20;18
31946;3100;525;20;18;0;0;20;18
31948;3120;525;20;18;0;0;20;18
31949;3140;525;20;18;0;0;20;18
31957;3160;525;20;18;0;0;20;18
31958;3180;525;20;18;0;0;20;18
31959;3200;525;20;18;0;0;20;18
31961;3220;525;20;18;0;0;20;18
31964;3240;525;20;18;0;0;20;18
31965;3260;525;20;18;0;0;20;18
31966;3280;525;20;18;0;0;20;18
31967;3300;525;20;18;0;0;20;18
31968;3320;525;20;18;0;0;20;18
31975;3340;525;20;18;0;0;20;18
31976;3360;525;20;18;0;0;20;18
31983;3380;525;20;18;0;0;20;18
31986;3400;525;20;18;0;0;20;18
31988;3420;525;20;18;0;0;20;18
31990;3440;525;20;18;0;0;20;18
31992;3460;525;20;18;0;0;20;18
31995;3480;525;20;18;0;0;20;18
31998;3500;525;20;18;0;0;20;18
32000;3520;525;20;18;0;0;20;18
32002;3540;525;20;18;0;0;20;18
32004;3560;525;20;18;0;0;20;18
32005;3580;525;20;18;0;0;20;18
32006;3600;525;20;18;0;0;20;18
32007;3620;525;20;18;0;0;20;18
32008;3640;525;20;18;0;0;20;18
32009;3660;525;20;18;0;0;20;18
32010;3680;525;20;18;0;0;20;18
32011;3700;525;20;18;0;0;20;18
32013;3720;525;20;18;0;0;20;18
32016;3740;525;20;18;0;0;20;18
32019;3760;525;20;18;0;0;20;18
32020;3780;525;20;18;0;0;20;18
32021;3800;525;20;18;0;0;20;18
32023;3820;525;20;18;0;0;20;18
32025;3840;525;20;18;0;0;20;18
32026;3860;525;20;18;0;0;20;18
32027;3880;525;20;18;0;0;20;18
32028;3900;525;20;18;0;0;20;18
32032;3920;525;20;18;0;0;20;18
32033;3940;525;20;18;0;0;20;18
32034;3960;525;20;18;0;0;20;18
32039;3980;525;20;18;0;0;20;18
32043;4000;525;20;18;0;0;20;18
32046;4020;525;20;18;0;0;20;18
32047;4040;525;20;18;0;0;20;18
32048;4060;525;20;18;0;0;20;18
32049;0;543;20;18;0;0;20;18
32050;20;543;20;18;0;0;20;18
32051;40;543;20;18;0;0;20;18
32057;60;543;20;18;0;0;20;18
32058;80;543;20;18;0;0;20;18
32063;100;543;20;18;0;0;20;18
32064;120;543;20;18;0;0;20;18
32066;140;543;20;18;0;0;20;18
32067;160;543;20;18;0;0;20;18
32068;180;543;20;18;0;0;20;18
32070;200;543;20;18;0;0;20;18
32076;220;543;20;18;0;0;20;18
32078;240;543;20;18;0;0;20;18
32080;260;543;20;18;0;0;20;18
32085;280;543;20;18;0;0;20;18
32091;300;543;20;18;0;0;20;18
32093;320;543;20;18;0;0;20;18
32094;340;543;20;18;0;0;20;18
32097;360;543;20;18;0;0;20;18
32098;380;543;20;18;0;0;20;18
32102;400;543;20;18;0;0;20;18
32104;420;543;20;18;0;0;20;18
32110;440;543;20;18;0;0;20;18
32113;460;543;20;18;0;0;20;18
32114;480;543;20;18;0;0;20;18
32115;500;543;20;18;0;0;20;18
32117;520;543;20;18;0;0;20;18
32118;540;543;20;18;0;0;20;18
32121;560;543;20;18;0;0;20;18
32129;580;543;20;18;0;0;20;18
32131;600;543;20;18;0;0;20;18
32134;620;543;20;18;0;0;20;18
32136;640;543;20;18;0;0;20;18
32143;660;543;20;18;0;0;20;18
32145;680;543;20;18;0;0;20;18
32147;700;543;20;18;0;0;20;18
32153;720;543;20;18;0;0;20;18
32154;740;543;20;18;0;0;20;18
32156;760;543;20;18;0;0;20;18
32160;780;543;20;18;0;0;20;18
32162;800;543;20;18;0;0;20;18
32163;820;543;20;18;0;0;20;18
32166;840;543;20;18;0;0;20;18
32169;860;543;20;18;0;0;20;18
32172;880;543;20;18;0;0;20;18
32173;900;543;20;18;0;0;20;18
32174;920;543;20;18;0;0;20;18
32176;940;543;20;18;0;0;20;18
32177;960;543;20;18;0;0;20;18
32178;980;543;20;18;0;0;20;18
32179;1000;543;20;18;0;0;20;18
32180;1020;543;20;18;0;0;20;18
32181;1040;543;20;18;0;0;20;18
32184;1060;543;20;18;0;0;20;18
32185;1080;543;20;18;0;0;20;18
32186;1100;543;20;18;0;0;20;18
32187;1120;543;20;18;0;0;20;18
32189;1140;543;20;18;0;0;20;18
32190;1160;543;20;18;0;0;20;18
32191;1180;543;20;18;0;0;20;18
32196;1200;543;20;18;0;0;20;18
32199;1220;543;20;18;0;0;20;18
32202;1240;543;20;18;0;0;20;18
32203;1260;543;20;18;0;0;20;18
32207;1280;543;20;18;0;0;20;18
32209;1300;543;20;18;0;0;20;18
32210;1320;543;20;18;0;0;20;18
32212;1340;543;20;18;0;0;20;18
32215;1360;543;20;18;0;0;20;18
32216;1380;543;20;18;0;0;20;18
32217;1400;543;20;18;0;0;20;18
32218;1420;543;20;18;0;0;20;18
32221;1440;543;20;18;0;0;20;18
32222;1460;543;20;18;0;0;20;18
32224;1480;543;20;18;0;0;20;18
32225;1500;543;20;18;0;0;20;18
32227;1520;543;20;18;0;0;20;18
32230;1540;543;20;18;0;0;20;18
32232;1560;543;20;18;0;0;20;18
32233;1580;543;20;18;0;0;20;18
32236;1600;543;20;18;0;0;20;18
32239;1620;543;20;18;0;0;20;18
32241;1640;543;20;18;0;0;20;18
32242;1660;543;20;18;0;0;20;18
32244;1680;543;20;18;0;0;20;18
32249;1700;543;20;18;0;0;20;18
32251;1720;543;20;18;0;0;20;18
32257;1740;543;20;18;0;0;20;18
32260;1760;543;20;18;0;0;20;18
32264;1780;543;20;18;0;0;20;18
32265;1800;543;20;18;0;0;20;18
32266;1820;543;20;18;0;0;20;18
32267;1840;543;20;18;0;0;20;18
32272;1860;543;20;18;0;0;20;18
32273;1880;543;20;18;0;0;20;18
32283;1900;543;20;18;0;0;20;18
32285;1920;543;20;18;0;0;20;18
32286;1940;543;20;18;0;0;20;18
32287;1960;543;20;18;0;0;20;18
32288;1980;543;20;18;0;0;20;18
32291;2000;543;20;18;0;0;20;18
32294;2020;543;20;18;0;0;20;18
32299;2040;543;20;18;0;0;20;18
32301;2060;543;20;18;0;0;20;18
32302;2080;543;20;18;0;0;20;18
32305;2100;543;20;18;0;0;20;18
32306;2120;543;20;18;0;0;20;18
32308;2140;543;20;18;0;0;20;18
32309;2160;543;20;18;0;0;20;18
32311;2180;543;20;18;0;0;20;18
32313;2200;543;20;18;0;0;20;18
32315;2220;543;20;18;0;0;20;18
32317;2240;543;20;18;0;0;20;18
32318;2260;543;20;18;0;0;20;18
32321;2280;543;20;18;0;0;20;18
32323;2300;543;20;18;0;0;20;18
32325;2320;543;20;18;0;0;20;18
32326;2340;543;20;18;0;0;20;18
32327;2360;543;20;18;0;0;20;18
32328;2380;543;20;18;0;0;20;18
32330;2400;543;20;18;0;0;20;18
32338;2420;543;20;18;0;0;20;18
32340;2440;543;20;18;0;0;20;18
32341;2460;543;20;18;0;0;20;18
32346;2480;543;20;18;0;0;20;18
32350;2500;543;20;18;0;0;20;18
32353;2520;543;20;18;0;0;20;18
32361;2540;543;20;18;0;0;20;18
32362;2560;543;20;18;0;0;20;18
32363;2580;543;20;18;0;0;20;18
32365;2600;543;20;18;0;0;20;18
32367;2620;543;20;18;0;0;20;18
32368;2640;543;20;18;0;0;20;18
32371;2660;543;20;18;0;0;20;18
32377;2680;543;20;18;0;0;20;18
32380;2700;543;20;18;0;0;20;18
32381;2720;543;20;18;0;0;20;18
32382;2740;543;20;18;0;0;20;18
32386;2760;543;20;18;0;0;20;18
32392;2780;543;20;18;0;0;20;18
32396;2800;543;20;18;0;0;20;18
32397;2820;543;20;18;0;0;20;18
32399;2840;543;20;18;0;0;20;18
32402;2860;543;20;18;0;0;20;18
32403;2880;543;20;18;0;0;20;18
32404;2900;543;20;18;0;0;20;18
32406;2920;543;20;18;0;0;20;18
32408;2940;543;20;18;0;0;20;18
32411;2960;543;20;18;0;0;20;18
32412;2980;543;20;18;0;0;20;18
32416;3000;543;20;18;0;0;20;18
32417;3020;543;20;18;0;0;20;18
32418;3040;543;20;18;0;0;20;18
32419;3060;543;20;18;0;0;20;18
32420;3080;543;20;18;0;0;20;18
32421;3100;543;20;18;0;0;20;18
32422;3120;543;20;18;0;0;20;18
32423;3140;543;20;18;0;0;20;18
32424;3160;543;20;18;0;0;20;18
32426;3180;543;20;18;0;0;20;18
32427;3200;543;20;18;0;0;20;18
32428;3220;543;20;18;0;0;20;18
32429;3240;543;20;18;0;0;20;18
32431;3260;543;20;18;0;0;20;18
32432;3280;543;20;18;0;0;20;18
32433;3300;543;20;18;0;0;20;18
32434;3320;543;20;18;0;0;20;18
32435;3340;543;20;18;0;0;20;18
32436;3360;543;20;18;0;0;20;18
32437;3380;543;20;18;0;0;20;18
32438;3400;543;20;18;0;0;20;18
32439;3420;543;20;18;0;0;20;18
32440;3440;543;20;18;0;0;20;18
32441;3460;543;20;18;0;0;20;18
32442;3480;543;20;18;0;0;20;18
32445;3500;543;20;18;0;0;20;18
32446;3520;543;20;18;0;0;20;18
32447;3540;543;20;18;0;0;20;18
32448;3560;543;20;18;0;0;20;18
32449;3580;543;20;18;0;0;20;18
32450;3600;543;20;18;0;0;20;18
32451;3620;543;20;18;0;0;20;18
32452;3640;543;20;18;0;0;20;18
32453;3660;543;20;18;0;0;20;18
32454;3680;543;20;18;0;0;20;18
32455;3700;543;20;18;0;0;20;18
32456;3720;543;20;18;0;0;20;18
32457;3740;543;20;18;0;0;20;18
32458;3760;543;20;18;0;0;20;18
32460;3780;543;20;18;0;0;20;18
32461;3800;543;20;18;0;0;20;18
32462;3820;543;20;18;0;0;20;18
32463;3840;543;20;18;0;0;20;18
32465;3860;543;20;18;0;0;20;18
32466;3880;543;20;18;0;0;20;18
32467;3900;543;20;18;0;0;20;18
32468;3920;543;20;18;0;0;20;18
32469;3940;543;20;18;0;0;20;18
32471;3960;543;20;18;0;0;20;18
32472;3980;543;20;18;0;0;20;18
32473;4000;543;20;18;0;0;20;18
32474;4020;543;20;18;0;0;20;18
32475;4040;543;20;18;0;0;20;18
32476;4060;543;20;18;0;0;20;18
32477;0;561;20;18;0;0;20;18
32478;20;561;20;18;0;0;20;18
32479;40;561;20;18;0;0;20;18
32480;60;561;20;18;0;0;20;18
32481;80;561;20;18;0;0;20;18
32482;100;561;20;18;0;0;20;18
32483;120;561;20;18;0;0;20;18
32485;140;561;20;18;0;0;20;18
32486;160;561;20;18;0;0;20;18
32487;180;561;20;18;0;0;20;18
32488;200;561;20;18;0;0;20;18
32489;220;561;20;18;0;0;20;18
32490;240;561;20;18;0;0;20;18
32491;260;561;20;18;0;0;20;18
32493;280;561;20;18;0;0;20;18
32494;300;561;20;18;0;0;20;18
32495;320;561;20;18;0;0;20;18
32496;340;561;20;18;0;0;20;18
32497;360;561;20;18;0;0;20;18
32498;380;561;20;18;0;0;20;18
32499;400;561;20;18;0;0;20;18
32500;420;561;20;18;0;0;20;18
32501;440;561;20;18;0;0;20;18
32502;460;561;20;18;0;0;20;18
32503;480;561;20;18;0;0;20;18
32504;500;561;20;18;0;0;20;18
32506;520;561;20;18;0;0;20;18
32507;540;561;20;18;0;0;20;18
32508;560;561;20;18;0;0;20;18
32509;580;561;20;18;0;0;20;18
32510;600;561;20;18;0;0;20;18
32511;620;561;20;18;0;0;20;18
32512;640;561;20;18;0;0;20;18
32513;660;561;20;18;0;0;20;18
32514;680;561;20;18;0;0;20;18
32515;700;561;20;18;0;0;20;18
32516;720;561;20;18;0;0;20;18
32517;740;561;20;18;0;0;20;18
32518;760;561;20;18;0;0;20;18
32519;780;561;20;18;0;0;20;18
32520;800;561;20;18;0;0;20;18
32521;820;561;20;18;0;0;20;18
32524;840;561;20;18;0;0;20;18
32526;860;561;20;18;0;0;20;18
32529;880;561;20;18;0;0;20;18
32530;900;561;20;18;0;0;20;18
32531;920;561;20;18;0;0;20;18
32532;940;561;20;18;0;0;20;18
32533;960;561;20;18;0;0;20;18
32534;980;561;20;18;0;0;20;18
32535;1000;561;20;18;0;0;20;18
32536;1020;561;20;18;0;0;20;18
32537;1040;561;20;18;0;0;20;18
32538;1060;561;20;18;0;0;20;18
32539;1080;561;20;18;0;0;20;18
32540;1100;561;20;18;0;0;20;18
32541;1120;561;20;18;0;0;20;18
32543;1140;561;20;18;0;0;20;18
32544;1160;561;20;18;0;0;20;18
32545;1180;561;20;18;0;0;20;18
32546;1200;561;20;18;0;0;20;18
32547;1220;561;20;18;0;0;20;18
32548;1240;561;20;18;0;0;20;18
32549;1260;561;20;18;0;0;20;18
32550;1280;561;20;18;0;0;20;18
32551;1300;561;20;18;0;0;20;18
32552;1320;561;20;18;0;0;20;18
32553;1340;561;20;18;0;0;20;18
32554;1360;561;20;18;0;0;20;18
32555;1380;561;20;18;0;0;20;18
32556;1400;561;20;18;0;0;20;18
32557;1420;561;20;18;0;0;20;18
32558;1440;561;20;18;0;0;20;18
32559;1460;561;20;18;0;0;20;18
32560;1480;561;20;18;0;0;20;18
32561;1500;561;20;18;0;0;20;18
32562;1520;561;20;18;0;0;20;18
32563;1540;561;20;18;0;0;20;18
32564;1560;561;20;18;0;0;20;18
32565;1580;561;20;18;0;0;20;18
32566;1600;561;20;18;0;0;20;18
32568;1620;561;20;18;0;0;20;18
32570;1640;561;20;18;0;0;20;18
32573;1660;561;20;18;0;0;20;18
32578;1680;561;20;18;0;0;20;18
32580;1700;561;20;18;0;0;20;18
32581;1720;561;20;18;0;0;20;18
32584;1740;561;20;18;0;0;20;18
32588;1760;561;20;18;0;0;20;18
32591;1780;561;20;18;0;0;20;18
32592;1800;561;20;18;0;0;20;18
32593;1820;561;20;18;0;0;20;18
32596;1840;561;20;18;0;0;20;18
32597;1860;561;20;18;0;0;20;18
32599;1880;561;20;18;0;0;20;18
32600;1900;561;20;18;0;0;20;18
32602;1920;561;20;18;0;0;20;18
32607;1940;561;20;18;0;0;20;18
32609;1960;561;20;18;0;0;20;18
32610;1980;561;20;18;0;0;20;18
32611;2000;561;20;18;0;0;20;18
32616;2020;561;20;18;0;0;20;18
32617;2040;561;20;18;0;0;20;18
32618;2060;561;20;18;0;0;20;18
32622;2080;561;20;18;0;0;20;18
32624;2100;561;20;18;0;0;20;18
32625;2120;561;20;18;0;0;20;18
32626;2140;561;20;18;0;0;20;18
32628;2160;561;20;18;0;0;20;18
32629;2180;561;20;18;0;0;20;18
32631;2200;561;20;18;0;0;20;18
32633;2220;561;20;18;0;0;20;18
32637;2240;561;20;18;0;0;20;18
32638;2260;561;20;18;0;0;20;18
32641;2280;561;20;18;0;0;20;18
32645;2300;561;20;18;0;0;20;18
32646;2320;561;20;18;0;0;20;18
32648;2340;561;20;18;0;0;20;18
32650;2360;561;20;18;0;0;20;18
32652;2380;561;20;18;0;0;20;18
32654;2400;561;20;18;0;0;20;18
32657;2420;561;20;18;0;0;20;18
32660;2440;561;20;18;0;0;20;18
32666;2460;561;20;18;0;0;20;18
32670;2480;561;20;18;0;0;20;18
32671;2500;561;20;18;0;0;20;18
32673;2520;561;20;18;0;0;20;18
32676;2540;561;20;18;0;0;20;18
32677;2560;561;20;18;0;0;20;18
32679;2580;561;20;18;0;0;20;18
32680;2600;561;20;18;0;0;20;18
32681;2620;561;20;18;0;0;20;18
32687;2640;561;20;18;0;0;20;18
32688;2660;561;20;18;0;0;20;18
32690;2680;561;20;18;0;0;20;18
32694;2700;561;20;18;0;0;20;18
32696;2720;561;20;18;0;0;20;18
32697;2740;561;20;18;0;0;20;18
32700;2760;561;20;18;0;0;20;18
32701;2780;561;20;18;0;0;20;18
32703;2800;561;20;18;0;0;20;18
32705;2820;561;20;18;0;0;20;18
32709;2840;561;20;18;0;0;20;18
32714;2860;561;20;18;0;0;20;18
32716;2880;561;20;18;0;0;20;18
32718;2900;561;20;18;0;0;20;18
32722;2920;561;20;18;0;0;20;18
32724;2940;561;20;18;0;0;20;18
32725;2960;561;20;18;0;0;20;18
32728;2980;561;20;18;0;0;20;18
32730;3000;561;20;18;0;0;20;18
32735;3020;561;20;18;0;0;20;18
32736;3040;561;20;18;0;0;20;18
32737;3060;561;20;18;0;0;20;18
32741;3080;561;20;18;0;0;20;18
32742;3100;561;20;18;0;0;20;18
32745;3120;561;20;18;0;0;20;18
32748;3140;561;20;18;0;0;20;18
32750;3160;561;20;18;0;0;20;18
32752;3180;561;20;18;0;0;20;18
32753;3200;561;20;18;0;0;20;18
32755;3220;561;20;18;0;0;20;18
32761;3240;561;20;18;0;0;20;18
32762;3260;561;20;18;0;0;20;18
32763;3280;561;20;18;0;0;20;18
32764;3300;561;20;18;0;0;20;18
32768;3320;561;20;18;0;0;20;18
32769;3340;561;20;18;0;0;20;18
32771;3360;561;20;18;0;0;20;18
32772;3380;561;20;18;0;0;20;18
32773;3400;561;20;18;0;0;20;18
32774;3420;561;20;18;0;0;20;18
32779;3440;561;20;18;0;0;20;18
32780;3460;561;20;18;0;0;20;18
32781;3480;561;20;18;0;0;20;18
32783;3500;561;20;18;0;0;20;18
32784;3520;561;20;18;0;0;20;18
32786;3540;561;20;18;0;0;20;18
32789;3560;561;20;18;0;0;20;18
32790;3580;561;20;18;0;0;20;18
32791;3600;561;20;18;0;0;20;18
32792;3620;561;20;18;0;0;20;18
32793;3640;561;20;18;0;0;20;18
32796;3660;561;20;18;0;0;20;18
32797;3680;561;20;18;0;0;20;18
32800;3700;561;20;18;0;0;20;18
32802;3720;561;20;18;0;0;20;18
32805;3740;561;20;18;0;0;20;18
32806;3760;561;20;18;0;0;20;18
32807;3780;561;20;18;0;0;20;18
32808;3800;561;20;18;0;0;20;18
32809;3820;561;20;18;0;0;20;18
32810;3840;561;20;18;0;0;20;18
32812;3860;561;20;18;0;0;20;18
32814;3880;561;20;18;0;0;20;18
32817;3900;561;20;18;0;0;20;18
32819;3920;561;20;18;0;0;20;18
32822;3940;561;20;18;0;0;20;18
32823;3960;561;20;18;0;0;20;18
32824;3980;561;20;18;0;0;20;18
32827;4000;561;20;18;0;0;20;18
32829;4020;561;20;18;0;0;20;18
32831;4040;561;20;18;0;0;20;18
32834;4060;561;20;18;0;0;20;18
32835;0;579;20;18;0;0;20;18
32838;20;579;20;18;0;0;20;18
32842;40;579;20;18;0;0;20;18
32843;60;579;20;18;0;0;20;18
32844;80;579;20;18;0;0;20;18
32850;100;579;20;18;0;0;20;18
32852;120;579;20;18;0;0;20;18
32854;140;579;20;18;0;0;20;18
32856;160;579;20;18;0;0;20;18
32858;180;579;20;18;0;0;20;18
32862;200;579;20;18;0;0;20;18
32873;220;579;20;18;0;0;20;18
32874;240;579;20;18;0;0;20;18
32879;260;579;20;18;0;0;20;18
32880;280;579;20;18;0;0;20;18
32881;300;579;20;18;0;0;20;18
32882;320;579;20;18;0;0;20;18
32883;340;579;20;18;0;0;20;18
32884;360;579;20;18;0;0;20;18
32885;380;579;20;18;0;0;20;18
32886;400;579;20;18;0;0;20;18
32887;420;579;20;18;0;0;20;18
32893;440;579;20;18;0;0;20;18
32894;460;579;20;18;0;0;20;18
32895;480;579;20;18;0;0;20;18
32899;500;579;20;18;0;0;20;18
32900;520;579;20;18;0;0;20;18
32901;540;579;20;18;0;0;20;18
32902;560;579;20;18;0;0;20;18
32903;580;579;20;18;0;0;20;18
32905;600;579;20;18;0;0;20;18
32907;620;579;20;18;0;0;20;18
32908;640;579;20;18;0;0;20;18
32915;660;579;20;18;0;0;20;18
32918;680;579;20;18;0;0;20;18
32920;700;579;20;18;0;0;20;18
32922;720;579;20;18;0;0;20;18
32923;740;579;20;18;0;0;20;18
32925;760;579;20;18;0;0;20;18
32927;780;579;20;18;0;0;20;18
32928;800;579;20;18;0;0;20;18
32929;820;579;20;18;0;0;20;18
32930;840;579;20;18;0;0;20;18
32932;860;579;20;18;0;0;20;18
32933;880;579;20;18;0;0;20;18
32937;900;579;20;18;0;0;20;18
32938;920;579;20;18;0;0;20;18
32939;940;579;20;18;0;0;20;18
32942;960;579;20;18;0;0;20;18
32943;980;579;20;18;0;0;20;18
32945;1000;579;20;18;0;0;20;18
32946;1020;579;20;18;0;0;20;18
32948;1040;579;20;18;0;0;20;18
32954;1060;579;20;18;0;0;20;18
32956;1080;579;20;18;0;0;20;18
32957;1100;579;20;18;0;0;20;18
32958;1120;579;20;18;0;0;20;18
32959;1140;579;20;18;0;0;20;18
32960;1160;579;20;18;0;0;20;18
32961;1180;579;20;18;0;0;20;18
32962;1200;579;20;18;0;0;20;18
32963;1220;579;20;18;0;0;20;18
32964;1240;579;20;18;0;0;20;18
32966;1260;579;20;18;0;0;20;18
32972;1280;579;20;18;0;0;20;18
32973;1300;579;20;18;0;0;20;18
32974;1320;579;20;18;0;0;20;18
32982;1340;579;20;18;0;0;20;18
32983;1360;579;20;18;0;0;20;18
32985;1380;579;20;18;0;0;20;18
32986;1400;579;20;18;0;0;20;18
32987;1420;579;20;18;0;0;20;18
32988;1440;579;20;18;0;0;20;18
32989;1460;579;20;18;0;0;20;18
32990;1480;579;20;18;0;0;20;18
32993;1500;579;20;18;0;0;20;18
32996;1520;579;20;18;0;0;20;18
32997;1540;579;20;18;0;0;20;18
32999;1560;579;20;18;0;0;20;18
33000;1580;579;20;18;0;0;20;18
33002;1600;579;20;18;0;0;20;18
33003;1620;579;20;18;0;0;20;18
33004;1640;579;20;18;0;0;20;18
33005;1660;579;20;18;0;0;20;18
33007;1680;579;20;18;0;0;20;18
33008;1700;579;20;18;0;0;20;18
33009;1720;579;20;18;0;0;20;18
33011;1740;579;20;18;0;0;20;18
33012;1760;579;20;18;0;0;20;18
33014;1780;579;20;18;0;0;20;18
33016;1800;579;20;18;0;0;20;18
33018;1820;579;20;18;0;0;20;18
33020;1840;579;20;18;0;0;20;18
33021;1860;579;20;18;0;0;20;18
33026;1880;579;20;18;0;0;20;18
33029;1900;579;20;18;0;0;20;18
33030;1920;579;20;18;0;0;20;18
33031;1940;579;20;18;0;0;20;18
33032;1960;579;20;18;0;0;20;18
33033;1980;579;20;18;0;0;20;18
33034;2000;579;20;18;0;0;20;18
33037;2020;579;20;18;0;0;20;18
33039;2040;579;20;18;0;0;20;18
33040;2060;579;20;18;0;0;20;18
33041;2080;579;20;18;0;0;20;18
33042;2100;579;20;18;0;0;20;18
33043;2120;579;20;18;0;0;20;18
33044;2140;579;20;18;0;0;20;18
33046;2160;579;20;18;0;0;20;18
33048;2180;579;20;18;0;0;20;18
33050;2200;579;20;18;0;0;20;18
33051;2220;579;20;18;0;0;20;18
33059;2240;579;20;18;0;0;20;18
33063;2260;579;20;18;0;0;20;18
33067;2280;579;20;18;0;0;20;18
33068;2300;579;20;18;0;0;20;18
33071;2320;579;20;18;0;0;20;18
33073;2340;579;20;18;0;0;20;18
33074;2360;579;20;18;0;0;20;18
33075;2380;579;20;18;0;0;20;18
33080;2400;579;20;18;0;0;20;18
33081;2420;579;20;18;0;0;20;18
33086;2440;579;20;18;0;0;20;18
33094;2460;579;20;18;0;0;20;18
33096;2480;579;20;18;0;0;20;18
33098;2500;579;20;18;0;0;20;18
33099;2520;579;20;18;0;0;20;18
33100;2540;579;20;18;0;0;20;18
33102;2560;579;20;18;0;0;20;18
33104;2580;579;20;18;0;0;20;18
33105;2600;579;20;18;0;0;20;18
33107;2620;579;20;18;0;0;20;18
33108;2640;579;20;18;0;0;20;18
33109;2660;579;20;18;0;0;20;18
33110;2680;579;20;18;0;0;20;18
33114;2700;579;20;18;0;0;20;18
33120;2720;579;20;18;0;0;20;18
33125;2740;579;20;18;0;0;20;18
33126;2760;579;20;18;0;0;20;18
33127;2780;579;20;18;0;0;20;18
33129;2800;579;20;18;0;0;20;18
33131;2820;579;20;18;0;0;20;18
33133;2840;579;20;18;0;0;20;18
33134;2860;579;20;18;0;0;20;18
33136;2880;579;20;18;0;0;20;18
33137;2900;579;20;18;0;0;20;18
33139;2920;579;20;18;0;0;20;18
33140;2940;579;20;18;0;0;20;18
33144;2960;579;20;18;0;0;20;18
33145;2980;579;20;18;0;0;20;18
33146;3000;579;20;18;0;0;20;18
33147;3020;579;20;18;0;0;20;18
33148;3040;579;20;18;0;0;20;18
33150;3060;579;20;18;0;0;20;18
33151;3080;579;20;18;0;0;20;18
33152;3100;579;20;18;0;0;20;18
33154;3120;579;20;18;0;0;20;18
33160;3140;579;20;18;0;0;20;18
33162;3160;579;20;18;0;0;20;18
33167;3180;579;20;18;0;0;20;18
33169;3200;579;20;18;0;0;20;18
33173;3220;579;20;18;0;0;20;18
33176;3240;579;20;18;0;0;20;18
33177;3260;579;20;18;0;0;20;18
33178;3280;579;20;18;0;0;20;18
33179;3300;579;20;18;0;0;20;18
33180;3320;579;20;18;0;0;20;18
33181;3340;579;20;18;0;0;20;18
33184;3360;579;20;18;0;0;20;18
33190;3380;579;20;18;0;0;20;18
33192;3400;579;20;18;0;0;20;18
33193;3420;579;20;18;0;0;20;18
33203;3440;579;20;18;0;0;20;18
33210;3460;579;20;18;0;0;20;18
33211;3480;579;20;18;0;0;20;18
33213;3500;579;20;18;0;0;20;18
33214;3520;579;20;18;0;0;20;18
33215;3540;579;20;18;0;0;20;18
33216;3560;579;20;18;0;0;20;18
33218;3580;579;20;18;0;0;20;18
33219;3600;579;20;18;0;0;20;18
33222;3620;579;20;18;0;0;20;18
33225;3640;579;20;18;0;0;20;18
33226;3660;579;20;18;0;0;20;18
33228;3680;579;20;18;0;0;20;18
33229;3700;579;20;18;0;0;20;18
33231;3720;579;20;18;0;0;20;18
33234;3740;579;20;18;0;0;20;18
33235;3760;579;20;18;0;0;20;18
33240;3780;579;20;18;0;0;20;18
33242;3800;579;20;18;0;0;20;18
33244;3820;579;20;18;0;0;20;18
33246;3840;579;20;18;0;0;20;18
33247;3860;579;20;18;0;0;20;18
33248;3880;579;20;18;0;0;20;18
33250;3900;579;20;18;0;0;20;18
33251;3920;579;20;18;0;0;20;18
33253;3940;579;20;18;0;0;20;18
33255;3960;579;20;18;0;0;20;18
33256;3980;579;20;18;0;0;20;18
33258;4000;579;20;18;0;0;20;18
33260;4020;579;20;18;0;0;20;18
33261;4040;579;20;18;0;0;20;18
33263;4060;579;20;18;0;0;20;18
33267;0;597;20;18;0;0;20;18
33268;20;597;20;18;0;0;20;18
33274;40;597;20;18;0;0;20;18
33275;60;597;20;18;0;0;20;18
33276;80;597;20;18;0;0;20;18
33278;100;597;20;18;0;0;20;18
33280;120;597;20;18;0;0;20;18
33282;140;597;20;18;0;0;20;18
33284;160;597;20;18;0;0;20;18
33285;180;597;20;18;0;0;20;18
33286;200;597;20;18;0;0;20;18
33287;220;597;20;18;0;0;20;18
33288;240;597;20;18;0;0;20;18
33289;260;597;20;18;0;0;20;18
33290;280;597;20;18;0;0;20;18
33292;300;597;20;18;0;0;20;18
33293;320;597;20;18;0;0;20;18
33294;340;597;20;18;0;0;20;18
33296;360;597;20;18;0;0;20;18
33298;380;597;20;18;0;0;20;18
33300;400;597;20;18;0;0;20;18
33303;420;597;20;18;0;0;20;18
33307;440;597;20;18;0;0;20;18
33308;460;597;20;18;0;0;20;18
33310;480;597;20;18;0;0;20;18
33311;500;597;20;18;0;0;20;18
33314;520;597;20;18;0;0;20;18
33320;540;597;20;18;0;0;20;18
33322;560;597;20;18;0;0;20;18
33323;580;597;20;18;0;0;20;18
33324;600;597;20;18;0;0;20;18
33328;620;597;20;18;0;0;20;18
33329;640;597;20;18;0;0;20;18
33331;660;597;20;18;0;0;20;18
33332;680;597;20;18;0;0;20;18
33333;700;597;20;18;0;0;20;18
33334;720;597;20;18;0;0;20;18
33335;740;597;20;18;0;0;20;18
33336;760;597;20;18;0;0;20;18
33337;780;597;20;18;0;0;20;18
33338;800;597;20;18;0;0;20;18
33339;820;597;20;18;0;0;20;18
33348;840;597;20;18;0;0;20;18
33351;860;597;20;18;0;0;20;18
33355;880;597;20;18;0;0;20;18
33368;900;597;20;18;0;0;20;18
33369;920;597;20;18;0;0;20;18
33375;940;597;20;18;0;0;20;18
33380;960;597;20;18;0;0;20;18
33382;980;597;20;18;0;0;20;18
33384;1000;597;20;18;0;0;20;18
33387;1020;597;20;18;0;0;20;18
33390;1040;597;20;18;0;0;20;18
33391;1060;597;20;18;0;0;20;18
33392;1080;597;20;18;0;0;20;18
33393;1100;597;20;18;0;0;20;18
33394;1120;597;20;18;0;0;20;18
33395;1140;597;20;18;0;0;20;18
33398;1160;597;20;18;0;0;20;18
33399;1180;597;20;18;0;0;20;18
33402;1200;597;20;18;0;0;20;18
33403;1220;597;20;18;0;0;20;18
33405;1240;597;20;18;0;0;20;18
33406;1260;597;20;18;0;0;20;18
33407;1280;597;20;18;0;0;20;18
33410;1300;597;20;18;0;0;20;18
33412;1320;597;20;18;0;0;20;18
33418;1340;597;20;18;0;0;20;18
33419;1360;597;20;18;0;0;20;18
33421;1380;597;20;18;0;0;20;18
33422;1400;597;20;18;0;0;20;18
33424;1420;597;20;18;0;0;20;18
33425;1440;597;20;18;0;0;20;18
33426;1460;597;20;18;0;0;20;18
33431;1480;597;20;18;0;0;20;18
33433;1500;597;20;18;0;0;20;18
33436;1520;597;20;18;0;0;20;18
33437;1540;597;20;18;0;0;20;18
33439;1560;597;20;18;0;0;20;18
33441;1580;597;20;18;0;0;20;18
33443;1600;597;20;18;0;0;20;18
33445;1620;597;20;18;0;0;20;18
33446;1640;597;20;18;0;0;20;18
33448;1660;597;20;18;0;0;20;18
33449;1680;597;20;18;0;0;20;18
33450;1700;597;20;18;0;0;20;18
33451;1720;597;20;18;0;0;20;18
33452;1740;597;20;18;0;0;20;18
33453;1760;597;20;18;0;0;20;18
33454;1780;597;20;18;0;0;20;18
33455;1800;597;20;18;0;0;20;18
33456;1820;597;20;18;0;0;20;18
33457;1840;597;20;18;0;0;20;18
33459;1860;597;20;18;0;0;20;18
33463;1880;597;20;18;0;0;20;18
33464;1900;597;20;18;0;0;20;18
33465;1920;597;20;18;0;0;20;18
33467;1940;597;20;18;0;0;20;18
33468;1960;597;20;18;0;0;20;18
33469;1980;597;20;18;0;0;20;18
33470;2000;597;20;18;0;0;20;18
33473;2020;597;20;18;0;0;20;18
33476;2040;597;20;18;0;0;20;18
33479;2060;597;20;18;0;0;20;18
33480;2080;597;20;18;0;0;20;18
33483;2100;597;20;18;0;0;20;18
33484;2120;597;20;18;0;0;20;18
33485;2140;597;20;18;0;0;20;18
33486;2160;597;20;18;0;0;20;18
33487;2180;597;20;18;0;0;20;18
33489;2200;597;20;18;0;0;20;18
33490;2220;597;20;18;0;0;20;18
33491;2240;597;20;18;0;0;20;18
33492;2260;597;20;18;0;0;20;18
33493;2280;597;20;18;0;0;20;18
33495;2300;597;20;18;0;0;20;18
33496;2320;597;20;18;0;0;20;18
33499;2340;597;20;18;0;0;20;18
33500;2360;597;20;18;0;0;20;18
33502;2380;597;20;18;0;0;20;18
33503;2400;597;20;18;0;0;20;18
33505;2420;597;20;18;0;0;20;18
33507;2440;597;20;18;0;0;20;18
33508;2460;597;20;18;0;0;20;18
33509;2480;597;20;18;0;0;20;18
33510;2500;597;20;18;0;0;20;18
33511;2520;597;20;18;0;0;20;18
33515;2540;597;20;18;0;0;20;18
33519;2560;597;20;18;0;0;20;18
33521;2580;597;20;18;0;0;20;18
33523;2600;597;20;18;0;0;20;18
33524;2620;597;20;18;0;0;20;18
33527;2640;597;20;18;0;0;20;18
33529;2660;597;20;18;0;0;20;18
33530;2680;597;20;18;0;0;20;18
33531;2700;597;20;18;0;0;20;18
33533;2720;597;20;18;0;0;20;18
33536;2740;597;20;18;0;0;20;18
33537;2760;597;20;18;0;0;20;18
33538;2780;597;20;18;0;0;20;18
33539;2800;597;20;18;0;0;20;18
33540;2820;597;20;18;0;0;20;18
33541;2840;597;20;18;0;0;20;18
33542;2860;597;20;18;0;0;20;18
33545;2880;597;20;18;0;0;20;18
33548;2900;597;20;18;0;0;20;18
33549;2920;597;20;18;0;0;20;18
33550;2940;597;20;18;0;0;20;18
33551;2960;597;20;18;0;0;20;18
33553;2980;597;20;18;0;0;20;18
33555;3000;597;20;18;0;0;20;18
33556;3020;597;20;18;0;0;20;18
33557;3040;597;20;18;0;0;20;18
33559;3060;597;20;18;0;0;20;18
33562;3080;597;20;18;0;0;20;18
33563;3100;597;20;18;0;0;20;18
33564;3120;597;20;18;0;0;20;18
33575;3140;597;20;18;0;0;20;18
33576;3160;597;20;18;0;0;20;18
33579;3180;597;20;18;0;0;20;18
33580;3200;597;20;18;0;0;20;18
33581;3220;597;20;18;0;0;20;18
33583;3240;597;20;18;0;0;20;18
33585;3260;597;20;18;0;0;20;18
33586;3280;597;20;18;0;0;20;18
33588;3300;597;20;18;0;0;20;18
33589;3320;597;20;18;0;0;20;18
33590;3340;597;20;18;0;0;20;18
33592;3360;597;20;18;0;0;20;18
33593;3380;597;20;18;0;0;20;18
33596;3400;597;20;18;0;0;20;18
33600;3420;597;20;18;0;0;20;18
33603;3440;597;20;18;0;0;20;18
33606;3460;597;20;18;0;0;20;18
33607;3480;597;20;18;0;0;20;18
33609;3500;597;20;18;0;0;20;18
33610;3520;597;20;18;0;0;20;18
33615;3540;597;20;18;0;0;20;18
33616;3560;597;20;18;0;0;20;18
33617;3580;597;20;18;0;0;20;18
33618;3600;597;20;18;0;0;20;18
33620;3620;597;20;18;0;0;20;18
33622;3640;597;20;18;0;0;20;18
33624;3660;597;20;18;0;0;20;18
33626;3680;597;20;18;0;0;20;18
33628;3700;597;20;18;0;0;20;18
33630;3720;597;20;18;0;0;20;18
33631;3740;597;20;18;0;0;20;18
33632;3760;597;20;18;0;0;20;18
33633;3780;597;20;18;0;0;20;18
33635;3800;597;20;18;0;0;20;18
33636;3820;597;20;18;0;0;20;18
33637;3840;597;20;18;0;0;20;18
33638;3860;597;20;18;0;0;20;18
33639;3880;597;20;18;0;0;20;18
33640;3900;597;20;18;0;0;20;18
33641;3920;597;20;18;0;0;20;18
33642;3940;597;20;18;0;0;20;18
33643;3960;597;20;18;0;0;20;18
33644;3980;597;20;18;0;0;20;18
33645;4000;597;20;18;0;0;20;18
33646;4020;597;20;18;0;0;20;18
33647;4040;597;20;18;0;0;20;18
33651;4060;597;20;18;0;0;20;18
33655;0;615;20;18;0;0;20;18
33656;20;615;20;18;0;0;20;18
33659;40;615;20;18;0;0;20;18
33660;60;615;20;18;0;0;20;18
33661;80;615;20;18;0;0;20;18
33663;100;615;20;18;0;0;20;18
33669;120;615;20;18;0;0;20;18
33670;140;615;20;18;0;0;20;18
33673;160;615;20;18;0;0;20;18
33674;180;615;20;18;0;0;20;18
33678;200;615;20;18;0;0;20;18
33682;220;615;20;18;0;0;20;18
33683;240;615;20;18;0;0;20;18
33686;260;615;20;18;0;0;20;18
33688;280;615;20;18;0;0;20;18
33691;300;615;20;18;0;0;20;18
33692;320;615;20;18;0;0;20;18
33694;340;615;20;18;0;0;20;18
33696;360;615;20;18;0;0;20;18
33698;380;615;20;18;0;0;20;18
33703;400;615;20;18;0;0;20;18
33704;420;615;20;18;0;0;20;18
33705;440;615;20;18;0;0;20;18
33706;460;615;20;18;0;0;20;18
33707;480;615;20;18;0;0;20;18
33713;500;615;20;18;0;0;20;18
33714;520;615;20;18;0;0;20;18
33715;540;615;20;18;0;0;20;18
33716;560;615;20;18;0;0;20;18
33719;580;615;20;18;0;0;20;18
33720;600;615;20;18;0;0;20;18
33721;620;615;20;18;0;0;20;18
33722;640;615;20;18;0;0;20;18
33724;660;615;20;18;0;0;20;18
33725;680;615;20;18;0;0;20;18
33728;700;615;20;18;0;0;20;18
33729;720;615;20;18;0;0;20;18
33733;740;615;20;18;0;0;20;18
33735;760;615;20;18;0;0;20;18
33738;780;615;20;18;0;0;20;18
33740;800;615;20;18;0;0;20;18
33743;820;615;20;18;0;0;20;18
33747;840;615;20;18;0;0;20;18
33748;860;615;20;18;0;0;20;18
33750;880;615;20;18;0;0;20;18
33752;900;615;20;18;0;0;20;18
33756;920;615;20;18;0;0;20;18
33759;940;615;20;18;0;0;20;18
33760;960;615;20;18;0;0;20;18
33761;980;615;20;18;0;0;20;18
33767;1000;615;20;18;0;0;20;18
33769;1020;615;20;18;0;0;20;18
33770;1040;615;20;18;0;0;20;18
33775;1060;615;20;18;0;0;20;18
33776;1080;615;20;18;0;0;20;18
33777;1100;615;20;18;0;0;20;18
33778;1120;615;20;18;0;0;20;18
33784;1140;615;20;18;0;0;20;18
33785;1160;615;20;18;0;0;20;18
33789;1180;615;20;18;0;0;20;18
33793;1200;615;20;18;0;0;20;18
33795;1220;615;20;18;0;0;20;18
33796;1240;615;20;18;0;0;20;18
33799;1260;615;20;18;0;0;20;18
33802;1280;615;20;18;0;0;20;18
33803;1300;615;20;18;0;0;20;18
33804;1320;615;20;18;0;0;20;18
33805;1340;615;20;18;0;0;20;18
33806;1360;615;20;18;0;0;20;18
33807;1380;615;20;18;0;0;20;18
33809;1400;615;20;18;0;0;20;18
33816;1420;615;20;18;0;0;20;18
33820;1440;615;20;18;0;0;20;18
33821;1460;615;20;18;0;0;20;18
33828;1480;615;20;18;0;0;20;18
33829;1500;615;20;18;0;0;20;18
33830;1520;615;20;18;0;0;20;18
33831;1540;615;20;18;0;0;20;18
33832;1560;615;20;18;0;0;20;18
33833;1580;615;20;18;0;0;20;18
33836;1600;615;20;18;0;0;20;18
33841;1620;615;20;18;0;0;20;18
33845;1640;615;20;18;0;0;20;18
33848;1660;615;20;18;0;0;20;18
33852;1680;615;20;18;0;0;20;18
33853;1700;615;20;18;0;0;20;18
33862;1720;615;20;18;0;0;20;18
33865;1740;615;20;18;0;0;20;18
33873;1760;615;20;18;0;0;20;18
33874;1780;615;20;18;0;0;20;18
33879;1800;615;20;18;0;0;20;18
33882;1820;615;20;18;0;0;20;18
33883;1840;615;20;18;0;0;20;18
33889;1860;615;20;18;0;0;20;18
33891;1880;615;20;18;0;0;20;18
33892;1900;615;20;18;0;0;20;18
33894;1920;615;20;18;0;0;20;18
33897;1940;615;20;18;0;0;20;18
33899;1960;615;20;18;0;0;20;18
33900;1980;615;20;18;0;0;20;18
33901;2000;615;20;18;0;0;20;18
33905;2020;615;20;18;0;0;20;18
33907;2040;615;20;18;0;0;20;18
33909;2060;615;20;18;0;0;20;18
33910;2080;615;20;18;0;0;20;18
33911;2100;615;20;18;0;0;20;18
33912;2120;615;20;18;0;0;20;18
33914;2140;615;20;18;0;0;20;18
33922;2160;615;20;18;0;0;20;18
33931;2180;615;20;18;0;0;20;18
33932;2200;615;20;18;0;0;20;18
33936;2220;615;20;18;0;0;20;18
33939;2240;615;20;18;0;0;20;18
33940;2260;615;20;18;0;0;20;18
33943;2280;615;20;18;0;0;20;18
33945;2300;615;20;18;0;0;20;18
33948;2320;615;20;18;0;0;20;18
33950;2340;615;20;18;0;0;20;18
33951;2360;615;20;18;0;0;20;18
33953;2380;615;20;18;0;0;20;18
33967;2400;615;20;18;0;0;20;18
33970;2420;615;20;18;0;0;20;18
33972;2440;615;20;18;0;0;20;18
33976;2460;615;20;18;0;0;20;18
33977;2480;615;20;18;0;0;20;18
33978;2500;615;20;18;0;0;20;18
33979;2520;615;20;18;0;0;20;18
33980;2540;615;20;18;0;0;20;18
33981;2560;615;20;18;0;0;20;18
33983;2580;615;20;18;0;0;20;18
33984;2600;615;20;18;0;0;20;18
33985;2620;615;20;18;0;0;20;18
33988;2640;615;20;18;0;0;20;18
33990;2660;615;20;18;0;0;20;18
33993;2680;615;20;18;0;0;20;18
33994;2700;615;20;18;0;0;20;18
33995;2720;615;20;18;0;0;20;18
33997;2740;615;20;18;0;0;20;18
34000;2760;615;20;18;0;0;20;18
34001;2780;615;20;18;0;0;20;18
34003;2800;615;20;18;0;0;20;18
34006;2820;615;20;18;0;0;20;18
34013;2840;615;20;18;0;0;20;18
34015;2860;615;20;18;0;0;20;18
34016;2880;615;20;18;0;0;20;18
34021;2900;615;20;18;0;0;20;18
34022;2920;615;20;18;0;0;20;18
34023;2940;615;20;18;0;0;20;18
34028;2960;615;20;18;0;0;20;18
34030;2980;615;20;18;0;0;20;18
34031;3000;615;20;18;0;0;20;18
34044;3020;615;20;18;0;0;20;18
34045;3040;615;20;18;0;0;20;18
34047;3060;615;20;18;0;0;20;18
34065;3080;615;20;18;0;0;20;18
34067;3100;615;20;18;0;0;20;18
34068;3120;615;20;18;0;0;20;18
34071;3140;615;20;18;0;0;20;18
34074;3160;615;20;18;0;0;20;18
34078;3180;615;20;18;0;0;20;18
34079;3200;615;20;18;0;0;20;18
34081;3220;615;20;18;0;0;20;18
34083;3240;615;20;18;0;0;20;18
34085;3260;615;20;18;0;0;20;18
34086;3280;615;20;18;0;0;20;18
34091;3300;615;20;18;0;0;20;18
34092;3320;615;20;18;0;0;20;18
34093;3340;615;20;18;0;0;20;18
34101;3360;615;20;18;0;0;20;18
34103;3380;615;20;18;0;0;20;18
34104;3400;615;20;18;0;0;20;18
34106;3420;615;20;18;0;0;20;18
34107;3440;615;20;18;0;0;20;18
34108;3460;615;20;18;0;0;20;18
34109;3480;615;20;18;0;0;20;18
34113;3500;615;20;18;0;0;20;18
34115;3520;615;20;18;0;0;20;18
34120;3540;615;20;18;0;0;20;18
34121;3560;615;20;18;0;0;20;18
34122;3580;615;20;18;0;0;20;18
34126;3600;615;20;18;0;0;20;18
34130;3620;615;20;18;0;0;20;18
34131;3640;615;20;18;0;0;20;18
34133;3660;615;20;18;0;0;20;18
34134;3680;615;20;18;0;0;20;18
34135;3700;615;20;18;0;0;20;18
34137;3720;615;20;18;0;0;20;18
34142;3740;615;20;18;0;0;20;18
34148;3760;615;20;18;0;0;20;18
34152;3780;615;20;18;0;0;20;18
34153;3800;615;20;18;0;0;20;18
34154;3820;615;20;18;0;0;20;18
34157;3840;615;20;18;0;0;20;18
34162;3860;615;20;18;0;0;20;18
34164;3880;615;20;18;0;0;20;18
34169;3900;615;20;18;0;0;20;18
34170;3920;615;20;18;0;0;20;18
34171;3940;615;20;18;0;0;20;18
34174;3960;615;20;18;0;0;20;18
34180;3980;615;20;18;0;0;20;18
34181;4000;615;20;18;0;0;20;18
34183;4020;615;20;18;0;0;20;18
34184;4040;615;20;18;0;0;20;18
34186;4060;615;20;18;0;0;20;18
34188;0;633;20;18;0;0;20;18
34191;20;633;20;18;0;0;20;18
34193;40;633;20;18;0;0;20;18
34196;60;633;20;18;0;0;20;18
34203;80;633;20;18;0;0;20;18
34204;100;633;20;18;0;0;20;18
34212;120;633;20;18;0;0;20;18
34214;140;633;20;18;0;0;20;18
34216;160;633;20;18;0;0;20;18
34217;180;633;20;18;0;0;20;18
34218;200;633;20;18;0;0;20;18
34219;220;633;20;18;0;0;20;18
34220;240;633;20;18;0;0;20;18
34222;260;633;20;18;0;0;20;18
34223;280;633;20;18;0;0;20;18
34224;300;633;20;18;0;0;20;18
34231;320;633;20;18;0;0;20;18
34233;340;633;20;18;0;0;20;18
34234;360;633;20;18;0;0;20;18
34241;380;633;20;18;0;0;20;18
34249;400;633;20;18;0;0;20;18
34253;420;633;20;18;0;0;20;18
34254;440;633;20;18;0;0;20;18
34255;460;633;20;18;0;0;20;18
34256;480;633;20;18;0;0;20;18
34259;500;633;20;18;0;0;20;18
34261;520;633;20;18;0;0;20;18
34268;540;633;20;18;0;0;20;18
34269;560;633;20;18;0;0;20;18
34272;580;633;20;18;0;0;20;18
34276;600;633;20;18;0;0;20;18
34277;620;633;20;18;0;0;20;18
34281;640;633;20;18;0;0;20;18
34282;660;633;20;18;0;0;20;18
34294;680;633;20;18;0;0;20;18
34295;700;633;20;18;0;0;20;18
34297;720;633;20;18;0;0;20;18
34298;740;633;20;18;0;0;20;18
34299;760;633;20;18;0;0;20;18
34303;780;633;20;18;0;0;20;18
34308;800;633;20;18;0;0;20;18
34309;820;633;20;18;0;0;20;18
34310;840;633;20;18;0;0;20;18
34311;860;633;20;18;0;0;20;18
34314;880;633;20;18;0;0;20;18
34315;900;633;20;18;0;0;20;18
34321;920;633;20;18;0;0;20;18
34326;940;633;20;18;0;0;20;18
34327;960;633;20;18;0;0;20;18
34330;980;633;20;18;0;0;20;18
34338;1000;633;20;18;0;0;20;18
34343;1020;633;20;18;0;0;20;18
34345;1040;633;20;18;0;0;20;18
34349;1060;633;20;18;0;0;20;18
34360;1080;633;20;18;0;0;20;18
34362;1100;633;20;18;0;0;20;18
34367;1120;633;20;18;0;0;20;18
34382;1140;633;20;18;0;0;20;18
34383;1160;633;20;18;0;0;20;18
34384;1180;633;20;18;0;0;20;18
34385;1200;633;20;18;0;0;20;18
34388;1220;633;20;18;0;0;20;18
34389;1240;633;20;18;0;0;20;18
34394;1260;633;20;18;0;0;20;18
34395;1280;633;20;18;0;0;20;18
34396;1300;633;20;18;0;0;20;18
34398;1320;633;20;18;0;0;20;18
34399;1340;633;20;18;0;0;20;18
34402;1360;633;20;18;0;0;20;18
34407;1380;633;20;18;0;0;20;18
34411;1400;633;20;18;0;0;20;18
34412;1420;633;20;18;0;0;20;18
34414;1440;633;20;18;0;0;20;18
34415;1460;633;20;18;0;0;20;18
34417;1480;633;20;18;0;0;20;18
34425;1500;633;20;18;0;0;20;18
34426;1520;633;20;18;0;0;20;18
34427;1540;633;20;18;0;0;20;18
34428;1560;633;20;18;0;0;20;18
34429;1580;633;20;18;0;0;20;18
34430;1600;633;20;18;0;0;20;18
34431;1620;633;20;18;0;0;20;18
34432;1640;633;20;18;0;0;20;18
34433;1660;633;20;18;0;0;20;18
34434;1680;633;20;18;0;0;20;18
34442;1700;633;20;18;0;0;20;18
34443;1720;633;20;18;0;0;20;18
34444;1740;633;20;18;0;0;20;18
34445;1760;633;20;18;0;0;20;18
34451;1780;633;20;18;0;0;20;18
34453;1800;633;20;18;0;0;20;18
34455;1820;633;20;18;0;0;20;18
34460;1840;633;20;18;0;0;20;18
34461;1860;633;20;18;0;0;20;18
34467;1880;633;20;18;0;0;20;18
34468;1900;633;20;18;0;0;20;18
34471;1920;633;20;18;0;0;20;18
34472;1940;633;20;18;0;0;20;18
34473;1960;633;20;18;0;0;20;18
34474;1980;633;20;18;0;0;20;18
34476;2000;633;20;18;0;0;20;18
34479;2020;633;20;18;0;0;20;18
34480;2040;633;20;18;0;0;20;18
34481;2060;633;20;18;0;0;20;18
34484;2080;633;20;18;0;0;20;18
34485;2100;633;20;18;0;0;20;18
34486;2120;633;20;18;0;0;20;18
34496;2140;633;20;18;0;0;20;18
34500;2160;633;20;18;0;0;20;18
34502;2180;633;20;18;0;0;20;18
34503;2200;633;20;18;0;0;20;18
34505;2220;633;20;18;0;0;20;18
34506;2240;633;20;18;0;0;20;18
34507;2260;633;20;18;0;0;20;18
34509;2280;633;20;18;0;0;20;18
34510;2300;633;20;18;0;0;20;18
34511;2320;633;20;18;0;0;20;18
34512;2340;633;20;18;0;0;20;18
34516;2360;633;20;18;0;0;20;18
34520;2380;633;20;18;0;0;20;18
34521;2400;633;20;18;0;0;20;18
34523;2420;633;20;18;0;0;20;18
34526;2440;633;20;18;0;0;20;18
34527;2460;633;20;18;0;0;20;18
34532;2480;633;20;18;0;0;20;18
34537;2500;633;20;18;0;0;20;18
34541;2520;633;20;18;0;0;20;18
34542;2540;633;20;18;0;0;20;18
34544;2560;633;20;18;0;0;20;18
34545;2580;633;20;18;0;0;20;18
34546;2600;633;20;18;0;0;20;18
34547;2620;633;20;18;0;0;20;18
34548;2640;633;20;18;0;0;20;18
34552;2660;633;20;18;0;0;20;18
34553;2680;633;20;18;0;0;20;18
34554;2700;633;20;18;0;0;20;18
34555;2720;633;20;18;0;0;20;18
34558;2740;633;20;18;0;0;20;18
34560;2760;633;20;18;0;0;20;18
34562;2780;633;20;18;0;0;20;18
34563;2800;633;20;18;0;0;20;18
34566;2820;633;20;18;0;0;20;18
34567;2840;633;20;18;0;0;20;18
34568;2860;633;20;18;0;0;20;18
34569;2880;633;20;18;0;0;20;18
34570;2900;633;20;18;0;0;20;18
34573;2920;633;20;18;0;0;20;18
34578;2940;633;20;18;0;0;20;18
34579;2960;633;20;18;0;0;20;18
34581;2980;633;20;18;0;0;20;18
34583;3000;633;20;18;0;0;20;18
34584;3020;633;20;18;0;0;20;18
34586;3040;633;20;18;0;0;20;18
34588;3060;633;20;18;0;0;20;18
34590;3080;633;20;18;0;0;20;18
34593;3100;633;20;18;0;0;20;18
34594;3120;633;20;18;0;0;20;18
34595;3140;633;20;18;0;0;20;18
34597;3160;633;20;18;0;0;20;18
34601;3180;633;20;18;0;0;20;18
34606;3200;633;20;18;0;0;20;18
34609;3220;633;20;18;0;0;20;18
34612;3240;633;20;18;0;0;20;18
34615;3260;633;20;18;0;0;20;18
34619;3280;633;20;18;0;0;20;18
34623;3300;633;20;18;0;0;20;18
34631;3320;633;20;18;0;0;20;18
34632;3340;633;20;18;0;0;20;18
34633;3360;633;20;18;0;0;20;18
34636;3380;633;20;18;0;0;20;18
34638;3400;633;20;18;0;0;20;18
34643;3420;633;20;18;0;0;20;18
34645;3440;633;20;18;0;0;20;18
34647;3460;633;20;18;0;0;20;18
34649;3480;633;20;18;0;0;20;18
34655;3500;633;20;18;0;0;20;18
34656;3520;633;20;18;0;0;20;18
34659;3540;633;20;18;0;0;20;18
34661;3560;633;20;18;0;0;20;18
34662;3580;633;20;18;0;0;20;18
34664;3600;633;20;18;0;0;20;18
34670;3620;633;20;18;0;0;20;18
34672;3640;633;20;18;0;0;20;18
34676;3660;633;20;18;0;0;20;18
34678;3680;633;20;18;0;0;20;18
34680;3700;633;20;18;0;0;20;18
34683;3720;633;20;18;0;0;20;18
34684;3740;633;20;18;0;0;20;18
34685;3760;633;20;18;0;0;20;18
34686;3780;633;20;18;0;0;20;18
34690;3800;633;20;18;0;0;20;18
34691;3820;633;20;18;0;0;20;18
34692;3840;633;20;18;0;0;20;18
34693;3860;633;20;18;0;0;20;18
34696;3880;633;20;18;0;0;20;18
34699;3900;633;20;18;0;0;20;18
34701;3920;633;20;18;0;0;20;18
34711;3940;633;20;18;0;0;20;18
34718;3960;633;20;18;0;0;20;18
34719;3980;633;20;18;0;0;20;18
34720;4000;633;20;18;0;0;20;18
34722;4020;633;20;18;0;0;20;18
34728;4040;633;20;18;0;0;20;18
34731;4060;633;20;18;0;0;20;18
34732;0;651;20;18;0;0;20;18
34733;20;651;20;18;0;0;20;18
34735;40;651;20;18;0;0;20;18
34739;60;651;20;18;0;0;20;18
34741;80;651;20;18;0;0;20;18
34746;100;651;20;18;0;0;20;18
34747;120;651;20;18;0;0;20;18
34749;140;651;20;18;0;0;20;18
34752;160;651;20;18;0;0;20;18
34756;180;651;20;18;0;0;20;18
34758;200;651;20;18;0;0;20;18
34760;220;651;20;18;0;0;20;18
34762;240;651;20;18;0;0;20;18
34763;260;651;20;18;0;0;20;18
34766;280;651;20;18;0;0;20;18
34769;300;651;20;18;0;0;20;18
34770;320;651;20;18;0;0;20;18
34779;340;651;20;18;0;0;20;18
34784;360;651;20;18;0;0;20;18
34787;380;651;20;18;0;0;20;18
34789;400;651;20;18;0;0;20;18
34794;420;651;20;18;0;0;20;18
34796;440;651;20;18;0;0;20;18
34798;460;651;20;18;0;0;20;18
34799;480;651;20;18;0;0;20;18
34802;500;651;20;18;0;0;20;18
34803;520;651;20;18;0;0;20;18
34806;540;651;20;18;0;0;20;18
34809;560;651;20;18;0;0;20;18
34811;580;651;20;18;0;0;20;18
34814;600;651;20;18;0;0;20;18
34821;620;651;20;18;0;0;20;18
34822;640;651;20;18;0;0;20;18
34826;660;651;20;18;0;0;20;18
34829;680;651;20;18;0;0;20;18
34832;700;651;20;18;0;0;20;18
34833;720;651;20;18;0;0;20;18
34835;740;651;20;18;0;0;20;18
34836;760;651;20;18;0;0;20;18
34837;780;651;20;18;0;0;20;18
34838;800;651;20;18;0;0;20;18
34847;820;651;20;18;0;0;20;18
34849;840;651;20;18;0;0;20;18
34850;860;651;20;18;0;0;20;18
34851;880;651;20;18;0;0;20;18
34865;900;651;20;18;0;0;20;18
34866;920;651;20;18;0;0;20;18
34870;940;651;20;18;0;0;20;18
34873;960;651;20;18;0;0;20;18
34875;980;651;20;18;0;0;20;18
34876;1000;651;20;18;0;0;20;18
34880;1020;651;20;18;0;0;20;18
34884;1040;651;20;18;0;0;20;18
34885;1060;651;20;18;0;0;20;18
34886;1080;651;20;18;0;0;20;18
34890;1100;651;20;18;0;0;20;18
34892;1120;651;20;18;0;0;20;18
34893;1140;651;20;18;0;0;20;18
34899;1160;651;20;18;0;0;20;18
34900;1180;651;20;18;0;0;20;18
34901;1200;651;20;18;0;0;20;18
34903;1220;651;20;18;0;0;20;18
34905;1240;651;20;18;0;0;20;18
34906;1260;651;20;18;0;0;20;18
34907;1280;651;20;18;0;0;20;18
34909;1300;651;20;18;0;0;20;18
34913;1320;651;20;18;0;0;20;18
34914;1340;651;20;18;0;0;20;18
34915;1360;651;20;18;0;0;20;18
34917;1380;651;20;18;0;0;20;18
34920;1400;651;20;18;0;0;20;18
34921;1420;651;20;18;0;0;20;18
34923;1440;651;20;18;0;0;20;18
34924;1460;651;20;18;0;0;20;18
34926;1480;651;20;18;0;0;20;18
34928;1500;651;20;18;0;0;20;18
34930;1520;651;20;18;0;0;20;18
34935;1540;651;20;18;0;0;20;18
34937;1560;651;20;18;0;0;20;18
34941;1580;651;20;18;0;0;20;18
34942;1600;651;20;18;0;0;20;18
34943;1620;651;20;18;0;0;20;18
34945;1640;651;20;18;0;0;20;18
34946;1660;651;20;18;0;0;20;18
34948;1680;651;20;18;0;0;20;18
34949;1700;651;20;18;0;0;20;18
34952;1720;651;20;18;0;0;20;18
34955;1740;651;20;18;0;0;20;18
34957;1760;651;20;18;0;0;20;18
34962;1780;651;20;18;0;0;20;18
34963;1800;651;20;18;0;0;20;18
34966;1820;651;20;18;0;0;20;18
34972;1840;651;20;18;0;0;20;18
34974;1860;651;20;18;0;0;20;18
34978;1880;651;20;18;0;0;20;18
34980;1900;651;20;18;0;0;20;18
34986;1920;651;20;18;0;0;20;18
34987;1940;651;20;18;0;0;20;18
34989;1960;651;20;18;0;0;20;18
34993;1980;651;20;18;0;0;20;18
34999;2000;651;20;18;0;0;20;18
35009;2020;651;20;18;0;0;20;18
35010;2040;651;20;18;0;0;20;18
35013;2060;651;20;18;0;0;20;18
35014;2080;651;20;18;0;0;20;18
35017;2100;651;20;18;0;0;20;18
35018;2120;651;20;18;0;0;20;18
35020;2140;651;20;18;0;0;20;18
35022;2160;651;20;18;0;0;20;18
35023;2180;651;20;18;0;0;20;18
35026;2200;651;20;18;0;0;20;18
35028;2220;651;20;18;0;0;20;18
35029;2240;651;20;18;0;0;20;18
35032;2260;651;20;18;0;0;20;18
35033;2280;651;20;18;0;0;20;18
35036;2300;651;20;18;0;0;20;18
35037;2320;651;20;18;0;0;20;18
35039;2340;651;20;18;0;0;20;18
35041;2360;651;20;18;0;0;20;18
35042;2380;651;20;18;0;0;20;18
35044;2400;651;20;18;0;0;20;18
35045;2420;651;20;18;0;0;20;18
35048;2440;651;20;18;0;0;20;18
35056;2460;651;20;18;0;0;20;18
35057;2480;651;20;18;0;0;20;18
35059;2500;651;20;18;0;0;20;18
35060;2520;651;20;18;0;0;20;18
35064;2540;651;20;18;0;0;20;18
35065;2560;651;20;18;0;0;20;18
35069;2580;651;20;18;0;0;20;18
35070;2600;651;20;18;0;0;20;18
35074;2620;651;20;18;0;0;20;18
35079;2640;651;20;18;0;0;20;18
35082;2660;651;20;18;0;0;20;18
35088;2680;651;20;18;0;0;20;18
35090;2700;651;20;18;0;0;20;18
35091;2720;651;20;18;0;0;20;18
35093;2740;651;20;18;0;0;20;18
35097;2760;651;20;18;0;0;20;18
35098;2780;651;20;18;0;0;20;18
35099;2800;651;20;18;0;0;20;18
35103;2820;651;20;18;0;0;20;18
35105;2840;651;20;18;0;0;20;18
35109;2860;651;20;18;0;0;20;18
35114;2880;651;20;18;0;0;20;18
35115;2900;651;20;18;0;0;20;18
35120;2920;651;20;18;0;0;20;18
35122;2940;651;20;18;0;0;20;18
35123;2960;651;20;18;0;0;20;18
35124;2980;651;20;18;0;0;20;18
35126;3000;651;20;18;0;0;20;18
35128;3020;651;20;18;0;0;20;18
35131;3040;651;20;18;0;0;20;18
35137;3060;651;20;18;0;0;20;18
35140;3080;651;20;18;0;0;20;18
35142;3100;651;20;18;0;0;20;18
35143;3120;651;20;18;0;0;20;18
35158;3140;651;20;18;0;0;20;18
35166;3160;651;20;18;0;0;20;18
35167;3180;651;20;18;0;0;20;18
35168;3200;651;20;18;0;0;20;18
35172;3220;651;20;18;0;0;20;18
35174;3240;651;20;18;0;0;20;18
35178;3260;651;20;18;0;0;20;18
35180;3280;651;20;18;0;0;20;18
35183;3300;651;20;18;0;0;20;18
35186;3320;651;20;18;0;0;20;18
35195;3340;651;20;18;0;0;20;18
35199;3360;651;20;18;0;0;20;18
35201;3380;651;20;18;0;0;20;18
35203;3400;651;20;18;0;0;20;18
35206;3420;651;20;18;0;0;20;18
35207;3440;651;20;18;0;0;20;18
35208;3460;651;20;18;0;0;20;18
35211;3480;651;20;18;0;0;20;18
35215;3500;651;20;18;0;0;20;18
35219;3520;651;20;18;0;0;20;18
35222;3540;651;20;18;0;0;20;18
35224;3560;651;20;18;0;0;20;18
35226;3580;651;20;18;0;0;20;18
35233;3600;651;20;18;0;0;20;18
35238;3620;651;20;18;0;0;20;18
35239;3640;651;20;18;0;0;20;18
35242;3660;651;20;18;0;0;20;18
35244;3680;651;20;18;0;0;20;18
35247;3700;651;20;18;0;0;20;18
35250;3720;651;20;18;0;0;20;18
35251;3740;651;20;18;0;0;20;18
35255;3760;651;20;18;0;0;20;18
35258;3780;651;20;18;0;0;20;18
35261;3800;651;20;18;0;0;20;18
35264;3820;651;20;18;0;0;20;18
35265;3840;651;20;18;0;0;20;18
35266;3860;651;20;18;0;0;20;18
35268;3880;651;20;18;0;0;20;18
35269;3900;651;20;18;0;0;20;18
35270;3920;651;20;18;0;0;20;18
35271;3940;651;20;18;0;0;20;18
35272;3960;651;20;18;0;0;20;18
35273;3980;651;20;18;0;0;20;18
35274;4000;651;20;18;0;0;20;18
35275;4020;651;20;18;0;0;20;18
35278;4040;651;20;18;0;0;20;18
35279;4060;651;20;18;0;0;20;18
35280;0;669;20;18;0;0;20;18
35281;20;669;20;18;0;0;20;18
35282;40;669;20;18;0;0;20;18
35284;60;669;20;18;0;0;20;18
35290;80;669;20;18;0;0;20;18
35293;100;669;20;18;0;0;20;18
35294;120;669;20;18;0;0;20;18
35299;140;669;20;18;0;0;20;18
35301;160;669;20;18;0;0;20;18
35302;180;669;20;18;0;0;20;18
35307;200;669;20;18;0;0;20;18
35311;220;669;20;18;0;0;20;18
35315;240;669;20;18;0;0;20;18
35316;260;669;20;18;0;0;20;18
35318;280;669;20;18;0;0;20;18
35320;300;669;20;18;0;0;20;18
35328;320;669;20;18;0;0;20;18
35330;340;669;20;18;0;0;20;18
35331;360;669;20;18;0;0;20;18
35335;380;669;20;18;0;0;20;18
35336;400;669;20;18;0;0;20;18
35338;420;669;20;18;0;0;20;18
35340;440;669;20;18;0;0;20;18
35342;460;669;20;18;0;0;20;18
35343;480;669;20;18;0;0;20;18
35344;500;669;20;18;0;0;20;18
35347;520;669;20;18;0;0;20;18
35349;540;669;20;18;0;0;20;18
35350;560;669;20;18;0;0;20;18
35351;580;669;20;18;0;0;20;18
35352;600;669;20;18;0;0;20;18
35354;620;669;20;18;0;0;20;18
35355;640;669;20;18;0;0;20;18
35357;660;669;20;18;0;0;20;18
35359;680;669;20;18;0;0;20;18
35363;700;669;20;18;0;0;20;18
35365;720;669;20;18;0;0;20;18
35370;740;669;20;18;0;0;20;18
35373;760;669;20;18;0;0;20;18
35377;780;669;20;18;0;0;20;18
35379;800;669;20;18;0;0;20;18
35380;820;669;20;18;0;0;20;18
35382;840;669;20;18;0;0;20;18
35386;860;669;20;18;0;0;20;18
35387;880;669;20;18;0;0;20;18
35388;900;669;20;18;0;0;20;18
35390;920;669;20;18;0;0;20;18
35393;940;669;20;18;0;0;20;18
35398;960;669;20;18;0;0;20;18
35400;980;669;20;18;0;0;20;18
35406;1000;669;20;18;0;0;20;18
35408;1020;669;20;18;0;0;20;18
35410;1040;669;20;18;0;0;20;18
35412;1060;669;20;18;0;0;20;18
35413;1080;669;20;18;0;0;20;18
35419;1100;669;20;18;0;0;20;18
35422;1120;669;20;18;0;0;20;18
35424;1140;669;20;18;0;0;20;18
35425;1160;669;20;18;0;0;20;18
35426;1180;669;20;18;0;0;20;18
35427;1200;669;20;18;0;0;20;18
35430;1220;669;20;18;0;0;20;18
35433;1240;669;20;18;0;0;20;18
35435;1260;669;20;18;0;0;20;18
35436;1280;669;20;18;0;0;20;18
35437;1300;669;20;18;0;0;20;18
35438;1320;669;20;18;0;0;20;18
35440;1340;669;20;18;0;0;20;18
35441;1360;669;20;18;0;0;20;18
35442;1380;669;20;18;0;0;20;18
35443;1400;669;20;18;0;0;20;18
35445;1420;669;20;18;0;0;20;18
35449;1440;669;20;18;0;0;20;18
35452;1460;669;20;18;0;0;20;18
35455;1480;669;20;18;0;0;20;18
35460;1500;669;20;18;0;0;20;18
35461;1520;669;20;18;0;0;20;18
35462;1540;669;20;18;0;0;20;18
35463;1560;669;20;18;0;0;20;18
35465;1580;669;20;18;0;0;20;18
35466;1600;669;20;18;0;0;20;18
35468;1620;669;20;18;0;0;20;18
35469;1640;669;20;18;0;0;20;18
35473;1660;669;20;18;0;0;20;18
35474;1680;669;20;18;0;0;20;18
35475;1700;669;20;18;0;0;20;18
35477;1720;669;20;18;0;0;20;18
35480;1740;669;20;18;0;0;20;18
35482;1760;669;20;18;0;0;20;18
35486;1780;669;20;18;0;0;20;18
35488;1800;669;20;18;0;0;20;18
35489;1820;669;20;18;0;0;20;18
35491;1840;669;20;18;0;0;20;18
35492;1860;669;20;18;0;0;20;18
35493;1880;669;20;18;0;0;20;18
35494;1900;669;20;18;0;0;20;18
35496;1920;669;20;18;0;0;20;18
35498;1940;669;20;18;0;0;20;18
35500;1960;669;20;18;0;0;20;18
35501;1980;669;20;18;0;0;20;18
35504;2000;669;20;18;0;0;20;18
35506;2020;669;20;18;0;0;20;18
35510;2040;669;20;18;0;0;20;18
35513;2060;669;20;18;0;0;20;18
35516;2080;669;20;18;0;0;20;18
35519;2100;669;20;18;0;0;20;18
35522;2120;669;20;18;0;0;20;18
35524;2140;669;20;18;0;0;20;18
35527;2160;669;20;18;0;0;20;18
35529;2180;669;20;18;0;0;20;18
35531;2200;669;20;18;0;0;20;18
35533;2220;669;20;18;0;0;20;18
35535;2240;669;20;18;0;0;20;18
35537;2260;669;20;18;0;0;20;18
35538;2280;669;20;18;0;0;20;18
35542;2300;669;20;18;0;0;20;18
35543;2320;669;20;18;0;0;20;18
35547;2340;669;20;18;0;0;20;18
35548;2360;669;20;18;0;0;20;18
35550;2380;669;20;18;0;0;20;18
35553;2400;669;20;18;0;0;20;18
35554;2420;669;20;18;0;0;20;18
35556;2440;669;20;18;0;0;20;18
35558;2460;669;20;18;0;0;20;18
35559;2480;669;20;18;0;0;20;18
35563;2500;669;20;18;0;0;20;18
35565;2520;669;20;18;0;0;20;18
35566;2540;669;20;18;0;0;20;18
35569;2560;669;20;18;0;0;20;18
35571;2580;669;20;18;0;0;20;18
35574;2600;669;20;18;0;0;20;18
35575;2620;669;20;18;0;0;20;18
35576;2640;669;20;18;0;0;20;18
35578;2660;669;20;18;0;0;20;18
35580;2680;669;20;18;0;0;20;18
35582;2700;669;20;18;0;0;20;18
35584;2720;669;20;18;0;0;20;18
35585;2740;669;20;18;0;0;20;18
35586;2760;669;20;18;0;0;20;18
35588;2780;669;20;18;0;0;20;18
35589;2800;669;20;18;0;0;20;18
35591;2820;669;20;18;0;0;20;18
35594;2840;669;20;18;0;0;20;18
35598;2860;669;20;18;0;0;20;18
35600;2880;669;20;18;0;0;20;18
35604;2900;669;20;18;0;0;20;18
35606;2920;669;20;18;0;0;20;18
35607;2940;669;20;18;0;0;20;18
35609;2960;669;20;18;0;0;20;18
35610;2980;669;20;18;0;0;20;18
35611;3000;669;20;18;0;0;20;18
35613;3020;669;20;18;0;0;20;18
35616;3040;669;20;18;0;0;20;18
35617;3060;669;20;18;0;0;20;18
35618;3080;669;20;18;0;0;20;18
35624;3100;669;20;18;0;0;20;18
35627;3120;669;20;18;0;0;20;18
35628;3140;669;20;18;0;0;20;18
35635;3160;669;20;18;0;0;20;18
35641;3180;669;20;18;0;0;20;18
35646;3200;669;20;18;0;0;20;18
35649;3220;669;20;18;0;0;20;18
35657;3240;669;20;18;0;0;20;18
35662;3260;669;20;18;0;0;20;18
35663;3280;669;20;18;0;0;20;18
35670;3300;669;20;18;0;0;20;18
35672;3320;669;20;18;0;0;20;18
35673;3340;669;20;18;0;0;20;18
35674;3360;669;20;18;0;0;20;18
35676;3380;669;20;18;0;0;20;18
35679;3400;669;20;18;0;0;20;18
35686;3420;669;20;18;0;0;20;18
35691;3440;669;20;18;0;0;20;18
35692;3460;669;20;18;0;0;20;18
35695;3480;669;20;18;0;0;20;18
35696;3500;669;20;18;0;0;20;18
35697;3520;669;20;18;0;0;20;18
35698;3540;669;20;18;0;0;20;18
35700;3560;669;20;18;0;0;20;18
35703;3580;669;20;18;0;0;20;18
35709;3600;669;20;18;0;0;20;18
35712;3620;669;20;18;0;0;20;18
35722;3640;669;20;18;0;0;20;18
35724;3660;669;20;18;0;0;20;18
35726;3680;669;20;18;0;0;20;18
35730;3700;669;20;18;0;0;20;18
35731;3720;669;20;18;0;0;20;18
35733;3740;669;20;18;0;0;20;18
35734;3760;669;20;18;0;0;20;18
35738;3780;669;20;18;0;0;20;18
35740;3800;669;20;18;0;0;20;18
35742;3820;669;20;18;0;0;20;18
35745;3840;669;20;18;0;0;20;18
35746;3860;669;20;18;0;0;20;18
35747;3880;669;20;18;0;0;20;18
35748;3900;669;20;18;0;0;20;18
35749;3920;669;20;18;0;0;20;18
35750;3940;669;20;18;0;0;20;18
35751;3960;669;20;18;0;0;20;18
35752;3980;669;20;18;0;0;20;18
35753;4000;669;20;18;0;0;20;18
35754;4020;669;20;18;0;0;20;18
35755;4040;669;20;18;0;0;20;18
35757;4060;669;20;18;0;0;20;18
35758;0;687;20;18;0;0;20;18
35759;20;687;20;18;0;0;20;18
35760;40;687;20;18;0;0;20;18
35762;60;687;20;18;0;0;20;18
35763;80;687;20;18;0;0;20;18
35764;100;687;20;18;0;0;20;18
35765;120;687;20;18;0;0;20;18
35766;140;687;20;18;0;0;20;18
35767;160;687;20;18;0;0;20;18
35768;180;687;20;18;0;0;20;18
35769;200;687;20;18;0;0;20;18
35770;220;687;20;18;0;0;20;18
35772;240;687;20;18;0;0;20;18
35773;260;687;20;18;0;0;20;18
35774;280;687;20;18;0;0;20;18
35775;300;687;20;18;0;0;20;18
35776;320;687;20;18;0;0;20;18
35777;340;687;20;18;0;0;20;18
35778;360;687;20;18;0;0;20;18
35779;380;687;20;18;0;0;20;18
35780;400;687;20;18;0;0;20;18
35781;420;687;20;18;0;0;20;18
35782;440;687;20;18;0;0;20;18
35784;460;687;20;18;0;0;20;18
35785;480;687;20;18;0;0;20;18
35786;500;687;20;18;0;0;20;18
35787;520;687;20;18;0;0;20;18
35788;540;687;20;18;0;0;20;18
35789;560;687;20;18;0;0;20;18
35791;580;687;20;18;0;0;20;18
35793;600;687;20;18;0;0;20;18
35794;620;687;20;18;0;0;20;18
35795;640;687;20;18;0;0;20;18
35796;660;687;20;18;0;0;20;18
35797;680;687;20;18;0;0;20;18
35798;700;687;20;18;0;0;20;18
35799;720;687;20;18;0;0;20;18
35800;740;687;20;18;0;0;20;18
35801;760;687;20;18;0;0;20;18
35802;780;687;20;18;0;0;20;18
35803;800;687;20;18;0;0;20;18
35804;820;687;20;18;0;0;20;18
35805;840;687;20;18;0;0;20;18
35806;860;687;20;18;0;0;20;18
35807;880;687;20;18;0;0;20;18
35808;900;687;20;18;0;0;20;18
35809;920;687;20;18;0;0;20;18
35810;940;687;20;18;0;0;20;18
35811;960;687;20;18;0;0;20;18
35812;980;687;20;18;0;0;20;18
35813;1000;687;20;18;0;0;20;18
35814;1020;687;20;18;0;0;20;18
35815;1040;687;20;18;0;0;20;18
35816;1060;687;20;18;0;0;20;18
35817;1080;687;20;18;0;0;20;18
35819;1100;687;20;18;0;0;20;18
35820;1120;687;20;18;0;0;20;18
35821;1140;687;20;18;0;0;20;18
35822;1160;687;20;18;0;0;20;18
35823;1180;687;20;18;0;0;20;18
35824;1200;687;20;18;0;0;20;18
35825;1220;687;20;18;0;0;20;18
35826;1240;687;20;18;0;0;20;18
35827;1260;687;20;18;0;0;20;18
35828;1280;687;20;18;0;0;20;18
35829;1300;687;20;18;0;0;20;18
35830;1320;687;20;18;0;0;20;18
35831;1340;687;20;18;0;0;20;18
35832;1360;687;20;18;0;0;20;18
35833;1380;687;20;18;0;0;20;18
35834;1400;687;20;18;0;0;20;18
35835;1420;687;20;18;0;0;20;18
35836;1440;687;20;18;0;0;20;18
35837;1460;687;20;18;0;0;20;18
35838;1480;687;20;18;0;0;20;18
35839;1500;687;20;18;0;0;20;18
35840;1520;687;20;18;0;0;20;18
35841;1540;687;20;18;0;0;20;18
35842;1560;687;20;18;0;0;20;18
35843;1580;687;20;18;0;0;20;18
35844;1600;687;20;18;0;0;20;18
35845;1620;687;20;18;0;0;20;18
35846;1640;687;20;18;0;0;20;18
35847;1660;687;20;18;0;0;20;18
35848;1680;687;20;18;0;0;20;18
35850;1700;687;20;18;0;0;20;18
35851;1720;687;20;18;0;0;20;18
35852;1740;687;20;18;0;0;20;18
35853;1760;687;20;18;0;0;20;18
35854;1780;687;20;18;0;0;20;18
35855;1800;687;20;18;0;0;20;18
35856;1820;687;20;18;0;0;20;18
35857;1840;687;20;18;0;0;20;18
35858;1860;687;20;18;0;0;20;18
35859;1880;687;20;18;0;0;20;18
35860;1900;687;20;18;0;0;20;18
35861;1920;687;20;18;0;0;20;18
35862;1940;687;20;18;0;0;20;18
35863;1960;687;20;18;0;0;20;18
35864;1980;687;20;18;0;0;20;18
35865;2000;687;20;18;0;0;20;18
35866;2020;687;20;18;0;0;20;18
35867;2040;687;20;18;0;0;20;18
35868;2060;687;20;18;0;0;20;18
35869;2080;687;20;18;0;0;20;18
35871;2100;687;20;18;0;0;20;18
35872;2120;687;20;18;0;0;20;18
35873;2140;687;20;18;0;0;20;18
35874;2160;687;20;18;0;0;20;18
35875;2180;687;20;18;0;0;20;18
35876;2200;687;20;18;0;0;20;18
35877;2220;687;20;18;0;0;20;18
35878;2240;687;20;18;0;0;20;18
35879;2260;687;20;18;0;0;20;18
35880;2280;687;20;18;0;0;20;18
35881;2300;687;20;18;0;0;20;18
35882;2320;687;20;18;0;0;20;18
35884;2340;687;20;18;0;0;20;18
35885;2360;687;20;18;0;0;20;18
35886;2380;687;20;18;0;0;20;18
35887;2400;687;20;18;0;0;20;18
35888;2420;687;20;18;0;0;20;18
35889;2440;687;20;18;0;0;20;18
35890;2460;687;20;18;0;0;20;18
35891;2480;687;20;18;0;0;20;18
35892;2500;687;20;18;0;0;20;18
35893;2520;687;20;18;0;0;20;18
35894;2540;687;20;18;0;0;20;18
35895;2560;687;20;18;0;0;20;18
35903;2580;687;20;18;0;0;20;18
35905;2600;687;20;18;0;0;20;18
35910;2620;687;20;18;0;0;20;18
35911;2640;687;20;18;0;0;20;18
35912;2660;687;20;18;0;0;20;18
35913;2680;687;20;18;0;0;20;18
35914;2700;687;20;18;0;0;20;18
35916;2720;687;20;18;0;0;20;18
35918;2740;687;20;18;0;0;20;18
35920;2760;687;20;18;0;0;20;18
35924;2780;687;20;18;0;0;20;18
35925;2800;687;20;18;0;0;20;18
35929;2820;687;20;18;0;0;20;18
35930;2840;687;20;18;0;0;20;18
35937;2860;687;20;18;0;0;20;18
35938;2880;687;20;18;0;0;20;18
35944;2900;687;20;18;0;0;20;18
35946;2920;687;20;18;0;0;20;18
35947;2940;687;20;18;0;0;20;18
35948;2960;687;20;18;0;0;20;18
35955;2980;687;20;18;0;0;20;18
35960;3000;687;20;18;0;0;20;18
35961;3020;687;20;18;0;0;20;18
35962;3040;687;20;18;0;0;20;18
35970;3060;687;20;18;0;0;20;18
35973;3080;687;20;18;0;0;20;18
35977;3100;687;20;18;0;0;20;18
35978;3120;687;20;18;0;0;20;18
35980;3140;687;20;18;0;0;20;18
35981;3160;687;20;18;0;0;20;18
35987;3180;687;20;18;0;0;20;18
35988;3200;687;20;18;0;0;20;18
35992;3220;687;20;18;0;0;20;18
35997;3240;687;20;18;0;0;20;18
35998;3260;687;20;18;0;0;20;18
36000;3280;687;20;18;0;0;20;18
36001;3300;687;20;18;0;0;20;18
36002;3320;687;20;18;0;0;20;18
36007;3340;687;20;18;0;0;20;18
36008;3360;687;20;18;0;0;20;18
36009;3380;687;20;18;0;0;20;18
36010;3400;687;20;18;0;0;20;18
36011;3420;687;20;18;0;0;20;18
36012;3440;687;20;18;0;0;20;18
36015;3460;687;20;18;0;0;20;18
36016;3480;687;20;18;0;0;20;18
36018;3500;687;20;18;0;0;20;18
36019;3520;687;20;18;0;0;20;18
36020;3540;687;20;18;0;0;20;18
36022;3560;687;20;18;0;0;20;18
36023;3580;687;20;18;0;0;20;18
36024;3600;687;20;18;0;0;20;18
36026;3620;687;20;18;0;0;20;18
36027;3640;687;20;18;0;0;20;18
36028;3660;687;20;18;0;0;20;18
36029;3680;687;20;18;0;0;20;18
36031;3700;687;20;18;0;0;20;18
36032;3720;687;20;18;0;0;20;18
36033;3740;687;20;18;0;0;20;18
36034;3760;687;20;18;0;0;20;18
36035;3780;687;20;18;0;0;20;18
36036;3800;687;20;18;0;0;20;18
36037;3820;687;20;18;0;0;20;18
36039;3840;687;20;18;0;0;20;18
36040;3860;687;20;18;0;0;20;18
36042;3880;687;20;18;0;0;20;18
36049;3900;687;20;18;0;0;20;18
36050;3920;687;20;18;0;0;20;18
36051;3940;687;20;18;0;0;20;18
36053;3960;687;20;18;0;0;20;18
36058;3980;687;20;18;0;0;20;18
36059;4000;687;20;18;0;0;20;18
36060;4020;687;20;18;0;0;20;18
36062;4040;687;20;18;0;0;20;18
36064;4060;687;20;18;0;0;20;18
36065;0;705;20;18;0;0;20;18
36066;20;705;20;18;0;0;20;18
36067;40;705;20;18;0;0;20;18
36068;60;705;20;18;0;0;20;18
36070;80;705;20;18;0;0;20;18
36071;100;705;20;18;0;0;20;18
36074;120;705;20;18;0;0;20;18
36075;140;705;20;18;0;0;20;18
36076;160;705;20;18;0;0;20;18
36077;180;705;20;18;0;0;20;18
36084;200;705;20;18;0;0;20;18
36088;220;705;20;18;0;0;20;18
36090;240;705;20;18;0;0;20;18
36091;260;705;20;18;0;0;20;18
36092;280;705;20;18;0;0;20;18
36093;300;705;20;18;0;0;20;18
36094;320;705;20;18;0;0;20;18
36100;340;705;20;18;0;0;20;18
36101;360;705;20;18;0;0;20;18
36104;380;705;20;18;0;0;20;18
36106;400;705;20;18;0;0;20;18
36109;420;705;20;18;0;0;20;18
36111;440;705;20;18;0;0;20;18
36115;460;705;20;18;0;0;20;18
36118;480;705;20;18;0;0;20;18
36119;500;705;20;18;0;0;20;18
36123;520;705;20;18;0;0;20;18
36125;540;705;20;18;0;0;20;18
36126;560;705;20;18;0;0;20;18
36127;580;705;20;18;0;0;20;18
36129;600;705;20;18;0;0;20;18
36130;620;705;20;18;0;0;20;18
36131;640;705;20;18;0;0;20;18
36132;660;705;20;18;0;0;20;18
36133;680;705;20;18;0;0;20;18
36134;700;705;20;18;0;0;20;18
36135;720;705;20;18;0;0;20;18
36136;740;705;20;18;0;0;20;18
36137;760;705;20;18;0;0;20;18
36138;780;705;20;18;0;0;20;18
36139;800;705;20;18;0;0;20;18
36140;820;705;20;18;0;0;20;18
36141;840;705;20;18;0;0;20;18
36142;860;705;20;18;0;0;20;18
36143;880;705;20;18;0;0;20;18
36144;900;705;20;18;0;0;20;18
36145;920;705;20;18;0;0;20;18
36146;940;705;20;18;0;0;20;18
36147;960;705;20;18;0;0;20;18
36148;980;705;20;18;0;0;20;18
36149;1000;705;20;18;0;0;20;18
36150;1020;705;20;18;0;0;20;18
36151;1040;705;20;18;0;0;20;18
36152;1060;705;20;18;0;0;20;18
36153;1080;705;20;18;0;0;20;18
36154;1100;705;20;18;0;0;20;18
36155;1120;705;20;18;0;0;20;18
36156;1140;705;20;18;0;0;20;18
36157;1160;705;20;18;0;0;20;18
36158;1180;705;20;18;0;0;20;18
36159;1200;705;20;18;0;0;20;18
36161;1220;705;20;18;0;0;20;18
36162;1240;705;20;18;0;0;20;18
36163;1260;705;20;18;0;0;20;18
36164;1280;705;20;18;0;0;20;18
36165;1300;705;20;18;0;0;20;18
36167;1320;705;20;18;0;0;20;18
36168;1340;705;20;18;0;0;20;18
36169;1360;705;20;18;0;0;20;18
36170;1380;705;20;18;0;0;20;18
36171;1400;705;20;18;0;0;20;18
36172;1420;705;20;18;0;0;20;18
36173;1440;705;20;18;0;0;20;18
36174;1460;705;20;18;0;0;20;18
36175;1480;705;20;18;0;0;20;18
36176;1500;705;20;18;0;0;20;18
36179;1520;705;20;18;0;0;20;18
36180;1540;705;20;18;0;0;20;18
36181;1560;705;20;18;0;0;20;18
36182;1580;705;20;18;0;0;20;18
36184;1600;705;20;18;0;0;20;18
36185;1620;705;20;18;0;0;20;18
36186;1640;705;20;18;0;0;20;18
36187;1660;705;20;18;0;0;20;18
36188;1680;705;20;18;0;0;20;18
36189;1700;705;20;18;0;0;20;18
36190;1720;705;20;18;0;0;20;18
36191;1740;705;20;18;0;0;20;18
36192;1760;705;20;18;0;0;20;18
36193;1780;705;20;18;0;0;20;18
36194;1800;705;20;18;0;0;20;18
36195;1820;705;20;18;0;0;20;18
36196;1840;705;20;18;0;0;20;18
36198;1860;705;20;18;0;0;20;18
36199;1880;705;20;18;0;0;20;18
36203;1900;705;20;18;0;0;20;18
36205;1920;705;20;18;0;0;20;18
36208;1940;705;20;18;0;0;20;18
36211;1960;705;20;18;0;0;20;18
36212;1980;705;20;18;0;0;20;18
36213;2000;705;20;18;0;0;20;18
36214;2020;705;20;18;0;0;20;18
36215;2040;705;20;18;0;0;20;18
36225;2060;705;20;18;0;0;20;18
36228;2080;705;20;18;0;0;20;18
36229;2100;705;20;18;0;0;20;18
36234;2120;705;20;18;0;0;20;18
36235;2140;705;20;18;0;0;20;18
36241;2160;705;20;18;0;0;20;18
36244;2180;705;20;18;0;0;20;18
36245;2200;705;20;18;0;0;20;18
36249;2220;705;20;18;0;0;20;18
36255;2240;705;20;18;0;0;20;18
36259;2260;705;20;18;0;0;20;18
36264;2280;705;20;18;0;0;20;18
36273;2300;705;20;18;0;0;20;18
36274;2320;705;20;18;0;0;20;18
36275;2340;705;20;18;0;0;20;18
36276;2360;705;20;18;0;0;20;18
36277;2380;705;20;18;0;0;20;18
36280;2400;705;20;18;0;0;20;18
36282;2420;705;20;18;0;0;20;18
36284;2440;705;20;18;0;0;20;18
36286;2460;705;20;18;0;0;20;18
36287;2480;705;20;18;0;0;20;18
36291;2500;705;20;18;0;0;20;18
36292;2520;705;20;18;0;0;20;18
36294;2540;705;20;18;0;0;20;18
36299;2560;705;20;18;0;0;20;18
36300;2580;705;20;18;0;0;20;18
36302;2600;705;20;18;0;0;20;18
36303;2620;705;20;18;0;0;20;18
36304;2640;705;20;18;0;0;20;18
36305;2660;705;20;18;0;0;20;18
36310;2680;705;20;18;0;0;20;18
36311;2700;705;20;18;0;0;20;18
36314;2720;705;20;18;0;0;20;18
36315;2740;705;20;18;0;0;20;18
36317;2760;705;20;18;0;0;20;18
36318;2780;705;20;18;0;0;20;18
36319;2800;705;20;18;0;0;20;18
36321;2820;705;20;18;0;0;20;18
36323;2840;705;20;18;0;0;20;18
36324;2860;705;20;18;0;0;20;18
36328;2880;705;20;18;0;0;20;18
36330;2900;705;20;18;0;0;20;18
36332;2920;705;20;18;0;0;20;18
36335;2940;705;20;18;0;0;20;18
36339;2960;705;20;18;0;0;20;18
36341;2980;705;20;18;0;0;20;18
36342;3000;705;20;18;0;0;20;18
36343;3020;705;20;18;0;0;20;18
36344;3040;705;20;18;0;0;20;18
36345;3060;705;20;18;0;0;20;18
36346;3080;705;20;18;0;0;20;18
36347;3100;705;20;18;0;0;20;18
36348;3120;705;20;18;0;0;20;18
36357;3140;705;20;18;0;0;20;18
36361;3160;705;20;18;0;0;20;18
36362;3180;705;20;18;0;0;20;18
36364;3200;705;20;18;0;0;20;18
36367;3220;705;20;18;0;0;20;18
36368;3240;705;20;18;0;0;20;18
36370;3260;705;20;18;0;0;20;18
36372;3280;705;20;18;0;0;20;18
36381;3300;705;20;18;0;0;20;18
36382;3320;705;20;18;0;0;20;18
36383;3340;705;20;18;0;0;20;18
36386;3360;705;20;18;0;0;20;18
36393;3380;705;20;18;0;0;20;18
36394;3400;705;20;18;0;0;20;18
36395;3420;705;20;18;0;0;20;18
36396;3440;705;20;18;0;0;20;18
36398;3460;705;20;18;0;0;20;18
36399;3480;705;20;18;0;0;20;18
36400;3500;705;20;18;0;0;20;18
36401;3520;705;20;18;0;0;20;18
36404;3540;705;20;18;0;0;20;18
36405;3560;705;20;18;0;0;20;18
36409;3580;705;20;18;0;0;20;18
36410;3600;705;20;18;0;0;20;18
36413;3620;705;20;18;0;0;20;18
36416;3640;705;20;18;0;0;20;18
36417;3660;705;20;18;0;0;20;18
36418;3680;705;20;18;0;0;20;18
36420;3700;705;20;18;0;0;20;18
36423;3720;705;20;18;0;0;20;18
36424;3740;705;20;18;0;0;20;18
36425;3760;705;20;18;0;0;20;18
36426;3780;705;20;18;0;0;20;18
36427;3800;705;20;18;0;0;20;18
36428;3820;705;20;18;0;0;20;18
36432;3840;705;20;18;0;0;20;18
36433;3860;705;20;18;0;0;20;18
36434;3880;705;20;18;0;0;20;18
36435;3900;705;20;18;0;0;20;18
36437;3920;705;20;18;0;0;20;18
36441;3940;705;20;18;0;0;20;18
36442;3960;705;20;18;0;0;20;18
36447;3980;705;20;18;0;0;20;18
36451;4000;705;20;18;0;0;20;18
36452;4020;705;20;18;0;0;20;18
36454;4040;705;20;18;0;0;20;18
36457;4060;705;20;18;0;0;20;18
36460;0;723;20;18;0;0;20;18
36461;20;723;20;18;0;0;20;18
36464;40;723;20;18;0;0;20;18
36466;60;723;20;18;0;0;20;18
36468;80;723;20;18;0;0;20;18
36470;100;723;20;18;0;0;20;18
36474;120;723;20;18;0;0;20;18
36476;140;723;20;18;0;0;20;18
36477;160;723;20;18;0;0;20;18
36478;180;723;20;18;0;0;20;18
36479;200;723;20;18;0;0;20;18
36481;220;723;20;18;0;0;20;18
36482;240;723;20;18;0;0;20;18
36485;260;723;20;18;0;0;20;18
36487;280;723;20;18;0;0;20;18
36489;300;723;20;18;0;0;20;18
36490;320;723;20;18;0;0;20;18
36491;340;723;20;18;0;0;20;18
36493;360;723;20;18;0;0;20;18
36495;380;723;20;18;0;0;20;18
36496;400;723;20;18;0;0;20;18
36497;420;723;20;18;0;0;20;18
36498;440;723;20;18;0;0;20;18
36499;460;723;20;18;0;0;20;18
36501;480;723;20;18;0;0;20;18
36506;500;723;20;18;0;0;20;18
36508;520;723;20;18;0;0;20;18
36510;540;723;20;18;0;0;20;18
36513;560;723;20;18;0;0;20;18
36517;580;723;20;18;0;0;20;18
36518;600;723;20;18;0;0;20;18
36522;620;723;20;18;0;0;20;18
36523;640;723;20;18;0;0;20;18
36524;660;723;20;18;0;0;20;18
36527;680;723;20;18;0;0;20;18
36530;700;723;20;18;0;0;20;18
36538;720;723;20;18;0;0;20;18
36544;740;723;20;18;0;0;20;18
36554;760;723;20;18;0;0;20;18
36555;780;723;20;18;0;0;20;18
36556;800;723;20;18;0;0;20;18
36557;820;723;20;18;0;0;20;18
36562;840;723;20;18;0;0;20;18
36564;860;723;20;18;0;0;20;18
36571;880;723;20;18;0;0;20;18
36575;900;723;20;18;0;0;20;18
36578;920;723;20;18;0;0;20;18
36587;940;723;20;18;0;0;20;18
36594;960;723;20;18;0;0;20;18
36600;980;723;20;18;0;0;20;18
36603;1000;723;20;18;0;0;20;18
36604;1020;723;20;18;0;0;20;18
36605;1040;723;20;18;0;0;20;18
36606;1060;723;20;18;0;0;20;18
36611;1080;723;20;18;0;0;20;18
36613;1100;723;20;18;0;0;20;18
36617;1120;723;20;18;0;0;20;18
36618;1140;723;20;18;0;0;20;18
36626;1160;723;20;18;0;0;20;18
36627;1180;723;20;18;0;0;20;18
36628;1200;723;20;18;0;0;20;18
36629;1220;723;20;18;0;0;20;18
36635;1240;723;20;18;0;0;20;18
36636;1260;723;20;18;0;0;20;18
36637;1280;723;20;18;0;0;20;18
36638;1300;723;20;18;0;0;20;18
36639;1320;723;20;18;0;0;20;18
36645;1340;723;20;18;0;0;20;18
36646;1360;723;20;18;0;0;20;18
36649;1380;723;20;18;0;0;20;18
36650;1400;723;20;18;0;0;20;18
36655;1420;723;20;18;0;0;20;18
36659;1440;723;20;18;0;0;20;18
36664;1460;723;20;18;0;0;20;18
36667;1480;723;20;18;0;0;20;18
36670;1500;723;20;18;0;0;20;18
36671;1520;723;20;18;0;0;20;18
36674;1540;723;20;18;0;0;20;18
36676;1560;723;20;18;0;0;20;18
36677;1580;723;20;18;0;0;20;18
36678;1600;723;20;18;0;0;20;18
36679;1620;723;20;18;0;0;20;18
36681;1640;723;20;18;0;0;20;18
36685;1660;723;20;18;0;0;20;18
36686;1680;723;20;18;0;0;20;18
36692;1700;723;20;18;0;0;20;18
36693;1720;723;20;18;0;0;20;18
36703;1740;723;20;18;0;0;20;18
36705;1760;723;20;18;0;0;20;18
36708;1780;723;20;18;0;0;20;18
36710;1800;723;20;18;0;0;20;18
36711;1820;723;20;18;0;0;20;18
36712;1840;723;20;18;0;0;20;18
36713;1860;723;20;18;0;0;20;18
36715;1880;723;20;18;0;0;20;18
36716;1900;723;20;18;0;0;20;18
36717;1920;723;20;18;0;0;20;18
36718;1940;723;20;18;0;0;20;18
36719;1960;723;20;18;0;0;20;18
36720;1980;723;20;18;0;0;20;18
36721;2000;723;20;18;0;0;20;18
36722;2020;723;20;18;0;0;20;18
36723;2040;723;20;18;0;0;20;18
36724;2060;723;20;18;0;0;20;18
36726;2080;723;20;18;0;0;20;18
36728;2100;723;20;18;0;0;20;18
36731;2120;723;20;18;0;0;20;18
36732;2140;723;20;18;0;0;20;18
36733;2160;723;20;18;0;0;20;18
36734;2180;723;20;18;0;0;20;18
36735;2200;723;20;18;0;0;20;18
36738;2220;723;20;18;0;0;20;18
36739;2240;723;20;18;0;0;20;18
36740;2260;723;20;18;0;0;20;18
36741;2280;723;20;18;0;0;20;18
36742;2300;723;20;18;0;0;20;18
36743;2320;723;20;18;0;0;20;18
36744;2340;723;20;18;0;0;20;18
36745;2360;723;20;18;0;0;20;18
36746;2380;723;20;18;0;0;20;18
36747;2400;723;20;18;0;0;20;18
36749;2420;723;20;18;0;0;20;18
36750;2440;723;20;18;0;0;20;18
36751;2460;723;20;18;0;0;20;18
36752;2480;723;20;18;0;0;20;18
36753;2500;723;20;18;0;0;20;18
36755;2520;723;20;18;0;0;20;18
36756;2540;723;20;18;0;0;20;18
36757;2560;723;20;18;0;0;20;18
36758;2580;723;20;18;0;0;20;18
36759;2600;723;20;18;0;0;20;18
36760;2620;723;20;18;0;0;20;18
36761;2640;723;20;18;0;0;20;18
36762;2660;723;20;18;0;0;20;18
36763;2680;723;20;18;0;0;20;18
36764;2700;723;20;18;0;0;20;18
36766;2720;723;20;18;0;0;20;18
36767;2740;723;20;18;0;0;20;18
36771;2760;723;20;18;0;0;20;18
36774;2780;723;20;18;0;0;20;18
36776;2800;723;20;18;0;0;20;18
36777;2820;723;20;18;0;0;20;18
36779;2840;723;20;18;0;0;20;18
36781;2860;723;20;18;0;0;20;18
36782;2880;723;20;18;0;0;20;18
36783;2900;723;20;18;0;0;20;18
36784;2920;723;20;18;0;0;20;18
36785;2940;723;20;18;0;0;20;18
36786;2960;723;20;18;0;0;20;18
36793;2980;723;20;18;0;0;20;18
36794;3000;723;20;18;0;0;20;18
36796;3020;723;20;18;0;0;20;18
36797;3040;723;20;18;0;0;20;18
36798;3060;723;20;18;0;0;20;18
36801;3080;723;20;18;0;0;20;18
36802;3100;723;20;18;0;0;20;18
36804;3120;723;20;18;0;0;20;18
36805;3140;723;20;18;0;0;20;18
36807;3160;723;20;18;0;0;20;18
36808;3180;723;20;18;0;0;20;18
36814;3200;723;20;18;0;0;20;18
36816;3220;723;20;18;0;0;20;18
36817;3240;723;20;18;0;0;20;18
36818;3260;723;20;18;0;0;20;18
36819;3280;723;20;18;0;0;20;18
36820;3300;723;20;18;0;0;20;18
36821;3320;723;20;18;0;0;20;18
36824;3340;723;20;18;0;0;20;18
36825;3360;723;20;18;0;0;20;18
36827;3380;723;20;18;0;0;20;18
36828;3400;723;20;18;0;0;20;18
36829;3420;723;20;18;0;0;20;18
36830;3440;723;20;18;0;0;20;18
36831;3460;723;20;18;0;0;20;18
36834;3480;723;20;18;0;0;20;18
36836;3500;723;20;18;0;0;20;18
36837;3520;723;20;18;0;0;20;18
36838;3540;723;20;18;0;0;20;18
36840;3560;723;20;18;0;0;20;18
36841;3580;723;20;18;0;0;20;18
36842;3600;723;20;18;0;0;20;18
36843;3620;723;20;18;0;0;20;18
36845;3640;723;20;18;0;0;20;18
36846;3660;723;20;18;0;0;20;18
36848;3680;723;20;18;0;0;20;18
36851;3700;723;20;18;0;0;20;18
36852;3720;723;20;18;0;0;20;18
36855;3740;723;20;18;0;0;20;18
36856;3760;723;20;18;0;0;20;18
36857;3780;723;20;18;0;0;20;18
36858;3800;723;20;18;0;0;20;18
36861;3820;723;20;18;0;0;20;18
36864;3840;723;20;18;0;0;20;18
36865;3860;723;20;18;0;0;20;18
36866;3880;723;20;18;0;0;20;18
36867;3900;723;20;18;0;0;20;18
36868;3920;723;20;18;0;0;20;18
36869;3940;723;20;18;0;0;20;18
36870;3960;723;20;18;0;0;20;18
36873;3980;723;20;18;0;0;20;18
36874;4000;723;20;18;0;0;20;18
36875;4020;723;20;18;0;0;20;18
36877;4040;723;20;18;0;0;20;18
36879;4060;723;20;18;0;0;20;18
36880;0;741;20;18;0;0;20;18
36881;20;741;20;18;0;0;20;18
36882;40;741;20;18;0;0;20;18
36883;60;741;20;18;0;0;20;18
36884;80;741;20;18;0;0;20;18
36885;100;741;20;18;0;0;20;18
36886;120;741;20;18;0;0;20;18
36887;140;741;20;18;0;0;20;18
36889;160;741;20;18;0;0;20;18
36890;180;741;20;18;0;0;20;18
36891;200;741;20;18;0;0;20;18
36893;220;741;20;18;0;0;20;18
36894;240;741;20;18;0;0;20;18
36895;260;741;20;18;0;0;20;18
36896;280;741;20;18;0;0;20;18
36897;300;741;20;18;0;0;20;18
36898;320;741;20;18;0;0;20;18
36899;340;741;20;18;0;0;20;18
36902;360;741;20;18;0;0;20;18
36909;380;741;20;18;0;0;20;18
36910;400;741;20;18;0;0;20;18
36911;420;741;20;18;0;0;20;18
36913;440;741;20;18;0;0;20;18
36914;460;741;20;18;0;0;20;18
36917;480;741;20;18;0;0;20;18
36918;500;741;20;18;0;0;20;18
36920;520;741;20;18;0;0;20;18
36923;540;741;20;18;0;0;20;18
36924;560;741;20;18;0;0;20;18
36926;580;741;20;18;0;0;20;18
36929;600;741;20;18;0;0;20;18
36930;620;741;20;18;0;0;20;18
36932;640;741;20;18;0;0;20;18
36933;660;741;20;18;0;0;20;18
36935;680;741;20;18;0;0;20;18
36938;700;741;20;18;0;0;20;18
36939;720;741;20;18;0;0;20;18
36941;740;741;20;18;0;0;20;18
36942;760;741;20;18;0;0;20;18
36943;780;741;20;18;0;0;20;18
36944;800;741;20;18;0;0;20;18
36945;820;741;20;18;0;0;20;18
36946;840;741;20;18;0;0;20;18
36947;860;741;20;18;0;0;20;18
36948;880;741;20;18;0;0;20;18
36949;900;741;20;18;0;0;20;18
36951;920;741;20;18;0;0;20;18
36953;940;741;20;18;0;0;20;18
36955;960;741;20;18;0;0;20;18
36956;980;741;20;18;0;0;20;18
36958;1000;741;20;18;0;0;20;18
36960;1020;741;20;18;0;0;20;18
36961;1040;741;20;18;0;0;20;18
36962;1060;741;20;18;0;0;20;18
36963;1080;741;20;18;0;0;20;18
36965;1100;741;20;18;0;0;20;18
36968;1120;741;20;18;0;0;20;18
36969;1140;741;20;18;0;0;20;18
36973;1160;741;20;18;0;0;20;18
36974;1180;741;20;18;0;0;20;18
36978;1200;741;20;18;0;0;20;18
36980;1220;741;20;18;0;0;20;18
36981;1240;741;20;18;0;0;20;18
36983;1260;741;20;18;0;0;20;18
36984;1280;741;20;18;0;0;20;18
36986;1300;741;20;18;0;0;20;18
36988;1320;741;20;18;0;0;20;18
36989;1340;741;20;18;0;0;20;18
36991;1360;741;20;18;0;0;20;18
36992;1380;741;20;18;0;0;20;18
36993;1400;741;20;18;0;0;20;18
36994;1420;741;20;18;0;0;20;18
36995;1440;741;20;18;0;0;20;18
36996;1460;741;20;18;0;0;20;18
36999;1480;741;20;18;0;0;20;18
37000;1500;741;20;18;0;0;20;18
37002;1520;741;20;18;0;0;20;18
37003;1540;741;20;18;0;0;20;18
37007;1560;741;20;18;0;0;20;18
37008;1580;741;20;18;0;0;20;18
37009;1600;741;20;18;0;0;20;18
37011;1620;741;20;18;0;0;20;18
37013;1640;741;20;18;0;0;20;18
37015;1660;741;20;18;0;0;20;18
37017;1680;741;20;18;0;0;20;18
37019;1700;741;20;18;0;0;20;18
37021;1720;741;20;18;0;0;20;18
37024;1740;741;20;18;0;0;20;18
37026;1760;741;20;18;0;0;20;18
37027;1780;741;20;18;0;0;20;18
37030;1800;741;20;18;0;0;20;18
37034;1820;741;20;18;0;0;20;18
37036;1840;741;20;18;0;0;20;18
37038;1860;741;20;18;0;0;20;18
37039;1880;741;20;18;0;0;20;18
37040;1900;741;20;18;0;0;20;18
37041;1920;741;20;18;0;0;20;18
37043;1940;741;20;18;0;0;20;18
37044;1960;741;20;18;0;0;20;18
37045;1980;741;20;18;0;0;20;18
37046;2000;741;20;18;0;0;20;18
37048;2020;741;20;18;0;0;20;18
37049;2040;741;20;18;0;0;20;18
37050;2060;741;20;18;0;0;20;18
37051;2080;741;20;18;0;0;20;18
37054;2100;741;20;18;0;0;20;18
37057;2120;741;20;18;0;0;20;18
37060;2140;741;20;18;0;0;20;18
37061;2160;741;20;18;0;0;20;18
37063;2180;741;20;18;0;0;20;18
37066;2200;741;20;18;0;0;20;18
37070;2220;741;20;18;0;0;20;18
37071;2240;741;20;18;0;0;20;18
37073;2260;741;20;18;0;0;20;18
37075;2280;741;20;18;0;0;20;18
37079;2300;741;20;18;0;0;20;18
37083;2320;741;20;18;0;0;20;18
37084;2340;741;20;18;0;0;20;18
37085;2360;741;20;18;0;0;20;18
37087;2380;741;20;18;0;0;20;18
37089;2400;741;20;18;0;0;20;18
37090;2420;741;20;18;0;0;20;18
37092;2440;741;20;18;0;0;20;18
37094;2460;741;20;18;0;0;20;18
37095;2480;741;20;18;0;0;20;18
37096;2500;741;20;18;0;0;20;18
37099;2520;741;20;18;0;0;20;18
37101;2540;741;20;18;0;0;20;18
37103;2560;741;20;18;0;0;20;18
37108;2580;741;20;18;0;0;20;18
37109;2600;741;20;18;0;0;20;18
37111;2620;741;20;18;0;0;20;18
37112;2640;741;20;18;0;0;20;18
37117;2660;741;20;18;0;0;20;18
37118;2680;741;20;18;0;0;20;18
37119;2700;741;20;18;0;0;20;18
37122;2720;741;20;18;0;0;20;18
37124;2740;741;20;18;0;0;20;18
37126;2760;741;20;18;0;0;20;18
37129;2780;741;20;18;0;0;20;18
37138;2800;741;20;18;0;0;20;18
37140;2820;741;20;18;0;0;20;18
37142;2840;741;20;18;0;0;20;18
37145;2860;741;20;18;0;0;20;18
37150;2880;741;20;18;0;0;20;18
37154;2900;741;20;18;0;0;20;18
37159;2920;741;20;18;0;0;20;18
37165;2940;741;20;18;0;0;20;18
37167;2960;741;20;18;0;0;20;18
37168;2980;741;20;18;0;0;20;18
37169;3000;741;20;18;0;0;20;18
37170;3020;741;20;18;0;0;20;18
37172;3040;741;20;18;0;0;20;18
37178;3060;741;20;18;0;0;20;18
37187;3080;741;20;18;0;0;20;18
37190;3100;741;20;18;0;0;20;18
37192;3120;741;20;18;0;0;20;18
37193;3140;741;20;18;0;0;20;18
37194;3160;741;20;18;0;0;20;18
37195;3180;741;20;18;0;0;20;18
37196;3200;741;20;18;0;0;20;18
37197;3220;741;20;18;0;0;20;18
37198;3240;741;20;18;0;0;20;18
37200;3260;741;20;18;0;0;20;18
37202;3280;741;20;18;0;0;20;18
37204;3300;741;20;18;0;0;20;18
37207;3320;741;20;18;0;0;20;18
37210;3340;741;20;18;0;0;20;18
37213;3360;741;20;18;0;0;20;18
37214;3380;741;20;18;0;0;20;18
37217;3400;741;20;18;0;0;20;18
37218;3420;741;20;18;0;0;20;18
37219;3440;741;20;18;0;0;20;18
37220;3460;741;20;18;0;0;20;18
37221;3480;741;20;18;0;0;20;18
37225;3500;741;20;18;0;0;20;18
37226;3520;741;20;18;0;0;20;18
37228;3540;741;20;18;0;0;20;18
37230;3560;741;20;18;0;0;20;18
37231;3580;741;20;18;0;0;20;18
37232;3600;741;20;18;0;0;20;18
37233;3620;741;20;18;0;0;20;18
37234;3640;741;20;18;0;0;20;18
37237;3660;741;20;18;0;0;20;18
37238;3680;741;20;18;0;0;20;18
37239;3700;741;20;18;0;0;20;18
37240;3720;741;20;18;0;0;20;18
37241;3740;741;20;18;0;0;20;18
37242;3760;741;20;18;0;0;20;18
37245;3780;741;20;18;0;0;20;18
37247;3800;741;20;18;0;0;20;18
37251;3820;741;20;18;0;0;20;18
37253;3840;741;20;18;0;0;20;18
37255;3860;741;20;18;0;0;20;18
37257;3880;741;20;18;0;0;20;18
37259;3900;741;20;18;0;0;20;18
37260;3920;741;20;18;0;0;20;18
37261;3940;741;20;18;0;0;20;18
37264;3960;741;20;18;0;0;20;18
37266;3980;741;20;18;0;0;20;18
37274;4000;741;20;18;0;0;20;18
37275;4020;741;20;18;0;0;20;18
37276;4040;741;20;18;0;0;20;18
37278;4060;741;20;18;0;0;20;18
37282;0;759;20;18;0;0;20;18
37283;20;759;20;18;0;0;20;18
37290;40;759;20;18;0;0;20;18
37291;60;759;20;18;0;0;20;18
37292;80;759;20;18;0;0;20;18
37294;100;759;20;18;0;0;20;18
37295;120;759;20;18;0;0;20;18
37297;140;759;20;18;0;0;20;18
37300;160;759;20;18;0;0;20;18
37304;180;759;20;18;0;0;20;18
37306;200;759;20;18;0;0;20;18
37312;220;759;20;18;0;0;20;18
37313;240;759;20;18;0;0;20;18
37317;260;759;20;18;0;0;20;18
37319;280;759;20;18;0;0;20;18
37320;300;759;20;18;0;0;20;18
37321;320;759;20;18;0;0;20;18
37322;340;759;20;18;0;0;20;18
37323;360;759;20;18;0;0;20;18
37324;380;759;20;18;0;0;20;18
37325;400;759;20;18;0;0;20;18
37326;420;759;20;18;0;0;20;18
37327;440;759;20;18;0;0;20;18
37328;460;759;20;18;0;0;20;18
37329;480;759;20;18;0;0;20;18
37332;500;759;20;18;0;0;20;18
37333;520;759;20;18;0;0;20;18
37335;540;759;20;18;0;0;20;18
37336;560;759;20;18;0;0;20;18
37337;580;759;20;18;0;0;20;18
37340;600;759;20;18;0;0;20;18
37341;620;759;20;18;0;0;20;18
37347;640;759;20;18;0;0;20;18
37350;660;759;20;18;0;0;20;18
37351;680;759;20;18;0;0;20;18
37353;700;759;20;18;0;0;20;18
37356;720;759;20;18;0;0;20;18
37365;740;759;20;18;0;0;20;18
37367;760;759;20;18;0;0;20;18
37369;780;759;20;18;0;0;20;18
37376;800;759;20;18;0;0;20;18
37377;820;759;20;18;0;0;20;18
37384;840;759;20;18;0;0;20;18
37385;860;759;20;18;0;0;20;18
37389;880;759;20;18;0;0;20;18
37392;900;759;20;18;0;0;20;18
37393;920;759;20;18;0;0;20;18
37396;940;759;20;18;0;0;20;18
37397;960;759;20;18;0;0;20;18
37406;980;759;20;18;0;0;20;18
37411;1000;759;20;18;0;0;20;18
37414;1020;759;20;18;0;0;20;18
37421;1040;759;20;18;0;0;20;18
37422;1060;759;20;18;0;0;20;18
37424;1080;759;20;18;0;0;20;18
37428;1100;759;20;18;0;0;20;18
37431;1120;759;20;18;0;0;20;18
37432;1140;759;20;18;0;0;20;18
37433;1160;759;20;18;0;0;20;18
37434;1180;759;20;18;0;0;20;18
37437;1200;759;20;18;0;0;20;18
37438;1220;759;20;18;0;0;20;18
37439;1240;759;20;18;0;0;20;18
37440;1260;759;20;18;0;0;20;18
37444;1280;759;20;18;0;0;20;18
37445;1300;759;20;18;0;0;20;18
37446;1320;759;20;18;0;0;20;18
37448;1340;759;20;18;0;0;20;18
37449;1360;759;20;18;0;0;20;18
37453;1380;759;20;18;0;0;20;18
37457;1400;759;20;18;0;0;20;18
37463;1420;759;20;18;0;0;20;18
37466;1440;759;20;18;0;0;20;18
37467;1460;759;20;18;0;0;20;18
37470;1480;759;20;18;0;0;20;18
37474;1500;759;20;18;0;0;20;18
37476;1520;759;20;18;0;0;20;18
37478;1540;759;20;18;0;0;20;18
37484;1560;759;20;18;0;0;20;18
37485;1580;759;20;18;0;0;20;18
37489;1600;759;20;18;0;0;20;18
37492;1620;759;20;18;0;0;20;18
37496;1640;759;20;18;0;0;20;18
37498;1660;759;20;18;0;0;20;18
37499;1680;759;20;18;0;0;20;18
37503;1700;759;20;18;0;0;20;18
37504;1720;759;20;18;0;0;20;18
37507;1740;759;20;18;0;0;20;18
37509;1760;759;20;18;0;0;20;18
37514;1780;759;20;18;0;0;20;18
37521;1800;759;20;18;0;0;20;18
37523;1820;759;20;18;0;0;20;18
37526;1840;759;20;18;0;0;20;18
37528;1860;759;20;18;0;0;20;18
37530;1880;759;20;18;0;0;20;18
37532;1900;759;20;18;0;0;20;18
37536;1920;759;20;18;0;0;20;18
37539;1940;759;20;18;0;0;20;18
37541;1960;759;20;18;0;0;20;18
37542;1980;759;20;18;0;0;20;18
37544;2000;759;20;18;0;0;20;18
37547;2020;759;20;18;0;0;20;18
37548;2040;759;20;18;0;0;20;18
37549;2060;759;20;18;0;0;20;18
37550;2080;759;20;18;0;0;20;18
37554;2100;759;20;18;0;0;20;18
37555;2120;759;20;18;0;0;20;18
37559;2140;759;20;18;0;0;20;18
37561;2160;759;20;18;0;0;20;18
37563;2180;759;20;18;0;0;20;18
37564;2200;759;20;18;0;0;20;18
37569;2220;759;20;18;0;0;20;18
37571;2240;759;20;18;0;0;20;18
37573;2260;759;20;18;0;0;20;18
37574;2280;759;20;18;0;0;20;18
37575;2300;759;20;18;0;0;20;18
37576;2320;759;20;18;0;0;20;18
37580;2340;759;20;18;0;0;20;18
37583;2360;759;20;18;0;0;20;18
37584;2380;759;20;18;0;0;20;18
37586;2400;759;20;18;0;0;20;18
37589;2420;759;20;18;0;0;20;18
37604;2440;759;20;18;0;0;20;18
37605;2460;759;20;18;0;0;20;18
37606;2480;759;20;18;0;0;20;18
37608;2500;759;20;18;0;0;20;18
37610;2520;759;20;18;0;0;20;18
37613;2540;759;20;18;0;0;20;18
37615;2560;759;20;18;0;0;20;18
37616;2580;759;20;18;0;0;20;18
37619;2600;759;20;18;0;0;20;18
37624;2620;759;20;18;0;0;20;18
37628;2640;759;20;18;0;0;20;18
37633;2660;759;20;18;0;0;20;18
37636;2680;759;20;18;0;0;20;18
37640;2700;759;20;18;0;0;20;18
37648;2720;759;20;18;0;0;20;18
37650;2740;759;20;18;0;0;20;18
37653;2760;759;20;18;0;0;20;18
37656;2780;759;20;18;0;0;20;18
37657;2800;759;20;18;0;0;20;18
37658;2820;759;20;18;0;0;20;18
37659;2840;759;20;18;0;0;20;18
37664;2860;759;20;18;0;0;20;18
37665;2880;759;20;18;0;0;20;18
37666;2900;759;20;18;0;0;20;18
37670;2920;759;20;18;0;0;20;18
37672;2940;759;20;18;0;0;20;18
37675;2960;759;20;18;0;0;20;18
37676;2980;759;20;18;0;0;20;18
37678;3000;759;20;18;0;0;20;18
37679;3020;759;20;18;0;0;20;18
37682;3040;759;20;18;0;0;20;18
37683;3060;759;20;18;0;0;20;18
37686;3080;759;20;18;0;0;20;18
37688;3100;759;20;18;0;0;20;18
37694;3120;759;20;18;0;0;20;18
37696;3140;759;20;18;0;0;20;18
37697;3160;759;20;18;0;0;20;18
37703;3180;759;20;18;0;0;20;18
37706;3200;759;20;18;0;0;20;18
37707;3220;759;20;18;0;0;20;18
37709;3240;759;20;18;0;0;20;18
37716;3260;759;20;18;0;0;20;18
37720;3280;759;20;18;0;0;20;18
37723;3300;759;20;18;0;0;20;18
37732;3320;759;20;18;0;0;20;18
37733;3340;759;20;18;0;0;20;18
37738;3360;759;20;18;0;0;20;18
37740;3380;759;20;18;0;0;20;18
37749;3400;759;20;18;0;0;20;18
37750;3420;759;20;18;0;0;20;18
37754;3440;759;20;18;0;0;20;18
37758;3460;759;20;18;0;0;20;18
37762;3480;759;20;18;0;0;20;18
37770;3500;759;20;18;0;0;20;18
37772;3520;759;20;18;0;0;20;18
37775;3540;759;20;18;0;0;20;18
37779;3560;759;20;18;0;0;20;18
37780;3580;759;20;18;0;0;20;18
37782;3600;759;20;18;0;0;20;18
37783;3620;759;20;18;0;0;20;18
37784;3640;759;20;18;0;0;20;18
37786;3660;759;20;18;0;0;20;18
37789;3680;759;20;18;0;0;20;18
37794;3700;759;20;18;0;0;20;18
37795;3720;759;20;18;0;0;20;18
37798;3740;759;20;18;0;0;20;18
37799;3760;759;20;18;0;0;20;18
37801;3780;759;20;18;0;0;20;18
37804;3800;759;20;18;0;0;20;18
37806;3820;759;20;18;0;0;20;18
37807;3840;759;20;18;0;0;20;18
37808;3860;759;20;18;0;0;20;18
37811;3880;759;20;18;0;0;20;18
37813;3900;759;20;18;0;0;20;18
37827;3920;759;20;18;0;0;20;18
37831;3940;759;20;18;0;0;20;18
37832;3960;759;20;18;0;0;20;18
37834;3980;759;20;18;0;0;20;18
37840;4000;759;20;18;0;0;20;18
37841;4020;759;20;18;0;0;20;18
37846;4040;759;20;18;0;0;20;18
37847;4060;759;20;18;0;0;20;18
37848;0;777;20;18;0;0;20;18
37852;20;777;20;18;0;0;20;18
37853;40;777;20;18;0;0;20;18
37854;60;777;20;18;0;0;20;18
37855;80;777;20;18;0;0;20;18
37857;100;777;20;18;0;0;20;18
37858;120;777;20;18;0;0;20;18
37860;140;777;20;18;0;0;20;18
37864;160;777;20;18;0;0;20;18
37877;180;777;20;18;0;0;20;18
37881;200;777;20;18;0;0;20;18
37885;220;777;20;18;0;0;20;18
37891;240;777;20;18;0;0;20;18
37904;260;777;20;18;0;0;20;18
37907;280;777;20;18;0;0;20;18
37908;300;777;20;18;0;0;20;18
37912;320;777;20;18;0;0;20;18
37913;340;777;20;18;0;0;20;18
37917;360;777;20;18;0;0;20;18
37927;380;777;20;18;0;0;20;18
37931;400;777;20;18;0;0;20;18
37934;420;777;20;18;0;0;20;18
37938;440;777;20;18;0;0;20;18
37939;460;777;20;18;0;0;20;18
37941;480;777;20;18;0;0;20;18
37944;500;777;20;18;0;0;20;18
37946;520;777;20;18;0;0;20;18
37950;540;777;20;18;0;0;20;18
37956;560;777;20;18;0;0;20;18
37962;580;777;20;18;0;0;20;18
37964;600;777;20;18;0;0;20;18
37969;620;777;20;18;0;0;20;18
37970;640;777;20;18;0;0;20;18
37972;660;777;20;18;0;0;20;18
37984;680;777;20;18;0;0;20;18
37987;700;777;20;18;0;0;20;18
37995;720;777;20;18;0;0;20;18
37997;740;777;20;18;0;0;20;18
38000;760;777;20;18;0;0;20;18
38001;780;777;20;18;0;0;20;18
38002;800;777;20;18;0;0;20;18
38004;820;777;20;18;0;0;20;18
38007;840;777;20;18;0;0;20;18
38009;860;777;20;18;0;0;20;18
38012;880;777;20;18;0;0;20;18
38013;900;777;20;18;0;0;20;18
38014;920;777;20;18;0;0;20;18
38015;940;777;20;18;0;0;20;18
38023;960;777;20;18;0;0;20;18
38024;980;777;20;18;0;0;20;18
38025;1000;777;20;18;0;0;20;18
38026;1020;777;20;18;0;0;20;18
38027;1040;777;20;18;0;0;20;18
38028;1060;777;20;18;0;0;20;18
38029;1080;777;20;18;0;0;20;18
38030;1100;777;20;18;0;0;20;18
38031;1120;777;20;18;0;0;20;18
38034;1140;777;20;18;0;0;20;18
38035;1160;777;20;18;0;0;20;18
38037;1180;777;20;18;0;0;20;18
38039;1200;777;20;18;0;0;20;18
38041;1220;777;20;18;0;0;20;18
38042;1240;777;20;18;0;0;20;18
38043;1260;777;20;18;0;0;20;18
38044;1280;777;20;18;0;0;20;18
38045;1300;777;20;18;0;0;20;18
38046;1320;777;20;18;0;0;20;18
38047;1340;777;20;18;0;0;20;18
38048;1360;777;20;18;0;0;20;18
38049;1380;777;20;18;0;0;20;18
38050;1400;777;20;18;0;0;20;18
38051;1420;777;20;18;0;0;20;18
38052;1440;777;20;18;0;0;20;18
38053;1460;777;20;18;0;0;20;18
38054;1480;777;20;18;0;0;20;18
38055;1500;777;20;18;0;0;20;18
38056;1520;777;20;18;0;0;20;18
38057;1540;777;20;18;0;0;20;18
38059;1560;777;20;18;0;0;20;18
38062;1580;777;20;18;0;0;20;18
38063;1600;777;20;18;0;0;20;18
38064;1620;777;20;18;0;0;20;18
38065;1640;777;20;18;0;0;20;18
38066;1660;777;20;18;0;0;20;18
38067;1680;777;20;18;0;0;20;18
38068;1700;777;20;18;0;0;20;18
38069;1720;777;20;18;0;0;20;18
38073;1740;777;20;18;0;0;20;18
38074;1760;777;20;18;0;0;20;18
38075;1780;777;20;18;0;0;20;18
38076;1800;777;20;18;0;0;20;18
38077;1820;777;20;18;0;0;20;18
38078;1840;777;20;18;0;0;20;18
38079;1860;777;20;18;0;0;20;18
38080;1880;777;20;18;0;0;20;18
38081;1900;777;20;18;0;0;20;18
38082;1920;777;20;18;0;0;20;18
38083;1940;777;20;18;0;0;20;18
38084;1960;777;20;18;0;0;20;18
38085;1980;777;20;18;0;0;20;18
38086;2000;777;20;18;0;0;20;18
38088;2020;777;20;18;0;0;20;18
38089;2040;777;20;18;0;0;20;18
38090;2060;777;20;18;0;0;20;18
38091;2080;777;20;18;0;0;20;18
38092;2100;777;20;18;0;0;20;18
38093;2120;777;20;18;0;0;20;18
38094;2140;777;20;18;0;0;20;18
38096;2160;777;20;18;0;0;20;18
38097;2180;777;20;18;0;0;20;18
38098;2200;777;20;18;0;0;20;18
38103;2220;777;20;18;0;0;20;18
38105;2240;777;20;18;0;0;20;18
38107;2260;777;20;18;0;0;20;18
38108;2280;777;20;18;0;0;20;18
38109;2300;777;20;18;0;0;20;18
38111;2320;777;20;18;0;0;20;18
38112;2340;777;20;18;0;0;20;18
38113;2360;777;20;18;0;0;20;18
38114;2380;777;20;18;0;0;20;18
38115;2400;777;20;18;0;0;20;18
38116;2420;777;20;18;0;0;20;18
38119;2440;777;20;18;0;0;20;18
38120;2460;777;20;18;0;0;20;18
38121;2480;777;20;18;0;0;20;18
38122;2500;777;20;18;0;0;20;18
38123;2520;777;20;18;0;0;20;18
38124;2540;777;20;18;0;0;20;18
38125;2560;777;20;18;0;0;20;18
38126;2580;777;20;18;0;0;20;18
38127;2600;777;20;18;0;0;20;18
38128;2620;777;20;18;0;0;20;18
38129;2640;777;20;18;0;0;20;18
38130;2660;777;20;18;0;0;20;18
38131;2680;777;20;18;0;0;20;18
38133;2700;777;20;18;0;0;20;18
38134;2720;777;20;18;0;0;20;18
38135;2740;777;20;18;0;0;20;18
38136;2760;777;20;18;0;0;20;18
38138;2780;777;20;18;0;0;20;18
38139;2800;777;20;18;0;0;20;18
38140;2820;777;20;18;0;0;20;18
38142;2840;777;20;18;0;0;20;18
38143;2860;777;20;18;0;0;20;18
38144;2880;777;20;18;0;0;20;18
38145;2900;777;20;18;0;0;20;18
38146;2920;777;20;18;0;0;20;18
38147;2940;777;20;18;0;0;20;18
38148;2960;777;20;18;0;0;20;18
38149;2980;777;20;18;0;0;20;18
38150;3000;777;20;18;0;0;20;18
38151;3020;777;20;18;0;0;20;18
38152;3040;777;20;18;0;0;20;18
38153;3060;777;20;18;0;0;20;18
38155;3080;777;20;18;0;0;20;18
38156;3100;777;20;18;0;0;20;18
38159;3120;777;20;18;0;0;20;18
38160;3140;777;20;18;0;0;20;18
38161;3160;777;20;18;0;0;20;18
38162;3180;777;20;18;0;0;20;18
38164;3200;777;20;18;0;0;20;18
38165;3220;777;20;18;0;0;20;18
38167;3240;777;20;18;0;0;20;18
38169;3260;777;20;18;0;0;20;18
38170;3280;777;20;18;0;0;20;18
38171;3300;777;20;18;0;0;20;18
38172;3320;777;20;18;0;0;20;18
38173;3340;777;20;18;0;0;20;18
38174;3360;777;20;18;0;0;20;18
38175;3380;777;20;18;0;0;20;18
38177;3400;777;20;18;0;0;20;18
38178;3420;777;20;18;0;0;20;18
38179;3440;777;20;18;0;0;20;18
38180;3460;777;20;18;0;0;20;18
38181;3480;777;20;18;0;0;20;18
38182;3500;777;20;18;0;0;20;18
38184;3520;777;20;18;0;0;20;18
38185;3540;777;20;18;0;0;20;18
38189;3560;777;20;18;0;0;20;18
38190;3580;777;20;18;0;0;20;18
38191;3600;777;20;18;0;0;20;18
38192;3620;777;20;18;0;0;20;18
38193;3640;777;20;18;0;0;20;18
38194;3660;777;20;18;0;0;20;18
38196;3680;777;20;18;0;0;20;18
38197;3700;777;20;18;0;0;20;18
38198;3720;777;20;18;0;0;20;18
38199;3740;777;20;18;0;0;20;18
38200;3760;777;20;18;0;0;20;18
38201;3780;777;20;18;0;0;20;18
38202;3800;777;20;18;0;0;20;18
38203;3820;777;20;18;0;0;20;18
38208;3840;777;20;18;0;0;20;18
38209;3860;777;20;18;0;0;20;18
38210;3880;777;20;18;0;0;20;18
38215;3900;777;20;18;0;0;20;18
38217;3920;777;20;18;0;0;20;18
38218;3940;777;20;18;0;0;20;18
38220;3960;777;20;18;0;0;20;18
38221;3980;777;20;18;0;0;20;18
38223;4000;777;20;18;0;0;20;18
38224;4020;777;20;18;0;0;20;18
38225;4040;777;20;18;0;0;20;18
38226;4060;777;20;18;0;0;20;18
38227;0;795;20;18;0;0;20;18
38228;20;795;20;18;0;0;20;18
38229;40;795;20;18;0;0;20;18
38230;60;795;20;18;0;0;20;18
38231;80;795;20;18;0;0;20;18
38232;100;795;20;18;0;0;20;18
38234;120;795;20;18;0;0;20;18
38235;140;795;20;18;0;0;20;18
38236;160;795;20;18;0;0;20;18
38237;180;795;20;18;0;0;20;18
38238;200;795;20;18;0;0;20;18
38240;220;795;20;18;0;0;20;18
38241;240;795;20;18;0;0;20;18
38242;260;795;20;18;0;0;20;18
38243;280;795;20;18;0;0;20;18
38246;300;795;20;18;0;0;20;18
38247;320;795;20;18;0;0;20;18
38249;340;795;20;18;0;0;20;18
38250;360;795;20;18;0;0;20;18
38251;380;795;20;18;0;0;20;18
38252;400;795;20;18;0;0;20;18
38253;420;795;20;18;0;0;20;18
38255;440;795;20;18;0;0;20;18
38256;460;795;20;18;0;0;20;18
38258;480;795;20;18;0;0;20;18
38259;500;795;20;18;0;0;20;18
38260;520;795;20;18;0;0;20;18
38261;540;795;20;18;0;0;20;18
38262;560;795;20;18;0;0;20;18
38263;580;795;20;18;0;0;20;18
38271;600;795;20;18;0;0;20;18
38272;620;795;20;18;0;0;20;18
38274;640;795;20;18;0;0;20;18
38275;660;795;20;18;0;0;20;18
38281;680;795;20;18;0;0;20;18
38283;700;795;20;18;0;0;20;18
38284;720;795;20;18;0;0;20;18
38286;740;795;20;18;0;0;20;18
38287;760;795;20;18;0;0;20;18
38289;780;795;20;18;0;0;20;18
38290;800;795;20;18;0;0;20;18
38291;820;795;20;18;0;0;20;18
38292;840;795;20;18;0;0;20;18
38295;860;795;20;18;0;0;20;18
38296;880;795;20;18;0;0;20;18
38305;900;795;20;18;0;0;20;18
38306;920;795;20;18;0;0;20;18
38307;940;795;20;18;0;0;20;18
38308;960;795;20;18;0;0;20;18
38309;980;795;20;18;0;0;20;18
38312;1000;795;20;18;0;0;20;18
38313;1020;795;20;18;0;0;20;18
38315;1040;795;20;18;0;0;20;18
38316;1060;795;20;18;0;0;20;18
38317;1080;795;20;18;0;0;20;18
38320;1100;795;20;18;0;0;20;18
38321;1120;795;20;18;0;0;20;18
38322;1140;795;20;18;0;0;20;18
38326;1160;795;20;18;0;0;20;18
38329;1180;795;20;18;0;0;20;18
38331;1200;795;20;18;0;0;20;18
38332;1220;795;20;18;0;0;20;18
38333;1240;795;20;18;0;0;20;18
38334;1260;795;20;18;0;0;20;18
38338;1280;795;20;18;0;0;20;18
38339;1300;795;20;18;0;0;20;18
38342;1320;795;20;18;0;0;20;18
38343;1340;795;20;18;0;0;20;18
38344;1360;795;20;18;0;0;20;18
38346;1380;795;20;18;0;0;20;18
38347;1400;795;20;18;0;0;20;18
38348;1420;795;20;18;0;0;20;18
38352;1440;795;20;18;0;0;20;18
38355;1460;795;20;18;0;0;20;18
38356;1480;795;20;18;0;0;20;18
38357;1500;795;20;18;0;0;20;18
38358;1520;795;20;18;0;0;20;18
38360;1540;795;20;18;0;0;20;18
38364;1560;795;20;18;0;0;20;18
38366;1580;795;20;18;0;0;20;18
38369;1600;795;20;18;0;0;20;18
38370;1620;795;20;18;0;0;20;18
38373;1640;795;20;18;0;0;20;18
38376;1660;795;20;18;0;0;20;18
38377;1680;795;20;18;0;0;20;18
38378;1700;795;20;18;0;0;20;18
38381;1720;795;20;18;0;0;20;18
38382;1740;795;20;18;0;0;20;18
38383;1760;795;20;18;0;0;20;18
38384;1780;795;20;18;0;0;20;18
38385;1800;795;20;18;0;0;20;18
38386;1820;795;20;18;0;0;20;18
38387;1840;795;20;18;0;0;20;18
38388;1860;795;20;18;0;0;20;18
38389;1880;795;20;18;0;0;20;18
38390;1900;795;20;18;0;0;20;18
38391;1920;795;20;18;0;0;20;18
38392;1940;795;20;18;0;0;20;18
38393;1960;795;20;18;0;0;20;18
38394;1980;795;20;18;0;0;20;18
38395;2000;795;20;18;0;0;20;18
38396;2020;795;20;18;0;0;20;18
38397;2040;795;20;18;0;0;20;18
38398;2060;795;20;18;0;0;20;18
38399;2080;795;20;18;0;0;20;18
38400;2100;795;20;18;0;0;20;18
38401;2120;795;20;18;0;0;20;18
38402;2140;795;20;18;0;0;20;18
38403;2160;795;20;18;0;0;20;18
38404;2180;795;20;18;0;0;20;18
38405;2200;795;20;18;0;0;20;18
38406;2220;795;20;18;0;0;20;18
38407;2240;795;20;18;0;0;20;18
38408;2260;795;20;18;0;0;20;18
38409;2280;795;20;18;0;0;20;18
38410;2300;795;20;18;0;0;20;18
38411;2320;795;20;18;0;0;20;18
38413;2340;795;20;18;0;0;20;18
38414;2360;795;20;18;0;0;20;18
38415;2380;795;20;18;0;0;20;18
38416;2400;795;20;18;0;0;20;18
38417;2420;795;20;18;0;0;20;18
38418;2440;795;20;18;0;0;20;18
38420;2460;795;20;18;0;0;20;18
38421;2480;795;20;18;0;0;20;18
38422;2500;795;20;18;0;0;20;18
38423;2520;795;20;18;0;0;20;18
38425;2540;795;20;18;0;0;20;18
38426;2560;795;20;18;0;0;20;18
38428;2580;795;20;18;0;0;20;18
38431;2600;795;20;18;0;0;20;18
38433;2620;795;20;18;0;0;20;18
38440;2640;795;20;18;0;0;20;18
38442;2660;795;20;18;0;0;20;18
38446;2680;795;20;18;0;0;20;18
38447;2700;795;20;18;0;0;20;18
38449;2720;795;20;18;0;0;20;18
38450;2740;795;20;18;0;0;20;18
38451;2760;795;20;18;0;0;20;18
38452;2780;795;20;18;0;0;20;18
38453;2800;795;20;18;0;0;20;18
38454;2820;795;20;18;0;0;20;18
38459;2840;795;20;18;0;0;20;18
38463;2860;795;20;18;0;0;20;18
38464;2880;795;20;18;0;0;20;18
38466;2900;795;20;18;0;0;20;18
38468;2920;795;20;18;0;0;20;18
38469;2940;795;20;18;0;0;20;18
38470;2960;795;20;18;0;0;20;18
38471;2980;795;20;18;0;0;20;18
38472;3000;795;20;18;0;0;20;18
38473;3020;795;20;18;0;0;20;18
38475;3040;795;20;18;0;0;20;18
38476;3060;795;20;18;0;0;20;18
38477;3080;795;20;18;0;0;20;18
38479;3100;795;20;18;0;0;20;18
38480;3120;795;20;18;0;0;20;18
38484;3140;795;20;18;0;0;20;18
38485;3160;795;20;18;0;0;20;18
38488;3180;795;20;18;0;0;20;18
38491;3200;795;20;18;0;0;20;18
38492;3220;795;20;18;0;0;20;18
38493;3240;795;20;18;0;0;20;18
38494;3260;795;20;18;0;0;20;18
38495;3280;795;20;18;0;0;20;18
38497;3300;795;20;18;0;0;20;18
38498;3320;795;20;18;0;0;20;18
38499;3340;795;20;18;0;0;20;18
38500;3360;795;20;18;0;0;20;18
38501;3380;795;20;18;0;0;20;18
38504;3400;795;20;18;0;0;20;18
38505;3420;795;20;18;0;0;20;18
38506;3440;795;20;18;0;0;20;18
38508;3460;795;20;18;0;0;20;18
38512;3480;795;20;18;0;0;20;18
38514;3500;795;20;18;0;0;20;18
38515;3520;795;20;18;0;0;20;18
38517;3540;795;20;18;0;0;20;18
38518;3560;795;20;18;0;0;20;18
38519;3580;795;20;18;0;0;20;18
38520;3600;795;20;18;0;0;20;18
38522;3620;795;20;18;0;0;20;18
38525;3640;795;20;18;0;0;20;18
38533;3660;795;20;18;0;0;20;18
38534;3680;795;20;18;0;0;20;18
38536;3700;795;20;18;0;0;20;18
38538;3720;795;20;18;0;0;20;18
38539;3740;795;20;18;0;0;20;18
38541;3760;795;20;18;0;0;20;18
38542;3780;795;20;18;0;0;20;18
38543;3800;795;20;18;0;0;20;18
38544;3820;795;20;18;0;0;20;18
38548;3840;795;20;18;0;0;20;18
38549;3860;795;20;18;0;0;20;18
38551;3880;795;20;18;0;0;20;18
38552;3900;795;20;18;0;0;20;18
38553;3920;795;20;18;0;0;20;18
38555;3940;795;20;18;0;0;20;18
38556;3960;795;20;18;0;0;20;18
38558;3980;795;20;18;0;0;20;18
38560;4000;795;20;18;0;0;20;18
38563;4020;795;20;18;0;0;20;18
38564;4040;795;20;18;0;0;20;18
38567;4060;795;20;18;0;0;20;18
38568;0;813;20;18;0;0;20;18
38570;20;813;20;18;0;0;20;18
38576;40;813;20;18;0;0;20;18
38577;60;813;20;18;0;0;20;18
38579;80;813;20;18;0;0;20;18
38580;100;813;20;18;0;0;20;18
38582;120;813;20;18;0;0;20;18
38583;140;813;20;18;0;0;20;18
38584;160;813;20;18;0;0;20;18
38585;180;813;20;18;0;0;20;18
38587;200;813;20;18;0;0;20;18
38588;220;813;20;18;0;0;20;18
38589;240;813;20;18;0;0;20;18
38590;260;813;20;18;0;0;20;18
38592;280;813;20;18;0;0;20;18
38593;300;813;20;18;0;0;20;18
38596;320;813;20;18;0;0;20;18
38597;340;813;20;18;0;0;20;18
38598;360;813;20;18;0;0;20;18
38599;380;813;20;18;0;0;20;18
38601;400;813;20;18;0;0;20;18
38603;420;813;20;18;0;0;20;18
38604;440;813;20;18;0;0;20;18
38605;460;813;20;18;0;0;20;18
38606;480;813;20;18;0;0;20;18
38607;500;813;20;18;0;0;20;18
38609;520;813;20;18;0;0;20;18
38610;540;813;20;18;0;0;20;18
38613;560;813;20;18;0;0;20;18
38614;580;813;20;18;0;0;20;18
38617;600;813;20;18;0;0;20;18
38619;620;813;20;18;0;0;20;18
38620;640;813;20;18;0;0;20;18
38622;660;813;20;18;0;0;20;18
38624;680;813;20;18;0;0;20;18
38626;700;813;20;18;0;0;20;18
38627;720;813;20;18;0;0;20;18
38632;740;813;20;18;0;0;20;18
38633;760;813;20;18;0;0;20;18
38634;780;813;20;18;0;0;20;18
38639;800;813;20;18;0;0;20;18
38640;820;813;20;18;0;0;20;18
38641;840;813;20;18;0;0;20;18
38642;860;813;20;18;0;0;20;18
38643;880;813;20;18;0;0;20;18
38646;900;813;20;18;0;0;20;18
38647;920;813;20;18;0;0;20;18
38649;940;813;20;18;0;0;20;18
38651;960;813;20;18;0;0;20;18
38654;980;813;20;18;0;0;20;18
38656;1000;813;20;18;0;0;20;18
38657;1020;813;20;18;0;0;20;18
38660;1040;813;20;18;0;0;20;18
38662;1060;813;20;18;0;0;20;18
38663;1080;813;20;18;0;0;20;18
38664;1100;813;20;18;0;0;20;18
38665;1120;813;20;18;0;0;20;18
38666;1140;813;20;18;0;0;20;18
38669;1160;813;20;18;0;0;20;18
38670;1180;813;20;18;0;0;20;18
38671;1200;813;20;18;0;0;20;18
38673;1220;813;20;18;0;0;20;18
38675;1240;813;20;18;0;0;20;18
38678;1260;813;20;18;0;0;20;18
38684;1280;813;20;18;0;0;20;18
38686;1300;813;20;18;0;0;20;18
38692;1320;813;20;18;0;0;20;18
38695;1340;813;20;18;0;0;20;18
38696;1360;813;20;18;0;0;20;18
38698;1380;813;20;18;0;0;20;18
38701;1400;813;20;18;0;0;20;18
38704;1420;813;20;18;0;0;20;18
38706;1440;813;20;18;0;0;20;18
38712;1460;813;20;18;0;0;20;18
38713;1480;813;20;18;0;0;20;18
38717;1500;813;20;18;0;0;20;18
38718;1520;813;20;18;0;0;20;18
38722;1540;813;20;18;0;0;20;18
38724;1560;813;20;18;0;0;20;18
38728;1580;813;20;18;0;0;20;18
38729;1600;813;20;18;0;0;20;18
38738;1620;813;20;18;0;0;20;18
38739;1640;813;20;18;0;0;20;18
38742;1660;813;20;18;0;0;20;18
38745;1680;813;20;18;0;0;20;18
38746;1700;813;20;18;0;0;20;18
38747;1720;813;20;18;0;0;20;18
38748;1740;813;20;18;0;0;20;18
38750;1760;813;20;18;0;0;20;18
38752;1780;813;20;18;0;0;20;18
38753;1800;813;20;18;0;0;20;18
38754;1820;813;20;18;0;0;20;18
38757;1840;813;20;18;0;0;20;18
38758;1860;813;20;18;0;0;20;18
38760;1880;813;20;18;0;0;20;18
38761;1900;813;20;18;0;0;20;18
38768;1920;813;20;18;0;0;20;18
38771;1940;813;20;18;0;0;20;18
38772;1960;813;20;18;0;0;20;18
38774;1980;813;20;18;0;0;20;18
38776;2000;813;20;18;0;0;20;18
38778;2020;813;20;18;0;0;20;18
38780;2040;813;20;18;0;0;20;18
38783;2060;813;20;18;0;0;20;18
38789;2080;813;20;18;0;0;20;18
38795;2100;813;20;18;0;0;20;18
38797;2120;813;20;18;0;0;20;18
38799;2140;813;20;18;0;0;20;18
38801;2160;813;20;18;0;0;20;18
38802;2180;813;20;18;0;0;20;18
38808;2200;813;20;18;0;0;20;18
38815;2220;813;20;18;0;0;20;18
38816;2240;813;20;18;0;0;20;18
38817;2260;813;20;18;0;0;20;18
38819;2280;813;20;18;0;0;20;18
38822;2300;813;20;18;0;0;20;18
38823;2320;813;20;18;0;0;20;18
38824;2340;813;20;18;0;0;20;18
38827;2360;813;20;18;0;0;20;18
38828;2380;813;20;18;0;0;20;18
38829;2400;813;20;18;0;0;20;18
38831;2420;813;20;18;0;0;20;18
38834;2440;813;20;18;0;0;20;18
38835;2460;813;20;18;0;0;20;18
38836;2480;813;20;18;0;0;20;18
38845;2500;813;20;18;0;0;20;18
38849;2520;813;20;18;0;0;20;18
38851;2540;813;20;18;0;0;20;18
38854;2560;813;20;18;0;0;20;18
38857;2580;813;20;18;0;0;20;18
38859;2600;813;20;18;0;0;20;18
38860;2620;813;20;18;0;0;20;18
38867;2640;813;20;18;0;0;20;18
38873;2660;813;20;18;0;0;20;18
38876;2680;813;20;18;0;0;20;18
38877;2700;813;20;18;0;0;20;18
38878;2720;813;20;18;0;0;20;18
38886;2740;813;20;18;0;0;20;18
38887;2760;813;20;18;0;0;20;18
38889;2780;813;20;18;0;0;20;18
38890;2800;813;20;18;0;0;20;18
38891;2820;813;20;18;0;0;20;18
38892;2840;813;20;18;0;0;20;18
38893;2860;813;20;18;0;0;20;18
38899;2880;813;20;18;0;0;20;18
38901;2900;813;20;18;0;0;20;18
38902;2920;813;20;18;0;0;20;18
38907;2940;813;20;18;0;0;20;18
38910;2960;813;20;18;0;0;20;18
38911;2980;813;20;18;0;0;20;18
38913;3000;813;20;18;0;0;20;18
38914;3020;813;20;18;0;0;20;18
38915;3040;813;20;18;0;0;20;18
38917;3060;813;20;18;0;0;20;18
38918;3080;813;20;18;0;0;20;18
38919;3100;813;20;18;0;0;20;18
38920;3120;813;20;18;0;0;20;18
38922;3140;813;20;18;0;0;20;18
38924;3160;813;20;18;0;0;20;18
38926;3180;813;20;18;0;0;20;18
38927;3200;813;20;18;0;0;20;18
38928;3220;813;20;18;0;0;20;18
38929;3240;813;20;18;0;0;20;18
38930;3260;813;20;18;0;0;20;18
38931;3280;813;20;18;0;0;20;18
38935;3300;813;20;18;0;0;20;18
38936;3320;813;20;18;0;0;20;18
38940;3340;813;20;18;0;0;20;18
38945;3360;813;20;18;0;0;20;18
38948;3380;813;20;18;0;0;20;18
38950;3400;813;20;18;0;0;20;18
38955;3420;813;20;18;0;0;20;18
38957;3440;813;20;18;0;0;20;18
38960;3460;813;20;18;0;0;20;18
38967;3480;813;20;18;0;0;20;18
38968;3500;813;20;18;0;0;20;18
38969;3520;813;20;18;0;0;20;18
38971;3540;813;20;18;0;0;20;18
38972;3560;813;20;18;0;0;20;18
38982;3580;813;20;18;0;0;20;18
38988;3600;813;20;18;0;0;20;18
38989;3620;813;20;18;0;0;20;18
38990;3640;813;20;18;0;0;20;18
38991;3660;813;20;18;0;0;20;18
38995;3680;813;20;18;0;0;20;18
38996;3700;813;20;18;0;0;20;18
38997;3720;813;20;18;0;0;20;18
39000;3740;813;20;18;0;0;20;18
39001;3760;813;20;18;0;0;20;18
39003;3780;813;20;18;0;0;20;18
39006;3800;813;20;18;0;0;20;18
39010;3820;813;20;18;0;0;20;18
39013;3840;813;20;18;0;0;20;18
39015;3860;813;20;18;0;0;20;18
39019;3880;813;20;18;0;0;20;18
39023;3900;813;20;18;0;0;20;18
39024;3920;813;20;18;0;0;20;18
39025;3940;813;20;18;0;0;20;18
39027;3960;813;20;18;0;0;20;18
39028;3980;813;20;18;0;0;20;18
39029;4000;813;20;18;0;0;20;18
39030;4020;813;20;18;0;0;20;18
39031;4040;813;20;18;0;0;20;18
39032;4060;813;20;18;0;0;20;18
39033;0;831;20;18;0;0;20;18
39034;20;831;20;18;0;0;20;18
39035;40;831;20;18;0;0;20;18
39036;60;831;20;18;0;0;20;18
39037;80;831;20;18;0;0;20;18
39038;100;831;20;18;0;0;20;18
39039;120;831;20;18;0;0;20;18
39040;140;831;20;18;0;0;20;18
39041;160;831;20;18;0;0;20;18
39042;180;831;20;18;0;0;20;18
39043;200;831;20;18;0;0;20;18
39044;220;831;20;18;0;0;20;18
39045;240;831;20;18;0;0;20;18
39046;260;831;20;18;0;0;20;18
39047;280;831;20;18;0;0;20;18
39048;300;831;20;18;0;0;20;18
39049;320;831;20;18;0;0;20;18
39050;340;831;20;18;0;0;20;18
39052;360;831;20;18;0;0;20;18
39053;380;831;20;18;0;0;20;18
39054;400;831;20;18;0;0;20;18
39055;420;831;20;18;0;0;20;18
39056;440;831;20;18;0;0;20;18
39057;460;831;20;18;0;0;20;18
39059;480;831;20;18;0;0;20;18
39060;500;831;20;18;0;0;20;18
39062;520;831;20;18;0;0;20;18
39063;540;831;20;18;0;0;20;18
39064;560;831;20;18;0;0;20;18
39065;580;831;20;18;0;0;20;18
39066;600;831;20;18;0;0;20;18
39067;620;831;20;18;0;0;20;18
39068;640;831;20;18;0;0;20;18
39069;660;831;20;18;0;0;20;18
39070;680;831;20;18;0;0;20;18
39071;700;831;20;18;0;0;20;18
39072;720;831;20;18;0;0;20;18
39073;740;831;20;18;0;0;20;18
39074;760;831;20;18;0;0;20;18
39076;780;831;20;18;0;0;20;18
39078;800;831;20;18;0;0;20;18
39079;820;831;20;18;0;0;20;18
39080;840;831;20;18;0;0;20;18
39085;860;831;20;18;0;0;20;18
39086;880;831;20;18;0;0;20;18
39087;900;831;20;18;0;0;20;18
39089;920;831;20;18;0;0;20;18
39091;940;831;20;18;0;0;20;18
39094;960;831;20;18;0;0;20;18
39098;980;831;20;18;0;0;20;18
39100;1000;831;20;18;0;0;20;18
39108;1020;831;20;18;0;0;20;18
39110;1040;831;20;18;0;0;20;18
39112;1060;831;20;18;0;0;20;18
39118;1080;831;20;18;0;0;20;18
39121;1100;831;20;18;0;0;20;18
39122;1120;831;20;18;0;0;20;18
39123;1140;831;20;18;0;0;20;18
39125;1160;831;20;18;0;0;20;18
39128;1180;831;20;18;0;0;20;18
39129;1200;831;20;18;0;0;20;18
39130;1220;831;20;18;0;0;20;18
39131;1240;831;20;18;0;0;20;18
39134;1260;831;20;18;0;0;20;18
39135;1280;831;20;18;0;0;20;18
39138;1300;831;20;18;0;0;20;18
39143;1320;831;20;18;0;0;20;18
39144;1340;831;20;18;0;0;20;18
39145;1360;831;20;18;0;0;20;18
39146;1380;831;20;18;0;0;20;18
39147;1400;831;20;18;0;0;20;18
39149;1420;831;20;18;0;0;20;18
39151;1440;831;20;18;0;0;20;18
39154;1460;831;20;18;0;0;20;18
39156;1480;831;20;18;0;0;20;18
39164;1500;831;20;18;0;0;20;18
39165;1520;831;20;18;0;0;20;18
39166;1540;831;20;18;0;0;20;18
39171;1560;831;20;18;0;0;20;18
39173;1580;831;20;18;0;0;20;18
39177;1600;831;20;18;0;0;20;18
39178;1620;831;20;18;0;0;20;18
39180;1640;831;20;18;0;0;20;18
39181;1660;831;20;18;0;0;20;18
39184;1680;831;20;18;0;0;20;18
39185;1700;831;20;18;0;0;20;18
39186;1720;831;20;18;0;0;20;18
39187;1740;831;20;18;0;0;20;18
39192;1760;831;20;18;0;0;20;18
39194;1780;831;20;18;0;0;20;18
39195;1800;831;20;18;0;0;20;18
39198;1820;831;20;18;0;0;20;18
39201;1840;831;20;18;0;0;20;18
39208;1860;831;20;18;0;0;20;18
39212;1880;831;20;18;0;0;20;18
39214;1900;831;20;18;0;0;20;18
39219;1920;831;20;18;0;0;20;18
39221;1940;831;20;18;0;0;20;18
39223;1960;831;20;18;0;0;20;18
39228;1980;831;20;18;0;0;20;18
39229;2000;831;20;18;0;0;20;18
39230;2020;831;20;18;0;0;20;18
39231;2040;831;20;18;0;0;20;18
39235;2060;831;20;18;0;0;20;18
39237;2080;831;20;18;0;0;20;18
39240;2100;831;20;18;0;0;20;18
39241;2120;831;20;18;0;0;20;18
39242;2140;831;20;18;0;0;20;18
39243;2160;831;20;18;0;0;20;18
39244;2180;831;20;18;0;0;20;18
39249;2200;831;20;18;0;0;20;18
39250;2220;831;20;18;0;0;20;18
39252;2240;831;20;18;0;0;20;18
39253;2260;831;20;18;0;0;20;18
39255;2280;831;20;18;0;0;20;18
39260;2300;831;20;18;0;0;20;18
39262;2320;831;20;18;0;0;20;18
39266;2340;831;20;18;0;0;20;18
39269;2360;831;20;18;0;0;20;18
39271;2380;831;20;18;0;0;20;18
39272;2400;831;20;18;0;0;20;18
39273;2420;831;20;18;0;0;20;18
39274;2440;831;20;18;0;0;20;18
39275;2460;831;20;18;0;0;20;18
39276;2480;831;20;18;0;0;20;18
39277;2500;831;20;18;0;0;20;18
39278;2520;831;20;18;0;0;20;18
39279;2540;831;20;18;0;0;20;18
39280;2560;831;20;18;0;0;20;18
39281;2580;831;20;18;0;0;20;18
39282;2600;831;20;18;0;0;20;18
39284;2620;831;20;18;0;0;20;18
39285;2640;831;20;18;0;0;20;18
39286;2660;831;20;18;0;0;20;18
39287;2680;831;20;18;0;0;20;18
39288;2700;831;20;18;0;0;20;18
39289;2720;831;20;18;0;0;20;18
39290;2740;831;20;18;0;0;20;18
39292;2760;831;20;18;0;0;20;18
39293;2780;831;20;18;0;0;20;18
39295;2800;831;20;18;0;0;20;18
39296;2820;831;20;18;0;0;20;18
39297;2840;831;20;18;0;0;20;18
39299;2860;831;20;18;0;0;20;18
39300;2880;831;20;18;0;0;20;18
39301;2900;831;20;18;0;0;20;18
39302;2920;831;20;18;0;0;20;18
39303;2940;831;20;18;0;0;20;18
39304;2960;831;20;18;0;0;20;18
39306;2980;831;20;18;0;0;20;18
39307;3000;831;20;18;0;0;20;18
39309;3020;831;20;18;0;0;20;18
39311;3040;831;20;18;0;0;20;18
39312;3060;831;20;18;0;0;20;18
39313;3080;831;20;18;0;0;20;18
39314;3100;831;20;18;0;0;20;18
39315;3120;831;20;18;0;0;20;18
39316;3140;831;20;18;0;0;20;18
39317;3160;831;20;18;0;0;20;18
39318;3180;831;20;18;0;0;20;18
39319;3200;831;20;18;0;0;20;18
39321;3220;831;20;18;0;0;20;18
39333;3240;831;20;18;0;0;20;18
39336;3260;831;20;18;0;0;20;18
39340;3280;831;20;18;0;0;20;18
39341;3300;831;20;18;0;0;20;18
39342;3320;831;20;18;0;0;20;18
39345;3340;831;20;18;0;0;20;18
39347;3360;831;20;18;0;0;20;18
39348;3380;831;20;18;0;0;20;18
39361;3400;831;20;18;0;0;20;18
39364;3420;831;20;18;0;0;20;18
39365;3440;831;20;18;0;0;20;18
39366;3460;831;20;18;0;0;20;18
39376;3480;831;20;18;0;0;20;18
39377;3500;831;20;18;0;0;20;18
39378;3520;831;20;18;0;0;20;18
39381;3540;831;20;18;0;0;20;18
39384;3560;831;20;18;0;0;20;18
39385;3580;831;20;18;0;0;20;18
39387;3600;831;20;18;0;0;20;18
39389;3620;831;20;18;0;0;20;18
39391;3640;831;20;18;0;0;20;18
39394;3660;831;20;18;0;0;20;18
39402;3680;831;20;18;0;0;20;18
39405;3700;831;20;18;0;0;20;18
39409;3720;831;20;18;0;0;20;18
39423;3740;831;20;18;0;0;20;18
39425;3760;831;20;18;0;0;20;18
39427;3780;831;20;18;0;0;20;18
39429;3800;831;20;18;0;0;20;18
39437;3820;831;20;18;0;0;20;18
39438;3840;831;20;18;0;0;20;18
39439;3860;831;20;18;0;0;20;18
39442;3880;831;20;18;0;0;20;18
39443;3900;831;20;18;0;0;20;18
39446;3920;831;20;18;0;0;20;18
39449;3940;831;20;18;0;0;20;18
39467;3960;831;20;18;0;0;20;18
39469;3980;831;20;18;0;0;20;18
39470;4000;831;20;18;0;0;20;18
39472;4020;831;20;18;0;0;20;18
39479;4040;831;20;18;0;0;20;18
39480;4060;831;20;18;0;0;20;18
39486;0;849;20;18;0;0;20;18
39488;20;849;20;18;0;0;20;18
39489;40;849;20;18;0;0;20;18
39490;60;849;20;18;0;0;20;18
39491;80;849;20;18;0;0;20;18
39492;100;849;20;18;0;0;20;18
39493;120;849;20;18;0;0;20;18
39498;140;849;20;18;0;0;20;18
39501;160;849;20;18;0;0;20;18
39503;180;849;20;18;0;0;20;18
39509;200;849;20;18;0;0;20;18
39511;220;849;20;18;0;0;20;18
39514;240;849;20;18;0;0;20;18
39515;260;849;20;18;0;0;20;18
39519;280;849;20;18;0;0;20;18
39522;300;849;20;18;0;0;20;18
39524;320;849;20;18;0;0;20;18
39525;340;849;20;18;0;0;20;18
39530;360;849;20;18;0;0;20;18
39532;380;849;20;18;0;0;20;18
39533;400;849;20;18;0;0;20;18
39534;420;849;20;18;0;0;20;18
39535;440;849;20;18;0;0;20;18
39536;460;849;20;18;0;0;20;18
39537;480;849;20;18;0;0;20;18
39539;500;849;20;18;0;0;20;18
39540;520;849;20;18;0;0;20;18
39542;540;849;20;18;0;0;20;18
39543;560;849;20;18;0;0;20;18
39544;580;849;20;18;0;0;20;18
39545;600;849;20;18;0;0;20;18
39547;620;849;20;18;0;0;20;18
39548;640;849;20;18;0;0;20;18
39549;660;849;20;18;0;0;20;18
39550;680;849;20;18;0;0;20;18
39551;700;849;20;18;0;0;20;18
39552;720;849;20;18;0;0;20;18
39553;740;849;20;18;0;0;20;18
39554;760;849;20;18;0;0;20;18
39556;780;849;20;18;0;0;20;18
39557;800;849;20;18;0;0;20;18
39558;820;849;20;18;0;0;20;18
39559;840;849;20;18;0;0;20;18
39560;860;849;20;18;0;0;20;18
39562;880;849;20;18;0;0;20;18
39563;900;849;20;18;0;0;20;18
39564;920;849;20;18;0;0;20;18
39566;940;849;20;18;0;0;20;18
39567;960;849;20;18;0;0;20;18
39568;980;849;20;18;0;0;20;18
39569;1000;849;20;18;0;0;20;18
39570;1020;849;20;18;0;0;20;18
39571;1040;849;20;18;0;0;20;18
39574;1060;849;20;18;0;0;20;18
39575;1080;849;20;18;0;0;20;18
39576;1100;849;20;18;0;0;20;18
39578;1120;849;20;18;0;0;20;18
39579;1140;849;20;18;0;0;20;18
39580;1160;849;20;18;0;0;20;18
39581;1180;849;20;18;0;0;20;18
39582;1200;849;20;18;0;0;20;18
39583;1220;849;20;18;0;0;20;18
39584;1240;849;20;18;0;0;20;18
39585;1260;849;20;18;0;0;20;18
39586;1280;849;20;18;0;0;20;18
39587;1300;849;20;18;0;0;20;18
39588;1320;849;20;18;0;0;20;18
39589;1340;849;20;18;0;0;20;18
39591;1360;849;20;18;0;0;20;18
39592;1380;849;20;18;0;0;20;18
39599;1400;849;20;18;0;0;20;18
39600;1420;849;20;18;0;0;20;18
39606;1440;849;20;18;0;0;20;18
39607;1460;849;20;18;0;0;20;18
39608;1480;849;20;18;0;0;20;18
39610;1500;849;20;18;0;0;20;18
39612;1520;849;20;18;0;0;20;18
39616;1540;849;20;18;0;0;20;18
39617;1560;849;20;18;0;0;20;18
39618;1580;849;20;18;0;0;20;18
39620;1600;849;20;18;0;0;20;18
39621;1620;849;20;18;0;0;20;18
39627;1640;849;20;18;0;0;20;18
39628;1660;849;20;18;0;0;20;18
39631;1680;849;20;18;0;0;20;18
39633;1700;849;20;18;0;0;20;18
39634;1720;849;20;18;0;0;20;18
39635;1740;849;20;18;0;0;20;18
39636;1760;849;20;18;0;0;20;18
39637;1780;849;20;18;0;0;20;18
39638;1800;849;20;18;0;0;20;18
39640;1820;849;20;18;0;0;20;18
39649;1840;849;20;18;0;0;20;18
39651;1860;849;20;18;0;0;20;18
39654;1880;849;20;18;0;0;20;18
39658;1900;849;20;18;0;0;20;18
39659;1920;849;20;18;0;0;20;18
39661;1940;849;20;18;0;0;20;18
39662;1960;849;20;18;0;0;20;18
39663;1980;849;20;18;0;0;20;18
39673;2000;849;20;18;0;0;20;18
39675;2020;849;20;18;0;0;20;18
39683;2040;849;20;18;0;0;20;18
39686;2060;849;20;18;0;0;20;18
39688;2080;849;20;18;0;0;20;18
39693;2100;849;20;18;0;0;20;18
39695;2120;849;20;18;0;0;20;18
39699;2140;849;20;18;0;0;20;18
39706;2160;849;20;18;0;0;20;18
39711;2180;849;20;18;0;0;20;18
39714;2200;849;20;18;0;0;20;18
39715;2220;849;20;18;0;0;20;18
39717;2240;849;20;18;0;0;20;18
39719;2260;849;20;18;0;0;20;18
39720;2280;849;20;18;0;0;20;18
39721;2300;849;20;18;0;0;20;18
39726;2320;849;20;18;0;0;20;18
39729;2340;849;20;18;0;0;20;18
39730;2360;849;20;18;0;0;20;18
39739;2380;849;20;18;0;0;20;18
39740;2400;849;20;18;0;0;20;18
39745;2420;849;20;18;0;0;20;18
39746;2440;849;20;18;0;0;20;18
39747;2460;849;20;18;0;0;20;18
39748;2480;849;20;18;0;0;20;18
39749;2500;849;20;18;0;0;20;18
39750;2520;849;20;18;0;0;20;18
39751;2540;849;20;18;0;0;20;18
39752;2560;849;20;18;0;0;20;18
39753;2580;849;20;18;0;0;20;18
39757;2600;849;20;18;0;0;20;18
39758;2620;849;20;18;0;0;20;18
39759;2640;849;20;18;0;0;20;18
39761;2660;849;20;18;0;0;20;18
39764;2680;849;20;18;0;0;20;18
39768;2700;849;20;18;0;0;20;18
39770;2720;849;20;18;0;0;20;18
39784;2740;849;20;18;0;0;20;18
39791;2760;849;20;18;0;0;20;18
39796;2780;849;20;18;0;0;20;18
39799;2800;849;20;18;0;0;20;18
39809;2820;849;20;18;0;0;20;18
39811;2840;849;20;18;0;0;20;18
39822;2860;849;20;18;0;0;20;18
39824;2880;849;20;18;0;0;20;18
39825;2900;849;20;18;0;0;20;18
39826;2920;849;20;18;0;0;20;18
39850;2940;849;20;18;0;0;20;18
39851;2960;849;20;18;0;0;20;18
39853;2980;849;20;18;0;0;20;18
39854;3000;849;20;18;0;0;20;18
39872;3020;849;20;18;0;0;20;18
39873;3040;849;20;18;0;0;20;18
39879;3060;849;20;18;0;0;20;18
39881;3080;849;20;18;0;0;20;18
39882;3100;849;20;18;0;0;20;18
39892;3120;849;20;18;0;0;20;18
39894;3140;849;20;18;0;0;20;18
39895;3160;849;20;18;0;0;20;18
39899;3180;849;20;18;0;0;20;18
39901;3200;849;20;18;0;0;20;18
39905;3220;849;20;18;0;0;20;18
39906;3240;849;20;18;0;0;20;18
39908;3260;849;20;18;0;0;20;18
39911;3280;849;20;18;0;0;20;18
39912;3300;849;20;18;0;0;20;18
39914;3320;849;20;18;0;0;20;18
39920;3340;849;20;18;0;0;20;18
39933;3360;849;20;18;0;0;20;18
39935;3380;849;20;18;0;0;20;18
39944;3400;849;20;18;0;0;20;18
39945;3420;849;20;18;0;0;20;18
39949;3440;849;20;18;0;0;20;18
39954;3460;849;20;18;0;0;20;18
39955;3480;849;20;18;0;0;20;18
39971;3500;849;20;18;0;0;20;18
39973;3520;849;20;18;0;0;20;18
39976;3540;849;20;18;0;0;20;18
39977;3560;849;20;18;0;0;20;18
39981;3580;849;20;18;0;0;20;18
39985;3600;849;20;18;0;0;20;18
39986;3620;849;20;18;0;0;20;18
39987;3640;849;20;18;0;0;20;18
39993;3660;849;20;18;0;0;20;18
39995;3680;849;20;18;0;0;20;18
39998;3700;849;20;18;0;0;20;18
40005;3720;849;20;18;0;0;20;18
40008;3740;849;20;18;0;0;20;18
40009;3760;849;20;18;0;0;20;18
40018;3780;849;20;18;0;0;20;18
40020;3800;849;20;18;0;0;20;18
40022;3820;849;20;18;0;0;20;18
40023;3840;849;20;18;0;0;20;18
40024;3860;849;20;18;0;0;20;18
40029;3880;849;20;18;0;0;20;18
40031;3900;849;20;18;0;0;20;18
40039;3920;849;20;18;0;0;20;18
40045;3940;849;20;18;0;0;20;18
40055;3960;849;20;18;0;0;20;18
40056;3980;849;20;18;0;0;20;18
40058;4000;849;20;18;0;0;20;18
40060;4020;849;20;18;0;0;20;18
40063;4040;849;20;18;0;0;20;18
40064;4060;849;20;18;0;0;20;18
40065;0;867;20;18;0;0;20;18
40066;20;867;20;18;0;0;20;18
40069;40;867;20;18;0;0;20;18
40070;60;867;20;18;0;0;20;18
40071;80;867;20;18;0;0;20;18
40072;100;867;20;18;0;0;20;18
40075;120;867;20;18;0;0;20;18
40077;140;867;20;18;0;0;20;18
40078;160;867;20;18;0;0;20;18
40080;180;867;20;18;0;0;20;18
40081;200;867;20;18;0;0;20;18
40084;220;867;20;18;0;0;20;18
40090;240;867;20;18;0;0;20;18
40091;260;867;20;18;0;0;20;18
40092;280;867;20;18;0;0;20;18
40094;300;867;20;18;0;0;20;18
40095;320;867;20;18;0;0;20;18
40096;340;867;20;18;0;0;20;18
40097;360;867;20;18;0;0;20;18
40098;380;867;20;18;0;0;20;18
40099;400;867;20;18;0;0;20;18
40100;420;867;20;18;0;0;20;18
40101;440;867;20;18;0;0;20;18
40103;460;867;20;18;0;0;20;18
40104;480;867;20;18;0;0;20;18
40105;500;867;20;18;0;0;20;18
40107;520;867;20;18;0;0;20;18
40110;540;867;20;18;0;0;20;18
40113;560;867;20;18;0;0;20;18
40114;580;867;20;18;0;0;20;18
40115;600;867;20;18;0;0;20;18
40116;620;867;20;18;0;0;20;18
40117;640;867;20;18;0;0;20;18
40119;660;867;20;18;0;0;20;18
40120;680;867;20;18;0;0;20;18
40123;700;867;20;18;0;0;20;18
40124;720;867;20;18;0;0;20;18
40125;740;867;20;18;0;0;20;18
40128;760;867;20;18;0;0;20;18
40131;780;867;20;18;0;0;20;18
40132;800;867;20;18;0;0;20;18
40133;820;867;20;18;0;0;20;18
40135;840;867;20;18;0;0;20;18
40138;860;867;20;18;0;0;20;18
40140;880;867;20;18;0;0;20;18
40141;900;867;20;18;0;0;20;18
40142;920;867;20;18;0;0;20;18
40143;940;867;20;18;0;0;20;18
40144;960;867;20;18;0;0;20;18
40147;980;867;20;18;0;0;20;18
40148;1000;867;20;18;0;0;20;18
40149;1020;867;20;18;0;0;20;18
40150;1040;867;20;18;0;0;20;18
40151;1060;867;20;18;0;0;20;18
40153;1080;867;20;18;0;0;20;18
40156;1100;867;20;18;0;0;20;18
40157;1120;867;20;18;0;0;20;18
40158;1140;867;20;18;0;0;20;18
40159;1160;867;20;18;0;0;20;18
40162;1180;867;20;18;0;0;20;18
40165;1200;867;20;18;0;0;20;18
40167;1220;867;20;18;0;0;20;18
40169;1240;867;20;18;0;0;20;18
40179;1260;867;20;18;0;0;20;18
40180;1280;867;20;18;0;0;20;18
40182;1300;867;20;18;0;0;20;18
40195;1320;867;20;18;0;0;20;18
40198;1340;867;20;18;0;0;20;18
40199;1360;867;20;18;0;0;20;18
40201;1380;867;20;18;0;0;20;18
40210;1400;867;20;18;0;0;20;18
40213;1420;867;20;18;0;0;20;18
40219;1440;867;20;18;0;0;20;18
40221;1460;867;20;18;0;0;20;18
40223;1480;867;20;18;0;0;20;18
40227;1500;867;20;18;0;0;20;18
40230;1520;867;20;18;0;0;20;18
40232;1540;867;20;18;0;0;20;18
40239;1560;867;20;18;0;0;20;18
40240;1580;867;20;18;0;0;20;18
40251;1600;867;20;18;0;0;20;18
40255;1620;867;20;18;0;0;20;18
40273;1640;867;20;18;0;0;20;18
40274;1660;867;20;18;0;0;20;18
40275;1680;867;20;18;0;0;20;18
40284;1700;867;20;18;0;0;20;18
40285;1720;867;20;18;0;0;20;18
40288;1740;867;20;18;0;0;20;18
40289;1760;867;20;18;0;0;20;18
40298;1780;867;20;18;0;0;20;18
40300;1800;867;20;18;0;0;20;18
40303;1820;867;20;18;0;0;20;18
40304;1840;867;20;18;0;0;20;18
40306;1860;867;20;18;0;0;20;18
40327;1880;867;20;18;0;0;20;18
40329;1900;867;20;18;0;0;20;18
40335;1920;867;20;18;0;0;20;18
40339;1940;867;20;18;0;0;20;18
40342;1960;867;20;18;0;0;20;18
40344;1980;867;20;18;0;0;20;18
40346;2000;867;20;18;0;0;20;18
40357;2020;867;20;18;0;0;20;18
40358;2040;867;20;18;0;0;20;18
40361;2060;867;20;18;0;0;20;18
40367;2080;867;20;18;0;0;20;18
40370;2100;867;20;18;0;0;20;18
40372;2120;867;20;18;0;0;20;18
40377;2140;867;20;18;0;0;20;18
40378;2160;867;20;18;0;0;20;18
40379;2180;867;20;18;0;0;20;18
40380;2200;867;20;18;0;0;20;18
40383;2220;867;20;18;0;0;20;18
40386;2240;867;20;18;0;0;20;18
40389;2260;867;20;18;0;0;20;18
40403;2280;867;20;18;0;0;20;18
40407;2300;867;20;18;0;0;20;18
40409;2320;867;20;18;0;0;20;18
40421;2340;867;20;18;0;0;20;18
40422;2360;867;20;18;0;0;20;18
40431;2380;867;20;18;0;0;20;18
40434;2400;867;20;18;0;0;20;18
40436;2420;867;20;18;0;0;20;18
40440;2440;867;20;18;0;0;20;18
40441;2460;867;20;18;0;0;20;18
40442;2480;867;20;18;0;0;20;18
40469;2500;867;20;18;0;0;20;18
40474;2520;867;20;18;0;0;20;18
40475;2540;867;20;18;0;0;20;18
40477;2560;867;20;18;0;0;20;18
40478;2580;867;20;18;0;0;20;18
40479;2600;867;20;18;0;0;20;18
40480;2620;867;20;18;0;0;20;18
40481;2640;867;20;18;0;0;20;18
40482;2660;867;20;18;0;0;20;18
40483;2680;867;20;18;0;0;20;18
40485;2700;867;20;18;0;0;20;18
40486;2720;867;20;18;0;0;20;18
40488;2740;867;20;18;0;0;20;18
40489;2760;867;20;18;0;0;20;18
40490;2780;867;20;18;0;0;20;18
40491;2800;867;20;18;0;0;20;18
40492;2820;867;20;18;0;0;20;18
40493;2840;867;20;18;0;0;20;18
40494;2860;867;20;18;0;0;20;18
40495;2880;867;20;18;0;0;20;18
40497;2900;867;20;18;0;0;20;18
40498;2920;867;20;18;0;0;20;18
40499;2940;867;20;18;0;0;20;18
40501;2960;867;20;18;0;0;20;18
40502;2980;867;20;18;0;0;20;18
40503;3000;867;20;18;0;0;20;18
40504;3020;867;20;18;0;0;20;18
40505;3040;867;20;18;0;0;20;18
40507;3060;867;20;18;0;0;20;18
40509;3080;867;20;18;0;0;20;18
40510;3100;867;20;18;0;0;20;18
40511;3120;867;20;18;0;0;20;18
40513;3140;867;20;18;0;0;20;18
40514;3160;867;20;18;0;0;20;18
40515;3180;867;20;18;0;0;20;18
40516;3200;867;20;18;0;0;20;18
40517;3220;867;20;18;0;0;20;18
40518;3240;867;20;18;0;0;20;18
40519;3260;867;20;18;0;0;20;18
40520;3280;867;20;18;0;0;20;18
40521;3300;867;20;18;0;0;20;18
40522;3320;867;20;18;0;0;20;18
40523;3340;867;20;18;0;0;20;18
40524;3360;867;20;18;0;0;20;18
40527;3380;867;20;18;0;0;20;18
40528;3400;867;20;18;0;0;20;18
40529;3420;867;20;18;0;0;20;18
40533;3440;867;20;18;0;0;20;18
40535;3460;867;20;18;0;0;20;18
40536;3480;867;20;18;0;0;20;18
40538;3500;867;20;18;0;0;20;18
40539;3520;867;20;18;0;0;20;18
40540;3540;867;20;18;0;0;20;18
40542;3560;867;20;18;0;0;20;18
40548;3580;867;20;18;0;0;20;18
40550;3600;867;20;18;0;0;20;18
40551;3620;867;20;18;0;0;20;18
40553;3640;867;20;18;0;0;20;18
40554;3660;867;20;18;0;0;20;18
40555;3680;867;20;18;0;0;20;18
40556;3700;867;20;18;0;0;20;18
40557;3720;867;20;18;0;0;20;18
40558;3740;867;20;18;0;0;20;18
40560;3760;867;20;18;0;0;20;18
40563;3780;867;20;18;0;0;20;18
40565;3800;867;20;18;0;0;20;18
40569;3820;867;20;18;0;0;20;18
40572;3840;867;20;18;0;0;20;18
40573;3860;867;20;18;0;0;20;18
40575;3880;867;20;18;0;0;20;18
40578;3900;867;20;18;0;0;20;18
40581;3920;867;20;18;0;0;20;18
40583;3940;867;20;18;0;0;20;18
40584;3960;867;20;18;0;0;20;18
40587;3980;867;20;18;0;0;20;18
40594;4000;867;20;18;0;0;20;18
40595;4020;867;20;18;0;0;20;18
40599;4040;867;20;18;0;0;20;18
40605;4060;867;20;18;0;0;20;18
40607;0;885;20;18;0;0;20;18
40612;20;885;20;18;0;0;20;18
40613;40;885;20;18;0;0;20;18
40614;60;885;20;18;0;0;20;18
40617;80;885;20;18;0;0;20;18
40623;100;885;20;18;0;0;20;18
40628;120;885;20;18;0;0;20;18
40629;140;885;20;18;0;0;20;18
40632;160;885;20;18;0;0;20;18
40634;180;885;20;18;0;0;20;18
40635;200;885;20;18;0;0;20;18
40636;220;885;20;18;0;0;20;18
40637;240;885;20;18;0;0;20;18
40638;260;885;20;18;0;0;20;18
40643;280;885;20;18;0;0;20;18
40644;300;885;20;18;0;0;20;18
40652;320;885;20;18;0;0;20;18
40653;340;885;20;18;0;0;20;18
40654;360;885;20;18;0;0;20;18
40655;380;885;20;18;0;0;20;18
40657;400;885;20;18;0;0;20;18
40658;420;885;20;18;0;0;20;18
40660;440;885;20;18;0;0;20;18
40664;460;885;20;18;0;0;20;18
40665;480;885;20;18;0;0;20;18
40667;500;885;20;18;0;0;20;18
40668;520;885;20;18;0;0;20;18
40669;540;885;20;18;0;0;20;18
40670;560;885;20;18;0;0;20;18
40671;580;885;20;18;0;0;20;18
40672;600;885;20;18;0;0;20;18
40674;620;885;20;18;0;0;20;18
40677;640;885;20;18;0;0;20;18
40679;660;885;20;18;0;0;20;18
40680;680;885;20;18;0;0;20;18
40681;700;885;20;18;0;0;20;18
40682;720;885;20;18;0;0;20;18
40687;740;885;20;18;0;0;20;18
40690;760;885;20;18;0;0;20;18
40692;780;885;20;18;0;0;20;18
40695;800;885;20;18;0;0;20;18
40697;820;885;20;18;0;0;20;18
40699;840;885;20;18;0;0;20;18
40700;860;885;20;18;0;0;20;18
40701;880;885;20;18;0;0;20;18
40702;900;885;20;18;0;0;20;18
40703;920;885;20;18;0;0;20;18
40713;940;885;20;18;0;0;20;18
40715;960;885;20;18;0;0;20;18
40717;980;885;20;18;0;0;20;18
40718;1000;885;20;18;0;0;20;18
40720;1020;885;20;18;0;0;20;18
40723;1040;885;20;18;0;0;20;18
40729;1060;885;20;18;0;0;20;18
40736;1080;885;20;18;0;0;20;18
40738;1100;885;20;18;0;0;20;18
40745;1120;885;20;18;0;0;20;18
40748;1140;885;20;18;0;0;20;18
40751;1160;885;20;18;0;0;20;18
40753;1180;885;20;18;0;0;20;18
40756;1200;885;20;18;0;0;20;18
40761;1220;885;20;18;0;0;20;18
40763;1240;885;20;18;0;0;20;18
40766;1260;885;20;18;0;0;20;18
40769;1280;885;20;18;0;0;20;18
40777;1300;885;20;18;0;0;20;18
40778;1320;885;20;18;0;0;20;18
40779;1340;885;20;18;0;0;20;18
40782;1360;885;20;18;0;0;20;18
40783;1380;885;20;18;0;0;20;18
40784;1400;885;20;18;0;0;20;18
40785;1420;885;20;18;0;0;20;18
40786;1440;885;20;18;0;0;20;18
40788;1460;885;20;18;0;0;20;18
40789;1480;885;20;18;0;0;20;18
40793;1500;885;20;18;0;0;20;18
40796;1520;885;20;18;0;0;20;18
40799;1540;885;20;18;0;0;20;18
40801;1560;885;20;18;0;0;20;18
40802;1580;885;20;18;0;0;20;18
40803;1600;885;20;18;0;0;20;18
40806;1620;885;20;18;0;0;20;18
40807;1640;885;20;18;0;0;20;18
40810;1660;885;20;18;0;0;20;18
40812;1680;885;20;18;0;0;20;18
40818;1700;885;20;18;0;0;20;18
40823;1720;885;20;18;0;0;20;18
40831;1740;885;20;18;0;0;20;18
40832;1760;885;20;18;0;0;20;18
40835;1780;885;20;18;0;0;20;18
40836;1800;885;20;18;0;0;20;18
40837;1820;885;20;18;0;0;20;18
40839;1840;885;20;18;0;0;20;18
40840;1860;885;20;18;0;0;20;18
40841;1880;885;20;18;0;0;20;18
40842;1900;885;20;18;0;0;20;18
40843;1920;885;20;18;0;0;20;18
40844;1940;885;20;18;0;0;20;18
40845;1960;885;20;18;0;0;20;18
40848;1980;885;20;18;0;0;20;18
40852;2000;885;20;18;0;0;20;18
40853;2020;885;20;18;0;0;20;18
40857;2040;885;20;18;0;0;20;18
40858;2060;885;20;18;0;0;20;18
40859;2080;885;20;18;0;0;20;18
40860;2100;885;20;18;0;0;20;18
40863;2120;885;20;18;0;0;20;18
40864;2140;885;20;18;0;0;20;18
40866;2160;885;20;18;0;0;20;18
65281;0;903;20;18;0;0;20;18
65283;20;903;20;18;0;0;20;18
65284;40;903;20;18;0;0;20;18
65285;60;903;20;18;0;0;20;18
65288;80;903;20;18;0;0;20;18
65289;100;903;20;18;0;0;20;18
65290;120;903;20;18;0;0;20;18
65292;140;903;20;18;0;0;20;18
65296;160;903;20;18;0;0;20;18
65297;180;903;20;18;0;0;20;18
65298;200;903;20;18;0;0;20;18
65299;220;903;20;18;0;0;20;18
65300;240;903;20;18;0;0;20;18
65301;260;903;20;18;0;0;20;18
65302;280;903;20;18;0;0;20;18
65303;300;903;20;18;0;0;20;18
65304;320;903;20;18;0;0;20;18
65305;340;903;20;18;0;0;20;18
65306;360;903;20;18;0;0;20;18
65307;380;903;20;18;0;0;20;18
65311;400;903;20;18;0;0;20;18
65313;420;903;20;18;0;0;20;18
65314;440;903;20;18;0;0;20;18
65315;460;903;20;18;0;0;20;18
65316;480;903;20;18;0;0;20;18
65317;500;903;20;18;0;0;20;18
65318;520;903;20;18;0;0;20;18
65319;540;903;20;18;0;0;20;18
65320;560;903;20;18;0;0;20;18
65321;580;903;20;18;0;0;20;18
65322;600;903;20;18;0;0;20;18
65323;620;903;20;18;0;0;20;18
65324;640;903;20;18;0;0;20;18
65325;660;903;20;18;0;0;20;18
65326;680;903;20;18;0;0;20;18
65327;700;903;20;18;0;0;20;18
65328;720;903;20;18;0;0;20;18
65329;740;903;20;18;0;0;20;18
65330;760;903;20;18;0;0;20;18
65331;780;903;20;18;0;0;20;18
65332;800;903;20;18;0;0;20;18
65333;820;903;20;18;0;0;20;18
65334;840;903;20;18;0;0;20;18
65335;860;903;20;18;0;0;20;18
65336;880;903;20;18;0;0;20;18
65337;900;903;20;18;0;0;20;18
65338;920;903;20;18;0;0;20;18
65345;940;903;20;18;0;0;20;18
65346;960;903;20;18;0;0;20;18
65347;980;903;20;18;0;0;20;18
65348;1000;903;20;18;0;0;20;18
65349;1020;903;20;18;0;0;20;18
65350;1040;903;20;18;0;0;20;18
65351;1060;903;20;18;0;0;20;18
65352;1080;903;20;18;0;0;20;18
65353;1100;903;20;18;0;0;20;18
65354;1120;903;20;18;0;0;20;18
65355;1140;903;20;18;0;0;20;18
65356;1160;903;20;18;0;0;20;18
65357;1180;903;20;18;0;0;20;18
65358;1200;903;20;18;0;0;20;18
65359;1220;903;20;18;0;0;20;18
65360;1240;903;20;18;0;0;20;18
65361;1260;903;20;18;0;0;20;18
65362;1280;903;20;18;0;0;20;18
65363;1300;903;20;18;0;0;20;18
65364;1320;903;20;18;0;0;20;18
65365;1340;903;20;18;0;0;20;18
65366;1360;903;20;18;0;0;20;18
65367;1380;903;20;18;0;0;20;18
65368;1400;903;20;18;0;0;20;18
65369;1420;903;20;18;0;0;20;18
65370;1440;903;20;18;0;0;20;18
65371;1460;903;20;18;0;0;20;18
65373;1480;903;20;18;0;0;20;18
65374;1500;903;20;18;0;0;20;18
65509;1520;903;20;18;0;0;20;18
